ISO-10303-21;
HEADER;
FILE_DESCRIPTION(('ViewDefinition [CoordinationView_V2.0]','RevitIdentifiers [ContentGUID: d2c7dfa5-6843-4f27-8a52-7812fb023398, VersionGUID: 1f456eb6-653b-4604-b3a8-eaa8449bd21a, NumberOfSaves: 6]','CoordinateReference [CoordinateBase: Shared Coordinates, ProjectSite: Default Site]'),'2;1');
FILE_NAME('Sensor.ifc','2026-09-29T14:47:59+08:00',(''),(''),'ODA SDAI 25.12','Autodesk Revit 26.0.4.409 (ENG) - IFC 26.0.4.409','');
FILE_SCHEMA(('IFC2X3'));
ENDSEC;

DATA;
#1=IFCORGANIZATION($,'Autodesk Revit 2026 (ENG)',$,$,$);
#2=IFCAPPLICATION(#1,'2026','Autodesk Revit 2026 (ENG)','Revit');
#3=IFCCARTESIANPOINT((0.,0.,0.));
#4=IFCCARTESIANPOINT((0.,0.));
#5=IFCDIRECTION((1.,0.,0.));
#6=IFCDIRECTION((-1.,0.,0.));
#7=IFCDIRECTION((0.,1.,0.));
#8=IFCDIRECTION((0.,-1.,0.));
#9=IFCDIRECTION((0.,0.,1.));
#10=IFCDIRECTION((0.,0.,-1.));
#11=IFCDIRECTION((1.,0.));
#12=IFCDIRECTION((-1.,0.));
#13=IFCDIRECTION((0.,1.));
#14=IFCDIRECTION((0.,-1.));
#15=IFCPERSON($,'','24110957d',$,$,$,$,$);
#16=IFCORGANIZATION($,'','',$,$);
#17=IFCPERSONANDORGANIZATION(#15,#16,$);
#18=IFCOWNERHISTORY(#17,#2,$,.NOCHANGE.,$,$,$,1786638706);
#19=IFCSIUNIT(*,.LENGTHUNIT.,.MILLI.,.METRE.);
#20=IFCSIUNIT(*,.AREAUNIT.,$,.SQUARE_METRE.);
#21=IFCSIUNIT(*,.VOLUMEUNIT.,$,.CUBIC_METRE.);
#22=IFCAXIS2PLACEMENT3D(#3,$,$);
#23=IFCDIRECTION((6.123233995736766E-017,1.));
#24=IFCGEOMETRICREPRESENTATIONCONTEXT($,'Model',3,0.01,#22,#23);
#25=IFCGEOMETRICREPRESENTATIONSUBCONTEXT('Axis','Model',*,*,*,*,#24,$,.GRAPH_VIEW.,$);
#26=IFCGEOMETRICREPRESENTATIONSUBCONTEXT('Body','Model',*,*,*,*,#24,$,.MODEL_VIEW.,$);
#27=IFCGEOMETRICREPRESENTATIONSUBCONTEXT('Box','Model',*,*,*,*,#24,$,.MODEL_VIEW.,$);
#28=IFCGEOMETRICREPRESENTATIONSUBCONTEXT('FootPrint','Model',*,*,*,*,#24,$,.MODEL_VIEW.,$);
#29=IFCPROJECT('3Inz_bQ4DF9ufIU184$Sne',#18,'Project Number',$,$,'Project Name','Project Status',(#24),#12389);
#30=IFCCLASSIFICATION('CSI (Construction Specifications Institute)','1998',$,'Uniformat');
#31=IFCAXIS2PLACEMENT3D(#3,$,$);
#32=IFCLOCALPLACEMENT(#43,#31);
#33=IFCPOSTALADDRESS($,$,$,$,('Enter address here'),$,'London','London','','United Kingdom');
#34=IFCBUILDING('3Inz_bQ4DF9ufIU184$Snf',#18,'',$,$,#32,$,'',.ELEMENT.,$,$,#33);
#35=IFCAXIS2PLACEMENT3D(#3,$,$);
#36=IFCLOCALPLACEMENT(#32,#35);
#37=IFCBUILDINGSTOREY('3Zu5Bv0LOHrPC10026FoQQ',#18,'Level 0',$,'Level:Circle Head - Project Datum',#36,$,'Level 0',.ELEMENT.,0.);
#38=IFCCARTESIANPOINT((0.,0.,4000.));
#39=IFCAXIS2PLACEMENT3D(#38,$,$);
#40=IFCLOCALPLACEMENT(#32,#39);
#41=IFCBUILDINGSTOREY('15Z0v90RiHrPC20026FoKR',#18,'Level 1',$,'Level:Circle Head - Project Datum',#40,$,'Level 1',.ELEMENT.,3999.9999999999995);
#42=IFCAXIS2PLACEMENT3D(#3,$,$);
#43=IFCLOCALPLACEMENT($,#42);
#44=IFCSITE('3Inz_bQ4DF9ufIU184$Sng',#18,'Default',$,$,#43,$,$,.ELEMENT.,(51,30,23,112487),(0,-7,-37,-956022),0.,$,$);
#45=IFCPROPERTYSINGLEVALUE('Category',$,IFCLABEL('Project Information'),$);
#46=IFCPROPERTYSINGLEVALUE('Client Name',$,IFCTEXT('Owner'),$);
#47=IFCPROPERTYSINGLEVALUE('Project Address',$,IFCTEXT('Enter address here'),$);
#48=IFCPROPERTYSINGLEVALUE('Project Issue Date',$,IFCTEXT('Issue Date'),$);
#49=IFCPROPERTYSINGLEVALUE('Project Name',$,IFCTEXT('Project Name'),$);
#50=IFCPROPERTYSINGLEVALUE('Project Number',$,IFCTEXT('Project Number'),$);
#51=IFCPROPERTYSINGLEVALUE('Project Status',$,IFCTEXT('Project Status'),$);
#52=IFCPROPERTYSET('1XcKzrzPXqIiAb_DDiV8VI',#18,'Other',$,(#45,#46,#47,#48,#49,#50,#51));
#53=IFCAXIS2PLACEMENT3D(#3,$,$);
#55=IFCCARTESIANPOINT((-8.8915143979640554,16.931156862761856,3.0168134359407883));
#56=IFCCARTESIANPOINT((-8.8915143979640536,18.027156862761849,3.0168134359407803));
#57=IFCCARTESIANPOINT((-9.9875143979639738,18.027156862761849,3.0168134359407803));
#58=IFCCARTESIANPOINT((-9.9875143979640111,16.931156862761856,3.0168134359407883));
#59=IFCPOLYLOOP((#55,#56,#57,#58));
#60=IFCFACEOUTERBOUND(#59,.T.);
#61=IFCFACE((#60));
#62=IFCCARTESIANPOINT((-9.9875143979639773,16.931156862761824,2.4668137187197861));
#63=IFCCARTESIANPOINT((-8.8915143979640554,16.931156862761824,2.4668137187197861));
#64=IFCPOLYLOOP((#55,#58,#62,#63));
#65=IFCFACEOUTERBOUND(#64,.T.);
#66=IFCFACE((#65));
#67=IFCCARTESIANPOINT((-9.987514397963956,18.027156862761814,2.4668137187197754));
#68=IFCCARTESIANPOINT((-8.8915143979640554,18.027156862761814,2.4668137187197754));
#69=IFCPOLYLOOP((#67,#68,#63,#62));
#70=IFCFACEOUTERBOUND(#69,.T.);
#71=IFCFACE((#70));
#72=IFCPOLYLOOP((#56,#55,#63,#68));
#73=IFCFACEOUTERBOUND(#72,.T.);
#74=IFCFACE((#73));
#75=IFCPOLYLOOP((#58,#57,#67,#62));
#76=IFCFACEOUTERBOUND(#75,.T.);
#77=IFCFACE((#76));
#78=IFCPOLYLOOP((#57,#56,#68,#67));
#79=IFCFACEOUTERBOUND(#78,.T.);
#80=IFCFACE((#79));
#81=IFCCARTESIANPOINT((-13.092036730667589,-13.800000000089687,-2.2900000004832868));
#82=IFCCARTESIANPOINT((-13.092036730667591,-13.80000000008968,-1.1900000422103143));
#83=IFCCARTESIANPOINT((-13.092036730667592,-13.800000000089671,-0.090000083937341824));
#84=IFCCARTESIANPOINT((-14.542036730667563,-15.250000000089658,-0.090000083937334538));
#85=IFCCARTESIANPOINT((-15.992036730667555,-13.800000000089693,-0.090000083937345002));
#86=IFCCARTESIANPOINT((-15.992036730667555,-13.8000000000897,-1.1900000422103174));
#87=IFCCARTESIANPOINT((-15.992036730667555,-13.800000000089707,-2.2900000004832899));
#88=IFCCARTESIANPOINT((-14.542036730667562,-15.250000000089674,-2.2900000004832792));
#89=IFCCARTESIANPOINT((-14.542036701579114,-15.250000000089669,-1.5702469099081704));
#90=IFCCARTESIANPOINT((-14.542036729686982,-15.250000000089663,-0.88905206181838348));
#91=IFCCARTESIANPOINT((-14.542036730667585,-12.350000000089709,-2.2900000004833054));
#92=IFCCARTESIANPOINT((-14.542036730667585,-12.350000000089693,-0.09000008393735974));
#93=IFCCARTESIANPOINT((-14.542036759756032,-12.350000000089704,-1.5702469099081962));
#94=IFCCARTESIANPOINT((-14.542036731648162,-12.350000000089699,-0.88905206181840879));
#95=IFCPOLYLOOP((#88,#89,#87));
#96=IFCFACEOUTERBOUND(#95,.T.);
#97=IFCFACE((#96));
#98=IFCPOLYLOOP((#83,#90,#82));
#99=IFCFACEOUTERBOUND(#98,.T.);
#100=IFCFACE((#99));
#101=IFCPOLYLOOP((#85,#86,#90,#84));
#102=IFCFACEOUTERBOUND(#101,.T.);
#103=IFCFACE((#102));
#104=IFCPOLYLOOP((#89,#82,#90));
#105=IFCFACEOUTERBOUND(#104,.T.);
#106=IFCFACE((#105));
#107=IFCPOLYLOOP((#90,#86,#89));
#108=IFCFACEOUTERBOUND(#107,.T.);
#109=IFCFACE((#108));
#110=IFCPOLYLOOP((#81,#89,#88));
#111=IFCFACEOUTERBOUND(#110,.T.);
#112=IFCFACE((#111));
#113=IFCPOLYLOOP((#87,#89,#86));
#114=IFCFACEOUTERBOUND(#113,.T.);
#115=IFCFACE((#114));
#116=IFCPOLYLOOP((#84,#90,#83));
#117=IFCFACEOUTERBOUND(#116,.T.);
#118=IFCFACE((#117));
#119=IFCPOLYLOOP((#89,#81,#82));
#120=IFCFACEOUTERBOUND(#119,.T.);
#121=IFCFACE((#120));
#122=IFCPOLYLOOP((#88,#87,#91,#81));
#123=IFCFACEOUTERBOUND(#122,.T.);
#124=IFCFACE((#123));
#125=IFCPOLYLOOP((#91,#93,#81));
#126=IFCFACEOUTERBOUND(#125,.T.);
#127=IFCFACE((#126));
#128=IFCPOLYLOOP((#85,#94,#86));
#129=IFCFACEOUTERBOUND(#128,.T.);
#130=IFCFACE((#129));
#131=IFCPOLYLOOP((#83,#82,#94,#92));
#132=IFCFACEOUTERBOUND(#131,.T.);
#133=IFCFACE((#132));
#134=IFCPOLYLOOP((#93,#86,#94));
#135=IFCFACEOUTERBOUND(#134,.T.);
#136=IFCFACE((#135));
#137=IFCPOLYLOOP((#94,#82,#93));
#138=IFCFACEOUTERBOUND(#137,.T.);
#139=IFCFACE((#138));
#140=IFCPOLYLOOP((#87,#93,#91));
#141=IFCFACEOUTERBOUND(#140,.T.);
#142=IFCFACE((#141));
#143=IFCPOLYLOOP((#81,#93,#82));
#144=IFCFACEOUTERBOUND(#143,.T.);
#145=IFCFACE((#144));
#146=IFCPOLYLOOP((#92,#94,#85));
#147=IFCFACEOUTERBOUND(#146,.T.);
#148=IFCFACE((#147));
#149=IFCPOLYLOOP((#93,#87,#86));
#150=IFCFACEOUTERBOUND(#149,.T.);
#151=IFCFACE((#150));
#152=IFCCARTESIANPOINT((11.907991177311208,-13.800000000036059,-2.2900000004832943));
#153=IFCCARTESIANPOINT((11.90799117731121,-13.800000000036052,-1.1900000422103221));
#154=IFCCARTESIANPOINT((11.907991177311212,-13.800000000036041,-0.090000083937349762));
#155=IFCCARTESIANPOINT((10.457991177311198,-15.250000000036025,-0.090000083937337189));
#156=IFCCARTESIANPOINT((9.0079911773112116,-13.800000000036015,-0.090000083937347639));
#157=IFCCARTESIANPOINT((9.0079911773112116,-13.800000000036023,-1.1900000422103201));
#158=IFCCARTESIANPOINT((9.0079911773112116,-13.800000000036032,-2.2900000004832926));
#159=IFCCARTESIANPOINT((10.457991177311197,-15.250000000036041,-2.2900000004832819));
#160=IFCCARTESIANPOINT((10.457991206399647,-15.250000000036035,-1.5702469099081726));
#161=IFCCARTESIANPOINT((10.457991178291776,-15.25000000003603,-0.88905206181838559));
#162=IFCCARTESIANPOINT((10.457991177311204,-12.350000000036031,-2.2900000004833037));
#163=IFCCARTESIANPOINT((10.4579911773112,-12.350000000036014,-0.090000083937353439));
#164=IFCCARTESIANPOINT((10.457991148222753,-12.350000000036026,-1.5702469099081893));
#165=IFCCARTESIANPOINT((10.457991176330623,-12.350000000036019,-0.88905206181840235));
#166=IFCPOLYLOOP((#159,#160,#158));
#167=IFCFACEOUTERBOUND(#166,.T.);
#168=IFCFACE((#167));
#169=IFCPOLYLOOP((#154,#155,#161,#153));
#170=IFCFACEOUTERBOUND(#169,.T.);
#171=IFCFACE((#170));
#172=IFCPOLYLOOP((#156,#157,#161));
#173=IFCFACEOUTERBOUND(#172,.T.);
#174=IFCFACE((#173));
#175=IFCPOLYLOOP((#156,#161,#155));
#176=IFCFACEOUTERBOUND(#175,.T.);
#177=IFCFACE((#176));
#178=IFCPOLYLOOP((#160,#153,#161));
#179=IFCFACEOUTERBOUND(#178,.T.);
#180=IFCFACE((#179));
#181=IFCPOLYLOOP((#161,#157,#160));
#182=IFCFACEOUTERBOUND(#181,.T.);
#183=IFCFACE((#182));
#184=IFCPOLYLOOP((#152,#160,#159));
#185=IFCFACEOUTERBOUND(#184,.T.);
#186=IFCFACE((#185));
#187=IFCPOLYLOOP((#158,#160,#157));
#188=IFCFACEOUTERBOUND(#187,.T.);
#189=IFCFACE((#188));
#190=IFCPOLYLOOP((#160,#152,#153));
#191=IFCFACEOUTERBOUND(#190,.T.);
#192=IFCFACE((#191));
#193=IFCPOLYLOOP((#159,#158,#162,#152));
#194=IFCFACEOUTERBOUND(#193,.T.);
#195=IFCFACE((#194));
#196=IFCPOLYLOOP((#162,#164,#152));
#197=IFCFACEOUTERBOUND(#196,.T.);
#198=IFCFACE((#197));
#199=IFCPOLYLOOP((#156,#163,#165,#157));
#200=IFCFACEOUTERBOUND(#199,.T.);
#201=IFCFACE((#200));
#202=IFCPOLYLOOP((#154,#153,#165));
#203=IFCFACEOUTERBOUND(#202,.T.);
#204=IFCFACE((#203));
#205=IFCPOLYLOOP((#154,#165,#163));
#206=IFCFACEOUTERBOUND(#205,.T.);
#207=IFCFACE((#206));
#208=IFCPOLYLOOP((#164,#157,#165));
#209=IFCFACEOUTERBOUND(#208,.T.);
#210=IFCFACE((#209));
#211=IFCPOLYLOOP((#165,#153,#164));
#212=IFCFACEOUTERBOUND(#211,.T.);
#213=IFCFACE((#212));
#214=IFCPOLYLOOP((#158,#164,#162));
#215=IFCFACEOUTERBOUND(#214,.T.);
#216=IFCFACE((#215));
#217=IFCPOLYLOOP((#152,#164,#153));
#218=IFCFACEOUTERBOUND(#217,.T.);
#219=IFCFACE((#218));
#220=IFCPOLYLOOP((#164,#158,#157));
#221=IFCFACEOUTERBOUND(#220,.T.);
#222=IFCFACE((#221));
#223=IFCCARTESIANPOINT((6.9079855957154557,-13.800000000046763,-2.2900000004832903));
#224=IFCCARTESIANPOINT((6.9079855957154566,-13.800000000046754,-1.1900000422103176));
#225=IFCCARTESIANPOINT((6.9079855957154583,-13.800000000046744,-0.090000083937345043));
#226=IFCCARTESIANPOINT((5.4579855957154617,-15.250000000046743,-0.09000008393733247));
#227=IFCCARTESIANPOINT((4.0079855957154598,-13.800000000046751,-0.090000083937342934));
#228=IFCCARTESIANPOINT((4.0079855957154589,-13.80000000004676,-1.1900000422103154));
#229=IFCCARTESIANPOINT((4.0079855957154589,-13.800000000046767,-2.2900000004832881));
#230=IFCCARTESIANPOINT((5.4579855957154599,-15.250000000046759,-2.2900000004832775));
#231=IFCCARTESIANPOINT((5.457985624803908,-15.250000000046754,-1.5702469099081686));
#232=IFCCARTESIANPOINT((5.4579855966960391,-15.250000000046748,-0.88905206181838103));
#233=IFCCARTESIANPOINT((5.4579855957154439,-12.350000000046768,-2.2900000004833041));
#234=IFCCARTESIANPOINT((5.4579855957154439,-12.35000000004675,-0.090000083937358685));
#235=IFCCARTESIANPOINT((5.4579855666269967,-12.350000000046755,-1.5702469099081944));
#236=IFCCARTESIANPOINT((5.4579855947348666,-12.350000000046753,-0.88905206181840757));
#237=IFCPOLYLOOP((#230,#231,#229));
#238=IFCFACEOUTERBOUND(#237,.T.);
#239=IFCFACE((#238));
#240=IFCPOLYLOOP((#225,#226,#232,#224));
#241=IFCFACEOUTERBOUND(#240,.T.);
#242=IFCFACE((#241));
#243=IFCPOLYLOOP((#227,#228,#232,#226));
#244=IFCFACEOUTERBOUND(#243,.T.);
#245=IFCFACE((#244));
#246=IFCPOLYLOOP((#231,#224,#232));
#247=IFCFACEOUTERBOUND(#246,.T.);
#248=IFCFACE((#247));
#249=IFCPOLYLOOP((#232,#228,#231));
#250=IFCFACEOUTERBOUND(#249,.T.);
#251=IFCFACE((#250));
#252=IFCPOLYLOOP((#223,#231,#230));
#253=IFCFACEOUTERBOUND(#252,.T.);
#254=IFCFACE((#253));
#255=IFCPOLYLOOP((#229,#231,#228));
#256=IFCFACEOUTERBOUND(#255,.T.);
#257=IFCFACE((#256));
#258=IFCPOLYLOOP((#231,#223,#224));
#259=IFCFACEOUTERBOUND(#258,.T.);
#260=IFCFACE((#259));
#261=IFCPOLYLOOP((#230,#229,#233,#223));
#262=IFCFACEOUTERBOUND(#261,.T.);
#263=IFCFACE((#262));
#264=IFCPOLYLOOP((#233,#235,#223));
#265=IFCFACEOUTERBOUND(#264,.T.);
#266=IFCFACE((#265));
#267=IFCPOLYLOOP((#227,#234,#236,#228));
#268=IFCFACEOUTERBOUND(#267,.T.);
#269=IFCFACE((#268));
#270=IFCPOLYLOOP((#225,#224,#236,#234));
#271=IFCFACEOUTERBOUND(#270,.T.);
#272=IFCFACE((#271));
#273=IFCPOLYLOOP((#235,#228,#236));
#274=IFCFACEOUTERBOUND(#273,.T.);
#275=IFCFACE((#274));
#276=IFCPOLYLOOP((#236,#224,#235));
#277=IFCFACEOUTERBOUND(#276,.T.);
#278=IFCFACE((#277));
#279=IFCPOLYLOOP((#229,#235,#233));
#280=IFCFACEOUTERBOUND(#279,.T.);
#281=IFCFACE((#280));
#282=IFCPOLYLOOP((#223,#235,#224));
#283=IFCFACEOUTERBOUND(#282,.T.);
#284=IFCFACE((#283));
#285=IFCPOLYLOOP((#235,#229,#228));
#286=IFCFACEOUTERBOUND(#285,.T.);
#287=IFCFACE((#286));
#288=IFCCARTESIANPOINT((1.9079800141197081,-13.800000000057498,-2.2900000004832872));
#289=IFCCARTESIANPOINT((1.9079800141197074,-13.800000000057489,-1.1900000422103152));
#290=IFCCARTESIANPOINT((1.9079800141197065,-13.80000000005748,-0.090000083937342934));
#291=IFCCARTESIANPOINT((0.45798001411970463,-15.250000000057483,-0.090000083937333539));
#292=IFCCARTESIANPOINT((-0.99201998588030305,-13.800000000057487,-0.090000083937343989));
#293=IFCCARTESIANPOINT((-0.99201998588030282,-13.800000000057494,-1.1900000422103161));
#294=IFCCARTESIANPOINT((-0.99201998588030305,-13.800000000057501,-2.2900000004832886));
#295=IFCCARTESIANPOINT((0.45798001411970546,-15.250000000057499,-2.2900000004832779));
#296=IFCCARTESIANPOINT((0.45798004320815383,-15.250000000057494,-1.5702469099081693));
#297=IFCCARTESIANPOINT((0.4579800151002838,-15.250000000057488,-0.88905206181838226));
#298=IFCCARTESIANPOINT((0.45798001411967226,-12.350000000057511,-2.2900000004833045));
#299=IFCCARTESIANPOINT((0.45798001411967126,-12.350000000057499,-0.090000083937354453));
#300=IFCCARTESIANPOINT((0.45797998503122345,-12.350000000057509,-1.5702469099081904));
#301=IFCCARTESIANPOINT((0.4579800131390927,-12.350000000057504,-0.88905206181840291));
#302=IFCPOLYLOOP((#295,#296,#294));
#303=IFCFACEOUTERBOUND(#302,.T.);
#304=IFCFACE((#303));
#305=IFCPOLYLOOP((#290,#291,#297,#289));
#306=IFCFACEOUTERBOUND(#305,.T.);
#307=IFCFACE((#306));
#308=IFCPOLYLOOP((#292,#293,#297,#291));
#309=IFCFACEOUTERBOUND(#308,.T.);
#310=IFCFACE((#309));
#311=IFCPOLYLOOP((#296,#289,#297));
#312=IFCFACEOUTERBOUND(#311,.T.);
#313=IFCFACE((#312));
#314=IFCPOLYLOOP((#297,#293,#296));
#315=IFCFACEOUTERBOUND(#314,.T.);
#316=IFCFACE((#315));
#317=IFCPOLYLOOP((#288,#296,#295));
#318=IFCFACEOUTERBOUND(#317,.T.);
#319=IFCFACE((#318));
#320=IFCPOLYLOOP((#294,#296,#293));
#321=IFCFACEOUTERBOUND(#320,.T.);
#322=IFCFACE((#321));
#323=IFCPOLYLOOP((#296,#288,#289));
#324=IFCFACEOUTERBOUND(#323,.T.);
#325=IFCFACE((#324));
#326=IFCPOLYLOOP((#295,#294,#298,#288));
#327=IFCFACEOUTERBOUND(#326,.T.);
#328=IFCFACE((#327));
#329=IFCPOLYLOOP((#298,#300,#288));
#330=IFCFACEOUTERBOUND(#329,.T.);
#331=IFCFACE((#330));
#332=IFCPOLYLOOP((#292,#299,#301,#293));
#333=IFCFACEOUTERBOUND(#332,.T.);
#334=IFCFACE((#333));
#335=IFCPOLYLOOP((#290,#289,#301,#299));
#336=IFCFACEOUTERBOUND(#335,.T.);
#337=IFCFACE((#336));
#338=IFCPOLYLOOP((#300,#293,#301));
#339=IFCFACEOUTERBOUND(#338,.T.);
#340=IFCFACE((#339));
#341=IFCPOLYLOOP((#301,#289,#300));
#342=IFCFACEOUTERBOUND(#341,.T.);
#343=IFCFACE((#342));
#344=IFCPOLYLOOP((#294,#300,#298));
#345=IFCFACEOUTERBOUND(#344,.T.);
#346=IFCFACE((#345));
#347=IFCPOLYLOOP((#288,#300,#289));
#348=IFCFACEOUTERBOUND(#347,.T.);
#349=IFCFACE((#348));
#350=IFCPOLYLOOP((#300,#294,#293));
#351=IFCFACEOUTERBOUND(#350,.T.);
#352=IFCFACE((#351));
#353=IFCCARTESIANPOINT((-3.092025567476032,-13.800000000068247,-2.2900000004832859));
#354=IFCCARTESIANPOINT((-3.0920255674760337,-13.800000000068239,-1.1900000422103139));
#355=IFCCARTESIANPOINT((-3.0920255674760369,-13.800000000068232,-0.090000083937341824));
#356=IFCCARTESIANPOINT((-4.5420255674760535,-15.250000000068226,-0.090000083937334538));
#357=IFCCARTESIANPOINT((-5.9920255674760599,-13.800000000068222,-0.090000083937345002));
#358=IFCCARTESIANPOINT((-5.9920255674760599,-13.800000000068229,-1.190000042210317));
#359=IFCCARTESIANPOINT((-5.9920255674760599,-13.800000000068234,-2.290000000483289));
#360=IFCCARTESIANPOINT((-4.5420255674760508,-15.250000000068241,-2.2900000004832783));
#361=IFCCARTESIANPOINT((-4.5420255383876036,-15.250000000068235,-1.5702469099081697));
#362=IFCCARTESIANPOINT((-4.5420255664954734,-15.250000000068232,-0.88905206181838314));
#363=IFCCARTESIANPOINT((-4.5420255674760837,-12.350000000068256,-2.290000000483305));
#364=IFCCARTESIANPOINT((-4.5420255674760845,-12.350000000068244,-0.090000083937359782));
#365=IFCCARTESIANPOINT((-4.5420255965645326,-12.350000000068253,-1.5702469099081957));
#366=IFCCARTESIANPOINT((-4.5420255684566628,-12.350000000068247,-0.88905206181840823));
#367=IFCPOLYLOOP((#360,#361,#359));
#368=IFCFACEOUTERBOUND(#367,.T.);
#369=IFCFACE((#368));
#370=IFCPOLYLOOP((#355,#356,#362,#354));
#371=IFCFACEOUTERBOUND(#370,.T.);
#372=IFCFACE((#371));
#373=IFCPOLYLOOP((#357,#358,#362,#356));
#374=IFCFACEOUTERBOUND(#373,.T.);
#375=IFCFACE((#374));
#376=IFCPOLYLOOP((#361,#354,#362));
#377=IFCFACEOUTERBOUND(#376,.T.);
#378=IFCFACE((#377));
#379=IFCPOLYLOOP((#362,#358,#361));
#380=IFCFACEOUTERBOUND(#379,.T.);
#381=IFCFACE((#380));
#382=IFCPOLYLOOP((#353,#361,#360));
#383=IFCFACEOUTERBOUND(#382,.T.);
#384=IFCFACE((#383));
#385=IFCPOLYLOOP((#359,#361,#358));
#386=IFCFACEOUTERBOUND(#385,.T.);
#387=IFCFACE((#386));
#388=IFCPOLYLOOP((#361,#353,#354));
#389=IFCFACEOUTERBOUND(#388,.T.);
#390=IFCFACE((#389));
#391=IFCPOLYLOOP((#360,#359,#363,#353));
#392=IFCFACEOUTERBOUND(#391,.T.);
#393=IFCFACE((#392));
#394=IFCPOLYLOOP((#363,#365,#353));
#395=IFCFACEOUTERBOUND(#394,.T.);
#396=IFCFACE((#395));
#397=IFCPOLYLOOP((#357,#364,#366,#358));
#398=IFCFACEOUTERBOUND(#397,.T.);
#399=IFCFACE((#398));
#400=IFCPOLYLOOP((#355,#354,#366,#364));
#401=IFCFACEOUTERBOUND(#400,.T.);
#402=IFCFACE((#401));
#403=IFCPOLYLOOP((#365,#358,#366));
#404=IFCFACEOUTERBOUND(#403,.T.);
#405=IFCFACE((#404));
#406=IFCPOLYLOOP((#366,#354,#365));
#407=IFCFACEOUTERBOUND(#406,.T.);
#408=IFCFACE((#407));
#409=IFCPOLYLOOP((#359,#365,#363));
#410=IFCFACEOUTERBOUND(#409,.T.);
#411=IFCFACE((#410));
#412=IFCPOLYLOOP((#353,#365,#354));
#413=IFCFACEOUTERBOUND(#412,.T.);
#414=IFCFACE((#413));
#415=IFCPOLYLOOP((#365,#359,#358));
#416=IFCFACEOUTERBOUND(#415,.T.);
#417=IFCFACE((#416));
#418=IFCCARTESIANPOINT((-8.0920311490718149,-13.800000000079018,-2.2900000004832917));
#419=IFCCARTESIANPOINT((-8.0920311490718149,-13.800000000079011,-1.1900000422103192));
#420=IFCCARTESIANPOINT((-8.0920311490718113,-13.800000000079001,-0.090000083937346639));
#421=IFCCARTESIANPOINT((-9.5420311490718355,-15.250000000078977,-0.090000083937334066));
#422=IFCCARTESIANPOINT((-10.992031149071817,-13.800000000078958,-0.090000083937344516));
#423=IFCCARTESIANPOINT((-10.992031149071817,-13.800000000078967,-1.190000042210317));
#424=IFCCARTESIANPOINT((-10.992031149071817,-13.800000000078974,-2.2900000004832894));
#425=IFCCARTESIANPOINT((-9.5420311490718372,-15.250000000078991,-2.2900000004832788));
#426=IFCCARTESIANPOINT((-9.54203111998339,-15.250000000078987,-1.57024690990817));
#427=IFCCARTESIANPOINT((-9.5420311480912563,-15.250000000078984,-0.88905206181838303));
#428=IFCCARTESIANPOINT((-9.5420311490718319,-12.350000000078966,-2.2900000004833054));
#429=IFCCARTESIANPOINT((-9.5420311490718301,-12.350000000078952,-0.090000083937355563));
#430=IFCCARTESIANPOINT((-9.5420311781602791,-12.350000000078962,-1.5702469099081913));
#431=IFCCARTESIANPOINT((-9.5420311500524093,-12.350000000078957,-0.88905206181840379));
#432=IFCPOLYLOOP((#425,#426,#424));
#433=IFCFACEOUTERBOUND(#432,.T.);
#434=IFCFACE((#433));
#435=IFCPOLYLOOP((#420,#427,#419));
#436=IFCFACEOUTERBOUND(#435,.T.);
#437=IFCFACE((#436));
#438=IFCPOLYLOOP((#422,#423,#427,#421));
#439=IFCFACEOUTERBOUND(#438,.T.);
#440=IFCFACE((#439));
#441=IFCPOLYLOOP((#426,#419,#427));
#442=IFCFACEOUTERBOUND(#441,.T.);
#443=IFCFACE((#442));
#444=IFCPOLYLOOP((#427,#423,#426));
#445=IFCFACEOUTERBOUND(#444,.T.);
#446=IFCFACE((#445));
#447=IFCPOLYLOOP((#418,#426,#425));
#448=IFCFACEOUTERBOUND(#447,.T.);
#449=IFCFACE((#448));
#450=IFCPOLYLOOP((#424,#426,#423));
#451=IFCFACEOUTERBOUND(#450,.T.);
#452=IFCFACE((#451));
#453=IFCPOLYLOOP((#421,#427,#420));
#454=IFCFACEOUTERBOUND(#453,.T.);
#455=IFCFACE((#454));
#456=IFCPOLYLOOP((#426,#418,#419));
#457=IFCFACEOUTERBOUND(#456,.T.);
#458=IFCFACE((#457));
#459=IFCPOLYLOOP((#425,#424,#428,#418));
#460=IFCFACEOUTERBOUND(#459,.T.);
#461=IFCFACE((#460));
#462=IFCPOLYLOOP((#428,#430,#418));
#463=IFCFACEOUTERBOUND(#462,.T.);
#464=IFCFACE((#463));
#465=IFCPOLYLOOP((#422,#431,#423));
#466=IFCFACEOUTERBOUND(#465,.T.);
#467=IFCFACE((#466));
#468=IFCPOLYLOOP((#420,#419,#431,#429));
#469=IFCFACEOUTERBOUND(#468,.T.);
#470=IFCFACE((#469));
#471=IFCPOLYLOOP((#430,#423,#431));
#472=IFCFACEOUTERBOUND(#471,.T.);
#473=IFCFACE((#472));
#474=IFCPOLYLOOP((#431,#419,#430));
#475=IFCFACEOUTERBOUND(#474,.T.);
#476=IFCFACE((#475));
#477=IFCPOLYLOOP((#424,#430,#428));
#478=IFCFACEOUTERBOUND(#477,.T.);
#479=IFCFACE((#478));
#480=IFCPOLYLOOP((#418,#430,#419));
#481=IFCFACEOUTERBOUND(#480,.T.);
#482=IFCFACE((#481));
#483=IFCPOLYLOOP((#429,#431,#422));
#484=IFCFACEOUTERBOUND(#483,.T.);
#485=IFCFACE((#484));
#486=IFCPOLYLOOP((#430,#424,#423));
#487=IFCFACEOUTERBOUND(#486,.T.);
#488=IFCFACE((#487));
#489=IFCCARTESIANPOINT((-18.092042312263359,-13.800000000100447,-2.2900000004832872));
#490=IFCCARTESIANPOINT((-18.092042312263342,-13.800000000100438,-1.190000042210315));
#491=IFCCARTESIANPOINT((-18.09204231226332,-13.800000000100431,-0.090000083937342878));
#492=IFCCARTESIANPOINT((-19.542042312263323,-15.250000000100425,-0.090000083937335593));
#493=IFCCARTESIANPOINT((-20.99204231226333,-13.800000000100438,-0.090000083937346056));
#494=IFCCARTESIANPOINT((-20.992042312263308,-13.800000000100443,-1.1900000422103181));
#495=IFCCARTESIANPOINT((-20.99204231226329,-13.80000000010045,-2.2900000004832903));
#496=IFCCARTESIANPOINT((-19.542042312263323,-15.2500000001004,-2.2900000004832797));
#497=IFCCARTESIANPOINT((-19.542042283174872,-15.250000000100409,-1.5702469099081708));
#498=IFCCARTESIANPOINT((-19.542042311282742,-15.250000000100416,-0.88905206181838403));
#499=IFCCARTESIANPOINT((-19.542042312263344,-12.35000000010047,-2.2900000004833063));
#500=IFCCARTESIANPOINT((-19.542042312263344,-12.350000000100456,-0.090000083937356562));
#501=IFCCARTESIANPOINT((-19.542042341351788,-12.350000000100467,-1.5702469099081917));
#502=IFCCARTESIANPOINT((-19.542042313243922,-12.350000000100462,-0.88905206181840446));
#503=IFCPOLYLOOP((#496,#497,#495));
#504=IFCFACEOUTERBOUND(#503,.T.);
#505=IFCFACE((#504));
#506=IFCPOLYLOOP((#491,#498,#490));
#507=IFCFACEOUTERBOUND(#506,.T.);
#508=IFCFACE((#507));
#509=IFCPOLYLOOP((#493,#494,#498,#492));
#510=IFCFACEOUTERBOUND(#509,.T.);
#511=IFCFACE((#510));
#512=IFCPOLYLOOP((#497,#490,#498));
#513=IFCFACEOUTERBOUND(#512,.T.);
#514=IFCFACE((#513));
#515=IFCPOLYLOOP((#498,#494,#497));
#516=IFCFACEOUTERBOUND(#515,.T.);
#517=IFCFACE((#516));
#518=IFCPOLYLOOP((#489,#497,#496));
#519=IFCFACEOUTERBOUND(#518,.T.);
#520=IFCFACE((#519));
#521=IFCPOLYLOOP((#495,#497,#494));
#522=IFCFACEOUTERBOUND(#521,.T.);
#523=IFCFACE((#522));
#524=IFCPOLYLOOP((#492,#498,#491));
#525=IFCFACEOUTERBOUND(#524,.T.);
#526=IFCFACE((#525));
#527=IFCPOLYLOOP((#497,#489,#490));
#528=IFCFACEOUTERBOUND(#527,.T.);
#529=IFCFACE((#528));
#530=IFCPOLYLOOP((#496,#495,#499,#489));
#531=IFCFACEOUTERBOUND(#530,.T.);
#532=IFCFACE((#531));
#533=IFCPOLYLOOP((#499,#501,#489));
#534=IFCFACEOUTERBOUND(#533,.T.);
#535=IFCFACE((#534));
#536=IFCPOLYLOOP((#493,#502,#494));
#537=IFCFACEOUTERBOUND(#536,.T.);
#538=IFCFACE((#537));
#539=IFCPOLYLOOP((#491,#490,#502,#500));
#540=IFCFACEOUTERBOUND(#539,.T.);
#541=IFCFACE((#540));
#542=IFCPOLYLOOP((#501,#494,#502));
#543=IFCFACEOUTERBOUND(#542,.T.);
#544=IFCFACE((#543));
#545=IFCPOLYLOOP((#502,#490,#501));
#546=IFCFACEOUTERBOUND(#545,.T.);
#547=IFCFACE((#546));
#548=IFCPOLYLOOP((#495,#501,#499));
#549=IFCFACEOUTERBOUND(#548,.T.);
#550=IFCFACE((#549));
#551=IFCPOLYLOOP((#489,#501,#490));
#552=IFCFACEOUTERBOUND(#551,.T.);
#553=IFCFACE((#552));
#554=IFCPOLYLOOP((#500,#502,#493));
#555=IFCFACEOUTERBOUND(#554,.T.);
#556=IFCFACE((#555));
#557=IFCPOLYLOOP((#501,#495,#494));
#558=IFCFACEOUTERBOUND(#557,.T.);
#559=IFCFACE((#558));
#560=IFCCARTESIANPOINT((12.457985595715453,-8.6500000000253259,-2.2024822884511321));
#561=IFCCARTESIANPOINT((10.457985595715444,-10.65000000002531,-2.2024822884511179));
#562=IFCCARTESIANPOINT((8.4579855957154475,-8.650000000025333,-2.2024822884511321));
#563=IFCCARTESIANPOINT((10.45798559571543,-6.6500000000253143,-2.2024822884511464));
#564=IFCCARTESIANPOINT((8.4579855957154475,-8.650000000025349,-4.4900000004833389));
#565=IFCCARTESIANPOINT((10.45798559571543,-6.6500000000253348,-4.4900000004833522));
#566=IFCCARTESIANPOINT((12.457985595715444,-8.6500000000253152,-4.490000000483338));
#567=IFCCARTESIANPOINT((12.457985595715453,-8.6500000000253081,-3.3462411444672306));
#568=IFCCARTESIANPOINT((8.4579855957154368,-8.6500000000253401,-3.3462411444672315));
#569=IFCCARTESIANPOINT((10.457985547090798,-6.6500000000253232,-3.7416145510283196));
#570=IFCCARTESIANPOINT((10.45798559474721,-6.6500000000253099,-3.0333212112512022));
#571=IFCCARTESIANPOINT((11.957985595715444,-6.150000000025293,-3.4900000004833518));
#572=IFCCARTESIANPOINT((8.9579855957154546,-6.150000000025293,-3.4900000004833518));
#573=IFCCARTESIANPOINT((8.9579855957154546,-5.3500000000252799,-3.4900000004833576));
#574=IFCCARTESIANPOINT((11.957985595715444,-5.3500000000252799,-3.4900000004833576));
#575=IFCCARTESIANPOINT((11.957985595715442,-6.150000000025301,-4.4900000004833522));
#576=IFCCARTESIANPOINT((11.957985595715442,-5.3500000000252799,-4.4900000004833585));
#577=IFCCARTESIANPOINT((8.9579855957154528,-5.3500000000252967,-4.4900000004833585));
#578=IFCCARTESIANPOINT((8.9579855957154546,-6.150000000025301,-4.4900000004833522));
#579=IFCCARTESIANPOINT((7.4579855957154484,-8.6500000000252832,-2.2024822884511321));
#580=IFCCARTESIANPOINT((5.457985595715467,-10.650000000025294,-2.2024822884511179));
#581=IFCCARTESIANPOINT((3.4579855957154488,-8.650000000025317,-2.2024822884511321));
#582=IFCCARTESIANPOINT((5.4579855957154484,-6.6500000000253143,-2.2024822884511464));
#583=IFCCARTESIANPOINT((3.4579855957154431,-8.6500000000253277,-4.4900000004833389));
#584=IFCCARTESIANPOINT((5.4579855957154493,-6.6500000000253241,-4.4900000004833522));
#585=IFCCARTESIANPOINT((7.457985595715459,-8.6500000000253241,-4.490000000483338));
#586=IFCCARTESIANPOINT((7.4579855957154564,-8.650000000025317,-3.3462411444672306));
#587=IFCCARTESIANPOINT((3.4579855957154444,-8.6500000000253205,-3.3462411444672315));
#588=IFCCARTESIANPOINT((5.457985547090817,-6.6500000000253205,-3.7416145510283196));
#589=IFCCARTESIANPOINT((5.4579855947472282,-6.650000000025317,-3.0333212112512022));
#590=IFCCARTESIANPOINT((6.9579855957154519,-6.150000000025301,-3.4900000004833518));
#591=IFCCARTESIANPOINT((3.9579855957154622,-6.150000000025301,-3.4900000004833518));
#592=IFCCARTESIANPOINT((3.9579855957154622,-5.3500000000252887,-3.4900000004833576));
#593=IFCCARTESIANPOINT((6.9579855957154519,-5.3500000000252887,-3.4900000004833576));
#594=IFCCARTESIANPOINT((6.9579855957154519,-6.150000000025301,-4.4900000004833522));
#595=IFCCARTESIANPOINT((6.9579855957154519,-5.3500000000252887,-4.4900000004833585));
#596=IFCCARTESIANPOINT((3.957985595715463,-5.3500000000253056,-4.4900000004833585));
#597=IFCCARTESIANPOINT((3.9579855957154622,-6.150000000025301,-4.4900000004833522));
#598=IFCCARTESIANPOINT((2.4579855957154737,-8.650000000025333,-2.2024822884511321));
#599=IFCCARTESIANPOINT((0.45798559571545872,-10.650000000025319,-2.2024822884511179));
#600=IFCCARTESIANPOINT((-1.5420144042845416,-8.6500000000252744,-2.2024822884511321));
#601=IFCCARTESIANPOINT((0.45798559571547559,-6.6500000000252975,-2.2024822884511464));
#602=IFCCARTESIANPOINT((-1.5420144042845432,-8.6500000000252939,-4.4900000004833363));
#603=IFCCARTESIANPOINT((0.4579855957154742,-6.6500000000253143,-4.4900000004833522));
#604=IFCCARTESIANPOINT((2.4579855957154604,-8.6500000000253259,-4.490000000483338));
#605=IFCCARTESIANPOINT((2.4579855957154604,-8.650000000025317,-3.3462411444672311));
#606=IFCCARTESIANPOINT((-1.5420144042845425,-8.6500000000252868,-3.3462411444672293));
#607=IFCCARTESIANPOINT((0.45798554709084216,-6.6500000000253099,-3.7416145510283205));
#608=IFCCARTESIANPOINT((0.45798559474725459,-6.6500000000253037,-3.0333212112512022));
#609=IFCCARTESIANPOINT((1.9579855957154606,-6.150000000025301,-3.4900000004833518));
#610=IFCCARTESIANPOINT((-1.042014404284529,-6.150000000025301,-3.4900000004833518));
#611=IFCCARTESIANPOINT((-1.042014404284529,-5.3500000000252967,-3.4900000004833576));
#612=IFCCARTESIANPOINT((1.9579855957154606,-5.3500000000252967,-3.4900000004833576));
#613=IFCCARTESIANPOINT((1.9579855957154606,-6.150000000025301,-4.4900000004833522));
#614=IFCCARTESIANPOINT((1.9579855957154606,-5.3500000000253056,-4.4900000004833585));
#615=IFCCARTESIANPOINT((-1.042014404284529,-5.3500000000253056,-4.4900000004833585));
#616=IFCCARTESIANPOINT((-1.042014404284529,-6.150000000025301,-4.4900000004833522));
#617=IFCCARTESIANPOINT((-2.5420144042845139,-8.6500000000253419,-2.2024822884511321));
#618=IFCCARTESIANPOINT((-4.5420144042845303,-10.650000000025328,-2.2024822884511179));
#619=IFCCARTESIANPOINT((-6.542014404284517,-8.650000000025333,-2.2024822884511321));
#620=IFCCARTESIANPOINT((-4.5420144042845312,-6.6500000000253312,-2.2024822884511464));
#621=IFCCARTESIANPOINT((-6.5420144042845196,-8.650000000025349,-4.4900000004833398));
#622=IFCCARTESIANPOINT((-4.5420144042845321,-6.6500000000253472,-4.4900000004833558));
#623=IFCCARTESIANPOINT((-2.5420144042845307,-8.650000000025333,-4.4900000004833407));
#624=IFCCARTESIANPOINT((-2.5420144042845307,-8.6500000000253259,-3.3462411444672342));
#625=IFCCARTESIANPOINT((-6.5420144042845179,-8.6500000000253401,-3.3462411444672333));
#626=IFCCARTESIANPOINT((-4.5420144529091653,-6.6500000000253428,-3.7416145510283236));
#627=IFCCARTESIANPOINT((-4.5420144052527522,-6.6500000000253365,-3.0333212112512058));
#628=IFCCARTESIANPOINT((-3.0420144042845303,-6.1500000000253099,-3.4900000004833518));
#629=IFCCARTESIANPOINT((-6.0420144042845196,-6.1500000000253099,-3.4900000004833518));
#630=IFCCARTESIANPOINT((-6.0420144042845196,-5.3500000000252967,-3.4900000004833576));
#631=IFCCARTESIANPOINT((-3.0420144042845303,-5.3500000000252967,-3.4900000004833576));
#632=IFCCARTESIANPOINT((-3.0420144042845307,-6.1500000000253099,-4.4900000004833522));
#633=IFCCARTESIANPOINT((-3.0420144042845307,-5.3500000000253056,-4.4900000004833585));
#634=IFCCARTESIANPOINT((-6.0420144042845196,-5.3500000000253136,-4.4900000004833585));
#635=IFCCARTESIANPOINT((-6.0420144042845196,-6.1500000000253099,-4.4900000004833522));
#636=IFCCARTESIANPOINT((-7.5420144042845259,-8.650000000025317,-2.2024822884511321));
#637=IFCCARTESIANPOINT((-9.542014404284517,-10.650000000025319,-2.2024822884511179));
#638=IFCCARTESIANPOINT((-11.542014404284533,-8.6500000000252921,-2.2024822884511321));
#639=IFCCARTESIANPOINT((-9.5420144042845116,-6.6500000000253143,-2.2024822884511464));
#640=IFCCARTESIANPOINT((-11.542014404284538,-8.6500000000253099,-4.4900000004833363));
#641=IFCCARTESIANPOINT((-9.5420144042845134,-6.6500000000253241,-4.4900000004833522));
#642=IFCCARTESIANPOINT((-7.5420144042845196,-8.6500000000253419,-4.490000000483338));
#643=IFCCARTESIANPOINT((-7.5420144042845196,-8.650000000025333,-3.3462411444672311));
#644=IFCCARTESIANPOINT((-11.542014404284538,-8.6500000000253028,-3.3462411444672293));
#645=IFCCARTESIANPOINT((-9.5420144529091449,-6.6500000000253188,-3.7416145510283205));
#646=IFCCARTESIANPOINT((-9.5420144052527309,-6.6500000000253134,-3.0333212112512022));
#647=IFCCARTESIANPOINT((-8.0420144042845223,-6.1500000000253179,-3.4900000004833518));
#648=IFCCARTESIANPOINT((-11.042014404284512,-6.1500000000253179,-3.4900000004833518));
#649=IFCCARTESIANPOINT((-11.042014404284512,-5.3500000000253056,-3.4900000004833576));
#650=IFCCARTESIANPOINT((-8.0420144042845223,-5.3500000000253056,-3.4900000004833576));
#651=IFCCARTESIANPOINT((-8.0420144042845223,-6.1500000000253268,-4.4900000004833522));
#652=IFCCARTESIANPOINT((-8.0420144042845223,-5.3500000000253136,-4.4900000004833585));
#653=IFCCARTESIANPOINT((-11.042014404284512,-5.3500000000253225,-4.4900000004833585));
#654=IFCCARTESIANPOINT((-11.042014404284512,-6.1500000000253268,-4.4900000004833522));
#655=IFCCARTESIANPOINT((-12.542014404284528,-8.6500000000253081,-2.2024822884511321));
#656=IFCCARTESIANPOINT((-14.542014404284503,-10.650000000025319,-2.2024822884511179));
#657=IFCCARTESIANPOINT((-16.542014404284529,-8.6500000000252992,-2.2024822884511321));
#658=IFCCARTESIANPOINT((-14.542014404284506,-6.6500000000253143,-2.2024822884511464));
#659=IFCCARTESIANPOINT((-16.542014404284533,-8.650000000025317,-4.4900000004833389));
#660=IFCCARTESIANPOINT((-14.542014404284506,-6.6500000000253312,-4.490000000483354));
#661=IFCCARTESIANPOINT((-12.542014404284513,-8.6500000000253507,-4.4900000004833398));
#662=IFCCARTESIANPOINT((-12.542014404284513,-8.6500000000253419,-3.3462411444672324));
#663=IFCCARTESIANPOINT((-16.542014404284529,-8.6500000000253081,-3.346241144467232));
#664=IFCCARTESIANPOINT((-14.542014452909138,-6.6500000000253285,-3.7416145510283223));
#665=IFCCARTESIANPOINT((-14.542014405252726,-6.6500000000253223,-3.0333212112512045));
#666=IFCCARTESIANPOINT((-13.042014404284517,-6.1500000000253268,-3.4900000004833518));
#667=IFCCARTESIANPOINT((-16.042014404284505,-6.1500000000253268,-3.4900000004833518));
#668=IFCCARTESIANPOINT((-16.042014404284505,-5.3500000000253136,-3.4900000004833576));
#669=IFCCARTESIANPOINT((-13.042014404284517,-5.3500000000253136,-3.4900000004833576));
#670=IFCCARTESIANPOINT((-13.042014404284517,-6.1500000000253348,-4.4900000004833522));
#671=IFCCARTESIANPOINT((-13.042014404284517,-5.3500000000253225,-4.4900000004833585));
#672=IFCCARTESIANPOINT((-16.042014404284505,-5.3500000000253305,-4.4900000004833585));
#673=IFCCARTESIANPOINT((-16.042014404284505,-6.1500000000253348,-4.4900000004833522));
#674=IFCCARTESIANPOINT((-17.542014404284501,-8.6500000000253259,-2.2024822884511321));
#675=IFCCARTESIANPOINT((-19.542014404284487,-10.650000000025328,-2.2024822884511179));
#676=IFCCARTESIANPOINT((-21.542014404284501,-8.650000000025317,-2.2024822884511321));
#677=IFCCARTESIANPOINT((-19.54201440428449,-6.6500000000253401,-2.2024822884511464));
#678=IFCCARTESIANPOINT((-21.542014404284487,-8.6500000000253383,-4.4900000004833363));
#679=IFCCARTESIANPOINT((-19.542014404284497,-6.6500000000253721,-4.4900000004833522));
#680=IFCCARTESIANPOINT((-17.542014404284526,-8.6500000000253596,-4.490000000483338));
#681=IFCCARTESIANPOINT((-17.542014404284526,-8.6500000000253507,-3.3462411444672311));
#682=IFCCARTESIANPOINT((-21.542014404284487,-8.6500000000253294,-3.3462411444672293));
#683=IFCCARTESIANPOINT((-19.542014452909125,-6.6500000000253667,-3.7416145510283205));
#684=IFCCARTESIANPOINT((-19.542014405252715,-6.6500000000253614,-3.0333212112512027));
#685=IFCCARTESIANPOINT((-18.042014404284505,-6.1500000000253348,-3.4900000004833518));
#686=IFCCARTESIANPOINT((-21.042014404284494,-6.1500000000253348,-3.4900000004833518));
#687=IFCCARTESIANPOINT((-21.042014404284494,-5.3500000000253225,-3.4900000004833576));
#688=IFCCARTESIANPOINT((-18.042014404284505,-5.3500000000253225,-3.4900000004833576));
#689=IFCCARTESIANPOINT((-18.042014404284505,-6.1500000000253525,-4.4900000004833522));
#690=IFCCARTESIANPOINT((-18.042014404284505,-5.3500000000253225,-4.4900000004833585));
#691=IFCCARTESIANPOINT((-21.042014404284494,-5.3500000000253394,-4.4900000004833585));
#692=IFCCARTESIANPOINT((-21.042014404284494,-6.1500000000253525,-4.4900000004833522));
#693=IFCCARTESIANPOINT((12.90798559571544,-4.9000000000252895,-3.4900000004833598));
#694=IFCCARTESIANPOINT((12.90798559571544,-4.9000000000252575,0.90999999951664234));
#695=IFCCARTESIANPOINT((12.90798559571544,-4.1000000000252559,1.7099999995166371));
#696=IFCCARTESIANPOINT((12.90798559571544,-4.1000000000252177,7.0099999995166389));
#697=IFCCARTESIANPOINT((12.90798559571544,-12.270000000025219,7.0099999995166984));
#698=IFCCARTESIANPOINT((12.90798559571544,-12.270000000025233,4.9099999995166961));
#699=IFCCARTESIANPOINT((12.90798559571544,-15.330000000025237,4.9099999995167183));
#700=IFCCARTESIANPOINT((12.90798559571544,-15.330000000025223,7.0099999995167206));
#701=IFCCARTESIANPOINT((12.90798559571544,-18.,7.0099999995167392));
#702=IFCCARTESIANPOINT((12.90798559571544,-18.,-1.4900000004831579));
#703=IFCCARTESIANPOINT((12.90798559571544,-15.652173913068287,-2.2900000004832797));
#704=IFCCARTESIANPOINT((12.90798559571544,-11.250000000025285,-2.2900000004833112));
#705=IFCCARTESIANPOINT((12.90798559571544,-11.250000000025299,-4.4900000004833185));
#706=IFCCARTESIANPOINT((12.90798559571544,-4.4500000000252973,-4.4900000004833629));
#707=IFCCARTESIANPOINT((12.90798559571544,-4.4500000000252893,-3.4900000004833642));
#708=IFCCARTESIANPOINT((-21.992014404284554,-4.9000000000252895,-3.4900000004833598));
#709=IFCCARTESIANPOINT((-21.992014404284554,-4.4500000000252893,-3.4900000004833642));
#710=IFCCARTESIANPOINT((-21.992014404284554,-4.4500000000252973,-4.4900000004833629));
#711=IFCCARTESIANPOINT((-21.992014404284554,-11.250000000025299,-4.4900000004833185));
#712=IFCCARTESIANPOINT((-21.992014404284554,-11.250000000025285,-2.2900000004833112));
#713=IFCCARTESIANPOINT((-21.992014404284554,-15.652173913068287,-2.2900000004832797));
#714=IFCCARTESIANPOINT((-21.992014404284554,-18.,-1.4900000004831579));
#715=IFCCARTESIANPOINT((-21.992014404284554,-18.,7.0099999995167392));
#716=IFCCARTESIANPOINT((-21.992014404284554,-15.330000000025223,7.0099999995167206));
#717=IFCCARTESIANPOINT((-21.992014404284554,-15.330000000025237,4.9099999995167183));
#718=IFCCARTESIANPOINT((-21.992014404284554,-12.270000000025233,4.9099999995166961));
#719=IFCCARTESIANPOINT((-21.992014404284554,-12.270000000025219,7.0099999995166984));
#720=IFCCARTESIANPOINT((-21.992014404284554,-4.1000000000252177,7.0099999995166389));
#721=IFCCARTESIANPOINT((-21.992014404284554,-4.1000000000252559,1.7099999995166371));
#722=IFCCARTESIANPOINT((-21.992014404284554,-4.9000000000252575,0.90999999951664234));
#723=IFCCARTESIANPOINT((10.45798559571544,-10.650000000025319,-4.4900000004833194));
#724=IFCCARTESIANPOINT((5.457985595715467,-10.650000000025303,-4.4900000004833194));
#725=IFCCARTESIANPOINT((0.45798559571545766,-10.650000000025328,-4.4900000004833194));
#726=IFCCARTESIANPOINT((-4.542014404284533,-10.650000000025337,-4.4900000004833194));
#727=IFCCARTESIANPOINT((-9.5420144042845152,-10.650000000025328,-4.4900000004833194));
#728=IFCCARTESIANPOINT((-14.542014404284503,-10.650000000025328,-4.4900000004833194));
#729=IFCCARTESIANPOINT((-19.542014404284487,-10.650000000025337,-4.4900000004833194));
#730=IFCCARTESIANPOINT((11.957985489978725,-11.250000000025301,-2.2900000004833108));
#731=IFCCARTESIANPOINT((-21.042014682091342,-11.250000000025301,-2.290000000483309));
#732=IFCCARTESIANPOINT((11.957985558937455,-15.652173913068296,-2.2900000004832801));
#733=IFCCARTESIANPOINT((11.957985595715442,-18.,-1.4900000004831617));
#734=IFCCARTESIANPOINT((-21.042014404284561,-18.,-1.4900000004831588));
#735=IFCCARTESIANPOINT((-21.042014404284568,-18.,-0.090000000483259859));
#736=IFCCARTESIANPOINT((11.957985595715442,-18.,-0.090000000483259859));
#737=IFCCARTESIANPOINT((-21.042014500913005,-15.652173913068296,-2.2900000004832801));
#738=IFCCARTESIANPOINT((-21.042014682091342,-11.249999951352233,-0.089999806929363227));
#739=IFCCARTESIANPOINT((11.957985489978727,-11.249999951352217,-0.089999806929363158));
#740=IFCCARTESIANPOINT((10.45798564434007,-10.650000000025319,-3.7416145510282948));
#741=IFCCARTESIANPOINT((10.45798559668366,-10.650000000025315,-3.0333212112511778));
#742=IFCCARTESIANPOINT((5.4579856443400985,-10.650000000025294,-3.7416145510282939));
#743=IFCCARTESIANPOINT((5.4579855966836872,-10.650000000025289,-3.0333212112511769));
#744=IFCCARTESIANPOINT((0.45798564434008926,-10.650000000025329,-3.7416145510282952));
#745=IFCCARTESIANPOINT((0.45798559668367811,-10.650000000025326,-3.0333212112511778));
#746=IFCCARTESIANPOINT((-4.5420143556599006,-10.65000000002534,-3.7416145510282948));
#747=IFCCARTESIANPOINT((-4.5420144033163119,-10.650000000025337,-3.0333212112511778));
#748=IFCCARTESIANPOINT((-9.5420143556598855,-10.650000000025329,-3.7416145510282957));
#749=IFCCARTESIANPOINT((-9.5420144033162959,-10.650000000025326,-3.0333212112511778));
#750=IFCCARTESIANPOINT((-14.542014355659871,-10.650000000025326,-3.7416145510282939));
#751=IFCCARTESIANPOINT((-14.542014403316283,-10.650000000025321,-3.0333212112511774));
#752=IFCCARTESIANPOINT((-19.542014355659859,-10.650000000025328,-3.7416145510282939));
#753=IFCCARTESIANPOINT((-19.542014403316269,-10.65000000002531,-3.0333212112511774));
#754=IFCPOLYLOOP((#561,#562,#563,#560));
#755=IFCFACEOUTERBOUND(#754,.T.);
#756=IFCFACE((#755));
#757=IFCPOLYLOOP((#580,#581,#582,#579));
#758=IFCFACEOUTERBOUND(#757,.T.);
#759=IFCFACE((#758));
#760=IFCPOLYLOOP((#598,#599,#600,#601));
#761=IFCFACEOUTERBOUND(#760,.T.);
#762=IFCFACE((#761));
#763=IFCPOLYLOOP((#618,#619,#620,#617));
#764=IFCFACEOUTERBOUND(#763,.T.);
#765=IFCFACE((#764));
#766=IFCPOLYLOOP((#637,#638,#639,#636));
#767=IFCFACEOUTERBOUND(#766,.T.);
#768=IFCFACE((#767));
#769=IFCPOLYLOOP((#655,#656,#657,#658));
#770=IFCFACEOUTERBOUND(#769,.T.);
#771=IFCFACE((#770));
#772=IFCPOLYLOOP((#675,#676,#677,#674));
#773=IFCFACEOUTERBOUND(#772,.T.);
#774=IFCFACE((#773));
#775=IFCPOLYLOOP((#566,#569,#565));
#776=IFCFACEOUTERBOUND(#775,.T.);
#777=IFCFACE((#776));
#778=IFCPOLYLOOP((#568,#570,#563,#562));
#779=IFCFACEOUTERBOUND(#778,.T.);
#780=IFCFACE((#779));
#781=IFCPOLYLOOP((#570,#567,#560));
#782=IFCFACEOUTERBOUND(#781,.T.);
#783=IFCFACE((#782));
#784=IFCPOLYLOOP((#570,#568,#569));
#785=IFCFACEOUTERBOUND(#784,.T.);
#786=IFCFACE((#785));
#787=IFCPOLYLOOP((#569,#567,#570));
#788=IFCFACEOUTERBOUND(#787,.T.);
#789=IFCFACE((#788));
#790=IFCPOLYLOOP((#565,#569,#564));
#791=IFCFACEOUTERBOUND(#790,.T.);
#792=IFCFACE((#791));
#793=IFCPOLYLOOP((#567,#569,#566));
#794=IFCFACEOUTERBOUND(#793,.T.);
#795=IFCFACE((#794));
#796=IFCPOLYLOOP((#568,#564,#569));
#797=IFCFACEOUTERBOUND(#796,.T.);
#798=IFCFACE((#797));
#799=IFCPOLYLOOP((#563,#570,#560));
#800=IFCFACEOUTERBOUND(#799,.T.);
#801=IFCFACE((#800));
#802=IFCPOLYLOOP((#571,#572,#573,#574));
#803=IFCFACEOUTERBOUND(#802,.T.);
#804=IFCFACE((#803));
#805=IFCPOLYLOOP((#590,#591,#592,#593));
#806=IFCFACEOUTERBOUND(#805,.T.);
#807=IFCFACE((#806));
#808=IFCPOLYLOOP((#610,#611,#612,#609));
#809=IFCFACEOUTERBOUND(#808,.T.);
#810=IFCFACE((#809));
#811=IFCPOLYLOOP((#628,#629,#630,#631));
#812=IFCFACEOUTERBOUND(#811,.T.);
#813=IFCFACE((#812));
#814=IFCPOLYLOOP((#647,#648,#649,#650));
#815=IFCFACEOUTERBOUND(#814,.T.);
#816=IFCFACE((#815));
#817=IFCPOLYLOOP((#666,#667,#668,#669));
#818=IFCFACEOUTERBOUND(#817,.T.);
#819=IFCFACE((#818));
#820=IFCPOLYLOOP((#685,#686,#687,#688));
#821=IFCFACEOUTERBOUND(#820,.T.);
#822=IFCFACE((#821));
#823=IFCPOLYLOOP((#575,#571,#574,#576));
#824=IFCFACEOUTERBOUND(#823,.T.);
#825=IFCFACE((#824));
#826=IFCPOLYLOOP((#576,#574,#573,#577));
#827=IFCFACEOUTERBOUND(#826,.T.);
#828=IFCFACE((#827));
#829=IFCPOLYLOOP((#593,#592,#596,#595));
#830=IFCFACEOUTERBOUND(#829,.T.);
#831=IFCFACE((#830));
#832=IFCPOLYLOOP((#614,#612,#611,#615));
#833=IFCFACEOUTERBOUND(#832,.T.);
#834=IFCFACE((#833));
#835=IFCPOLYLOOP((#633,#631,#630,#634));
#836=IFCFACEOUTERBOUND(#835,.T.);
#837=IFCFACE((#836));
#838=IFCPOLYLOOP((#652,#650,#649,#653));
#839=IFCFACEOUTERBOUND(#838,.T.);
#840=IFCFACE((#839));
#841=IFCPOLYLOOP((#671,#669,#668,#672));
#842=IFCFACEOUTERBOUND(#841,.T.);
#843=IFCFACE((#842));
#844=IFCPOLYLOOP((#690,#688,#687,#691));
#845=IFCFACEOUTERBOUND(#844,.T.);
#846=IFCFACE((#845));
#847=IFCPOLYLOOP((#573,#572,#578,#577));
#848=IFCFACEOUTERBOUND(#847,.T.);
#849=IFCFACE((#848));
#850=IFCPOLYLOOP((#578,#572,#571,#575));
#851=IFCFACEOUTERBOUND(#850,.T.);
#852=IFCFACE((#851));
#853=IFCPOLYLOOP((#597,#591,#590,#594));
#854=IFCFACEOUTERBOUND(#853,.T.);
#855=IFCFACE((#854));
#856=IFCPOLYLOOP((#616,#610,#609,#613));
#857=IFCFACEOUTERBOUND(#856,.T.);
#858=IFCFACE((#857));
#859=IFCPOLYLOOP((#635,#629,#628,#632));
#860=IFCFACEOUTERBOUND(#859,.T.);
#861=IFCFACE((#860));
#862=IFCPOLYLOOP((#648,#647,#651,#654));
#863=IFCFACEOUTERBOUND(#862,.T.);
#864=IFCFACE((#863));
#865=IFCPOLYLOOP((#673,#667,#666,#670));
#866=IFCFACEOUTERBOUND(#865,.T.);
#867=IFCFACE((#866));
#868=IFCPOLYLOOP((#692,#686,#685,#689));
#869=IFCFACEOUTERBOUND(#868,.T.);
#870=IFCFACE((#869));
#871=IFCPOLYLOOP((#585,#588,#584));
#872=IFCFACEOUTERBOUND(#871,.T.);
#873=IFCFACE((#872));
#874=IFCPOLYLOOP((#587,#589,#582,#581));
#875=IFCFACEOUTERBOUND(#874,.T.);
#876=IFCFACE((#875));
#877=IFCPOLYLOOP((#589,#586,#579));
#878=IFCFACEOUTERBOUND(#877,.T.);
#879=IFCFACE((#878));
#880=IFCPOLYLOOP((#589,#587,#588));
#881=IFCFACEOUTERBOUND(#880,.T.);
#882=IFCFACE((#881));
#883=IFCPOLYLOOP((#588,#586,#589));
#884=IFCFACEOUTERBOUND(#883,.T.);
#885=IFCFACE((#884));
#886=IFCPOLYLOOP((#584,#588,#583));
#887=IFCFACEOUTERBOUND(#886,.T.);
#888=IFCFACE((#887));
#889=IFCPOLYLOOP((#586,#588,#585));
#890=IFCFACEOUTERBOUND(#889,.T.);
#891=IFCFACE((#890));
#892=IFCPOLYLOOP((#587,#583,#588));
#893=IFCFACEOUTERBOUND(#892,.T.);
#894=IFCFACE((#893));
#895=IFCPOLYLOOP((#582,#589,#579));
#896=IFCFACEOUTERBOUND(#895,.T.);
#897=IFCFACE((#896));
#898=IFCPOLYLOOP((#594,#590,#593,#595));
#899=IFCFACEOUTERBOUND(#898,.T.);
#900=IFCFACE((#899));
#901=IFCPOLYLOOP((#592,#591,#597,#596));
#902=IFCFACEOUTERBOUND(#901,.T.);
#903=IFCFACE((#902));
#904=IFCPOLYLOOP((#604,#607,#603));
#905=IFCFACEOUTERBOUND(#904,.T.);
#906=IFCFACE((#905));
#907=IFCPOLYLOOP((#606,#608,#601,#600));
#908=IFCFACEOUTERBOUND(#907,.T.);
#909=IFCFACE((#908));
#910=IFCPOLYLOOP((#608,#605,#598,#601));
#911=IFCFACEOUTERBOUND(#910,.T.);
#912=IFCFACE((#911));
#913=IFCPOLYLOOP((#608,#606,#607));
#914=IFCFACEOUTERBOUND(#913,.T.);
#915=IFCFACE((#914));
#916=IFCPOLYLOOP((#607,#605,#608));
#917=IFCFACEOUTERBOUND(#916,.T.);
#918=IFCFACE((#917));
#919=IFCPOLYLOOP((#603,#607,#602));
#920=IFCFACEOUTERBOUND(#919,.T.);
#921=IFCFACE((#920));
#922=IFCPOLYLOOP((#605,#607,#604));
#923=IFCFACEOUTERBOUND(#922,.T.);
#924=IFCFACE((#923));
#925=IFCPOLYLOOP((#606,#602,#607));
#926=IFCFACEOUTERBOUND(#925,.T.);
#927=IFCFACE((#926));
#928=IFCPOLYLOOP((#613,#609,#612,#614));
#929=IFCFACEOUTERBOUND(#928,.T.);
#930=IFCFACE((#929));
#931=IFCPOLYLOOP((#611,#610,#616,#615));
#932=IFCFACEOUTERBOUND(#931,.T.);
#933=IFCFACE((#932));
#934=IFCPOLYLOOP((#623,#626,#622));
#935=IFCFACEOUTERBOUND(#934,.T.);
#936=IFCFACE((#935));
#937=IFCPOLYLOOP((#625,#627,#619));
#938=IFCFACEOUTERBOUND(#937,.T.);
#939=IFCFACE((#938));
#940=IFCPOLYLOOP((#627,#624,#617,#620));
#941=IFCFACEOUTERBOUND(#940,.T.);
#942=IFCFACE((#941));
#943=IFCPOLYLOOP((#627,#625,#626));
#944=IFCFACEOUTERBOUND(#943,.T.);
#945=IFCFACE((#944));
#946=IFCPOLYLOOP((#626,#624,#627));
#947=IFCFACEOUTERBOUND(#946,.T.);
#948=IFCFACE((#947));
#949=IFCPOLYLOOP((#622,#626,#621));
#950=IFCFACEOUTERBOUND(#949,.T.);
#951=IFCFACE((#950));
#952=IFCPOLYLOOP((#624,#626,#623));
#953=IFCFACEOUTERBOUND(#952,.T.);
#954=IFCFACE((#953));
#955=IFCPOLYLOOP((#619,#627,#620));
#956=IFCFACEOUTERBOUND(#955,.T.);
#957=IFCFACE((#956));
#958=IFCPOLYLOOP((#625,#621,#626));
#959=IFCFACEOUTERBOUND(#958,.T.);
#960=IFCFACE((#959));
#961=IFCPOLYLOOP((#632,#628,#631,#633));
#962=IFCFACEOUTERBOUND(#961,.T.);
#963=IFCFACE((#962));
#964=IFCPOLYLOOP((#630,#629,#635,#634));
#965=IFCFACEOUTERBOUND(#964,.T.);
#966=IFCFACE((#965));
#967=IFCPOLYLOOP((#642,#645,#641));
#968=IFCFACEOUTERBOUND(#967,.T.);
#969=IFCFACE((#968));
#970=IFCPOLYLOOP((#644,#646,#638));
#971=IFCFACEOUTERBOUND(#970,.T.);
#972=IFCFACE((#971));
#973=IFCPOLYLOOP((#646,#643,#636,#639));
#974=IFCFACEOUTERBOUND(#973,.T.);
#975=IFCFACE((#974));
#976=IFCPOLYLOOP((#646,#644,#645));
#977=IFCFACEOUTERBOUND(#976,.T.);
#978=IFCFACE((#977));
#979=IFCPOLYLOOP((#645,#643,#646));
#980=IFCFACEOUTERBOUND(#979,.T.);
#981=IFCFACE((#980));
#982=IFCPOLYLOOP((#641,#645,#640));
#983=IFCFACEOUTERBOUND(#982,.T.);
#984=IFCFACE((#983));
#985=IFCPOLYLOOP((#643,#645,#642));
#986=IFCFACEOUTERBOUND(#985,.T.);
#987=IFCFACE((#986));
#988=IFCPOLYLOOP((#638,#646,#639));
#989=IFCFACEOUTERBOUND(#988,.T.);
#990=IFCFACE((#989));
#991=IFCPOLYLOOP((#644,#640,#645));
#992=IFCFACEOUTERBOUND(#991,.T.);
#993=IFCFACE((#992));
#994=IFCPOLYLOOP((#652,#651,#647,#650));
#995=IFCFACEOUTERBOUND(#994,.T.);
#996=IFCFACE((#995));
#997=IFCPOLYLOOP((#649,#648,#654,#653));
#998=IFCFACEOUTERBOUND(#997,.T.);
#999=IFCFACE((#998));
#1000=IFCPOLYLOOP((#661,#664,#660));
#1001=IFCFACEOUTERBOUND(#1000,.T.);
#1002=IFCFACE((#1001));
#1003=IFCPOLYLOOP((#663,#665,#658,#657));
#1004=IFCFACEOUTERBOUND(#1003,.T.);
#1005=IFCFACE((#1004));
#1006=IFCPOLYLOOP((#665,#662,#655,#658));
#1007=IFCFACEOUTERBOUND(#1006,.T.);
#1008=IFCFACE((#1007));
#1009=IFCPOLYLOOP((#665,#663,#664));
#1010=IFCFACEOUTERBOUND(#1009,.T.);
#1011=IFCFACE((#1010));
#1012=IFCPOLYLOOP((#664,#662,#665));
#1013=IFCFACEOUTERBOUND(#1012,.T.);
#1014=IFCFACE((#1013));
#1015=IFCPOLYLOOP((#660,#664,#659));
#1016=IFCFACEOUTERBOUND(#1015,.T.);
#1017=IFCFACE((#1016));
#1018=IFCPOLYLOOP((#662,#664,#661));
#1019=IFCFACEOUTERBOUND(#1018,.T.);
#1020=IFCFACE((#1019));
#1021=IFCPOLYLOOP((#663,#659,#664));
#1022=IFCFACEOUTERBOUND(#1021,.T.);
#1023=IFCFACE((#1022));
#1024=IFCPOLYLOOP((#671,#670,#666,#669));
#1025=IFCFACEOUTERBOUND(#1024,.T.);
#1026=IFCFACE((#1025));
#1027=IFCPOLYLOOP((#668,#667,#673,#672));
#1028=IFCFACEOUTERBOUND(#1027,.T.);
#1029=IFCFACE((#1028));
#1030=IFCPOLYLOOP((#680,#683,#679));
#1031=IFCFACEOUTERBOUND(#1030,.T.);
#1032=IFCFACE((#1031));
#1033=IFCPOLYLOOP((#682,#684,#677,#676));
#1034=IFCFACEOUTERBOUND(#1033,.T.);
#1035=IFCFACE((#1034));
#1036=IFCPOLYLOOP((#684,#681,#674,#677));
#1037=IFCFACEOUTERBOUND(#1036,.T.);
#1038=IFCFACE((#1037));
#1039=IFCPOLYLOOP((#684,#682,#683));
#1040=IFCFACEOUTERBOUND(#1039,.T.);
#1041=IFCFACE((#1040));
#1042=IFCPOLYLOOP((#683,#681,#684));
#1043=IFCFACEOUTERBOUND(#1042,.T.);
#1044=IFCFACE((#1043));
#1045=IFCPOLYLOOP((#679,#683,#678));
#1046=IFCFACEOUTERBOUND(#1045,.T.);
#1047=IFCFACE((#1046));
#1048=IFCPOLYLOOP((#681,#683,#680));
#1049=IFCFACEOUTERBOUND(#1048,.T.);
#1050=IFCFACE((#1049));
#1051=IFCPOLYLOOP((#682,#678,#683));
#1052=IFCFACEOUTERBOUND(#1051,.T.);
#1053=IFCFACE((#1052));
#1054=IFCPOLYLOOP((#689,#685,#688,#690));
#1055=IFCFACEOUTERBOUND(#1054,.T.);
#1056=IFCFACE((#1055));
#1057=IFCPOLYLOOP((#686,#692,#691,#687));
#1058=IFCFACEOUTERBOUND(#1057,.T.);
#1059=IFCFACE((#1058));
#1060=IFCPOLYLOOP((#698,#699,#700,#701,#702,#703,#704,#705,#706,#707,#693,#694,#695,#696,#697));
#1061=IFCFACEOUTERBOUND(#1060,.T.);
#1062=IFCFACE((#1061));
#1063=IFCPOLYLOOP((#716,#717,#718,#719,#720,#721,#722,#708,#709,#710,#711,#712,#713,#714,#715));
#1064=IFCFACEOUTERBOUND(#1063,.T.);
#1065=IFCFACE((#1064));
#1066=IFCPOLYLOOP((#709,#708,#693,#707));
#1067=IFCFACEOUTERBOUND(#1066,.T.);
#1068=IFCFACE((#1067));
#1069=IFCPOLYLOOP((#709,#707,#706,#710));
#1070=IFCFACEOUTERBOUND(#1069,.T.);
#1071=IFCFACE((#1070));
#1072=IFCPOLYLOOP((#690,#691,#710));
#1073=IFCFACEOUTERBOUND(#1072,.T.);
#1074=IFCFACE((#1073));
#1075=IFCPOLYLOOP((#672,#690,#710));
#1076=IFCFACEOUTERBOUND(#1075,.T.);
#1077=IFCFACE((#1076));
#1078=IFCPOLYLOOP((#690,#672,#689));
#1079=IFCFACEOUTERBOUND(#1078,.T.);
#1080=IFCFACE((#1079));
#1081=IFCPOLYLOOP((#692,#710,#691));
#1082=IFCFACEOUTERBOUND(#1081,.T.);
#1083=IFCFACE((#1082));
#1084=IFCPOLYLOOP((#679,#692,#689));
#1085=IFCFACEOUTERBOUND(#1084,.T.);
#1086=IFCFACE((#1085));
#1087=IFCPOLYLOOP((#692,#678,#710));
#1088=IFCFACEOUTERBOUND(#1087,.T.);
#1089=IFCFACE((#1088));
#1090=IFCPOLYLOOP((#678,#692,#679));
#1091=IFCFACEOUTERBOUND(#1090,.T.);
#1092=IFCFACE((#1091));
#1093=IFCPOLYLOOP((#679,#689,#680));
#1094=IFCFACEOUTERBOUND(#1093,.T.);
#1095=IFCFACE((#1094));
#1096=IFCPOLYLOOP((#711,#710,#678));
#1097=IFCFACEOUTERBOUND(#1096,.T.);
#1098=IFCFACE((#1097));
#1099=IFCPOLYLOOP((#678,#729,#711));
#1100=IFCFACEOUTERBOUND(#1099,.T.);
#1101=IFCFACE((#1100));
#1102=IFCPOLYLOOP((#728,#711,#729));
#1103=IFCFACEOUTERBOUND(#1102,.T.);
#1104=IFCFACE((#1103));
#1105=IFCPOLYLOOP((#728,#729,#680));
#1106=IFCFACEOUTERBOUND(#1105,.T.);
#1107=IFCFACE((#1106));
#1108=IFCPOLYLOOP((#689,#673,#680));
#1109=IFCFACEOUTERBOUND(#1108,.T.);
#1110=IFCFACE((#1109));
#1111=IFCPOLYLOOP((#659,#680,#673));
#1112=IFCFACEOUTERBOUND(#1111,.T.);
#1113=IFCFACE((#1112));
#1114=IFCPOLYLOOP((#728,#680,#659));
#1115=IFCFACEOUTERBOUND(#1114,.T.);
#1116=IFCFACE((#1115));
#1117=IFCPOLYLOOP((#659,#673,#660));
#1118=IFCFACEOUTERBOUND(#1117,.T.);
#1119=IFCFACE((#1118));
#1120=IFCPOLYLOOP((#711,#728,#727));
#1121=IFCFACEOUTERBOUND(#1120,.T.);
#1122=IFCFACE((#1121));
#1123=IFCPOLYLOOP((#661,#727,#728));
#1124=IFCFACEOUTERBOUND(#1123,.T.);
#1125=IFCFACE((#1124));
#1126=IFCPOLYLOOP((#660,#670,#661));
#1127=IFCFACEOUTERBOUND(#1126,.T.);
#1128=IFCFACE((#1127));
#1129=IFCPOLYLOOP((#654,#661,#670));
#1130=IFCFACEOUTERBOUND(#1129,.T.);
#1131=IFCFACE((#1130));
#1132=IFCPOLYLOOP((#654,#640,#661));
#1133=IFCFACEOUTERBOUND(#1132,.T.);
#1134=IFCFACE((#1133));
#1135=IFCPOLYLOOP((#640,#727,#661));
#1136=IFCFACEOUTERBOUND(#1135,.T.);
#1137=IFCFACE((#1136));
#1138=IFCPOLYLOOP((#727,#726,#711));
#1139=IFCFACEOUTERBOUND(#1138,.T.);
#1140=IFCFACE((#1139));
#1141=IFCPOLYLOOP((#727,#642,#726));
#1142=IFCFACEOUTERBOUND(#1141,.T.);
#1143=IFCFACE((#1142));
#1144=IFCPOLYLOOP((#642,#621,#726));
#1145=IFCFACEOUTERBOUND(#1144,.T.);
#1146=IFCFACE((#1145));
#1147=IFCPOLYLOOP((#635,#621,#642));
#1148=IFCFACEOUTERBOUND(#1147,.T.);
#1149=IFCFACE((#1148));
#1150=IFCPOLYLOOP((#651,#635,#642));
#1151=IFCFACEOUTERBOUND(#1150,.T.);
#1152=IFCFACE((#1151));
#1153=IFCPOLYLOOP((#642,#641,#651));
#1154=IFCFACEOUTERBOUND(#1153,.T.);
#1155=IFCFACE((#1154));
#1156=IFCPOLYLOOP((#654,#651,#641));
#1157=IFCFACEOUTERBOUND(#1156,.T.);
#1158=IFCFACE((#1157));
#1159=IFCPOLYLOOP((#654,#641,#640));
#1160=IFCFACEOUTERBOUND(#1159,.T.);
#1161=IFCFACE((#1160));
#1162=IFCPOLYLOOP((#634,#635,#651));
#1163=IFCFACEOUTERBOUND(#1162,.T.);
#1164=IFCFACE((#1163));
#1165=IFCPOLYLOOP((#634,#651,#652));
#1166=IFCFACEOUTERBOUND(#1165,.T.);
#1167=IFCFACE((#1166));
#1168=IFCPOLYLOOP((#710,#652,#653));
#1169=IFCFACEOUTERBOUND(#1168,.T.);
#1170=IFCFACE((#1169));
#1171=IFCPOLYLOOP((#634,#652,#710));
#1172=IFCFACEOUTERBOUND(#1171,.T.);
#1173=IFCFACE((#1172));
#1174=IFCPOLYLOOP((#710,#671,#672));
#1175=IFCFACEOUTERBOUND(#1174,.T.);
#1176=IFCFACE((#1175));
#1177=IFCPOLYLOOP((#710,#653,#671));
#1178=IFCFACEOUTERBOUND(#1177,.T.);
#1179=IFCFACE((#1178));
#1180=IFCPOLYLOOP((#633,#634,#710));
#1181=IFCFACEOUTERBOUND(#1180,.T.);
#1182=IFCFACE((#1181));
#1183=IFCPOLYLOOP((#633,#710,#706));
#1184=IFCFACEOUTERBOUND(#1183,.T.);
#1185=IFCFACE((#1184));
#1186=IFCPOLYLOOP((#633,#706,#615));
#1187=IFCFACEOUTERBOUND(#1186,.T.);
#1188=IFCFACE((#1187));
#1189=IFCPOLYLOOP((#706,#614,#615));
#1190=IFCFACEOUTERBOUND(#1189,.T.);
#1191=IFCFACE((#1190));
#1192=IFCPOLYLOOP((#706,#596,#614));
#1193=IFCFACEOUTERBOUND(#1192,.T.);
#1194=IFCFACE((#1193));
#1195=IFCPOLYLOOP((#595,#596,#706));
#1196=IFCFACEOUTERBOUND(#1195,.T.);
#1197=IFCFACE((#1196));
#1198=IFCPOLYLOOP((#706,#577,#595));
#1199=IFCFACEOUTERBOUND(#1198,.T.);
#1200=IFCFACE((#1199));
#1201=IFCPOLYLOOP((#577,#706,#576));
#1202=IFCFACEOUTERBOUND(#1201,.T.);
#1203=IFCFACE((#1202));
#1204=IFCPOLYLOOP((#575,#576,#706));
#1205=IFCFACEOUTERBOUND(#1204,.T.);
#1206=IFCFACE((#1205));
#1207=IFCPOLYLOOP((#566,#575,#706));
#1208=IFCFACEOUTERBOUND(#1207,.T.);
#1209=IFCFACE((#1208));
#1210=IFCPOLYLOOP((#706,#705,#566));
#1211=IFCFACEOUTERBOUND(#1210,.T.);
#1212=IFCFACE((#1211));
#1213=IFCPOLYLOOP((#725,#705,#726));
#1214=IFCFACEOUTERBOUND(#1213,.T.);
#1215=IFCFACE((#1214));
#1216=IFCPOLYLOOP((#705,#725,#724));
#1217=IFCFACEOUTERBOUND(#1216,.T.);
#1218=IFCFACE((#1217));
#1219=IFCPOLYLOOP((#566,#705,#723));
#1220=IFCFACEOUTERBOUND(#1219,.T.);
#1221=IFCFACE((#1220));
#1222=IFCPOLYLOOP((#724,#723,#705));
#1223=IFCFACEOUTERBOUND(#1222,.T.);
#1224=IFCFACE((#1223));
#1225=IFCPOLYLOOP((#705,#711,#726));
#1226=IFCFACEOUTERBOUND(#1225,.T.);
#1227=IFCFACE((#1226));
#1228=IFCPOLYLOOP((#723,#724,#564));
#1229=IFCFACEOUTERBOUND(#1228,.T.);
#1230=IFCFACE((#1229));
#1231=IFCPOLYLOOP((#575,#566,#565));
#1232=IFCFACEOUTERBOUND(#1231,.T.);
#1233=IFCFACE((#1232));
#1234=IFCPOLYLOOP((#575,#565,#578));
#1235=IFCFACEOUTERBOUND(#1234,.T.);
#1236=IFCFACE((#1235));
#1237=IFCPOLYLOOP((#564,#578,#565));
#1238=IFCFACEOUTERBOUND(#1237,.T.);
#1239=IFCFACE((#1238));
#1240=IFCPOLYLOOP((#578,#595,#577));
#1241=IFCFACEOUTERBOUND(#1240,.T.);
#1242=IFCFACE((#1241));
#1243=IFCPOLYLOOP((#564,#594,#578));
#1244=IFCFACEOUTERBOUND(#1243,.T.);
#1245=IFCFACE((#1244));
#1246=IFCPOLYLOOP((#578,#594,#595));
#1247=IFCFACEOUTERBOUND(#1246,.T.);
#1248=IFCFACE((#1247));
#1249=IFCPOLYLOOP((#614,#596,#597));
#1250=IFCFACEOUTERBOUND(#1249,.T.);
#1251=IFCFACE((#1250));
#1252=IFCPOLYLOOP((#614,#597,#613));
#1253=IFCFACEOUTERBOUND(#1252,.T.);
#1254=IFCFACE((#1253));
#1255=IFCPOLYLOOP((#583,#613,#597));
#1256=IFCFACEOUTERBOUND(#1255,.T.);
#1257=IFCFACE((#1256));
#1258=IFCPOLYLOOP((#594,#584,#597));
#1259=IFCFACEOUTERBOUND(#1258,.T.);
#1260=IFCFACE((#1259));
#1261=IFCPOLYLOOP((#597,#584,#583));
#1262=IFCFACEOUTERBOUND(#1261,.T.);
#1263=IFCFACE((#1262));
#1264=IFCPOLYLOOP((#725,#604,#583));
#1265=IFCFACEOUTERBOUND(#1264,.T.);
#1266=IFCFACE((#1265));
#1267=IFCPOLYLOOP((#613,#583,#604));
#1268=IFCFACEOUTERBOUND(#1267,.T.);
#1269=IFCFACE((#1268));
#1270=IFCPOLYLOOP((#583,#724,#725));
#1271=IFCFACEOUTERBOUND(#1270,.T.);
#1272=IFCFACE((#1271));
#1273=IFCPOLYLOOP((#604,#603,#613));
#1274=IFCFACEOUTERBOUND(#1273,.T.);
#1275=IFCFACE((#1274));
#1276=IFCPOLYLOOP((#613,#603,#616));
#1277=IFCFACEOUTERBOUND(#1276,.T.);
#1278=IFCFACE((#1277));
#1279=IFCPOLYLOOP((#616,#603,#602));
#1280=IFCFACEOUTERBOUND(#1279,.T.);
#1281=IFCFACE((#1280));
#1282=IFCPOLYLOOP((#632,#616,#602));
#1283=IFCFACEOUTERBOUND(#1282,.T.);
#1284=IFCFACE((#1283));
#1285=IFCPOLYLOOP((#602,#623,#632));
#1286=IFCFACEOUTERBOUND(#1285,.T.);
#1287=IFCFACE((#1286));
#1288=IFCPOLYLOOP((#726,#623,#602));
#1289=IFCFACEOUTERBOUND(#1288,.T.);
#1290=IFCFACE((#1289));
#1291=IFCPOLYLOOP((#726,#602,#725));
#1292=IFCFACEOUTERBOUND(#1291,.T.);
#1293=IFCFACE((#1292));
#1294=IFCPOLYLOOP((#623,#622,#632));
#1295=IFCFACEOUTERBOUND(#1294,.T.);
#1296=IFCFACE((#1295));
#1297=IFCPOLYLOOP((#635,#632,#622));
#1298=IFCFACEOUTERBOUND(#1297,.T.);
#1299=IFCFACE((#1298));
#1300=IFCPOLYLOOP((#635,#622,#621));
#1301=IFCFACEOUTERBOUND(#1300,.T.);
#1302=IFCFACE((#1301));
#1303=IFCPOLYLOOP((#633,#616,#632));
#1304=IFCFACEOUTERBOUND(#1303,.T.);
#1305=IFCFACE((#1304));
#1306=IFCPOLYLOOP((#616,#633,#615));
#1307=IFCFACEOUTERBOUND(#1306,.T.);
#1308=IFCFACE((#1307));
#1309=IFCPOLYLOOP((#671,#653,#670));
#1310=IFCFACEOUTERBOUND(#1309,.T.);
#1311=IFCFACE((#1310));
#1312=IFCPOLYLOOP((#670,#653,#654));
#1313=IFCFACEOUTERBOUND(#1312,.T.);
#1314=IFCFACE((#1313));
#1315=IFCPOLYLOOP((#670,#660,#673));
#1316=IFCFACEOUTERBOUND(#1315,.T.);
#1317=IFCFACE((#1316));
#1318=IFCPOLYLOOP((#564,#724,#585));
#1319=IFCFACEOUTERBOUND(#1318,.T.);
#1320=IFCFACE((#1319));
#1321=IFCPOLYLOOP((#564,#585,#594));
#1322=IFCFACEOUTERBOUND(#1321,.T.);
#1323=IFCFACE((#1322));
#1324=IFCPOLYLOOP((#585,#584,#594));
#1325=IFCFACEOUTERBOUND(#1324,.T.);
#1326=IFCFACE((#1325));
#1327=IFCPOLYLOOP((#689,#672,#673));
#1328=IFCFACEOUTERBOUND(#1327,.T.);
#1329=IFCFACE((#1328));
#1330=IFCPOLYLOOP((#731,#712,#711,#705,#704,#730));
#1331=IFCFACEOUTERBOUND(#1330,.T.);
#1332=IFCFACE((#1331));
#1333=IFCPOLYLOOP((#732,#730,#704,#703));
#1334=IFCFACEOUTERBOUND(#1333,.T.);
#1335=IFCFACE((#1334));
#1336=IFCPOLYLOOP((#737,#713,#712,#731));
#1337=IFCFACEOUTERBOUND(#1336,.T.);
#1338=IFCFACE((#1337));
#1339=IFCPOLYLOOP((#703,#702,#733,#732));
#1340=IFCFACEOUTERBOUND(#1339,.T.);
#1341=IFCFACE((#1340));
#1342=IFCPOLYLOOP((#737,#734,#714,#713));
#1343=IFCFACEOUTERBOUND(#1342,.T.);
#1344=IFCFACE((#1343));
#1345=IFCPOLYLOOP((#714,#734,#735,#736,#733,#702,#701,#715));
#1346=IFCFACEOUTERBOUND(#1345,.T.);
#1347=IFCFACE((#1346));
#1348=IFCPOLYLOOP((#716,#715,#701,#700));
#1349=IFCFACEOUTERBOUND(#1348,.T.);
#1350=IFCFACE((#1349));
#1351=IFCPOLYLOOP((#720,#719,#697,#696));
#1352=IFCFACEOUTERBOUND(#1351,.T.);
#1353=IFCFACE((#1352));
#1354=IFCPOLYLOOP((#717,#716,#700,#699));
#1355=IFCFACEOUTERBOUND(#1354,.T.);
#1356=IFCFACE((#1355));
#1357=IFCPOLYLOOP((#718,#717,#699,#698));
#1358=IFCFACEOUTERBOUND(#1357,.T.);
#1359=IFCFACE((#1358));
#1360=IFCPOLYLOOP((#698,#697,#719,#718));
#1361=IFCFACEOUTERBOUND(#1360,.T.);
#1362=IFCFACE((#1361));
#1363=IFCPOLYLOOP((#720,#696,#695,#721));
#1364=IFCFACEOUTERBOUND(#1363,.T.);
#1365=IFCFACE((#1364));
#1366=IFCPOLYLOOP((#695,#694,#722,#721));
#1367=IFCFACEOUTERBOUND(#1366,.T.);
#1368=IFCFACE((#1367));
#1369=IFCPOLYLOOP((#708,#722,#694,#693));
#1370=IFCFACEOUTERBOUND(#1369,.T.);
#1371=IFCFACE((#1370));
#1372=IFCPOLYLOOP((#738,#735,#734,#737,#731));
#1373=IFCFACEOUTERBOUND(#1372,.T.);
#1374=IFCFACE((#1373));
#1375=IFCPOLYLOOP((#730,#739,#738,#731));
#1376=IFCFACEOUTERBOUND(#1375,.T.);
#1377=IFCFACE((#1376));
#1378=IFCPOLYLOOP((#732,#733,#736,#739,#730));
#1379=IFCFACEOUTERBOUND(#1378,.T.);
#1380=IFCFACE((#1379));
#1381=IFCPOLYLOOP((#564,#740,#723));
#1382=IFCFACEOUTERBOUND(#1381,.T.);
#1383=IFCFACE((#1382));
#1384=IFCPOLYLOOP((#567,#741,#561,#560));
#1385=IFCFACEOUTERBOUND(#1384,.T.);
#1386=IFCFACE((#1385));
#1387=IFCPOLYLOOP((#741,#568,#562));
#1388=IFCFACEOUTERBOUND(#1387,.T.);
#1389=IFCFACE((#1388));
#1390=IFCPOLYLOOP((#741,#567,#740));
#1391=IFCFACEOUTERBOUND(#1390,.T.);
#1392=IFCFACE((#1391));
#1393=IFCPOLYLOOP((#740,#568,#741));
#1394=IFCFACEOUTERBOUND(#1393,.T.);
#1395=IFCFACE((#1394));
#1396=IFCPOLYLOOP((#723,#740,#566));
#1397=IFCFACEOUTERBOUND(#1396,.T.);
#1398=IFCFACE((#1397));
#1399=IFCPOLYLOOP((#568,#740,#564));
#1400=IFCFACEOUTERBOUND(#1399,.T.);
#1401=IFCFACE((#1400));
#1402=IFCPOLYLOOP((#567,#566,#740));
#1403=IFCFACEOUTERBOUND(#1402,.T.);
#1404=IFCFACE((#1403));
#1405=IFCPOLYLOOP((#561,#741,#562));
#1406=IFCFACEOUTERBOUND(#1405,.T.);
#1407=IFCFACE((#1406));
#1408=IFCPOLYLOOP((#583,#742,#724));
#1409=IFCFACEOUTERBOUND(#1408,.T.);
#1410=IFCFACE((#1409));
#1411=IFCPOLYLOOP((#586,#743,#580,#579));
#1412=IFCFACEOUTERBOUND(#1411,.T.);
#1413=IFCFACE((#1412));
#1414=IFCPOLYLOOP((#743,#587,#581,#580));
#1415=IFCFACEOUTERBOUND(#1414,.T.);
#1416=IFCFACE((#1415));
#1417=IFCPOLYLOOP((#743,#586,#742));
#1418=IFCFACEOUTERBOUND(#1417,.T.);
#1419=IFCFACE((#1418));
#1420=IFCPOLYLOOP((#742,#587,#743));
#1421=IFCFACEOUTERBOUND(#1420,.T.);
#1422=IFCFACE((#1421));
#1423=IFCPOLYLOOP((#724,#742,#585));
#1424=IFCFACEOUTERBOUND(#1423,.T.);
#1425=IFCFACE((#1424));
#1426=IFCPOLYLOOP((#587,#742,#583));
#1427=IFCFACEOUTERBOUND(#1426,.T.);
#1428=IFCFACE((#1427));
#1429=IFCPOLYLOOP((#586,#585,#742));
#1430=IFCFACEOUTERBOUND(#1429,.T.);
#1431=IFCFACE((#1430));
#1432=IFCPOLYLOOP((#602,#744,#725));
#1433=IFCFACEOUTERBOUND(#1432,.T.);
#1434=IFCFACE((#1433));
#1435=IFCPOLYLOOP((#605,#745,#599,#598));
#1436=IFCFACEOUTERBOUND(#1435,.T.);
#1437=IFCFACE((#1436));
#1438=IFCPOLYLOOP((#745,#606,#600,#599));
#1439=IFCFACEOUTERBOUND(#1438,.T.);
#1440=IFCFACE((#1439));
#1441=IFCPOLYLOOP((#745,#605,#744));
#1442=IFCFACEOUTERBOUND(#1441,.T.);
#1443=IFCFACE((#1442));
#1444=IFCPOLYLOOP((#744,#606,#745));
#1445=IFCFACEOUTERBOUND(#1444,.T.);
#1446=IFCFACE((#1445));
#1447=IFCPOLYLOOP((#725,#744,#604));
#1448=IFCFACEOUTERBOUND(#1447,.T.);
#1449=IFCFACE((#1448));
#1450=IFCPOLYLOOP((#606,#744,#602));
#1451=IFCFACEOUTERBOUND(#1450,.T.);
#1452=IFCFACE((#1451));
#1453=IFCPOLYLOOP((#605,#604,#744));
#1454=IFCFACEOUTERBOUND(#1453,.T.);
#1455=IFCFACE((#1454));
#1456=IFCPOLYLOOP((#621,#746,#726));
#1457=IFCFACEOUTERBOUND(#1456,.T.);
#1458=IFCFACE((#1457));
#1459=IFCPOLYLOOP((#624,#747,#618,#617));
#1460=IFCFACEOUTERBOUND(#1459,.T.);
#1461=IFCFACE((#1460));
#1462=IFCPOLYLOOP((#747,#625,#619,#618));
#1463=IFCFACEOUTERBOUND(#1462,.T.);
#1464=IFCFACE((#1463));
#1465=IFCPOLYLOOP((#747,#624,#746));
#1466=IFCFACEOUTERBOUND(#1465,.T.);
#1467=IFCFACE((#1466));
#1468=IFCPOLYLOOP((#746,#625,#747));
#1469=IFCFACEOUTERBOUND(#1468,.T.);
#1470=IFCFACE((#1469));
#1471=IFCPOLYLOOP((#726,#746,#623));
#1472=IFCFACEOUTERBOUND(#1471,.T.);
#1473=IFCFACE((#1472));
#1474=IFCPOLYLOOP((#625,#746,#621));
#1475=IFCFACEOUTERBOUND(#1474,.T.);
#1476=IFCFACE((#1475));
#1477=IFCPOLYLOOP((#624,#623,#746));
#1478=IFCFACEOUTERBOUND(#1477,.T.);
#1479=IFCFACE((#1478));
#1480=IFCPOLYLOOP((#640,#748,#727));
#1481=IFCFACEOUTERBOUND(#1480,.T.);
#1482=IFCFACE((#1481));
#1483=IFCPOLYLOOP((#643,#749,#636));
#1484=IFCFACEOUTERBOUND(#1483,.T.);
#1485=IFCFACE((#1484));
#1486=IFCPOLYLOOP((#749,#644,#638,#637));
#1487=IFCFACEOUTERBOUND(#1486,.T.);
#1488=IFCFACE((#1487));
#1489=IFCPOLYLOOP((#749,#643,#748));
#1490=IFCFACEOUTERBOUND(#1489,.T.);
#1491=IFCFACE((#1490));
#1492=IFCPOLYLOOP((#748,#644,#749));
#1493=IFCFACEOUTERBOUND(#1492,.T.);
#1494=IFCFACE((#1493));
#1495=IFCPOLYLOOP((#727,#748,#642));
#1496=IFCFACEOUTERBOUND(#1495,.T.);
#1497=IFCFACE((#1496));
#1498=IFCPOLYLOOP((#644,#748,#640));
#1499=IFCFACEOUTERBOUND(#1498,.T.);
#1500=IFCFACE((#1499));
#1501=IFCPOLYLOOP((#636,#749,#637));
#1502=IFCFACEOUTERBOUND(#1501,.T.);
#1503=IFCFACE((#1502));
#1504=IFCPOLYLOOP((#643,#642,#748));
#1505=IFCFACEOUTERBOUND(#1504,.T.);
#1506=IFCFACE((#1505));
#1507=IFCPOLYLOOP((#659,#750,#728));
#1508=IFCFACEOUTERBOUND(#1507,.T.);
#1509=IFCFACE((#1508));
#1510=IFCPOLYLOOP((#662,#751,#656,#655));
#1511=IFCFACEOUTERBOUND(#1510,.T.);
#1512=IFCFACE((#1511));
#1513=IFCPOLYLOOP((#751,#663,#657,#656));
#1514=IFCFACEOUTERBOUND(#1513,.T.);
#1515=IFCFACE((#1514));
#1516=IFCPOLYLOOP((#751,#662,#750));
#1517=IFCFACEOUTERBOUND(#1516,.T.);
#1518=IFCFACE((#1517));
#1519=IFCPOLYLOOP((#750,#663,#751));
#1520=IFCFACEOUTERBOUND(#1519,.T.);
#1521=IFCFACE((#1520));
#1522=IFCPOLYLOOP((#728,#750,#661));
#1523=IFCFACEOUTERBOUND(#1522,.T.);
#1524=IFCFACE((#1523));
#1525=IFCPOLYLOOP((#663,#750,#659));
#1526=IFCFACEOUTERBOUND(#1525,.T.);
#1527=IFCFACE((#1526));
#1528=IFCPOLYLOOP((#662,#661,#750));
#1529=IFCFACEOUTERBOUND(#1528,.T.);
#1530=IFCFACE((#1529));
#1531=IFCPOLYLOOP((#678,#752,#729));
#1532=IFCFACEOUTERBOUND(#1531,.T.);
#1533=IFCFACE((#1532));
#1534=IFCPOLYLOOP((#681,#753,#675,#674));
#1535=IFCFACEOUTERBOUND(#1534,.T.);
#1536=IFCFACE((#1535));
#1537=IFCPOLYLOOP((#753,#682,#676,#675));
#1538=IFCFACEOUTERBOUND(#1537,.T.);
#1539=IFCFACE((#1538));
#1540=IFCPOLYLOOP((#753,#681,#752));
#1541=IFCFACEOUTERBOUND(#1540,.T.);
#1542=IFCFACE((#1541));
#1543=IFCPOLYLOOP((#752,#682,#753));
#1544=IFCFACEOUTERBOUND(#1543,.T.);
#1545=IFCFACE((#1544));
#1546=IFCPOLYLOOP((#729,#752,#680));
#1547=IFCFACEOUTERBOUND(#1546,.T.);
#1548=IFCFACE((#1547));
#1549=IFCPOLYLOOP((#682,#752,#678));
#1550=IFCFACEOUTERBOUND(#1549,.T.);
#1551=IFCFACE((#1550));
#1552=IFCPOLYLOOP((#681,#680,#752));
#1553=IFCFACEOUTERBOUND(#1552,.T.);
#1554=IFCFACE((#1553));
#1555=IFCCARTESIANPOINT((-13.971514397964057,16.931156862761856,3.0168134359407892));
#1556=IFCCARTESIANPOINT((-13.971514397964061,18.027156862761849,3.0168134359407812));
#1557=IFCCARTESIANPOINT((-15.06751439796396,18.027156862761849,3.0168134359407812));
#1558=IFCCARTESIANPOINT((-15.067514397964009,16.931156862761842,3.0168134359407892));
#1559=IFCPOLYLOOP((#1555,#1556,#1557,#1558));
#1560=IFCFACEOUTERBOUND(#1559,.T.);
#1561=IFCFACE((#1560));
#1562=IFCCARTESIANPOINT((-15.067514397963956,16.931156862761824,2.4668137187197861));
#1563=IFCCARTESIANPOINT((-13.971514397964057,16.931156862761824,2.4668137187197861));
#1564=IFCPOLYLOOP((#1555,#1558,#1562,#1563));
#1565=IFCFACEOUTERBOUND(#1564,.T.);
#1566=IFCFACE((#1565));
#1567=IFCCARTESIANPOINT((-15.067514397963956,18.027156862761814,2.4668137187197754));
#1568=IFCCARTESIANPOINT((-13.971514397964057,18.027156862761814,2.4668137187197754));
#1569=IFCPOLYLOOP((#1567,#1568,#1563,#1562));
#1570=IFCFACEOUTERBOUND(#1569,.T.);
#1571=IFCFACE((#1570));
#1572=IFCPOLYLOOP((#1556,#1555,#1563,#1568));
#1573=IFCFACEOUTERBOUND(#1572,.T.);
#1574=IFCFACE((#1573));
#1575=IFCPOLYLOOP((#1558,#1557,#1567,#1562));
#1576=IFCFACEOUTERBOUND(#1575,.T.);
#1577=IFCFACE((#1576));
#1578=IFCPOLYLOOP((#1557,#1556,#1568,#1567));
#1579=IFCFACEOUTERBOUND(#1578,.T.);
#1580=IFCFACE((#1579));
#1581=IFCCARTESIANPOINT((43.182965720740825,22.499999983152385,5.1380537199123566));
#1582=IFCCARTESIANPOINT((43.297041730501149,23.685920168943152,6.5066874605697755));
#1583=IFCCARTESIANPOINT((43.382681673907157,22.499999995587203,7.5343534578741922));
#1584=IFCCARTESIANPOINT((43.382650482635242,18.501128203789996,7.534356057916769));
#1585=IFCCARTESIANPOINT((43.382619273812708,14.500000017856831,7.5343586600178751));
#1586=IFCCARTESIANPOINT((43.268543265196321,13.3140800417231,6.165724933066298));
#1587=IFCCARTESIANPOINT((43.182903320646346,14.500000001627024,5.1380589220559392));
#1588=IFCCARTESIANPOINT((43.182934511887858,18.498871795802959,5.1380563216483877));
#1589=IFCCARTESIANPOINT((41.701761093833689,22.500024445548515,5.2615348194796807));
#1590=IFCCARTESIANPOINT((41.701730165096244,18.534808444588926,5.2615373978637958));
#1591=IFCCARTESIANPOINT((41.701698693727636,14.500024463967769,5.2615400214845245));
#1592=IFCCARTESIANPOINT((41.782639508250583,13.323620841148678,6.2328224387899374));
#1593=IFCCARTESIANPOINT((41.901414646905565,14.500024480252977,7.6578397595851975));
#1594=IFCCARTESIANPOINT((41.901445575612527,18.46524047469417,7.6578371808360197));
#1595=IFCCARTESIANPOINT((41.901477046981157,22.500024457893012,7.6578345572152324));
#1596=IFCCARTESIANPOINT((41.820536233247097,23.676428294642687,6.6865521493552222));
#1597=IFCCARTESIANPOINT((42.783568621999457,22.500009889970954,7.5842987096870162));
#1598=IFCCARTESIANPOINT((41.761148663540389,23.08822637009559,5.974043484417451));
#1599=IFCCARTESIANPOINT((42.583852688544226,22.500009877626159,5.1879989703098115));
#1600=IFCCARTESIANPOINT((43.251686819266872,23.214416082584538,5.9625392040680447));
#1601=IFCCARTESIANPOINT((42.515901452661403,23.679792958821604,6.1900262439102542));
#1602=IFCCARTESIANPOINT((42.504232889991719,23.411010167315286,7.1835886855848798));
#1603=IFCCARTESIANPOINT((42.583791075265161,14.500009896032413,5.1880041067205722));
#1604=IFCCARTESIANPOINT((41.842018664262888,13.911822660766907,6.94533180038251));
#1605=IFCCARTESIANPOINT((42.78349029019158,14.500009912448323,7.5843052398434025));
#1606=IFCCARTESIANPOINT((43.313891483174167,13.78558401581426,6.709873708262041));
#1607=IFCCARTESIANPOINT((42.550598416256022,13.320232174377328,6.607358778183869));
#1608=IFCCARTESIANPOINT((42.374631830164411,13.589017150143254,5.6294385581040034));
#1609=IFCCARTESIANPOINT((41.901461311296849,20.482632466293602,7.6578358690256279));
#1610=IFCCARTESIANPOINT((43.382626464908789,16.500564110889499,7.5343580601622664));
#1611=IFCCARTESIANPOINT((41.701714429411936,16.517416454278347,5.2615387096741584));
#1612=IFCCARTESIANPOINT((43.182950116314345,20.499435889477681,5.1380550207803708));
#1613=IFCPOLYLOOP((#1585,#1587,#1588));
#1614=IFCFACEOUTERBOUND(#1613,.T.);
#1615=IFCFACE((#1614));
#1616=IFCPOLYLOOP((#1584,#1588,#1612,#1581,#1600,#1582,#1583));
#1617=IFCFACEOUTERBOUND(#1616,.T.);
#1618=IFCFACE((#1617));
#1619=IFCPOLYLOOP((#1587,#1585,#1606));
#1620=IFCFACEOUTERBOUND(#1619,.T.);
#1621=IFCFACE((#1620));
#1622=IFCPOLYLOOP((#1588,#1584,#1610));
#1623=IFCFACEOUTERBOUND(#1622,.T.);
#1624=IFCFACE((#1623));
#1625=IFCPOLYLOOP((#1594,#1609,#1595,#1596,#1598,#1589,#1590,#1611,#1591,#1593));
#1626=IFCFACEOUTERBOUND(#1625,.T.);
#1627=IFCFACE((#1626));
#1628=IFCPOLYLOOP((#1591,#1592,#1604));
#1629=IFCFACEOUTERBOUND(#1628,.T.);
#1630=IFCFACE((#1629));
#1631=IFCPOLYLOOP((#1601,#1598,#1596));
#1632=IFCFACEOUTERBOUND(#1631,.T.);
#1633=IFCFACE((#1632));
#1634=IFCPOLYLOOP((#1582,#1602,#1583));
#1635=IFCFACEOUTERBOUND(#1634,.T.);
#1636=IFCFACE((#1635));
#1637=IFCPOLYLOOP((#1599,#1589,#1598));
#1638=IFCFACEOUTERBOUND(#1637,.T.);
#1639=IFCFACE((#1638));
#1640=IFCPOLYLOOP((#1583,#1602,#1595,#1597));
#1641=IFCFACEOUTERBOUND(#1640,.T.);
#1642=IFCFACE((#1641));
#1643=IFCPOLYLOOP((#1601,#1596,#1602));
#1644=IFCFACEOUTERBOUND(#1643,.T.);
#1645=IFCFACE((#1644));
#1646=IFCPOLYLOOP((#1596,#1595,#1602));
#1647=IFCFACEOUTERBOUND(#1646,.T.);
#1648=IFCFACE((#1647));
#1649=IFCPOLYLOOP((#1582,#1600,#1601));
#1650=IFCFACEOUTERBOUND(#1649,.T.);
#1651=IFCFACE((#1650));
#1652=IFCPOLYLOOP((#1600,#1581,#1599));
#1653=IFCFACEOUTERBOUND(#1652,.T.);
#1654=IFCFACE((#1653));
#1655=IFCPOLYLOOP((#1598,#1601,#1599));
#1656=IFCFACEOUTERBOUND(#1655,.T.);
#1657=IFCFACE((#1656));
#1658=IFCPOLYLOOP((#1599,#1601,#1600));
#1659=IFCFACEOUTERBOUND(#1658,.T.);
#1660=IFCFACE((#1659));
#1661=IFCPOLYLOOP((#1601,#1602,#1582));
#1662=IFCFACEOUTERBOUND(#1661,.T.);
#1663=IFCFACE((#1662));
#1664=IFCPOLYLOOP((#1607,#1604,#1592));
#1665=IFCFACEOUTERBOUND(#1664,.T.);
#1666=IFCFACE((#1665));
#1667=IFCPOLYLOOP((#1586,#1608,#1587));
#1668=IFCFACEOUTERBOUND(#1667,.T.);
#1669=IFCFACE((#1668));
#1670=IFCPOLYLOOP((#1605,#1593,#1604));
#1671=IFCFACEOUTERBOUND(#1670,.T.);
#1672=IFCFACE((#1671));
#1673=IFCPOLYLOOP((#1587,#1608,#1591,#1603));
#1674=IFCFACEOUTERBOUND(#1673,.T.);
#1675=IFCFACE((#1674));
#1676=IFCPOLYLOOP((#1607,#1592,#1608));
#1677=IFCFACEOUTERBOUND(#1676,.T.);
#1678=IFCFACE((#1677));
#1679=IFCPOLYLOOP((#1592,#1591,#1608));
#1680=IFCFACEOUTERBOUND(#1679,.T.);
#1681=IFCFACE((#1680));
#1682=IFCPOLYLOOP((#1586,#1606,#1607));
#1683=IFCFACEOUTERBOUND(#1682,.T.);
#1684=IFCFACE((#1683));
#1685=IFCPOLYLOOP((#1606,#1585,#1605));
#1686=IFCFACEOUTERBOUND(#1685,.T.);
#1687=IFCFACE((#1686));
#1688=IFCPOLYLOOP((#1604,#1607,#1605));
#1689=IFCFACEOUTERBOUND(#1688,.T.);
#1690=IFCFACE((#1689));
#1691=IFCPOLYLOOP((#1605,#1607,#1606));
#1692=IFCFACEOUTERBOUND(#1691,.T.);
#1693=IFCFACE((#1692));
#1694=IFCPOLYLOOP((#1607,#1608,#1586));
#1695=IFCFACEOUTERBOUND(#1694,.T.);
#1696=IFCFACE((#1695));
#1697=IFCPOLYLOOP((#1583,#1597,#1595,#1609,#1594,#1593,#1610,#1584));
#1698=IFCFACEOUTERBOUND(#1697,.T.);
#1699=IFCFACE((#1698));
#1700=IFCPOLYLOOP((#1610,#1593,#1605));
#1701=IFCFACEOUTERBOUND(#1700,.T.);
#1702=IFCFACE((#1701));
#1703=IFCPOLYLOOP((#1587,#1603,#1591,#1611,#1590,#1589,#1599,#1581,#1612,#1588));
#1704=IFCFACEOUTERBOUND(#1703,.T.);
#1705=IFCFACE((#1704));
#1706=IFCPOLYLOOP((#1587,#1606,#1586));
#1707=IFCFACEOUTERBOUND(#1706,.T.);
#1708=IFCFACE((#1707));
#1709=IFCPOLYLOOP((#1588,#1610,#1585));
#1710=IFCFACEOUTERBOUND(#1709,.T.);
#1711=IFCFACE((#1710));
#1712=IFCPOLYLOOP((#1591,#1604,#1593));
#1713=IFCFACEOUTERBOUND(#1712,.T.);
#1714=IFCFACE((#1713));
#1715=IFCPOLYLOOP((#1610,#1605,#1585));
#1716=IFCFACEOUTERBOUND(#1715,.T.);
#1717=IFCFACE((#1716));
#1718=IFCCARTESIANPOINT((-16.289526745723499,13.927144515085951,6.2168141988802628));
#1719=IFCCARTESIANPOINT((-2.5895130327414879,13.927144515085951,6.2168141988802628));
#1720=IFCCARTESIANPOINT((-2.5895130327414879,20.127169210548942,6.2168141988802184));
#1721=IFCCARTESIANPOINT((-16.289526745723499,20.127169210548942,6.2168141988802184));
#1722=IFCPOLYLOOP((#1718,#1719,#1720,#1721));
#1723=IFCFACEOUTERBOUND(#1722,.T.);
#1724=IFCFACE((#1723));
#1725=IFCCARTESIANPOINT((-2.5895130327414879,13.927144515085928,3.0168134359408088));
#1726=IFCCARTESIANPOINT((-2.5895130327414879,20.127169210548917,3.0168134359407639));
#1727=IFCPOLYLOOP((#1719,#1725,#1726,#1720));
#1728=IFCFACEOUTERBOUND(#1727,.T.);
#1729=IFCFACE((#1728));
#1730=IFCCARTESIANPOINT((-16.289526745723499,13.927144515085917,3.0168134359408101));
#1731=IFCCARTESIANPOINT((-16.289526745723499,20.127169210548907,3.0168134359407652));
#1732=IFCPOLYLOOP((#1725,#1730,#1731,#1726));
#1733=IFCFACEOUTERBOUND(#1732,.T.);
#1734=IFCFACE((#1733));
#1735=IFCPOLYLOOP((#1730,#1718,#1721,#1731));
#1736=IFCFACEOUTERBOUND(#1735,.T.);
#1737=IFCFACE((#1736));
#1738=IFCPOLYLOOP((#1718,#1730,#1725,#1719));
#1739=IFCFACEOUTERBOUND(#1738,.T.);
#1740=IFCFACE((#1739));
#1741=IFCPOLYLOOP((#1721,#1720,#1726,#1731));
#1742=IFCFACEOUTERBOUND(#1741,.T.);
#1743=IFCFACE((#1742));
#1744=IFCCARTESIANPOINT((-6.3515143979640554,16.931156862761856,3.0168134359407892));
#1745=IFCCARTESIANPOINT((-6.3515143979640554,18.027156862761849,3.0168134359407812));
#1746=IFCCARTESIANPOINT((-7.4475143979639835,18.027156862761849,3.0168134359407812));
#1747=IFCCARTESIANPOINT((-7.4475143979640102,16.931156862761874,3.0168134359407892));
#1748=IFCPOLYLOOP((#1744,#1745,#1746,#1747));
#1749=IFCFACEOUTERBOUND(#1748,.T.);
#1750=IFCFACE((#1749));
#1751=IFCCARTESIANPOINT((-7.4475143979639773,16.931156862761824,2.4668137187197861));
#1752=IFCCARTESIANPOINT((-6.3515143979640563,16.931156862761824,2.4668137187197861));
#1753=IFCPOLYLOOP((#1744,#1747,#1751,#1752));
#1754=IFCFACEOUTERBOUND(#1753,.T.);
#1755=IFCFACE((#1754));
#1756=IFCCARTESIANPOINT((-7.4475143979639666,18.027156862761814,2.4668137187197754));
#1757=IFCCARTESIANPOINT((-6.3515143979640563,18.027156862761814,2.4668137187197754));
#1758=IFCPOLYLOOP((#1756,#1757,#1752,#1751));
#1759=IFCFACEOUTERBOUND(#1758,.T.);
#1760=IFCFACE((#1759));
#1761=IFCPOLYLOOP((#1745,#1744,#1752,#1757));
#1762=IFCFACEOUTERBOUND(#1761,.T.);
#1763=IFCFACE((#1762));
#1764=IFCPOLYLOOP((#1747,#1746,#1756,#1751));
#1765=IFCFACEOUTERBOUND(#1764,.T.);
#1766=IFCFACE((#1765));
#1767=IFCPOLYLOOP((#1746,#1745,#1757,#1756));
#1768=IFCFACEOUTERBOUND(#1767,.T.);
#1769=IFCFACE((#1768));
#1770=IFCCARTESIANPOINT((-40.800822310523571,-48.506928139839552,7.499999999998459));
#1771=IFCCARTESIANPOINT((0.,-48.506928139839552,7.499999999998459));
#1772=IFCCARTESIANPOINT((40.800822310548206,-48.506928139839552,7.499999999998459));
#1773=IFCCARTESIANPOINT((40.669960228136723,-51.080594316814405,7.4999999999984768));
#1774=IFCCARTESIANPOINT((39.457594777082136,-53.357259365254826,7.4999999999984936));
#1775=IFCCARTESIANPOINT((37.435307796448548,-54.884032625246377,7.4999999999985043));
#1776=IFCCARTESIANPOINT((34.957985595715435,-55.426629109028966,7.4999999999985087));
#1777=IFCCARTESIANPOINT((0.,-55.426629109028966,7.4999999999985087));
#1778=IFCCARTESIANPOINT((-34.957985595690808,-55.426629109028966,7.4999999999985087));
#1779=IFCCARTESIANPOINT((-37.433316530684976,-54.884948408130164,7.4999999999985043));
#1780=IFCCARTESIANPOINT((-39.45759477705753,-53.357259365254841,7.4999999999984936));
#1781=IFCCARTESIANPOINT((-40.669350605780259,-51.082795728227801,7.4999999999984768));
#1782=IFCCARTESIANPOINT((-40.837727337475513,-48.50692813983953,8.1942950115908424));
#1783=IFCCARTESIANPOINT((-40.874480936222028,-48.50692813983953,8.8885980557406263));
#1784=IFCCARTESIANPOINT((-39.180208217718537,-48.506928139839516,10.631803174119522));
#1785=IFCCARTESIANPOINT((-37.132780554190127,-48.506928139839509,11.947466487550439));
#1786=IFCCARTESIANPOINT((-34.838708985504759,-48.506928139839509,12.765191283329706));
#1787=IFCCARTESIANPOINT((-32.427734366648771,-48.506928139839495,13.041238181906971));
#1788=IFCCARTESIANPOINT((0.,-48.506928139839495,13.041238181906971));
#1789=IFCCARTESIANPOINT((32.427734366673249,-48.506928139839495,13.04123818190698));
#1790=IFCCARTESIANPOINT((34.838708985529045,-48.506928139839509,12.765191283329777));
#1791=IFCCARTESIANPOINT((37.132780554214563,-48.506928139839509,11.947466487550534));
#1792=IFCCARTESIANPOINT((39.180208217743072,-48.506928139839516,10.631803174119581));
#1793=IFCCARTESIANPOINT((40.874480936246663,-48.50692813983953,8.8885980557406121));
#1794=IFCCARTESIANPOINT((40.837727337500112,-48.50692813983953,8.1942950115908459));
#1795=IFCCARTESIANPOINT((32.427734366673391,-55.717033096621151,13.041238181907024));
#1796=IFCCARTESIANPOINT((0.,-52.111980618230319,13.041238181906996));
#1797=IFCCARTESIANPOINT((0.,-55.717033096621101,13.041238181907024));
#1798=IFCCARTESIANPOINT((33.701978436626021,-55.713029963161624,12.964853845186447));
#1799=IFCCARTESIANPOINT((34.957985595715442,-55.70107773092051,12.736791668070008));
#1800=IFCCARTESIANPOINT((36.492579736649333,-55.481120827369487,12.236356845289027));
#1801=IFCCARTESIANPOINT((37.858969490375578,-54.9104839690822,11.554956191758095));
#1802=IFCCARTESIANPOINT((39.007791645026387,-54.059013843973553,10.769845423301476));
#1803=IFCCARTESIANPOINT((39.918282006221702,-52.974282639998314,9.968613511268245));
#1804=IFCCARTESIANPOINT((40.574893922233926,-51.662579992583126,9.2594512494126846));
#1805=IFCCARTESIANPOINT((40.920853933959521,-50.131534393497162,8.827841832959864));
#1806=IFCCARTESIANPOINT((32.427734366673405,-51.453772640273968,13.041238181906992));
#1807=IFCCARTESIANPOINT((35.459145172670048,-52.087473516363652,12.601414933571553));
#1808=IFCCARTESIANPOINT((34.957985595715449,-55.563853419974791,10.118395834034263));
#1809=IFCCARTESIANPOINT((0.,-55.571831102825065,10.270619090952751));
#1810=IFCCARTESIANPOINT((-32.427734366648771,-55.717033096621144,13.041238181907024));
#1811=IFCCARTESIANPOINT((-40.920853933934893,-50.131534393497162,8.8278418329598765));
#1812=IFCCARTESIANPOINT((-40.574893922209299,-51.662579992583119,9.2594512494126953));
#1813=IFCCARTESIANPOINT((-39.918282006197067,-52.974282639998314,9.9686135112682557));
#1814=IFCCARTESIANPOINT((-39.00779164500176,-54.059013843973538,10.769845423301476));
#1815=IFCCARTESIANPOINT((-37.858969490350944,-54.910483969082193,11.554956191758098));
#1816=IFCCARTESIANPOINT((-36.492579736624727,-55.481120827369487,12.236356845289018));
#1817=IFCCARTESIANPOINT((-34.957985595690822,-55.70107773092051,12.736791668070008));
#1818=IFCCARTESIANPOINT((-33.701978436601401,-55.71302996316161,12.964853845186447));
#1819=IFCCARTESIANPOINT((-32.427734366648963,-51.453772640273975,13.041238181906991));
#1820=IFCCARTESIANPOINT((-35.459145172645449,-52.087473516363701,12.601414933571547));
#1821=IFCCARTESIANPOINT((-34.957985595690836,-55.563853419974791,10.118395834034263));
#1822=IFCPOLYLOOP((#1780,#1781,#1770,#1771,#1772,#1773,#1774,#1775,#1776,#1777,#1778,#1779));
#1823=IFCFACEOUTERBOUND(#1822,.T.);
#1824=IFCFACE((#1823));
#1825=IFCPOLYLOOP((#1790,#1791,#1792,#1793,#1794,#1772,#1771,#1770,#1782,#1783,#1784,#1785,#1786,#1787,#1788,#1789));
#1826=IFCFACEOUTERBOUND(#1825,.T.);
#1827=IFCFACE((#1826));
#1828=IFCPOLYLOOP((#1796,#1797,#1795));
#1829=IFCFACEOUTERBOUND(#1828,.T.);
#1830=IFCFACE((#1829));
#1831=IFCPOLYLOOP((#1796,#1795,#1806));
#1832=IFCFACEOUTERBOUND(#1831,.T.);
#1833=IFCFACE((#1832));
#1834=IFCPOLYLOOP((#1796,#1810,#1797));
#1835=IFCFACEOUTERBOUND(#1834,.T.);
#1836=IFCFACE((#1835));
#1837=IFCPOLYLOOP((#1796,#1806,#1789));
#1838=IFCFACEOUTERBOUND(#1837,.T.);
#1839=IFCFACE((#1838));
#1840=IFCPOLYLOOP((#1789,#1788,#1796));
#1841=IFCFACEOUTERBOUND(#1840,.T.);
#1842=IFCFACE((#1841));
#1843=IFCPOLYLOOP((#1788,#1787,#1796));
#1844=IFCFACEOUTERBOUND(#1843,.T.);
#1845=IFCFACE((#1844));
#1846=IFCPOLYLOOP((#1796,#1787,#1819));
#1847=IFCFACEOUTERBOUND(#1846,.T.);
#1848=IFCFACE((#1847));
#1849=IFCPOLYLOOP((#1796,#1819,#1810));
#1850=IFCFACEOUTERBOUND(#1849,.T.);
#1851=IFCFACE((#1850));
#1852=IFCPOLYLOOP((#1806,#1807,#1790));
#1853=IFCFACEOUTERBOUND(#1852,.T.);
#1854=IFCFACE((#1853));
#1855=IFCPOLYLOOP((#1806,#1795,#1798));
#1856=IFCFACEOUTERBOUND(#1855,.T.);
#1857=IFCFACE((#1856));
#1858=IFCPOLYLOOP((#1802,#1791,#1807));
#1859=IFCFACEOUTERBOUND(#1858,.T.);
#1860=IFCFACE((#1859));
#1861=IFCPOLYLOOP((#1799,#1800,#1807));
#1862=IFCFACEOUTERBOUND(#1861,.T.);
#1863=IFCFACE((#1862));
#1864=IFCPOLYLOOP((#1789,#1806,#1790));
#1865=IFCFACEOUTERBOUND(#1864,.T.);
#1866=IFCFACE((#1865));
#1867=IFCPOLYLOOP((#1806,#1798,#1807));
#1868=IFCFACEOUTERBOUND(#1867,.T.);
#1869=IFCFACE((#1868));
#1870=IFCPOLYLOOP((#1798,#1799,#1807));
#1871=IFCFACEOUTERBOUND(#1870,.T.);
#1872=IFCFACE((#1871));
#1873=IFCPOLYLOOP((#1807,#1800,#1801));
#1874=IFCFACEOUTERBOUND(#1873,.T.);
#1875=IFCFACE((#1874));
#1876=IFCPOLYLOOP((#1805,#1793,#1792));
#1877=IFCFACEOUTERBOUND(#1876,.T.);
#1878=IFCFACE((#1877));
#1879=IFCPOLYLOOP((#1790,#1807,#1791));
#1880=IFCFACEOUTERBOUND(#1879,.T.);
#1881=IFCFACE((#1880));
#1882=IFCPOLYLOOP((#1804,#1805,#1792));
#1883=IFCFACEOUTERBOUND(#1882,.T.);
#1884=IFCFACE((#1883));
#1885=IFCPOLYLOOP((#1807,#1801,#1802));
#1886=IFCFACEOUTERBOUND(#1885,.T.);
#1887=IFCFACE((#1886));
#1888=IFCPOLYLOOP((#1792,#1802,#1803));
#1889=IFCFACEOUTERBOUND(#1888,.T.);
#1890=IFCFACE((#1889));
#1891=IFCPOLYLOOP((#1792,#1803,#1804));
#1892=IFCFACEOUTERBOUND(#1891,.T.);
#1893=IFCFACE((#1892));
#1894=IFCPOLYLOOP((#1792,#1791,#1802));
#1895=IFCFACEOUTERBOUND(#1894,.T.);
#1896=IFCFACE((#1895));
#1897=IFCPOLYLOOP((#1805,#1772,#1794));
#1898=IFCFACEOUTERBOUND(#1897,.T.);
#1899=IFCFACE((#1898));
#1900=IFCPOLYLOOP((#1773,#1772,#1805));
#1901=IFCFACEOUTERBOUND(#1900,.T.);
#1902=IFCFACE((#1901));
#1903=IFCPOLYLOOP((#1794,#1793,#1805));
#1904=IFCFACEOUTERBOUND(#1903,.T.);
#1905=IFCFACE((#1904));
#1906=IFCPOLYLOOP((#1804,#1803,#1774));
#1907=IFCFACEOUTERBOUND(#1906,.T.);
#1908=IFCFACE((#1907));
#1909=IFCPOLYLOOP((#1804,#1773,#1805));
#1910=IFCFACEOUTERBOUND(#1909,.T.);
#1911=IFCFACE((#1910));
#1912=IFCPOLYLOOP((#1774,#1773,#1804));
#1913=IFCFACEOUTERBOUND(#1912,.T.);
#1914=IFCFACE((#1913));
#1915=IFCPOLYLOOP((#1775,#1774,#1802));
#1916=IFCFACEOUTERBOUND(#1915,.T.);
#1917=IFCFACE((#1916));
#1918=IFCPOLYLOOP((#1775,#1808,#1776));
#1919=IFCFACEOUTERBOUND(#1918,.T.);
#1920=IFCFACE((#1919));
#1921=IFCPOLYLOOP((#1808,#1775,#1801));
#1922=IFCFACEOUTERBOUND(#1921,.T.);
#1923=IFCFACE((#1922));
#1924=IFCPOLYLOOP((#1801,#1775,#1802));
#1925=IFCFACEOUTERBOUND(#1924,.T.);
#1926=IFCFACE((#1925));
#1927=IFCPOLYLOOP((#1808,#1801,#1800));
#1928=IFCFACEOUTERBOUND(#1927,.T.);
#1929=IFCFACE((#1928));
#1930=IFCPOLYLOOP((#1808,#1800,#1799));
#1931=IFCFACEOUTERBOUND(#1930,.T.);
#1932=IFCFACE((#1931));
#1933=IFCPOLYLOOP((#1803,#1802,#1774));
#1934=IFCFACEOUTERBOUND(#1933,.T.);
#1935=IFCFACE((#1934));
#1936=IFCPOLYLOOP((#1809,#1795,#1797));
#1937=IFCFACEOUTERBOUND(#1936,.T.);
#1938=IFCFACE((#1937));
#1939=IFCPOLYLOOP((#1795,#1809,#1777));
#1940=IFCFACEOUTERBOUND(#1939,.T.);
#1941=IFCFACE((#1940));
#1942=IFCPOLYLOOP((#1809,#1797,#1810));
#1943=IFCFACEOUTERBOUND(#1942,.T.);
#1944=IFCFACE((#1943));
#1945=IFCPOLYLOOP((#1810,#1777,#1809));
#1946=IFCFACEOUTERBOUND(#1945,.T.);
#1947=IFCFACE((#1946));
#1948=IFCPOLYLOOP((#1777,#1776,#1795));
#1949=IFCFACEOUTERBOUND(#1948,.T.);
#1950=IFCFACE((#1949));
#1951=IFCPOLYLOOP((#1778,#1777,#1810));
#1952=IFCFACEOUTERBOUND(#1951,.T.);
#1953=IFCFACE((#1952));
#1954=IFCPOLYLOOP((#1808,#1795,#1776));
#1955=IFCFACEOUTERBOUND(#1954,.T.);
#1956=IFCFACE((#1955));
#1957=IFCPOLYLOOP((#1798,#1795,#1808));
#1958=IFCFACEOUTERBOUND(#1957,.T.);
#1959=IFCFACE((#1958));
#1960=IFCPOLYLOOP((#1808,#1799,#1798));
#1961=IFCFACEOUTERBOUND(#1960,.T.);
#1962=IFCFACE((#1961));
#1963=IFCPOLYLOOP((#1821,#1778,#1810));
#1964=IFCFACEOUTERBOUND(#1963,.T.);
#1965=IFCFACE((#1964));
#1966=IFCPOLYLOOP((#1810,#1818,#1821));
#1967=IFCFACEOUTERBOUND(#1966,.T.);
#1968=IFCFACE((#1967));
#1969=IFCPOLYLOOP((#1821,#1818,#1817));
#1970=IFCFACEOUTERBOUND(#1969,.T.);
#1971=IFCFACE((#1970));
#1972=IFCPOLYLOOP((#1786,#1820,#1819));
#1973=IFCFACEOUTERBOUND(#1972,.T.);
#1974=IFCFACE((#1973));
#1975=IFCPOLYLOOP((#1818,#1810,#1819));
#1976=IFCFACEOUTERBOUND(#1975,.T.);
#1977=IFCFACE((#1976));
#1978=IFCPOLYLOOP((#1820,#1785,#1814));
#1979=IFCFACEOUTERBOUND(#1978,.T.);
#1980=IFCFACE((#1979));
#1981=IFCPOLYLOOP((#1820,#1816,#1817));
#1982=IFCFACEOUTERBOUND(#1981,.T.);
#1983=IFCFACE((#1982));
#1984=IFCPOLYLOOP((#1786,#1819,#1787));
#1985=IFCFACEOUTERBOUND(#1984,.T.);
#1986=IFCFACE((#1985));
#1987=IFCPOLYLOOP((#1820,#1818,#1819));
#1988=IFCFACEOUTERBOUND(#1987,.T.);
#1989=IFCFACE((#1988));
#1990=IFCPOLYLOOP((#1820,#1817,#1818));
#1991=IFCFACEOUTERBOUND(#1990,.T.);
#1992=IFCFACE((#1991));
#1993=IFCPOLYLOOP((#1815,#1816,#1820));
#1994=IFCFACEOUTERBOUND(#1993,.T.);
#1995=IFCFACE((#1994));
#1996=IFCPOLYLOOP((#1784,#1783,#1811));
#1997=IFCFACEOUTERBOUND(#1996,.T.);
#1998=IFCFACE((#1997));
#1999=IFCPOLYLOOP((#1785,#1820,#1786));
#2000=IFCFACEOUTERBOUND(#1999,.T.);
#2001=IFCFACE((#2000));
#2002=IFCPOLYLOOP((#1784,#1811,#1812));
#2003=IFCFACEOUTERBOUND(#2002,.T.);
#2004=IFCFACE((#2003));
#2005=IFCPOLYLOOP((#1814,#1815,#1820));
#2006=IFCFACEOUTERBOUND(#2005,.T.);
#2007=IFCFACE((#2006));
#2008=IFCPOLYLOOP((#1813,#1814,#1784));
#2009=IFCFACEOUTERBOUND(#2008,.T.);
#2010=IFCFACE((#2009));
#2011=IFCPOLYLOOP((#1812,#1813,#1784));
#2012=IFCFACEOUTERBOUND(#2011,.T.);
#2013=IFCFACE((#2012));
#2014=IFCPOLYLOOP((#1814,#1785,#1784));
#2015=IFCFACEOUTERBOUND(#2014,.T.);
#2016=IFCFACE((#2015));
#2017=IFCPOLYLOOP((#1782,#1770,#1811));
#2018=IFCFACEOUTERBOUND(#2017,.T.);
#2019=IFCFACE((#2018));
#2020=IFCPOLYLOOP((#1811,#1770,#1781));
#2021=IFCFACEOUTERBOUND(#2020,.T.);
#2022=IFCFACE((#2021));
#2023=IFCPOLYLOOP((#1811,#1783,#1782));
#2024=IFCFACEOUTERBOUND(#2023,.T.);
#2025=IFCFACE((#2024));
#2026=IFCPOLYLOOP((#1780,#1813,#1812));
#2027=IFCFACEOUTERBOUND(#2026,.T.);
#2028=IFCFACE((#2027));
#2029=IFCPOLYLOOP((#1811,#1781,#1812));
#2030=IFCFACEOUTERBOUND(#2029,.T.);
#2031=IFCFACE((#2030));
#2032=IFCPOLYLOOP((#1812,#1781,#1780));
#2033=IFCFACEOUTERBOUND(#2032,.T.);
#2034=IFCFACE((#2033));
#2035=IFCPOLYLOOP((#1814,#1780,#1779));
#2036=IFCFACEOUTERBOUND(#2035,.T.);
#2037=IFCFACE((#2036));
#2038=IFCPOLYLOOP((#1778,#1821,#1779));
#2039=IFCFACEOUTERBOUND(#2038,.T.);
#2040=IFCFACE((#2039));
#2041=IFCPOLYLOOP((#1815,#1779,#1821));
#2042=IFCFACEOUTERBOUND(#2041,.T.);
#2043=IFCFACE((#2042));
#2044=IFCPOLYLOOP((#1814,#1779,#1815));
#2045=IFCFACEOUTERBOUND(#2044,.T.);
#2046=IFCFACE((#2045));
#2047=IFCPOLYLOOP((#1816,#1815,#1821));
#2048=IFCFACEOUTERBOUND(#2047,.T.);
#2049=IFCFACE((#2048));
#2050=IFCPOLYLOOP((#1817,#1816,#1821));
#2051=IFCFACEOUTERBOUND(#2050,.T.);
#2052=IFCFACE((#2051));
#2053=IFCPOLYLOOP((#1780,#1814,#1813));
#2054=IFCFACEOUTERBOUND(#2053,.T.);
#2055=IFCFACE((#2054));
#2056=IFCCARTESIANPOINT((-40.800822310523571,48.506928139789089,7.4999999999977591));
#2057=IFCCARTESIANPOINT((-40.669350605780259,51.082795728177381,7.4999999999977405));
#2058=IFCCARTESIANPOINT((-39.457594777057508,53.357259365204385,7.4999999999977236));
#2059=IFCCARTESIANPOINT((-37.433316530684955,54.884948408079715,7.4999999999977129));
#2060=IFCCARTESIANPOINT((-34.957985595690815,55.426629108978517,7.4999999999977094));
#2061=IFCCARTESIANPOINT((0.,55.426629108978517,7.4999999999977094));
#2062=IFCCARTESIANPOINT((34.957985595715435,55.426629108978517,7.4999999999977094));
#2063=IFCCARTESIANPOINT((37.435307796448548,54.884032625195928,7.4999999999977129));
#2064=IFCCARTESIANPOINT((39.457594777082136,53.357259365204385,7.4999999999977236));
#2065=IFCCARTESIANPOINT((40.669960228136738,51.080594316763943,7.4999999999977405));
#2066=IFCCARTESIANPOINT((40.800822310548206,48.506928139789089,7.4999999999977591));
#2067=IFCCARTESIANPOINT((0.,48.506928139789089,7.4999999999977591));
#2068=IFCCARTESIANPOINT((40.837727337500112,48.506928139789061,8.1942950115901461));
#2069=IFCCARTESIANPOINT((40.874480936246663,48.506928139789061,8.8885980557399265));
#2070=IFCCARTESIANPOINT((39.180208217743086,48.506928139789075,10.631803174118888));
#2071=IFCCARTESIANPOINT((37.132780554214563,48.506928139789089,11.947466487549834));
#2072=IFCCARTESIANPOINT((34.838708985529053,48.506928139789089,12.765191283329075));
#2073=IFCCARTESIANPOINT((32.427734366673391,48.506928139789096,13.041238181906271));
#2074=IFCCARTESIANPOINT((0.,48.506928139789096,13.041238181906271));
#2075=IFCCARTESIANPOINT((-32.427734366649062,48.506928139789096,13.041238181906269));
#2076=IFCCARTESIANPOINT((-34.838708985504745,48.506928139789089,12.765191283328999));
#2077=IFCCARTESIANPOINT((-37.132780554190127,48.506928139789089,11.947466487549741));
#2078=IFCCARTESIANPOINT((-39.180208217718544,48.506928139789075,10.631803174118815));
#2079=IFCCARTESIANPOINT((-40.874480936222028,48.506928139789061,8.8885980557399265));
#2080=IFCCARTESIANPOINT((-40.837727337475499,48.506928139789061,8.1942950115901425));
#2081=IFCCARTESIANPOINT((32.427734366673391,55.717033096570752,13.041238181906222));
#2082=IFCCARTESIANPOINT((0.,55.717033096570717,13.041238181906222));
#2083=IFCCARTESIANPOINT((0.,52.111980618179928,13.041238181906248));
#2084=IFCCARTESIANPOINT((40.920853933959542,50.131534393446678,8.8278418329591251));
#2085=IFCCARTESIANPOINT((40.574893922233919,51.66257999253267,9.2594512494119545));
#2086=IFCCARTESIANPOINT((39.918282006221709,52.974282639947887,9.9686135112674759));
#2087=IFCCARTESIANPOINT((39.007791645026387,54.059013843923125,10.769845423300705));
#2088=IFCCARTESIANPOINT((37.858969490375578,54.910483969031773,11.554956191757306));
#2089=IFCCARTESIANPOINT((36.492579736649347,55.481120827319117,12.236356845288219));
#2090=IFCCARTESIANPOINT((34.957985595715442,55.701077730870125,12.736791668069209));
#2091=IFCCARTESIANPOINT((33.701978436626014,55.713029963111232,12.964853845185644));
#2092=IFCCARTESIANPOINT((32.427734366673313,51.453772640223569,13.04123818190625));
#2093=IFCCARTESIANPOINT((35.459145172670077,52.087473516313274,12.601414933570794));
#2094=IFCCARTESIANPOINT((34.957985595715449,55.563853419924371,10.118395834033461));
#2095=IFCCARTESIANPOINT((0.,55.571831102774652,10.270619090951946));
#2096=IFCCARTESIANPOINT((-32.427734366648771,55.717033096570752,13.041238181906222));
#2097=IFCCARTESIANPOINT((-33.701978436601401,55.713029963111218,12.964853845185644));
#2098=IFCCARTESIANPOINT((-34.957985595690822,55.701077730870125,12.736791668069209));
#2099=IFCCARTESIANPOINT((-36.49257973662472,55.481120827319067,12.236356845288221));
#2100=IFCCARTESIANPOINT((-37.858969490350944,54.910483969031816,11.554956191757311));
#2101=IFCCARTESIANPOINT((-39.00779164500176,54.059013843923097,10.769845423300696));
#2102=IFCCARTESIANPOINT((-39.918282006197089,52.974282639947852,9.9686135112674847));
#2103=IFCCARTESIANPOINT((-40.574893922209299,51.662579992532642,9.2594512494119385));
#2104=IFCCARTESIANPOINT((-40.920853933934914,50.131534393446678,8.8278418329591162));
#2105=IFCCARTESIANPOINT((-32.427734366648792,51.453772640223583,13.04123818190625));
#2106=IFCCARTESIANPOINT((-35.459145172645407,52.08747351631331,12.60141493357081));
#2107=IFCCARTESIANPOINT((-34.957985595690836,55.563853419924371,10.118395834033461));
#2108=IFCPOLYLOOP((#2067,#2056,#2057,#2058,#2059,#2060,#2061,#2062,#2063,#2064,#2065,#2066));
#2109=IFCFACEOUTERBOUND(#2108,.T.);
#2110=IFCFACE((#2109));
#2111=IFCPOLYLOOP((#2076,#2077,#2078,#2079,#2080,#2056,#2067,#2066,#2068,#2069,#2070,#2071,#2072,#2073,#2074,#2075));
#2112=IFCFACEOUTERBOUND(#2111,.T.);
#2113=IFCFACE((#2112));
#2114=IFCPOLYLOOP((#2083,#2074,#2073));
#2115=IFCFACEOUTERBOUND(#2114,.T.);
#2116=IFCFACE((#2115));
#2117=IFCPOLYLOOP((#2083,#2073,#2092));
#2118=IFCFACEOUTERBOUND(#2117,.T.);
#2119=IFCFACE((#2118));
#2120=IFCPOLYLOOP((#2083,#2075,#2074));
#2121=IFCFACEOUTERBOUND(#2120,.T.);
#2122=IFCFACE((#2121));
#2123=IFCPOLYLOOP((#2083,#2092,#2081));
#2124=IFCFACEOUTERBOUND(#2123,.T.);
#2125=IFCFACE((#2124));
#2126=IFCPOLYLOOP((#2081,#2082,#2083));
#2127=IFCFACEOUTERBOUND(#2126,.T.);
#2128=IFCFACE((#2127));
#2129=IFCPOLYLOOP((#2082,#2096,#2083));
#2130=IFCFACEOUTERBOUND(#2129,.T.);
#2131=IFCFACE((#2130));
#2132=IFCPOLYLOOP((#2083,#2096,#2105));
#2133=IFCFACEOUTERBOUND(#2132,.T.);
#2134=IFCFACE((#2133));
#2135=IFCPOLYLOOP((#2083,#2105,#2075));
#2136=IFCFACEOUTERBOUND(#2135,.T.);
#2137=IFCFACE((#2136));
#2138=IFCPOLYLOOP((#2072,#2093,#2092));
#2139=IFCFACEOUTERBOUND(#2138,.T.);
#2140=IFCFACE((#2139));
#2141=IFCPOLYLOOP((#2091,#2081,#2092));
#2142=IFCFACEOUTERBOUND(#2141,.T.);
#2143=IFCFACE((#2142));
#2144=IFCPOLYLOOP((#2093,#2071,#2087));
#2145=IFCFACEOUTERBOUND(#2144,.T.);
#2146=IFCFACE((#2145));
#2147=IFCPOLYLOOP((#2093,#2089,#2090));
#2148=IFCFACEOUTERBOUND(#2147,.T.);
#2149=IFCFACE((#2148));
#2150=IFCPOLYLOOP((#2072,#2092,#2073));
#2151=IFCFACEOUTERBOUND(#2150,.T.);
#2152=IFCFACE((#2151));
#2153=IFCPOLYLOOP((#2093,#2091,#2092));
#2154=IFCFACEOUTERBOUND(#2153,.T.);
#2155=IFCFACE((#2154));
#2156=IFCPOLYLOOP((#2093,#2090,#2091));
#2157=IFCFACEOUTERBOUND(#2156,.T.);
#2158=IFCFACE((#2157));
#2159=IFCPOLYLOOP((#2088,#2089,#2093));
#2160=IFCFACEOUTERBOUND(#2159,.T.);
#2161=IFCFACE((#2160));
#2162=IFCPOLYLOOP((#2070,#2069,#2084));
#2163=IFCFACEOUTERBOUND(#2162,.T.);
#2164=IFCFACE((#2163));
#2165=IFCPOLYLOOP((#2071,#2093,#2072));
#2166=IFCFACEOUTERBOUND(#2165,.T.);
#2167=IFCFACE((#2166));
#2168=IFCPOLYLOOP((#2070,#2084,#2085));
#2169=IFCFACEOUTERBOUND(#2168,.T.);
#2170=IFCFACE((#2169));
#2171=IFCPOLYLOOP((#2087,#2088,#2093));
#2172=IFCFACEOUTERBOUND(#2171,.T.);
#2173=IFCFACE((#2172));
#2174=IFCPOLYLOOP((#2086,#2087,#2070));
#2175=IFCFACEOUTERBOUND(#2174,.T.);
#2176=IFCFACE((#2175));
#2177=IFCPOLYLOOP((#2085,#2086,#2070));
#2178=IFCFACEOUTERBOUND(#2177,.T.);
#2179=IFCFACE((#2178));
#2180=IFCPOLYLOOP((#2087,#2071,#2070));
#2181=IFCFACEOUTERBOUND(#2180,.T.);
#2182=IFCFACE((#2181));
#2183=IFCPOLYLOOP((#2068,#2066,#2084));
#2184=IFCFACEOUTERBOUND(#2183,.T.);
#2185=IFCFACE((#2184));
#2186=IFCPOLYLOOP((#2084,#2066,#2065));
#2187=IFCFACEOUTERBOUND(#2186,.T.);
#2188=IFCFACE((#2187));
#2189=IFCPOLYLOOP((#2084,#2069,#2068));
#2190=IFCFACEOUTERBOUND(#2189,.T.);
#2191=IFCFACE((#2190));
#2192=IFCPOLYLOOP((#2064,#2086,#2085));
#2193=IFCFACEOUTERBOUND(#2192,.T.);
#2194=IFCFACE((#2193));
#2195=IFCPOLYLOOP((#2084,#2065,#2085));
#2196=IFCFACEOUTERBOUND(#2195,.T.);
#2197=IFCFACE((#2196));
#2198=IFCPOLYLOOP((#2085,#2065,#2064));
#2199=IFCFACEOUTERBOUND(#2198,.T.);
#2200=IFCFACE((#2199));
#2201=IFCPOLYLOOP((#2087,#2064,#2063));
#2202=IFCFACEOUTERBOUND(#2201,.T.);
#2203=IFCFACE((#2202));
#2204=IFCPOLYLOOP((#2062,#2094,#2063));
#2205=IFCFACEOUTERBOUND(#2204,.T.);
#2206=IFCFACE((#2205));
#2207=IFCPOLYLOOP((#2088,#2063,#2094));
#2208=IFCFACEOUTERBOUND(#2207,.T.);
#2209=IFCFACE((#2208));
#2210=IFCPOLYLOOP((#2087,#2063,#2088));
#2211=IFCFACEOUTERBOUND(#2210,.T.);
#2212=IFCFACE((#2211));
#2213=IFCPOLYLOOP((#2089,#2088,#2094));
#2214=IFCFACEOUTERBOUND(#2213,.T.);
#2215=IFCFACE((#2214));
#2216=IFCPOLYLOOP((#2090,#2089,#2094));
#2217=IFCFACEOUTERBOUND(#2216,.T.);
#2218=IFCFACE((#2217));
#2219=IFCPOLYLOOP((#2064,#2087,#2086));
#2220=IFCFACEOUTERBOUND(#2219,.T.);
#2221=IFCFACE((#2220));
#2222=IFCPOLYLOOP((#2081,#2061,#2095));
#2223=IFCFACEOUTERBOUND(#2222,.T.);
#2224=IFCFACE((#2223));
#2225=IFCPOLYLOOP((#2095,#2082,#2081));
#2226=IFCFACEOUTERBOUND(#2225,.T.);
#2227=IFCFACE((#2226));
#2228=IFCPOLYLOOP((#2081,#2062,#2061));
#2229=IFCFACEOUTERBOUND(#2228,.T.);
#2230=IFCFACE((#2229));
#2231=IFCPOLYLOOP((#2062,#2081,#2094));
#2232=IFCFACEOUTERBOUND(#2231,.T.);
#2233=IFCFACE((#2232));
#2234=IFCPOLYLOOP((#2081,#2091,#2094));
#2235=IFCFACEOUTERBOUND(#2234,.T.);
#2236=IFCFACE((#2235));
#2237=IFCPOLYLOOP((#2094,#2091,#2090));
#2238=IFCFACEOUTERBOUND(#2237,.T.);
#2239=IFCFACE((#2238));
#2240=IFCPOLYLOOP((#2096,#2095,#2061));
#2241=IFCFACEOUTERBOUND(#2240,.T.);
#2242=IFCFACE((#2241));
#2243=IFCPOLYLOOP((#2060,#2096,#2061));
#2244=IFCFACEOUTERBOUND(#2243,.T.);
#2245=IFCFACE((#2244));
#2246=IFCPOLYLOOP((#2096,#2060,#2107));
#2247=IFCFACEOUTERBOUND(#2246,.T.);
#2248=IFCFACE((#2247));
#2249=IFCPOLYLOOP((#2096,#2107,#2097));
#2250=IFCFACEOUTERBOUND(#2249,.T.);
#2251=IFCFACE((#2250));
#2252=IFCPOLYLOOP((#2107,#2098,#2097));
#2253=IFCFACEOUTERBOUND(#2252,.T.);
#2254=IFCFACE((#2253));
#2255=IFCPOLYLOOP((#2095,#2096,#2082));
#2256=IFCFACEOUTERBOUND(#2255,.T.);
#2257=IFCFACE((#2256));
#2258=IFCPOLYLOOP((#2105,#2106,#2076));
#2259=IFCFACEOUTERBOUND(#2258,.T.);
#2260=IFCFACE((#2259));
#2261=IFCPOLYLOOP((#2105,#2096,#2097));
#2262=IFCFACEOUTERBOUND(#2261,.T.);
#2263=IFCFACE((#2262));
#2264=IFCPOLYLOOP((#2101,#2077,#2106));
#2265=IFCFACEOUTERBOUND(#2264,.T.);
#2266=IFCFACE((#2265));
#2267=IFCPOLYLOOP((#2098,#2099,#2106));
#2268=IFCFACEOUTERBOUND(#2267,.T.);
#2269=IFCFACE((#2268));
#2270=IFCPOLYLOOP((#2075,#2105,#2076));
#2271=IFCFACEOUTERBOUND(#2270,.T.);
#2272=IFCFACE((#2271));
#2273=IFCPOLYLOOP((#2105,#2097,#2106));
#2274=IFCFACEOUTERBOUND(#2273,.T.);
#2275=IFCFACE((#2274));
#2276=IFCPOLYLOOP((#2097,#2098,#2106));
#2277=IFCFACEOUTERBOUND(#2276,.T.);
#2278=IFCFACE((#2277));
#2279=IFCPOLYLOOP((#2106,#2099,#2100));
#2280=IFCFACEOUTERBOUND(#2279,.T.);
#2281=IFCFACE((#2280));
#2282=IFCPOLYLOOP((#2104,#2079,#2078));
#2283=IFCFACEOUTERBOUND(#2282,.T.);
#2284=IFCFACE((#2283));
#2285=IFCPOLYLOOP((#2076,#2106,#2077));
#2286=IFCFACEOUTERBOUND(#2285,.T.);
#2287=IFCFACE((#2286));
#2288=IFCPOLYLOOP((#2103,#2104,#2078));
#2289=IFCFACEOUTERBOUND(#2288,.T.);
#2290=IFCFACE((#2289));
#2291=IFCPOLYLOOP((#2106,#2100,#2101));
#2292=IFCFACEOUTERBOUND(#2291,.T.);
#2293=IFCFACE((#2292));
#2294=IFCPOLYLOOP((#2078,#2101,#2102));
#2295=IFCFACEOUTERBOUND(#2294,.T.);
#2296=IFCFACE((#2295));
#2297=IFCPOLYLOOP((#2078,#2102,#2103));
#2298=IFCFACEOUTERBOUND(#2297,.T.);
#2299=IFCFACE((#2298));
#2300=IFCPOLYLOOP((#2078,#2077,#2101));
#2301=IFCFACEOUTERBOUND(#2300,.T.);
#2302=IFCFACE((#2301));
#2303=IFCPOLYLOOP((#2104,#2056,#2080));
#2304=IFCFACEOUTERBOUND(#2303,.T.);
#2305=IFCFACE((#2304));
#2306=IFCPOLYLOOP((#2057,#2056,#2104));
#2307=IFCFACEOUTERBOUND(#2306,.T.);
#2308=IFCFACE((#2307));
#2309=IFCPOLYLOOP((#2080,#2079,#2104));
#2310=IFCFACEOUTERBOUND(#2309,.T.);
#2311=IFCFACE((#2310));
#2312=IFCPOLYLOOP((#2103,#2102,#2058));
#2313=IFCFACEOUTERBOUND(#2312,.T.);
#2314=IFCFACE((#2313));
#2315=IFCPOLYLOOP((#2103,#2057,#2104));
#2316=IFCFACEOUTERBOUND(#2315,.T.);
#2317=IFCFACE((#2316));
#2318=IFCPOLYLOOP((#2058,#2057,#2103));
#2319=IFCFACEOUTERBOUND(#2318,.T.);
#2320=IFCFACE((#2319));
#2321=IFCPOLYLOOP((#2059,#2058,#2101));
#2322=IFCFACEOUTERBOUND(#2321,.T.);
#2323=IFCFACE((#2322));
#2324=IFCPOLYLOOP((#2059,#2107,#2060));
#2325=IFCFACEOUTERBOUND(#2324,.T.);
#2326=IFCFACE((#2325));
#2327=IFCPOLYLOOP((#2107,#2059,#2100));
#2328=IFCFACEOUTERBOUND(#2327,.T.);
#2329=IFCFACE((#2328));
#2330=IFCPOLYLOOP((#2100,#2059,#2101));
#2331=IFCFACEOUTERBOUND(#2330,.T.);
#2332=IFCFACE((#2331));
#2333=IFCPOLYLOOP((#2107,#2100,#2099));
#2334=IFCFACEOUTERBOUND(#2333,.T.);
#2335=IFCFACE((#2334));
#2336=IFCPOLYLOOP((#2107,#2099,#2098));
#2337=IFCFACEOUTERBOUND(#2336,.T.);
#2338=IFCFACE((#2337));
#2339=IFCPOLYLOOP((#2102,#2101,#2058));
#2340=IFCFACEOUTERBOUND(#2339,.T.);
#2341=IFCFACE((#2340));
#2342=IFCCARTESIANPOINT((-17.661610644547892,10.705060616184246,6.2168141988802876));
#2343=IFCCARTESIANPOINT((-17.661610644547892,23.349253109339806,6.216814198880197));
#2344=IFCCARTESIANPOINT((-1.2174181513795164,23.349253109339806,6.216814198880197));
#2345=IFCCARTESIANPOINT((-1.2174181513795164,10.705060616184246,6.2168141988802876));
#2346=IFCCARTESIANPOINT((13.962801154281543,1.805375252691765,7.0099999995165962));
#2347=IFCCARTESIANPOINT((13.962801154281545,-20.104815558591337,7.0099999995167552));
#2348=IFCCARTESIANPOINT((-23.14682996285066,-20.104815558591337,7.0099999995167552));
#2349=IFCCARTESIANPOINT((-23.14682996285066,1.805375252691765,7.0099999995165962));
#2350=IFCCARTESIANPOINT((-8.0683178334190746,1.805375252691765,7.0099999995165962));
#2351=IFCCARTESIANPOINT((-4.5920144042845576,-20.104815558591337,7.0099999995167552));
#2352=IFCCARTESIANPOINT((2.9472416254996205,-20.104815558591337,7.0099999995167552));
#2353=IFCCARTESIANPOINT((-13.869422183567613,-20.104815558591337,7.0099999995167552));
#2354=IFCCARTESIANPOINT((-9.2307182939260812,-20.104815558591337,7.0099999995167552));
#2355=IFCCARTESIANPOINT((2.9472416604312341,1.805375252691765,7.0099999995165962));
#2356=IFCCARTESIANPOINT((-2.5605380864939189,1.805375252691765,7.0099999995165962));
#2357=IFCCARTESIANPOINT((-15.607573898134868,1.805375252691765,7.0099999995165962));
#2358=IFCCARTESIANPOINT((-5.3144279599565003,1.805375252691765,7.0099999995165962));
#2359=IFCCARTESIANPOINT((8.455021407356389,1.805375252691765,7.0099999995165962));
#2360=IFCCARTESIANPOINT((8.4550213898905842,-20.104815558591337,7.0099999995167552));
#2361=IFCCARTESIANPOINT((11.208911272086061,-20.104815558591337,7.0099999995167552));
#2362=IFCCARTESIANPOINT((-18.508126073209134,-20.104815558591337,7.0099999995167552));
#2363=IFCCARTESIANPOINT((-19.377201930492767,1.805375252691765,7.0099999995165962));
#2364=IFCCARTESIANPOINT((-11.837945865776971,1.805375252691765,7.0099999995165962));
#2365=IFCCARTESIANPOINT((-0.822386389392469,-20.104815558591337,7.0099999995167552));
#2366=IFCCARTESIANPOINT((5.701131507695103,-20.104815558591337,7.0099999995167561));
#2367=IFCCARTESIANPOINT((5.7011315338938102,1.805375252691765,7.0099999995165962));
#2368=IFCCARTESIANPOINT((-6.9113663491053199,-20.104815558591337,7.0099999995167552));
#2369=IFCCARTESIANPOINT((11.208911280818963,1.805375252691765,7.0099999995165962));
#2370=IFCCARTESIANPOINT((-16.188774128388374,-20.104815558591337,7.0099999995167552));
#2371=IFCCARTESIANPOINT((-20.827478018029893,-20.104815558591337,7.0099999995167552));
#2372=IFCCARTESIANPOINT((-13.722759881955918,1.805375252691765,7.0099999995165962));
#2373=IFCCARTESIANPOINT((0.19335178696865743,1.805375252691765,7.0099999995165962));
#2374=IFCCARTESIANPOINT((-11.550070238746844,-20.104815558591337,7.0099999995167552));
#2375=IFCCARTESIANPOINT((-17.661610644547892,10.705060616184195,-0.));
#2376=IFCCARTESIANPOINT((-1.2174181513795164,10.705060616184195,-0.));
#2377=IFCCARTESIANPOINT((-1.217418151379515,23.349253109339763,-0.));
#2378=IFCCARTESIANPOINT((-17.661610644547892,23.349253109339763,-0.));
#2379=IFCCARTESIANPOINT((13.962801154281543,1.8053752526917142,-0.));
#2380=IFCCARTESIANPOINT((-23.14682996285066,1.8053752526917142,-0.));
#2381=IFCCARTESIANPOINT((5.0007124810181285,1.8053752526917142,-0.));
#2382=IFCCARTESIANPOINT((9.7120436229176832,1.8053752526917139,-0.));
#2383=IFCCARTESIANPOINT((-4.5920144042845585,1.805375252691765,7.0099999995165962));
#2384=IFCCARTESIANPOINT((-9.0730587409162649,1.8053752526917142,-0.));
#2385=IFCCARTESIANPOINT((4.6853933749984931,1.805375252691765,7.0099999995165962));
#2386=IFCCARTESIANPOINT((11.837422388599615,1.8053752526917142,-0.));
#2387=IFCCARTESIANPOINT((-23.14682996285066,-20.10481555859138,-0.));
#2388=IFCCARTESIANPOINT((13.962801154281545,-20.104815558591387,-0.));
#2389=IFCCARTESIANPOINT((40.392872992823577,55.726203889616137,7.3999999999977248));
#2390=IFCCARTESIANPOINT((34.997252645301302,60.59483611972977,6.3481422972968877));
#2391=IFCCARTESIANPOINT((27.849111242236038,62.34821108821891,5.9693293413868691));
#2392=IFCCARTESIANPOINT((13.652800787414959,62.41650254153479,5.9545751172426344));
#2393=IFCCARTESIANPOINT((-0.54615475307112071,62.422274113479858,5.9533281813230206));
#2394=IFCCARTESIANPOINT((-14.743710377883907,62.412915043421911,5.9553501886271816));
#2395=IFCCARTESIANPOINT((-28.937481071185218,62.407637951765672,5.9564902931255572));
#2396=IFCCARTESIANPOINT((-32.292702945315753,61.673207923243069,6.1151623484552022));
#2397=IFCCARTESIANPOINT((-35.42447455394062,60.285805870448371,6.4149076294703997));
#2398=IFCCARTESIANPOINT((-38.166417473417141,58.287742229895798,6.8465850557919694));
#2399=IFCCARTESIANPOINT((-40.396342365150893,55.726203889628188,7.3999999999951216));
#2400=IFCCARTESIANPOINT((-41.609056583526964,53.395125940938378,7.399999999997811));
#2401=IFCCARTESIANPOINT((-42.408096375502652,50.834272947271849,7.3999999999978305));
#2402=IFCCARTESIANPOINT((-42.231401132744608,30.126817606127222,7.3999999999979797));
#2403=IFCCARTESIANPOINT((-42.234725308389578,9.3801017430554197,7.3999999999981299));
#2404=IFCCARTESIANPOINT((-42.234632063146016,-11.368927197587983,7.3999999999982782));
#2405=IFCCARTESIANPOINT((-42.243007865113,-32.117274877296076,7.3999999999984292));
#2406=IFCCARTESIANPOINT((-41.783502233595534,-52.849749004130338,7.3999999999985775));
#2407=IFCCARTESIANPOINT((-38.861665444583572,-58.093022373258627,7.3999999999986157));
#2408=IFCCARTESIANPOINT((-33.715139312980462,-61.527182432362004,7.3999999999986406));
#2409=IFCCARTESIANPOINT((-27.969064713352008,-62.634737105543607,7.3999999999986485));
#2410=IFCCARTESIANPOINT((-8.9363305133748181,-62.72135028685291,7.3999999999986494));
#2411=IFCCARTESIANPOINT((10.099240442511002,-62.732412805754521,7.3999999999986494));
#2412=IFCCARTESIANPOINT((29.135297251499036,-62.721057124047462,7.3999999999986494));
#2413=IFCCARTESIANPOINT((32.825425632870903,-61.763789522880565,7.3999999999986423));
#2414=IFCCARTESIANPOINT((36.17745244427752,-60.038069863266848,7.3999999999986299));
#2415=IFCCARTESIANPOINT((38.978850091147791,-57.543364136591045,7.3999999999986121));
#2416=IFCCARTESIANPOINT((41.05115561709119,-54.422804407484527,7.3999999999985899));
#2417=IFCCARTESIANPOINT((42.32426702083648,-50.835160672296077,7.3999999999985642));
#2418=IFCCARTESIANPOINT((42.147345529465781,-30.127738156969279,7.3999999999984141));
#2419=IFCCARTESIANPOINT((42.150704179014333,-9.3806828522577597,7.3999999999982649));
#2420=IFCCARTESIANPOINT((42.150612166400606,11.368961415570528,7.3999999999981148));
#2421=IFCCARTESIANPOINT((42.158947062898427,32.117026226657401,7.3999999999979647));
#2422=IFCCARTESIANPOINT((41.699409131917285,52.849368702880064,7.3999999999978154));
#2423=IFCCARTESIANPOINT((41.08776984556259,54.307232495736407,7.3999999999978048));
#2424=IFCCARTESIANPOINT((5.0007124810181285,5.6978689799340625,-2.4430044955935371));
#2425=IFCCARTESIANPOINT((5.0007124810181285,24.309625824135743,-0.));
#2426=IFCCARTESIANPOINT((5.0007124810181285,20.400001329446606,-2.4430044955936432));
#2427=IFCCARTESIANPOINT((22.813287519006501,5.6978689799340625,-2.4430044955935371));
#2428=IFCCARTESIANPOINT((22.813287519006501,20.400001329446606,-2.4430044955936432));
#2429=IFCCARTESIANPOINT((22.813287519006501,24.309625824135743,-0.));
#2430=IFCCARTESIANPOINT((22.813287519006501,1.8053752526917142,-0.));
#2431=IFCCARTESIANPOINT((-27.783498113802455,-61.16386667233369,-0.));
#2432=IFCCARTESIANPOINT((-30.367473611186146,-60.874043097284456,-0.));
#2433=IFCCARTESIANPOINT((-32.836379495449194,-60.012572258630762,-0.));
#2434=IFCCARTESIANPOINT((-35.052547457650704,-58.62177106633154,-0.));
#2435=IFCCARTESIANPOINT((-36.90330318248364,-56.771515747011755,-0.));
#2436=IFCCARTESIANPOINT((-38.294397456470151,-54.556360426037017,-0.));
#2437=IFCCARTESIANPOINT((-39.15591736712517,-52.091112903026833,-0.));
#2438=IFCCARTESIANPOINT((-39.447364786114171,-49.500000000021942,-0.));
#2439=IFCCARTESIANPOINT((-39.447364786114171,-0.,-0.));
#2440=IFCCARTESIANPOINT((-39.447364786114157,49.499999999971429,-0.));
#2441=IFCCARTESIANPOINT((-39.157656084718347,52.083469798926572,-0.));
#2442=IFCCARTESIANPOINT((-38.296029308852582,54.552966813889761,-0.));
#2443=IFCCARTESIANPOINT((-36.904942715183481,56.769458998645213,-0.));
#2444=IFCCARTESIANPOINT((-35.054860509695423,58.619927338336346,-0.));
#2445=IFCCARTESIANPOINT((-32.839992122246002,60.010835080593566,-0.));
#2446=IFCCARTESIANPOINT((-30.374161125120288,60.8725217480822,-0.));
#2447=IFCCARTESIANPOINT((-27.783498113802455,61.163866672283099,-0.));
#2448=IFCCARTESIANPOINT((27.699469305233347,61.163866672283099,-0.));
#2449=IFCCARTESIANPOINT((30.28344594868981,60.874042836866977,-0.));
#2450=IFCCARTESIANPOINT((32.752349181521105,60.012572982132795,-0.));
#2451=IFCCARTESIANPOINT((34.96851802587495,58.621771562908151,-0.));
#2452=IFCCARTESIANPOINT((36.819274332177365,56.771515799307167,-0.));
#2453=IFCCARTESIANPOINT((38.210368373094973,54.556360997238983,-0.));
#2454=IFCCARTESIANPOINT((39.071888233033853,52.091114331695849,-0.));
#2455=IFCCARTESIANPOINT((39.363335977545042,49.499999999971429,-0.));
#2456=IFCCARTESIANPOINT((39.363335977545042,-0.,-0.));
#2457=IFCCARTESIANPOINT((39.363335977545042,-49.50000000002197,-0.));
#2458=IFCCARTESIANPOINT((39.073616372662769,-52.083517802931397,-0.));
#2459=IFCCARTESIANPOINT((38.211993888702374,-54.552980569094302,-0.));
#2460=IFCCARTESIANPOINT((36.820915210071945,-56.769457363165813,-0.));
#2461=IFCCARTESIANPOINT((34.970827720185966,-58.619930512408615,-0.));
#2462=IFCCARTESIANPOINT((32.755948193920126,-60.010842354359134,-0.));
#2463=IFCCARTESIANPOINT((30.290110444309562,-60.872526730612201,-0.));
#2464=IFCCARTESIANPOINT((27.699469305233347,-61.163866672333675,-0.));
#2465=IFCCARTESIANPOINT((-40.927730580808401,50.167136473621682,3.6999999999977402));
#2466=IFCCARTESIANPOINT((-0.042014404284557709,61.163866672283135,-0.));
#2467=IFCCARTESIANPOINT((-28.418486111422471,61.848261384703385,3.2776045953502111));
#2468=IFCCARTESIANPOINT((-13.912756259043508,61.163866672283135,-0.));
#2469=IFCCARTESIANPOINT((13.828727450474394,61.163866672283127,-0.));
#2470=IFCCARTESIANPOINT((27.782224947606327,61.818838031881732,3.3011847753167882));
#2471=IFCCARTESIANPOINT((-7.3104650241822675,61.792243108811277,2.976889962332625));
#2472=IFCCARTESIANPOINT((6.7360412278427599,61.792032477877676,2.9796627873337393));
#2473=IFCCARTESIANPOINT((-17.85395298396308,61.740664521648135,2.863977299508798));
#2474=IFCCARTESIANPOINT((17.300840981264813,61.763442016086721,2.8687757069471784));
#2475=IFCCARTESIANPOINT((-40.615433509854839,-51.174874502076165,3.6999999999984734));
#2476=IFCCARTESIANPOINT((-39.447364786114164,-24.750000000023636,-0.));
#2477=IFCCARTESIANPOINT((-39.447364786114164,24.749999999973081,-0.));
#2478=IFCCARTESIANPOINT((-40.930369256850703,-20.830125899996546,3.9579733620202537));
#2479=IFCCARTESIANPOINT((-40.904902478295263,-3.2272517235943634,3.8589350880850741));
#2480=IFCCARTESIANPOINT((-39.447364786114171,12.374999999973896,-0.));
#2481=IFCCARTESIANPOINT((-40.88419374022186,18.461842805738126,3.823198085246696));
#2482=IFCCARTESIANPOINT((-40.273972982372257,5.9558857552661806,2.190906715192106));
#2483=IFCCARTESIANPOINT((-41.227105461664479,7.5647562817019631,4.7208959305445699));
#2484=IFCCARTESIANPOINT((-42.234678685767797,-0.99441272726627228,7.3999999999982036));
#2485=IFCCARTESIANPOINT((-39.447364786114164,-35.506228444619403,-0.));
#2486=IFCCARTESIANPOINT((-40.388545650223527,-30.972516568081272,2.4911410341357163));
#2487=IFCCARTESIANPOINT((-39.447364786114164,35.506229699611218,-0.));
#2488=IFCCARTESIANPOINT((-40.434233333866281,30.254401840702489,2.6199288761768589));
#2489=IFCCARTESIANPOINT((-40.256877382846724,-41.740016611615737,2.1439606040734982));
#2490=IFCCARTESIANPOINT((-41.251973515272297,-39.079288469804766,5.0060945430257808));
#2491=IFCCARTESIANPOINT((-40.223627025434517,41.159042440584088,2.1808580884722195));
#2492=IFCCARTESIANPOINT((-41.295225579438117,38.315266223040176,5.0729964584395564));
#2493=IFCCARTESIANPOINT((-41.350363972122423,27.545089078664599,5.0924060982007893));
#2494=IFCCARTESIANPOINT((-42.23306322056709,19.75345967459134,7.3999999999980535));
#2495=IFCCARTESIANPOINT((-42.238819964129497,-21.743101037442027,7.3999999999983546));
#2496=IFCCARTESIANPOINT((-39.447364786114164,-12.375000000024459,-0.));
#2497=IFCCARTESIANPOINT((-40.110834060769548,-6.5129747513329974,1.7589053726475505));
#2498=IFCCARTESIANPOINT((-40.209168050885289,-16.072254922192435,2.0257678996833355));
#2499=IFCCARTESIANPOINT((-40.846434614040582,-12.006106848193017,3.7157466311173057));
#2500=IFCCARTESIANPOINT((-40.068365426989473,18.51899579439711,1.6523946390250206));
#2501=IFCCARTESIANPOINT((-41.144955681829423,-29.900878859154396,4.5004752515682522));
#2502=IFCCARTESIANPOINT((-42.013255049354257,-42.483511940713207,7.3999999999984611));
#2503=IFCCARTESIANPOINT((-42.319748754123637,40.480545276699573,7.399999999997859));
#2504=IFCCARTESIANPOINT((40.531372554731156,51.174684351425782,3.699999999997734));
#2505=IFCCARTESIANPOINT((39.363335977545042,24.74999999997307,-0.));
#2506=IFCCARTESIANPOINT((39.363335977545042,-24.750000000023643,-0.));
#2507=IFCCARTESIANPOINT((41.057570304447367,-50.263974239821295,4.2342539680140492));
#2508=IFCCARTESIANPOINT((40.846328298946851,20.830111117889459,3.9579433706007787));
#2509=IFCCARTESIANPOINT((40.820887988582861,3.2265567438757037,3.8589782336086627));
#2510=IFCCARTESIANPOINT((39.363335977545042,-12.375000000024478,-0.));
#2511=IFCCARTESIANPOINT((40.800157864336768,-18.461971439506002,3.8231647233002954));
#2512=IFCCARTESIANPOINT((40.189919189282442,-5.9559648642284806,2.1908414730995962));
#2513=IFCCARTESIANPOINT((41.142952617131563,-7.5652797256085877,4.7205625077050222));
#2514=IFCCARTESIANPOINT((42.150658172707473,0.99413928165640464,7.3999999999981894));
#2515=IFCCARTESIANPOINT((39.363335977545042,35.506491706231898,-0.));
#2516=IFCCARTESIANPOINT((40.304487728416625,30.972553788564532,2.4910900854688691));
#2517=IFCCARTESIANPOINT((40.485845805109463,-34.54547945323587,2.9698475907789859));
#2518=IFCCARTESIANPOINT((40.172865436648252,41.740174197293243,2.143918725482779));
#2519=IFCCARTESIANPOINT((41.16796850147157,39.07935887815183,5.0060761175431292));
#2520=IFCCARTESIANPOINT((42.261472733456884,-43.485528752263328,7.3999999999984531));
#2521=IFCCARTESIANPOINT((41.378166549296147,-36.69066138369444,5.4113443132020693));
#2522=IFCCARTESIANPOINT((41.333928026375951,-26.365390005862562,5.2792590963691497));
#2523=IFCCARTESIANPOINT((42.149024854240068,-19.754210504613493,7.3999999999983386));
#2524=IFCCARTESIANPOINT((42.154779614649513,21.742993821113998,7.399999999998041));
#2525=IFCCARTESIANPOINT((39.363335977545042,12.374999999973882,-0.));
#2526=IFCCARTESIANPOINT((40.026828880856797,6.512928078978713,1.758967137274893));
#2527=IFCCARTESIANPOINT((40.125129110659159,16.072471606419516,2.0257293400783496));
#2528=IFCCARTESIANPOINT((40.762386902700328,12.005739306189501,3.7156798739408985));
#2529=IFCCARTESIANPOINT((39.984338897742582,-18.51905101703678,1.6523944124340089));
#2530=IFCCARTESIANPOINT((39.363335977545042,-37.125000000022808,-0.));
#2531=IFCCARTESIANPOINT((40.21045252337435,-49.881986841419923,2.1171254404371407));
#2532=IFCCARTESIANPOINT((41.060869131294652,29.900984010720688,4.500379337137554));
#2533=IFCCARTESIANPOINT((41.929178097407863,42.483197464768786,7.3999999999978439));
#2534=IFCCARTESIANPOINT((39.978320635091819,54.310462609565413,4.7688523661875104));
#2535=IFCCARTESIANPOINT((37.695062840090948,58.16052004462891,6.874070807847203));
#2536=IFCCARTESIANPOINT((31.423181943768675,61.471523603974312,6.1587358193418815));
#2537=IFCCARTESIANPOINT((37.913557847884263,56.905351212106872,3.1578736288046496));
#2538=IFCCARTESIANPOINT((34.156567146102716,60.141594296504366,3.178593945215753));
#2539=IFCCARTESIANPOINT((39.566925787901454,53.054412420689708,2.3861139099239472));
#2540=IFCCARTESIANPOINT((36.206610678964189,58.999209357580632,3.9597777915022374));
#2541=IFCCARTESIANPOINT((29.636146593002366,61.90986734609659,6.0640325803643789));
#2542=IFCCARTESIANPOINT((31.176149771165353,61.314082540190022,3.0789746622268779));
#2543=IFCCARTESIANPOINT((-27.876281413577235,-61.899301888938652,3.6999999999985507));
#2544=IFCCARTESIANPOINT((-36.36956255581314,-58.915533630282631,3.9089419869635207));
#2545=IFCCARTESIANPOINT((-39.275852110336018,-54.85074679373551,3.2824438691662916));
#2546=IFCCARTESIANPOINT((-30.842102013166301,-62.080959768952795,7.3999999999985819));
#2547=IFCCARTESIANPOINT((-31.884127043258413,-61.216996911370671,3.4324319577506701));
#2548=IFCCARTESIANPOINT((-36.288402378782024,-59.810102402810308,7.399999999998629));
#2549=IFCCARTESIANPOINT((-38.005298950556082,-57.939641796763112,5.2451126841812119));
#2550=IFCCARTESIANPOINT((-37.97460884704401,-56.812408025953992,2.9213201987060069));
#2551=IFCCARTESIANPOINT((-40.322583839089553,-55.47138568869449,7.3999999999985526));
#2552=IFCCARTESIANPOINT((-34.371928760799655,-59.931299957025303,2.7126207628947268));
#2553=IFCCARTESIANPOINT((28.417383278366184,-61.942461898190565,3.6999999999985547));
#2554=IFCCARTESIANPOINT((-0.042014404284557709,-61.163866672333683,-0.));
#2555=IFCCARTESIANPOINT((17.488996136021186,-61.163866672333683,-0.));
#2556=IFCCARTESIANPOINT((-17.573024944590298,-61.16386667233369,-0.));
#2557=IFCCARTESIANPOINT((18.625778899941857,-62.727326423750249,7.3999999999986095));
#2558=IFCCARTESIANPOINT((13.852983056459038,-61.942719437022042,3.6986786237610652));
#2559=IFCCARTESIANPOINT((0.58145496456808754,-62.726881546303716,7.3999999999986485));
#2560=IFCCARTESIANPOINT((-4.4348875417011531,-61.943520440580535,3.6986547052141812));
#2561=IFCCARTESIANPOINT((-15.916883182981788,-62.019310322098079,4.0756705045962951));
#2562=IFCCARTESIANPOINT((38.429979693143686,-56.385667876204018,3.5939901110573365));
#2563=IFCPOLYLOOP((#2345,#2342,#2343,#2344));
#2564=IFCFACEOUTERBOUND(#2563,.T.);
#2565=IFCFACE((#2564));
#2566=IFCPOLYLOOP((#2365,#2351,#2368,#2354,#2374,#2353,#2370,#2362,#2371,#2348,#2349,#2363,#2357,#2372,#2364,#2350,#2358,#2383,#2356,#2373,#2355,#2385,#2367,#2359,#2369,#2346,#2347,#2361,#2360,#2366,#2352));
#2567=IFCFACEOUTERBOUND(#2566,.T.);
#2568=IFCFACE((#2567));
#2569=IFCPOLYLOOP((#2375,#2342,#2345,#2376));
#2570=IFCFACEOUTERBOUND(#2569,.T.);
#2571=IFCFACE((#2570));
#2572=IFCPOLYLOOP((#2377,#2376,#2345,#2344));
#2573=IFCFACEOUTERBOUND(#2572,.T.);
#2574=IFCFACE((#2573));
#2575=IFCPOLYLOOP((#2377,#2344,#2343,#2378));
#2576=IFCFACEOUTERBOUND(#2575,.T.);
#2577=IFCFACE((#2576));
#2578=IFCPOLYLOOP((#2343,#2342,#2375,#2378));
#2579=IFCFACEOUTERBOUND(#2578,.T.);
#2580=IFCFACE((#2579));
#2581=IFCPOLYLOOP((#2382,#2386,#2379,#2346,#2369,#2359,#2367,#2385,#2355,#2373,#2356,#2383,#2358,#2350,#2364,#2372,#2357,#2363,#2349,#2380,#2384,#2381));
#2582=IFCFACEOUTERBOUND(#2581,.T.);
#2583=IFCFACE((#2582));
#2584=IFCPOLYLOOP((#2348,#2387,#2380,#2349));
#2585=IFCFACEOUTERBOUND(#2584,.T.);
#2586=IFCFACE((#2585));
#2587=IFCPOLYLOOP((#2387,#2348,#2371,#2362,#2370,#2353,#2374,#2354,#2368,#2351,#2365,#2352,#2366,#2360,#2361,#2347,#2388));
#2588=IFCFACEOUTERBOUND(#2587,.T.);
#2589=IFCFACE((#2588));
#2590=IFCPOLYLOOP((#2388,#2347,#2346,#2379));
#2591=IFCFACEOUTERBOUND(#2590,.T.);
#2592=IFCFACE((#2591));
#2593=IFCPOLYLOOP((#2399,#2389,#2536,#2541,#2391,#2392,#2393,#2394,#2395,#2396,#2397,#2398));
#2594=IFCFACEOUTERBOUND(#2593,.T.);
#2595=IFCFACE((#2594));
#2596=IFCPOLYLOOP((#2536,#2389,#2535));
#2597=IFCFACEOUTERBOUND(#2596,.T.);
#2598=IFCFACE((#2597));
#2599=IFCPOLYLOOP((#2409,#2410,#2559,#2411,#2557,#2412,#2413,#2414,#2415,#2416,#2417,#2520,#2418,#2523,#2419,#2514,#2420,#2524,#2421,#2533,#2422,#2423,#2389,#2399,#2400,#2401,#2503,#2402,#2494,#2403,#2484,#2404,#2495,#2405,#2502,#2406,#2551,#2407,#2548,#2408,#2546));
#2600=IFCFACEOUTERBOUND(#2599,.T.);
#2601=IFCFACE((#2600));
#2602=IFCPOLYLOOP((#2426,#2424,#2381,#2425));
#2603=IFCFACEOUTERBOUND(#2602,.T.);
#2604=IFCFACE((#2603));
#2605=IFCPOLYLOOP((#2430,#2427,#2428,#2429));
#2606=IFCFACEOUTERBOUND(#2605,.T.);
#2607=IFCFACE((#2606));
#2608=IFCPOLYLOOP((#2427,#2424,#2426,#2428));
#2609=IFCFACEOUTERBOUND(#2608,.T.);
#2610=IFCFACE((#2609));
#2611=IFCPOLYLOOP((#2429,#2428,#2426,#2425));
#2612=IFCFACEOUTERBOUND(#2611,.T.);
#2613=IFCFACE((#2612));
#2614=IFCPOLYLOOP((#2382,#2381,#2424,#2427,#2430,#2379,#2386));
#2615=IFCFACEOUTERBOUND(#2614,.T.);
#2616=IFCFACE((#2615));
#2617=IFCPOLYLOOP((#2446,#2443,#2444));
#2618=IFCFACEOUTERBOUND(#2617,.T.);
#2619=IFCFACE((#2618));
#2620=IFCPOLYLOOP((#2444,#2445,#2446));
#2621=IFCFACEOUTERBOUND(#2620,.T.);
#2622=IFCFACE((#2621));
#2623=IFCPOLYLOOP((#2447,#2443,#2446));
#2624=IFCFACEOUTERBOUND(#2623,.T.);
#2625=IFCFACE((#2624));
#2626=IFCPOLYLOOP((#2447,#2442,#2443));
#2627=IFCFACEOUTERBOUND(#2626,.T.);
#2628=IFCFACE((#2627));
#2629=IFCPOLYLOOP((#2441,#2442,#2447));
#2630=IFCFACEOUTERBOUND(#2629,.T.);
#2631=IFCFACE((#2630));
#2632=IFCPOLYLOOP((#2447,#2440,#2441));
#2633=IFCFACEOUTERBOUND(#2632,.T.);
#2634=IFCFACE((#2633));
#2635=IFCPOLYLOOP((#2447,#2378,#2440));
#2636=IFCFACEOUTERBOUND(#2635,.T.);
#2637=IFCFACE((#2636));
#2638=IFCPOLYLOOP((#2377,#2378,#2447));
#2639=IFCFACEOUTERBOUND(#2638,.T.);
#2640=IFCFACE((#2639));
#2641=IFCPOLYLOOP((#2425,#2377,#2447));
#2642=IFCFACEOUTERBOUND(#2641,.T.);
#2643=IFCFACE((#2642));
#2644=IFCPOLYLOOP((#2425,#2447,#2468));
#2645=IFCFACEOUTERBOUND(#2644,.T.);
#2646=IFCFACE((#2645));
#2647=IFCPOLYLOOP((#2425,#2468,#2466));
#2648=IFCFACEOUTERBOUND(#2647,.T.);
#2649=IFCFACE((#2648));
#2650=IFCPOLYLOOP((#2425,#2466,#2469));
#2651=IFCFACEOUTERBOUND(#2650,.T.);
#2652=IFCFACE((#2651));
#2653=IFCPOLYLOOP((#2425,#2469,#2448));
#2654=IFCFACEOUTERBOUND(#2653,.T.);
#2655=IFCFACE((#2654));
#2656=IFCPOLYLOOP((#2425,#2448,#2429));
#2657=IFCFACEOUTERBOUND(#2656,.T.);
#2658=IFCFACE((#2657));
#2659=IFCPOLYLOOP((#2455,#2429,#2448));
#2660=IFCFACEOUTERBOUND(#2659,.T.);
#2661=IFCFACE((#2660));
#2662=IFCPOLYLOOP((#2454,#2455,#2448));
#2663=IFCFACEOUTERBOUND(#2662,.T.);
#2664=IFCFACE((#2663));
#2665=IFCPOLYLOOP((#2453,#2454,#2448));
#2666=IFCFACEOUTERBOUND(#2665,.T.);
#2667=IFCFACE((#2666));
#2668=IFCPOLYLOOP((#2453,#2448,#2452));
#2669=IFCFACEOUTERBOUND(#2668,.T.);
#2670=IFCFACE((#2669));
#2671=IFCPOLYLOOP((#2448,#2449,#2452));
#2672=IFCFACEOUTERBOUND(#2671,.T.);
#2673=IFCFACE((#2672));
#2674=IFCPOLYLOOP((#2451,#2452,#2449));
#2675=IFCFACEOUTERBOUND(#2674,.T.);
#2676=IFCFACE((#2675));
#2677=IFCPOLYLOOP((#2450,#2451,#2449));
#2678=IFCFACEOUTERBOUND(#2677,.T.);
#2679=IFCFACE((#2678));
#2680=IFCPOLYLOOP((#2429,#2455,#2515));
#2681=IFCFACEOUTERBOUND(#2680,.T.);
#2682=IFCFACE((#2681));
#2683=IFCPOLYLOOP((#2429,#2515,#2505));
#2684=IFCFACEOUTERBOUND(#2683,.T.);
#2685=IFCFACE((#2684));
#2686=IFCPOLYLOOP((#2429,#2505,#2525));
#2687=IFCFACEOUTERBOUND(#2686,.T.);
#2688=IFCFACE((#2687));
#2689=IFCPOLYLOOP((#2429,#2525,#2456));
#2690=IFCFACEOUTERBOUND(#2689,.T.);
#2691=IFCFACE((#2690));
#2692=IFCPOLYLOOP((#2429,#2456,#2430));
#2693=IFCFACEOUTERBOUND(#2692,.T.);
#2694=IFCFACE((#2693));
#2695=IFCPOLYLOOP((#2456,#2388,#2430));
#2696=IFCFACEOUTERBOUND(#2695,.T.);
#2697=IFCFACE((#2696));
#2698=IFCPOLYLOOP((#2388,#2456,#2510));
#2699=IFCFACEOUTERBOUND(#2698,.T.);
#2700=IFCFACE((#2699));
#2701=IFCPOLYLOOP((#2388,#2510,#2506));
#2702=IFCFACEOUTERBOUND(#2701,.T.);
#2703=IFCFACE((#2702));
#2704=IFCPOLYLOOP((#2388,#2506,#2530));
#2705=IFCFACEOUTERBOUND(#2704,.T.);
#2706=IFCFACE((#2705));
#2707=IFCPOLYLOOP((#2388,#2530,#2457));
#2708=IFCFACEOUTERBOUND(#2707,.T.);
#2709=IFCFACE((#2708));
#2710=IFCPOLYLOOP((#2464,#2388,#2457));
#2711=IFCFACEOUTERBOUND(#2710,.T.);
#2712=IFCFACE((#2711));
#2713=IFCPOLYLOOP((#2464,#2457,#2458));
#2714=IFCFACEOUTERBOUND(#2713,.T.);
#2715=IFCFACE((#2714));
#2716=IFCPOLYLOOP((#2458,#2459,#2464));
#2717=IFCFACEOUTERBOUND(#2716,.T.);
#2718=IFCFACE((#2717));
#2719=IFCPOLYLOOP((#2459,#2460,#2464));
#2720=IFCFACEOUTERBOUND(#2719,.T.);
#2721=IFCFACE((#2720));
#2722=IFCPOLYLOOP((#2464,#2460,#2463));
#2723=IFCFACEOUTERBOUND(#2722,.T.);
#2724=IFCFACE((#2723));
#2725=IFCPOLYLOOP((#2461,#2463,#2460));
#2726=IFCFACEOUTERBOUND(#2725,.T.);
#2727=IFCFACE((#2726));
#2728=IFCPOLYLOOP((#2462,#2463,#2461));
#2729=IFCFACEOUTERBOUND(#2728,.T.);
#2730=IFCFACE((#2729));
#2731=IFCPOLYLOOP((#2388,#2464,#2555));
#2732=IFCFACEOUTERBOUND(#2731,.T.);
#2733=IFCFACE((#2732));
#2734=IFCPOLYLOOP((#2388,#2555,#2554));
#2735=IFCFACEOUTERBOUND(#2734,.T.);
#2736=IFCFACE((#2735));
#2737=IFCPOLYLOOP((#2388,#2554,#2556));
#2738=IFCFACEOUTERBOUND(#2737,.T.);
#2739=IFCFACE((#2738));
#2740=IFCPOLYLOOP((#2388,#2556,#2431));
#2741=IFCFACEOUTERBOUND(#2740,.T.);
#2742=IFCFACE((#2741));
#2743=IFCPOLYLOOP((#2431,#2387,#2388));
#2744=IFCFACEOUTERBOUND(#2743,.T.);
#2745=IFCFACE((#2744));
#2746=IFCPOLYLOOP((#2387,#2431,#2438));
#2747=IFCFACEOUTERBOUND(#2746,.T.);
#2748=IFCFACE((#2747));
#2749=IFCPOLYLOOP((#2438,#2431,#2437));
#2750=IFCFACEOUTERBOUND(#2749,.T.);
#2751=IFCFACE((#2750));
#2752=IFCPOLYLOOP((#2437,#2431,#2436));
#2753=IFCFACEOUTERBOUND(#2752,.T.);
#2754=IFCFACE((#2753));
#2755=IFCPOLYLOOP((#2435,#2436,#2431));
#2756=IFCFACEOUTERBOUND(#2755,.T.);
#2757=IFCFACE((#2756));
#2758=IFCPOLYLOOP((#2435,#2431,#2432));
#2759=IFCFACEOUTERBOUND(#2758,.T.);
#2760=IFCFACE((#2759));
#2761=IFCPOLYLOOP((#2434,#2435,#2432));
#2762=IFCFACEOUTERBOUND(#2761,.T.);
#2763=IFCFACE((#2762));
#2764=IFCPOLYLOOP((#2433,#2434,#2432));
#2765=IFCFACEOUTERBOUND(#2764,.T.);
#2766=IFCFACE((#2765));
#2767=IFCPOLYLOOP((#2387,#2438,#2485));
#2768=IFCFACEOUTERBOUND(#2767,.T.);
#2769=IFCFACE((#2768));
#2770=IFCPOLYLOOP((#2387,#2485,#2476));
#2771=IFCFACEOUTERBOUND(#2770,.T.);
#2772=IFCFACE((#2771));
#2773=IFCPOLYLOOP((#2387,#2476,#2496));
#2774=IFCFACEOUTERBOUND(#2773,.T.);
#2775=IFCFACE((#2774));
#2776=IFCPOLYLOOP((#2387,#2496,#2439));
#2777=IFCFACEOUTERBOUND(#2776,.T.);
#2778=IFCFACE((#2777));
#2779=IFCPOLYLOOP((#2375,#2439,#2378));
#2780=IFCFACEOUTERBOUND(#2779,.T.);
#2781=IFCFACE((#2780));
#2782=IFCPOLYLOOP((#2380,#2439,#2375));
#2783=IFCFACEOUTERBOUND(#2782,.T.);
#2784=IFCFACE((#2783));
#2785=IFCPOLYLOOP((#2378,#2439,#2480));
#2786=IFCFACEOUTERBOUND(#2785,.T.);
#2787=IFCFACE((#2786));
#2788=IFCPOLYLOOP((#2439,#2380,#2387));
#2789=IFCFACEOUTERBOUND(#2788,.T.);
#2790=IFCFACE((#2789));
#2791=IFCPOLYLOOP((#2378,#2480,#2477));
#2792=IFCFACEOUTERBOUND(#2791,.T.);
#2793=IFCFACE((#2792));
#2794=IFCPOLYLOOP((#2378,#2477,#2487));
#2795=IFCFACEOUTERBOUND(#2794,.T.);
#2796=IFCFACE((#2795));
#2797=IFCPOLYLOOP((#2378,#2487,#2440));
#2798=IFCFACEOUTERBOUND(#2797,.T.);
#2799=IFCFACE((#2798));
#2800=IFCPOLYLOOP((#2388,#2379,#2430));
#2801=IFCFACEOUTERBOUND(#2800,.T.);
#2802=IFCFACE((#2801));
#2803=IFCPOLYLOOP((#2376,#2377,#2425));
#2804=IFCFACEOUTERBOUND(#2803,.T.);
#2805=IFCFACE((#2804));
#2806=IFCPOLYLOOP((#2425,#2381,#2376));
#2807=IFCFACEOUTERBOUND(#2806,.T.);
#2808=IFCFACE((#2807));
#2809=IFCPOLYLOOP((#2376,#2381,#2384));
#2810=IFCFACEOUTERBOUND(#2809,.T.);
#2811=IFCFACE((#2810));
#2812=IFCPOLYLOOP((#2376,#2384,#2380));
#2813=IFCFACEOUTERBOUND(#2812,.T.);
#2814=IFCFACE((#2813));
#2815=IFCPOLYLOOP((#2376,#2380,#2375));
#2816=IFCFACEOUTERBOUND(#2815,.T.);
#2817=IFCFACE((#2816));
#2818=IFCPOLYLOOP((#2465,#2441,#2440));
#2819=IFCFACEOUTERBOUND(#2818,.T.);
#2820=IFCFACE((#2819));
#2821=IFCPOLYLOOP((#2442,#2465,#2398));
#2822=IFCFACEOUTERBOUND(#2821,.T.);
#2823=IFCFACE((#2822));
#2824=IFCPOLYLOOP((#2465,#2442,#2441));
#2825=IFCFACEOUTERBOUND(#2824,.T.);
#2826=IFCFACE((#2825));
#2827=IFCPOLYLOOP((#2400,#2465,#2401));
#2828=IFCFACEOUTERBOUND(#2827,.T.);
#2829=IFCFACE((#2828));
#2830=IFCPOLYLOOP((#2465,#2400,#2399));
#2831=IFCFACEOUTERBOUND(#2830,.T.);
#2832=IFCFACE((#2831));
#2833=IFCPOLYLOOP((#2398,#2465,#2399));
#2834=IFCFACEOUTERBOUND(#2833,.T.);
#2835=IFCFACE((#2834));
#2836=IFCPOLYLOOP((#2398,#2443,#2442));
#2837=IFCFACEOUTERBOUND(#2836,.T.);
#2838=IFCFACE((#2837));
#2839=IFCPOLYLOOP((#2445,#2444,#2397));
#2840=IFCFACEOUTERBOUND(#2839,.T.);
#2841=IFCFACE((#2840));
#2842=IFCPOLYLOOP((#2396,#2446,#2445));
#2843=IFCFACEOUTERBOUND(#2842,.T.);
#2844=IFCFACE((#2843));
#2845=IFCPOLYLOOP((#2446,#2395,#2467,#2447));
#2846=IFCFACEOUTERBOUND(#2845,.T.);
#2847=IFCFACE((#2846));
#2848=IFCPOLYLOOP((#2397,#2443,#2398));
#2849=IFCFACEOUTERBOUND(#2848,.T.);
#2850=IFCFACE((#2849));
#2851=IFCPOLYLOOP((#2446,#2396,#2395));
#2852=IFCFACEOUTERBOUND(#2851,.T.);
#2853=IFCFACE((#2852));
#2854=IFCPOLYLOOP((#2396,#2445,#2397));
#2855=IFCFACEOUTERBOUND(#2854,.T.);
#2856=IFCFACE((#2855));
#2857=IFCPOLYLOOP((#2444,#2443,#2397));
#2858=IFCFACEOUTERBOUND(#2857,.T.);
#2859=IFCFACE((#2858));
#2860=IFCPOLYLOOP((#2468,#2447,#2473));
#2861=IFCFACEOUTERBOUND(#2860,.T.);
#2862=IFCFACE((#2861));
#2863=IFCPOLYLOOP((#2473,#2395,#2394));
#2864=IFCFACEOUTERBOUND(#2863,.T.);
#2865=IFCFACE((#2864));
#2866=IFCPOLYLOOP((#2471,#2472,#2466));
#2867=IFCFACEOUTERBOUND(#2866,.T.);
#2868=IFCFACE((#2867));
#2869=IFCPOLYLOOP((#2473,#2471,#2468));
#2870=IFCFACEOUTERBOUND(#2869,.T.);
#2871=IFCFACE((#2870));
#2872=IFCPOLYLOOP((#2392,#2472,#2393));
#2873=IFCFACEOUTERBOUND(#2872,.T.);
#2874=IFCFACE((#2873));
#2875=IFCPOLYLOOP((#2469,#2466,#2472));
#2876=IFCFACEOUTERBOUND(#2875,.T.);
#2877=IFCFACE((#2876));
#2878=IFCPOLYLOOP((#2468,#2471,#2466));
#2879=IFCFACEOUTERBOUND(#2878,.T.);
#2880=IFCFACE((#2879));
#2881=IFCPOLYLOOP((#2471,#2394,#2393));
#2882=IFCFACEOUTERBOUND(#2881,.T.);
#2883=IFCFACE((#2882));
#2884=IFCPOLYLOOP((#2474,#2472,#2392));
#2885=IFCFACEOUTERBOUND(#2884,.T.);
#2886=IFCFACE((#2885));
#2887=IFCPOLYLOOP((#2473,#2447,#2467,#2395));
#2888=IFCFACEOUTERBOUND(#2887,.T.);
#2889=IFCFACE((#2888));
#2890=IFCPOLYLOOP((#2474,#2391,#2470,#2448));
#2891=IFCFACEOUTERBOUND(#2890,.T.);
#2892=IFCFACE((#2891));
#2893=IFCPOLYLOOP((#2392,#2391,#2474));
#2894=IFCFACEOUTERBOUND(#2893,.T.);
#2895=IFCFACE((#2894));
#2896=IFCPOLYLOOP((#2471,#2393,#2472));
#2897=IFCFACEOUTERBOUND(#2896,.T.);
#2898=IFCFACE((#2897));
#2899=IFCPOLYLOOP((#2469,#2472,#2474));
#2900=IFCFACEOUTERBOUND(#2899,.T.);
#2901=IFCFACE((#2900));
#2902=IFCPOLYLOOP((#2471,#2473,#2394));
#2903=IFCFACEOUTERBOUND(#2902,.T.);
#2904=IFCFACE((#2903));
#2905=IFCPOLYLOOP((#2469,#2474,#2448));
#2906=IFCFACEOUTERBOUND(#2905,.T.);
#2907=IFCFACE((#2906));
#2908=IFCPOLYLOOP((#2482,#2480,#2439));
#2909=IFCFACEOUTERBOUND(#2908,.T.);
#2910=IFCFACE((#2909));
#2911=IFCPOLYLOOP((#2496,#2498,#2497));
#2912=IFCFACEOUTERBOUND(#2911,.T.);
#2913=IFCFACE((#2912));
#2914=IFCPOLYLOOP((#2475,#2406,#2490));
#2915=IFCFACEOUTERBOUND(#2914,.T.);
#2916=IFCFACE((#2915));
#2917=IFCPOLYLOOP((#2501,#2486,#2490));
#2918=IFCFACEOUTERBOUND(#2917,.T.);
#2919=IFCFACE((#2918));
#2920=IFCPOLYLOOP((#2500,#2481,#2488));
#2921=IFCFACEOUTERBOUND(#2920,.T.);
#2922=IFCFACE((#2921));
#2923=IFCPOLYLOOP((#2484,#2403,#2483));
#2924=IFCFACEOUTERBOUND(#2923,.T.);
#2925=IFCFACE((#2924));
#2926=IFCPOLYLOOP((#2476,#2486,#2498));
#2927=IFCFACEOUTERBOUND(#2926,.T.);
#2928=IFCFACE((#2927));
#2929=IFCPOLYLOOP((#2481,#2482,#2483));
#2930=IFCFACEOUTERBOUND(#2929,.T.);
#2931=IFCFACE((#2930));
#2932=IFCPOLYLOOP((#2488,#2487,#2477));
#2933=IFCFACEOUTERBOUND(#2932,.T.);
#2934=IFCFACE((#2933));
#2935=IFCPOLYLOOP((#2481,#2494,#2493));
#2936=IFCFACEOUTERBOUND(#2935,.T.);
#2937=IFCFACE((#2936));
#2938=IFCPOLYLOOP((#2497,#2439,#2496));
#2939=IFCFACEOUTERBOUND(#2938,.T.);
#2940=IFCFACE((#2939));
#2941=IFCPOLYLOOP((#2488,#2491,#2487));
#2942=IFCFACEOUTERBOUND(#2941,.T.);
#2943=IFCFACE((#2942));
#2944=IFCPOLYLOOP((#2495,#2404,#2478));
#2945=IFCFACEOUTERBOUND(#2944,.T.);
#2946=IFCFACE((#2945));
#2947=IFCPOLYLOOP((#2490,#2486,#2489));
#2948=IFCFACEOUTERBOUND(#2947,.T.);
#2949=IFCFACE((#2948));
#2950=IFCPOLYLOOP((#2503,#2401,#2492,#2402));
#2951=IFCFACEOUTERBOUND(#2950,.T.);
#2952=IFCFACE((#2951));
#2953=IFCPOLYLOOP((#2477,#2480,#2500));
#2954=IFCFACEOUTERBOUND(#2953,.T.);
#2955=IFCFACE((#2954));
#2956=IFCPOLYLOOP((#2482,#2497,#2479));
#2957=IFCFACEOUTERBOUND(#2956,.T.);
#2958=IFCFACE((#2957));
#2959=IFCPOLYLOOP((#2499,#2478,#2404));
#2960=IFCFACEOUTERBOUND(#2959,.T.);
#2961=IFCFACE((#2960));
#2962=IFCPOLYLOOP((#2480,#2482,#2500));
#2963=IFCFACEOUTERBOUND(#2962,.T.);
#2964=IFCFACE((#2963));
#2965=IFCPOLYLOOP((#2482,#2479,#2483));
#2966=IFCFACEOUTERBOUND(#2965,.T.);
#2967=IFCFACE((#2966));
#2968=IFCPOLYLOOP((#2498,#2496,#2476));
#2969=IFCFACEOUTERBOUND(#2968,.T.);
#2970=IFCFACE((#2969));
#2971=IFCPOLYLOOP((#2483,#2479,#2484));
#2972=IFCFACEOUTERBOUND(#2971,.T.);
#2973=IFCFACE((#2972));
#2974=IFCPOLYLOOP((#2486,#2476,#2485));
#2975=IFCFACEOUTERBOUND(#2974,.T.);
#2976=IFCFACE((#2975));
#2977=IFCPOLYLOOP((#2484,#2479,#2404));
#2978=IFCFACEOUTERBOUND(#2977,.T.);
#2979=IFCFACE((#2978));
#2980=IFCPOLYLOOP((#2489,#2485,#2438));
#2981=IFCFACEOUTERBOUND(#2980,.T.);
#2982=IFCFACE((#2981));
#2983=IFCPOLYLOOP((#2486,#2485,#2489));
#2984=IFCFACEOUTERBOUND(#2983,.T.);
#2985=IFCFACE((#2984));
#2986=IFCPOLYLOOP((#2493,#2492,#2488));
#2987=IFCFACEOUTERBOUND(#2986,.T.);
#2988=IFCFACE((#2987));
#2989=IFCPOLYLOOP((#2491,#2465,#2440));
#2990=IFCFACEOUTERBOUND(#2989,.T.);
#2991=IFCFACE((#2990));
#2992=IFCPOLYLOOP((#2488,#2492,#2491));
#2993=IFCFACEOUTERBOUND(#2992,.T.);
#2994=IFCFACE((#2993));
#2995=IFCPOLYLOOP((#2486,#2501,#2478));
#2996=IFCFACEOUTERBOUND(#2995,.T.);
#2997=IFCFACE((#2996));
#2998=IFCPOLYLOOP((#2475,#2489,#2438));
#2999=IFCFACEOUTERBOUND(#2998,.T.);
#3000=IFCFACE((#2999));
#3001=IFCPOLYLOOP((#2502,#2405,#2490,#2406));
#3002=IFCFACEOUTERBOUND(#3001,.T.);
#3003=IFCFACE((#3002));
#3004=IFCPOLYLOOP((#2490,#2489,#2475));
#3005=IFCFACEOUTERBOUND(#3004,.T.);
#3006=IFCFACE((#3005));
#3007=IFCPOLYLOOP((#2487,#2491,#2440));
#3008=IFCFACEOUTERBOUND(#3007,.T.);
#3009=IFCFACE((#3008));
#3010=IFCPOLYLOOP((#2465,#2491,#2492));
#3011=IFCFACEOUTERBOUND(#3010,.T.);
#3012=IFCFACE((#3011));
#3013=IFCPOLYLOOP((#2465,#2492,#2401));
#3014=IFCFACEOUTERBOUND(#3013,.T.);
#3015=IFCFACE((#3014));
#3016=IFCPOLYLOOP((#2493,#2402,#2492));
#3017=IFCFACEOUTERBOUND(#3016,.T.);
#3018=IFCFACE((#3017));
#3019=IFCPOLYLOOP((#2494,#2483,#2403));
#3020=IFCFACEOUTERBOUND(#3019,.T.);
#3021=IFCFACE((#3020));
#3022=IFCPOLYLOOP((#2481,#2493,#2488));
#3023=IFCFACEOUTERBOUND(#3022,.T.);
#3024=IFCFACE((#3023));
#3025=IFCPOLYLOOP((#2494,#2402,#2493));
#3026=IFCFACEOUTERBOUND(#3025,.T.);
#3027=IFCFACE((#3026));
#3028=IFCPOLYLOOP((#2494,#2481,#2483));
#3029=IFCFACEOUTERBOUND(#3028,.T.);
#3030=IFCFACE((#3029));
#3031=IFCPOLYLOOP((#2495,#2501,#2405));
#3032=IFCFACEOUTERBOUND(#3031,.T.);
#3033=IFCFACE((#3032));
#3034=IFCPOLYLOOP((#2439,#2497,#2482));
#3035=IFCFACEOUTERBOUND(#3034,.T.);
#3036=IFCFACE((#3035));
#3037=IFCPOLYLOOP((#2478,#2499,#2498));
#3038=IFCFACEOUTERBOUND(#3037,.T.);
#3039=IFCFACE((#3038));
#3040=IFCPOLYLOOP((#2479,#2497,#2499));
#3041=IFCFACEOUTERBOUND(#3040,.T.);
#3042=IFCFACE((#3041));
#3043=IFCPOLYLOOP((#2486,#2478,#2498));
#3044=IFCFACEOUTERBOUND(#3043,.T.);
#3045=IFCFACE((#3044));
#3046=IFCPOLYLOOP((#2498,#2499,#2497));
#3047=IFCFACEOUTERBOUND(#3046,.T.);
#3048=IFCFACE((#3047));
#3049=IFCPOLYLOOP((#2479,#2499,#2404));
#3050=IFCFACEOUTERBOUND(#3049,.T.);
#3051=IFCFACE((#3050));
#3052=IFCPOLYLOOP((#2477,#2500,#2488));
#3053=IFCFACEOUTERBOUND(#3052,.T.);
#3054=IFCFACE((#3053));
#3055=IFCPOLYLOOP((#2481,#2500,#2482));
#3056=IFCFACEOUTERBOUND(#3055,.T.);
#3057=IFCFACE((#3056));
#3058=IFCPOLYLOOP((#2478,#2501,#2495));
#3059=IFCFACEOUTERBOUND(#3058,.T.);
#3060=IFCFACE((#3059));
#3061=IFCPOLYLOOP((#2501,#2490,#2405));
#3062=IFCFACEOUTERBOUND(#3061,.T.);
#3063=IFCFACE((#3062));
#3064=IFCPOLYLOOP((#2520,#2521,#2418));
#3065=IFCFACEOUTERBOUND(#3064,.T.);
#3066=IFCFACE((#3065));
#3067=IFCPOLYLOOP((#2525,#2527,#2526));
#3068=IFCFACEOUTERBOUND(#3067,.T.);
#3069=IFCFACE((#3068));
#3070=IFCPOLYLOOP((#2504,#2422,#2519));
#3071=IFCFACEOUTERBOUND(#3070,.T.);
#3072=IFCFACE((#3071));
#3073=IFCPOLYLOOP((#2524,#2532,#2421));
#3074=IFCFACEOUTERBOUND(#3073,.T.);
#3075=IFCFACE((#3074));
#3076=IFCPOLYLOOP((#2519,#2516,#2518));
#3077=IFCFACEOUTERBOUND(#3076,.T.);
#3078=IFCFACE((#3077));
#3079=IFCPOLYLOOP((#2526,#2456,#2525));
#3080=IFCFACEOUTERBOUND(#3079,.T.);
#3081=IFCFACE((#3080));
#3082=IFCPOLYLOOP((#2505,#2516,#2527));
#3083=IFCFACEOUTERBOUND(#3082,.T.);
#3084=IFCFACE((#3083));
#3085=IFCPOLYLOOP((#2511,#2523,#2522));
#3086=IFCFACEOUTERBOUND(#3085,.T.);
#3087=IFCFACE((#3086));
#3088=IFCPOLYLOOP((#2529,#2506,#2510));
#3089=IFCFACEOUTERBOUND(#3088,.T.);
#3090=IFCFACE((#3089));
#3091=IFCPOLYLOOP((#2512,#2509,#2513));
#3092=IFCFACEOUTERBOUND(#3091,.T.);
#3093=IFCFACE((#3092));
#3094=IFCPOLYLOOP((#2516,#2519,#2532));
#3095=IFCFACEOUTERBOUND(#3094,.T.);
#3096=IFCFACE((#3095));
#3097=IFCPOLYLOOP((#2517,#2529,#2511));
#3098=IFCFACEOUTERBOUND(#3097,.T.);
#3099=IFCFACE((#3098));
#3100=IFCPOLYLOOP((#2522,#2521,#2517));
#3101=IFCFACEOUTERBOUND(#3100,.T.);
#3102=IFCFACE((#3101));
#3103=IFCPOLYLOOP((#2517,#2531,#2530));
#3104=IFCFACEOUTERBOUND(#3103,.T.);
#3105=IFCFACE((#3104));
#3106=IFCPOLYLOOP((#2514,#2419,#2513));
#3107=IFCFACEOUTERBOUND(#3106,.T.);
#3108=IFCFACE((#3107));
#3109=IFCPOLYLOOP((#2528,#2508,#2420));
#3110=IFCFACEOUTERBOUND(#3109,.T.);
#3111=IFCFACE((#3110));
#3112=IFCPOLYLOOP((#2512,#2526,#2509));
#3113=IFCFACEOUTERBOUND(#3112,.T.);
#3114=IFCFACE((#3113));
#3115=IFCPOLYLOOP((#2512,#2510,#2456));
#3116=IFCFACEOUTERBOUND(#3115,.T.);
#3117=IFCFACE((#3116));
#3118=IFCPOLYLOOP((#2510,#2512,#2529));
#3119=IFCFACEOUTERBOUND(#3118,.T.);
#3120=IFCFACE((#3119));
#3121=IFCPOLYLOOP((#2511,#2512,#2513));
#3122=IFCFACEOUTERBOUND(#3121,.T.);
#3123=IFCFACE((#3122));
#3124=IFCPOLYLOOP((#2524,#2420,#2508));
#3125=IFCFACEOUTERBOUND(#3124,.T.);
#3126=IFCFACE((#3125));
#3127=IFCPOLYLOOP((#2513,#2509,#2514));
#3128=IFCFACEOUTERBOUND(#3127,.T.);
#3129=IFCFACE((#3128));
#3130=IFCPOLYLOOP((#2516,#2505,#2515));
#3131=IFCFACEOUTERBOUND(#3130,.T.);
#3132=IFCFACE((#3131));
#3133=IFCPOLYLOOP((#2514,#2509,#2420));
#3134=IFCFACEOUTERBOUND(#3133,.T.);
#3135=IFCFACE((#3134));
#3136=IFCPOLYLOOP((#2518,#2515,#2455));
#3137=IFCFACEOUTERBOUND(#3136,.T.);
#3138=IFCFACE((#3137));
#3139=IFCPOLYLOOP((#2516,#2515,#2518));
#3140=IFCFACEOUTERBOUND(#3139,.T.);
#3141=IFCFACE((#3140));
#3142=IFCPOLYLOOP((#2530,#2506,#2517));
#3143=IFCFACEOUTERBOUND(#3142,.T.);
#3144=IFCFACE((#3143));
#3145=IFCPOLYLOOP((#2507,#2521,#2520));
#3146=IFCFACEOUTERBOUND(#3145,.T.);
#3147=IFCFACE((#3146));
#3148=IFCPOLYLOOP((#2516,#2532,#2508));
#3149=IFCFACEOUTERBOUND(#3148,.T.);
#3150=IFCFACE((#3149));
#3151=IFCPOLYLOOP((#2504,#2518,#2455));
#3152=IFCFACEOUTERBOUND(#3151,.T.);
#3153=IFCFACE((#3152));
#3154=IFCPOLYLOOP((#2533,#2421,#2519,#2422));
#3155=IFCFACEOUTERBOUND(#3154,.T.);
#3156=IFCFACE((#3155));
#3157=IFCPOLYLOOP((#2519,#2518,#2504));
#3158=IFCFACEOUTERBOUND(#3157,.T.);
#3159=IFCFACE((#3158));
#3160=IFCPOLYLOOP((#2520,#2417,#2507));
#3161=IFCFACEOUTERBOUND(#3160,.T.);
#3162=IFCFACE((#3161));
#3163=IFCPOLYLOOP((#2418,#2521,#2522));
#3164=IFCFACEOUTERBOUND(#3163,.T.);
#3165=IFCFACE((#3164));
#3166=IFCPOLYLOOP((#2517,#2521,#2507));
#3167=IFCFACEOUTERBOUND(#3166,.T.);
#3168=IFCFACE((#3167));
#3169=IFCPOLYLOOP((#2523,#2513,#2419));
#3170=IFCFACEOUTERBOUND(#3169,.T.);
#3171=IFCFACE((#3170));
#3172=IFCPOLYLOOP((#2511,#2522,#2517));
#3173=IFCFACEOUTERBOUND(#3172,.T.);
#3174=IFCFACE((#3173));
#3175=IFCPOLYLOOP((#2523,#2418,#2522));
#3176=IFCFACEOUTERBOUND(#3175,.T.);
#3177=IFCFACE((#3176));
#3178=IFCPOLYLOOP((#2523,#2511,#2513));
#3179=IFCFACEOUTERBOUND(#3178,.T.);
#3180=IFCFACE((#3179));
#3181=IFCPOLYLOOP((#2527,#2525,#2505));
#3182=IFCFACEOUTERBOUND(#3181,.T.);
#3183=IFCFACE((#3182));
#3184=IFCPOLYLOOP((#2456,#2526,#2512));
#3185=IFCFACEOUTERBOUND(#3184,.T.);
#3186=IFCFACE((#3185));
#3187=IFCPOLYLOOP((#2508,#2528,#2527));
#3188=IFCFACEOUTERBOUND(#3187,.T.);
#3189=IFCFACE((#3188));
#3190=IFCPOLYLOOP((#2509,#2526,#2528));
#3191=IFCFACEOUTERBOUND(#3190,.T.);
#3192=IFCFACE((#3191));
#3193=IFCPOLYLOOP((#2516,#2508,#2527));
#3194=IFCFACEOUTERBOUND(#3193,.T.);
#3195=IFCFACE((#3194));
#3196=IFCPOLYLOOP((#2527,#2528,#2526));
#3197=IFCFACEOUTERBOUND(#3196,.T.);
#3198=IFCFACE((#3197));
#3199=IFCPOLYLOOP((#2509,#2528,#2420));
#3200=IFCFACEOUTERBOUND(#3199,.T.);
#3201=IFCFACE((#3200));
#3202=IFCPOLYLOOP((#2506,#2529,#2517));
#3203=IFCFACEOUTERBOUND(#3202,.T.);
#3204=IFCFACE((#3203));
#3205=IFCPOLYLOOP((#2511,#2529,#2512));
#3206=IFCFACEOUTERBOUND(#3205,.T.);
#3207=IFCFACE((#3206));
#3208=IFCPOLYLOOP((#2457,#2530,#2531));
#3209=IFCFACEOUTERBOUND(#3208,.T.);
#3210=IFCFACE((#3209));
#3211=IFCPOLYLOOP((#2508,#2532,#2524));
#3212=IFCFACEOUTERBOUND(#3211,.T.);
#3213=IFCFACE((#3212));
#3214=IFCPOLYLOOP((#2517,#2507,#2531));
#3215=IFCFACEOUTERBOUND(#3214,.T.);
#3216=IFCFACE((#3215));
#3217=IFCPOLYLOOP((#2532,#2519,#2421));
#3218=IFCFACEOUTERBOUND(#3217,.T.);
#3219=IFCFACE((#3218));
#3220=IFCPOLYLOOP((#2390,#2540,#2538));
#3221=IFCFACEOUTERBOUND(#3220,.T.);
#3222=IFCFACE((#3221));
#3223=IFCPOLYLOOP((#2539,#2454,#2453));
#3224=IFCFACEOUTERBOUND(#3223,.T.);
#3225=IFCFACE((#3224));
#3226=IFCPOLYLOOP((#2537,#2453,#2452));
#3227=IFCFACEOUTERBOUND(#3226,.T.);
#3228=IFCFACE((#3227));
#3229=IFCPOLYLOOP((#2542,#2391,#2541,#2536));
#3230=IFCFACEOUTERBOUND(#3229,.T.);
#3231=IFCFACE((#3230));
#3232=IFCPOLYLOOP((#2450,#2538,#2451));
#3233=IFCFACEOUTERBOUND(#3232,.T.);
#3234=IFCFACE((#3233));
#3235=IFCPOLYLOOP((#2537,#2452,#2540));
#3236=IFCFACEOUTERBOUND(#3235,.T.);
#3237=IFCFACE((#3236));
#3238=IFCPOLYLOOP((#2449,#2542,#2450));
#3239=IFCFACEOUTERBOUND(#3238,.T.);
#3240=IFCFACE((#3239));
#3241=IFCPOLYLOOP((#2535,#2389,#2534));
#3242=IFCFACEOUTERBOUND(#3241,.T.);
#3243=IFCFACE((#3242));
#3244=IFCPOLYLOOP((#2390,#2535,#2540));
#3245=IFCFACEOUTERBOUND(#3244,.T.);
#3246=IFCFACE((#3245));
#3247=IFCPOLYLOOP((#2539,#2453,#2537));
#3248=IFCFACEOUTERBOUND(#3247,.T.);
#3249=IFCFACE((#3248));
#3250=IFCPOLYLOOP((#2534,#2539,#2537));
#3251=IFCFACEOUTERBOUND(#3250,.T.);
#3252=IFCFACE((#3251));
#3253=IFCPOLYLOOP((#2504,#2539,#2534));
#3254=IFCFACEOUTERBOUND(#3253,.T.);
#3255=IFCFACE((#3254));
#3256=IFCPOLYLOOP((#2542,#2448,#2470,#2391));
#3257=IFCFACEOUTERBOUND(#3256,.T.);
#3258=IFCFACE((#3257));
#3259=IFCPOLYLOOP((#2390,#2538,#2536));
#3260=IFCFACEOUTERBOUND(#3259,.T.);
#3261=IFCFACE((#3260));
#3262=IFCPOLYLOOP((#2504,#2455,#2539));
#3263=IFCFACEOUTERBOUND(#3262,.T.);
#3264=IFCFACE((#3263));
#3265=IFCPOLYLOOP((#2451,#2538,#2540));
#3266=IFCFACEOUTERBOUND(#3265,.T.);
#3267=IFCFACE((#3266));
#3268=IFCPOLYLOOP((#2423,#2534,#2389));
#3269=IFCFACEOUTERBOUND(#3268,.T.);
#3270=IFCFACE((#3269));
#3271=IFCPOLYLOOP((#2540,#2452,#2451));
#3272=IFCFACEOUTERBOUND(#3271,.T.);
#3273=IFCFACE((#3272));
#3274=IFCPOLYLOOP((#2534,#2423,#2422));
#3275=IFCFACEOUTERBOUND(#3274,.T.);
#3276=IFCFACE((#3275));
#3277=IFCPOLYLOOP((#2534,#2422,#2504));
#3278=IFCFACEOUTERBOUND(#3277,.T.);
#3279=IFCFACE((#3278));
#3280=IFCPOLYLOOP((#2537,#2540,#2535));
#3281=IFCFACEOUTERBOUND(#3280,.T.);
#3282=IFCFACE((#3281));
#3283=IFCPOLYLOOP((#2449,#2448,#2542));
#3284=IFCFACEOUTERBOUND(#3283,.T.);
#3285=IFCFACE((#3284));
#3286=IFCPOLYLOOP((#2534,#2537,#2535));
#3287=IFCFACEOUTERBOUND(#3286,.T.);
#3288=IFCFACE((#3287));
#3289=IFCPOLYLOOP((#2542,#2538,#2450));
#3290=IFCFACEOUTERBOUND(#3289,.T.);
#3291=IFCFACE((#3290));
#3292=IFCPOLYLOOP((#2454,#2539,#2455));
#3293=IFCFACEOUTERBOUND(#3292,.T.);
#3294=IFCFACE((#3293));
#3295=IFCPOLYLOOP((#2542,#2536,#2538));
#3296=IFCFACEOUTERBOUND(#3295,.T.);
#3297=IFCFACE((#3296));
#3298=IFCPOLYLOOP((#2544,#2548,#2549));
#3299=IFCFACEOUTERBOUND(#3298,.T.);
#3300=IFCFACE((#3299));
#3301=IFCPOLYLOOP((#2544,#2552,#2408));
#3302=IFCFACEOUTERBOUND(#3301,.T.);
#3303=IFCFACE((#3302));
#3304=IFCPOLYLOOP((#2545,#2436,#2550));
#3305=IFCFACEOUTERBOUND(#3304,.T.);
#3306=IFCFACE((#3305));
#3307=IFCPOLYLOOP((#2543,#2432,#2431));
#3308=IFCFACEOUTERBOUND(#3307,.T.);
#3309=IFCFACE((#3308));
#3310=IFCPOLYLOOP((#2409,#2547,#2543));
#3311=IFCFACEOUTERBOUND(#3310,.T.);
#3312=IFCFACE((#3311));
#3313=IFCPOLYLOOP((#2432,#2547,#2433));
#3314=IFCFACEOUTERBOUND(#3313,.T.);
#3315=IFCFACE((#3314));
#3316=IFCPOLYLOOP((#2547,#2432,#2543));
#3317=IFCFACEOUTERBOUND(#3316,.T.);
#3318=IFCFACE((#3317));
#3319=IFCPOLYLOOP((#2552,#2544,#2434));
#3320=IFCFACEOUTERBOUND(#3319,.T.);
#3321=IFCFACE((#3320));
#3322=IFCPOLYLOOP((#2547,#2408,#2552));
#3323=IFCFACEOUTERBOUND(#3322,.T.);
#3324=IFCFACE((#3323));
#3325=IFCPOLYLOOP((#2545,#2551,#2475));
#3326=IFCFACEOUTERBOUND(#3325,.T.);
#3327=IFCFACE((#3326));
#3328=IFCPOLYLOOP((#2434,#2544,#2435));
#3329=IFCFACEOUTERBOUND(#3328,.T.);
#3330=IFCFACE((#3329));
#3331=IFCPOLYLOOP((#2544,#2408,#2548));
#3332=IFCFACEOUTERBOUND(#3331,.T.);
#3333=IFCFACE((#3332));
#3334=IFCPOLYLOOP((#2475,#2437,#2545));
#3335=IFCFACEOUTERBOUND(#3334,.T.);
#3336=IFCFACE((#3335));
#3337=IFCPOLYLOOP((#2546,#2408,#2547,#2409));
#3338=IFCFACEOUTERBOUND(#3337,.T.);
#3339=IFCFACE((#3338));
#3340=IFCPOLYLOOP((#2544,#2549,#2550));
#3341=IFCFACEOUTERBOUND(#3340,.T.);
#3342=IFCFACE((#3341));
#3343=IFCPOLYLOOP((#2438,#2437,#2475));
#3344=IFCFACEOUTERBOUND(#3343,.T.);
#3345=IFCFACE((#3344));
#3346=IFCPOLYLOOP((#2433,#2552,#2434));
#3347=IFCFACEOUTERBOUND(#3346,.T.);
#3348=IFCFACE((#3347));
#3349=IFCPOLYLOOP((#2549,#2545,#2550));
#3350=IFCFACEOUTERBOUND(#3349,.T.);
#3351=IFCFACE((#3350));
#3352=IFCPOLYLOOP((#2549,#2551,#2545));
#3353=IFCFACEOUTERBOUND(#3352,.T.);
#3354=IFCFACE((#3353));
#3355=IFCPOLYLOOP((#2436,#2545,#2437));
#3356=IFCFACEOUTERBOUND(#3355,.T.);
#3357=IFCFACE((#3356));
#3358=IFCPOLYLOOP((#2435,#2550,#2436));
#3359=IFCFACEOUTERBOUND(#3358,.T.);
#3360=IFCFACE((#3359));
#3361=IFCPOLYLOOP((#2406,#2475,#2551));
#3362=IFCFACEOUTERBOUND(#3361,.T.);
#3363=IFCFACE((#3362));
#3364=IFCPOLYLOOP((#2548,#2407,#2549));
#3365=IFCFACEOUTERBOUND(#3364,.T.);
#3366=IFCFACE((#3365));
#3367=IFCPOLYLOOP((#2551,#2549,#2407));
#3368=IFCFACEOUTERBOUND(#3367,.T.);
#3369=IFCFACE((#3368));
#3370=IFCPOLYLOOP((#2550,#2435,#2544));
#3371=IFCFACEOUTERBOUND(#3370,.T.);
#3372=IFCFACE((#3371));
#3373=IFCPOLYLOOP((#2547,#2552,#2433));
#3374=IFCFACEOUTERBOUND(#3373,.T.);
#3375=IFCFACE((#3374));
#3376=IFCPOLYLOOP((#2543,#2431,#2556));
#3377=IFCFACEOUTERBOUND(#3376,.T.);
#3378=IFCFACE((#3377));
#3379=IFCPOLYLOOP((#2557,#2558,#2553));
#3380=IFCFACEOUTERBOUND(#3379,.T.);
#3381=IFCFACE((#3380));
#3382=IFCPOLYLOOP((#2555,#2464,#2553));
#3383=IFCFACEOUTERBOUND(#3382,.T.);
#3384=IFCFACE((#3383));
#3385=IFCPOLYLOOP((#2555,#2553,#2558));
#3386=IFCFACEOUTERBOUND(#3385,.T.);
#3387=IFCFACE((#3386));
#3388=IFCPOLYLOOP((#2410,#2561,#2560));
#3389=IFCFACEOUTERBOUND(#3388,.T.);
#3390=IFCFACE((#3389));
#3391=IFCPOLYLOOP((#2559,#2558,#2411));
#3392=IFCFACEOUTERBOUND(#3391,.T.);
#3393=IFCFACE((#3392));
#3394=IFCPOLYLOOP((#2560,#2556,#2554));
#3395=IFCFACEOUTERBOUND(#3394,.T.);
#3396=IFCFACE((#3395));
#3397=IFCPOLYLOOP((#2411,#2558,#2557));
#3398=IFCFACEOUTERBOUND(#3397,.T.);
#3399=IFCFACE((#3398));
#3400=IFCPOLYLOOP((#2560,#2558,#2559));
#3401=IFCFACEOUTERBOUND(#3400,.T.);
#3402=IFCFACE((#3401));
#3403=IFCPOLYLOOP((#2409,#2561,#2410));
#3404=IFCFACEOUTERBOUND(#3403,.T.);
#3405=IFCFACE((#3404));
#3406=IFCPOLYLOOP((#2555,#2558,#2554));
#3407=IFCFACEOUTERBOUND(#3406,.T.);
#3408=IFCFACE((#3407));
#3409=IFCPOLYLOOP((#2554,#2558,#2560));
#3410=IFCFACEOUTERBOUND(#3409,.T.);
#3411=IFCFACE((#3410));
#3412=IFCPOLYLOOP((#2410,#2560,#2559));
#3413=IFCFACEOUTERBOUND(#3412,.T.);
#3414=IFCFACE((#3413));
#3415=IFCPOLYLOOP((#2553,#2412,#2557));
#3416=IFCFACEOUTERBOUND(#3415,.T.);
#3417=IFCFACE((#3416));
#3418=IFCPOLYLOOP((#2556,#2560,#2561));
#3419=IFCFACEOUTERBOUND(#3418,.T.);
#3420=IFCFACE((#3419));
#3421=IFCPOLYLOOP((#2561,#2543,#2556));
#3422=IFCFACEOUTERBOUND(#3421,.T.);
#3423=IFCFACE((#3422));
#3424=IFCPOLYLOOP((#2543,#2561,#2409));
#3425=IFCFACEOUTERBOUND(#3424,.T.);
#3426=IFCFACE((#3425));
#3427=IFCPOLYLOOP((#2415,#2562,#2416));
#3428=IFCFACEOUTERBOUND(#3427,.T.);
#3429=IFCFACE((#3428));
#3430=IFCPOLYLOOP((#2461,#2460,#2562));
#3431=IFCFACEOUTERBOUND(#3430,.T.);
#3432=IFCFACE((#3431));
#3433=IFCPOLYLOOP((#2458,#2457,#2531,#2507,#2417));
#3434=IFCFACEOUTERBOUND(#3433,.T.);
#3435=IFCFACE((#3434));
#3436=IFCPOLYLOOP((#2417,#2562,#2458));
#3437=IFCFACEOUTERBOUND(#3436,.T.);
#3438=IFCFACE((#3437));
#3439=IFCPOLYLOOP((#2416,#2562,#2417));
#3440=IFCFACEOUTERBOUND(#3439,.T.);
#3441=IFCFACE((#3440));
#3442=IFCPOLYLOOP((#2460,#2459,#2562));
#3443=IFCFACEOUTERBOUND(#3442,.T.);
#3444=IFCFACE((#3443));
#3445=IFCPOLYLOOP((#2458,#2562,#2459));
#3446=IFCFACEOUTERBOUND(#3445,.T.);
#3447=IFCFACE((#3446));
#3448=IFCPOLYLOOP((#2562,#2415,#2414));
#3449=IFCFACEOUTERBOUND(#3448,.T.);
#3450=IFCFACE((#3449));
#3451=IFCPOLYLOOP((#2462,#2461,#2413));
#3452=IFCFACEOUTERBOUND(#3451,.T.);
#3453=IFCFACE((#3452));
#3454=IFCPOLYLOOP((#2413,#2463,#2462));
#3455=IFCFACEOUTERBOUND(#3454,.T.);
#3456=IFCFACE((#3455));
#3457=IFCPOLYLOOP((#2463,#2553,#2464));
#3458=IFCFACEOUTERBOUND(#3457,.T.);
#3459=IFCFACE((#3458));
#3460=IFCPOLYLOOP((#2413,#2461,#2414));
#3461=IFCFACEOUTERBOUND(#3460,.T.);
#3462=IFCFACE((#3461));
#3463=IFCPOLYLOOP((#2413,#2412,#2553));
#3464=IFCFACEOUTERBOUND(#3463,.T.);
#3465=IFCFACE((#3464));
#3466=IFCPOLYLOOP((#2413,#2553,#2463));
#3467=IFCFACEOUTERBOUND(#3466,.T.);
#3468=IFCFACE((#3467));
#3469=IFCPOLYLOOP((#2461,#2562,#2414));
#3470=IFCFACEOUTERBOUND(#3469,.T.);
#3471=IFCFACE((#3470));
#3472=IFCPOLYLOOP((#2536,#2535,#2390));
#3473=IFCFACEOUTERBOUND(#3472,.T.);
#3474=IFCFACE((#3473));
#3475=IFCCARTESIANPOINT((-3.8115143979640584,16.931156862761856,3.0168134359407883));
#3476=IFCCARTESIANPOINT((-3.8115143979640571,18.027156862761849,3.0168134359407803));
#3477=IFCCARTESIANPOINT((-4.9075143979639826,18.027156862761849,3.0168134359407803));
#3478=IFCCARTESIANPOINT((-4.9075143979640101,16.931156862761892,3.0168134359407883));
#3479=IFCPOLYLOOP((#3475,#3476,#3477,#3478));
#3480=IFCFACEOUTERBOUND(#3479,.T.);
#3481=IFCFACE((#3480));
#3482=IFCCARTESIANPOINT((-4.9075143979639773,16.931156862761824,2.4668137187197861));
#3483=IFCCARTESIANPOINT((-3.811514397964058,16.931156862761824,2.4668137187197861));
#3484=IFCPOLYLOOP((#3475,#3478,#3482,#3483));
#3485=IFCFACEOUTERBOUND(#3484,.T.);
#3486=IFCFACE((#3485));
#3487=IFCCARTESIANPOINT((-4.9075143979639675,18.027156862761814,2.4668137187197754));
#3488=IFCCARTESIANPOINT((-3.811514397964058,18.027156862761814,2.4668137187197754));
#3489=IFCPOLYLOOP((#3487,#3488,#3483,#3482));
#3490=IFCFACEOUTERBOUND(#3489,.T.);
#3491=IFCFACE((#3490));
#3492=IFCPOLYLOOP((#3476,#3475,#3483,#3488));
#3493=IFCFACEOUTERBOUND(#3492,.T.);
#3494=IFCFACE((#3493));
#3495=IFCPOLYLOOP((#3478,#3477,#3487,#3482));
#3496=IFCFACEOUTERBOUND(#3495,.T.);
#3497=IFCFACE((#3496));
#3498=IFCPOLYLOOP((#3477,#3476,#3488,#3487));
#3499=IFCFACEOUTERBOUND(#3498,.T.);
#3500=IFCFACE((#3499));
#3501=IFCCARTESIANPOINT((-11.431514397964058,16.931156862761856,3.0168134359407874));
#3502=IFCCARTESIANPOINT((-11.431514397964058,18.027156862761849,3.0168134359407794));
#3503=IFCCARTESIANPOINT((-12.527514397963959,18.027156862761849,3.0168134359407794));
#3504=IFCCARTESIANPOINT((-12.527514397964012,16.931156862761842,3.0168134359407874));
#3505=IFCPOLYLOOP((#3501,#3502,#3503,#3504));
#3506=IFCFACEOUTERBOUND(#3505,.T.);
#3507=IFCFACE((#3506));
#3508=IFCCARTESIANPOINT((-12.527514397963959,16.931156862761824,2.4668137187197861));
#3509=IFCCARTESIANPOINT((-11.431514397964058,16.931156862761824,2.4668137187197861));
#3510=IFCPOLYLOOP((#3501,#3504,#3508,#3509));
#3511=IFCFACEOUTERBOUND(#3510,.T.);
#3512=IFCFACE((#3511));
#3513=IFCCARTESIANPOINT((-12.527514397963959,18.027156862761814,2.4668137187197754));
#3514=IFCCARTESIANPOINT((-11.431514397964058,18.027156862761814,2.4668137187197754));
#3515=IFCPOLYLOOP((#3513,#3514,#3509,#3508));
#3516=IFCFACEOUTERBOUND(#3515,.T.);
#3517=IFCFACE((#3516));
#3518=IFCPOLYLOOP((#3502,#3501,#3509,#3514));
#3519=IFCFACEOUTERBOUND(#3518,.T.);
#3520=IFCFACE((#3519));
#3521=IFCPOLYLOOP((#3504,#3503,#3513,#3508));
#3522=IFCFACEOUTERBOUND(#3521,.T.);
#3523=IFCFACE((#3522));
#3524=IFCPOLYLOOP((#3503,#3502,#3514,#3513));
#3525=IFCFACEOUTERBOUND(#3524,.T.);
#3526=IFCFACE((#3525));
#3527=IFCCARTESIANPOINT((41.712203273651781,22.508509686099526,4.9908399409080557));
#3528=IFCCARTESIANPOINT((41.805871973189298,23.895158529420005,6.5899060368322004));
#3529=IFCCARTESIANPOINT((41.855050173104097,22.510905290242405,7.7911147200149937));
#3530=IFCCARTESIANPOINT((41.819848873779527,18.479620328042607,7.7911852548459777));
#3531=IFCCARTESIANPOINT((41.785204589643861,14.51212525422268,7.7912546735543131));
#3532=IFCCARTESIANPOINT((41.682237803858548,13.166045134054704,6.0029422810922153));
#3533=IFCCARTESIANPOINT((41.646594637963375,14.994948690579935,4.9909714199844659));
#3534=IFCCARTESIANPOINT((41.668838564942526,17.542343562978836,4.9909268433682303));
#3535=IFCCARTESIANPOINT((41.690549235373879,20.028669407556482,4.9908833353930255));
#3536=IFCCARTESIANPOINT((35.691010891298433,59.4595792771945,3.5891078742056006));
#3537=IFCCARTESIANPOINT((35.324498243506945,57.592891583405418,5.4945539371016512));
#3538=IFCCARTESIANPOINT((34.957985595715442,55.726203889616315,7.3999999999977062));
#3539=IFCCARTESIANPOINT((27.098445510816649,55.726203889616315,7.3999999999977062));
#3540=IFCCARTESIANPOINT((27.098445509156335,58.991459510764024,5.8504716874793292));
#3541=IFCCARTESIANPOINT((27.098445507496013,62.256715131911754,4.300943374960946));
#3542=IFCCARTESIANPOINT((30.944976749608351,61.004554691691602,3.9822844680340794));
#3543=IFCCARTESIANPOINT((27.098445508487021,60.307757720494827,5.2258218651238542));
#3544=IFCCARTESIANPOINT((31.408327960188412,59.267034093920408,5.4308438610405707));
#3545=IFCCARTESIANPOINT((31.028215553266048,55.726203889616315,7.3999999999977062));
#3546=IFCCARTESIANPOINT((27.098445509825641,57.675161090134992,6.4751216099166395));
#3547=IFCCARTESIANPOINT((35.176748704474086,56.840387548585483,6.26268234724321));
#3548=IFCCARTESIANPOINT((29.900213728061075,60.714561807375631,4.8977237138307359));
#3549=IFCCARTESIANPOINT((35.507754563342097,58.526235409618934,4.5418309267640549));
#3550=IFCCARTESIANPOINT((32.918314687826239,60.08477586191988,4.6105113044772787));
#3551=IFCCARTESIANPOINT((30.835322772773523,57.534655320857816,6.4258484291404834));
#3552=IFCCARTESIANPOINT((33.124819985755401,57.757450183835211,6.0069293856478625));
#3553=IFCCARTESIANPOINT((32.942966094740051,56.657512836307603,6.7625437560852459));
#3554=IFCCARTESIANPOINT((33.317993820453388,60.232066984443051,3.7856961711198402));
#3555=IFCCARTESIANPOINT((37.711088988675122,57.453210360952333,3.1914932764506672));
#3556=IFCCARTESIANPOINT((39.237001733929098,55.045436207069088,2.8348744528071608));
#3557=IFCCARTESIANPOINT((40.189475239855668,52.348527394860902,2.5881143435666831));
#3558=IFCCARTESIANPOINT((40.509454776345649,49.499999999971443,2.4999999999976499));
#3559=IFCCARTESIANPOINT((40.846822130851294,49.500000000498872,4.9499999999977016));
#3560=IFCCARTESIANPOINT((41.184189485356931,49.500000001026294,7.399999999997755));
#3561=IFCCARTESIANPOINT((41.090676107276444,50.57504509893392,7.3999999999973767));
#3562=IFCCARTESIANPOINT((40.809637745229232,51.626918427295529,7.3999999999965249));
#3563=IFCCARTESIANPOINT((40.350884995268203,52.611631556199001,7.399999999997922));
#3564=IFCCARTESIANPOINT((39.728975590791094,53.500408646885106,7.3999999999976644));
#3565=IFCCARTESIANPOINT((38.962766435762582,54.267320557539357,7.3999999999978012));
#3566=IFCCARTESIANPOINT((38.069996007650658,54.892680787059582,7.3999999999977693));
#3567=IFCCARTESIANPOINT((37.085601108036236,55.351398730801357,7.3999999999977444));
#3568=IFCCARTESIANPOINT((36.032516618912652,55.632780605505495,7.3999999999977524));
#3569=IFCCARTESIANPOINT((38.568808320613783,55.079970196390747,5.9940038231091703));
#3570=IFCCARTESIANPOINT((41.035334342793746,49.500000000793591,6.3189970682996881));
#3571=IFCCARTESIANPOINT((38.487767863727228,55.809143746779448,4.3471953340839669));
#3572=IFCCARTESIANPOINT((40.658309922066877,49.500000000204153,3.5810029546297737));
#3573=IFCCARTESIANPOINT((40.286986102043855,52.489981504706464,4.3373378253826251));
#3574=IFCCARTESIANPOINT((39.856509167329321,53.581195645117283,3.5211989361491396));
#3575=IFCCARTESIANPOINT((40.299710467783797,52.617062552004342,5.4046754220093662));
#3576=IFCCARTESIANPOINT((40.281414914716166,52.72420912526205,6.4054940813076664));
#3577=IFCCARTESIANPOINT((38.883349487668625,55.030246324717375,5.1268322909723976));
#3578=IFCCARTESIANPOINT((35.14124191961119,56.659547736510874,6.4472769685496774));
#3579=IFCCARTESIANPOINT((40.508822157637347,-0.,2.4999999999980074));
#3580=IFCCARTESIANPOINT((40.846505821430831,2.1784007277300875E-007,4.9500000000071971));
#3581=IFCCARTESIANPOINT((41.184189485356931,-4.3575587624911086E-007,7.399999999998113));
#3582=IFCCARTESIANPOINT((40.500259115001555,24.75000011345282,2.5000000000058664));
#3583=IFCCARTESIANPOINT((41.184189485356931,24.749999782635214,7.3999999999979336));
#3584=IFCCARTESIANPOINT((40.503640441904587,33.850796384099517,2.5000000000028453));
#3585=IFCCARTESIANPOINT((41.225074117279092,-0.,8.1799262201780731));
#3586=IFCCARTESIANPOINT((41.265958749201253,-0.,8.9598524403580377));
#3587=IFCCARTESIANPOINT((41.265958856063747,49.497556502478247,8.9598544788951937));
#3588=IFCCARTESIANPOINT((41.22507417007678,49.497578477931256,8.1799272273605848));
#3589=IFCCARTESIANPOINT((34.957985595715442,55.809159750951018,8.9828921291729085));
#3590=IFCCARTESIANPOINT((36.798829306575179,60.931480798787412,13.55861806864934));
#3591=IFCCARTESIANPOINT((32.290345669713759,63.379412563948158,14.436215835759096));
#3592=IFCCARTESIANPOINT((27.098445510815811,64.126722712613201,14.742918605697353));
#3593=IFCCARTESIANPOINT((27.098445510816234,59.967925152919179,11.862605693594166));
#3594=IFCCARTESIANPOINT((27.098445510816649,55.809127593225128,8.9822927814909725));
#3595=IFCCARTESIANPOINT((31.028215553243136,55.809144060362193,8.9825927349033101));
#3596=IFCCARTESIANPOINT((29.912478542032662,63.721677280585212,14.576684337133306));
#3597=IFCCARTESIANPOINT((30.640195565255457,59.767413538622016,11.781422516288567));
#3598=IFCCARTESIANPOINT((35.8784074511453,58.370320274869187,11.270755098911103));
#3599=IFCCARTESIANPOINT((32.817288616933013,55.809151203683442,8.9827290375921116));
#3600=IFCCARTESIANPOINT((34.330433702273858,62.271723881705377,14.039103004419545));
#3601=IFCCARTESIANPOINT((33.58402456903513,59.150761157968859,11.539396165128776));
#3602=IFCCARTESIANPOINT((41.11670390295275,50.895263505106904,9.0903217050539347));
#3603=IFCCARTESIANPOINT((40.649163544658805,52.233724271144993,9.0694453762211946));
#3604=IFCCARTESIANPOINT((39.895049221793357,53.433602494889698,9.046884185415367));
#3605=IFCCARTESIANPOINT((38.899283128404036,54.430373705715006,9.0387002459212535));
#3606=IFCCARTESIANPOINT((37.699476531488386,55.184841414649291,9.0247686761124566));
#3607=IFCCARTESIANPOINT((36.362767417591826,55.651877728845982,9.0033271609764345));
#3608=IFCCARTESIANPOINT((34.957985595715449,55.76768182028362,8.1914460645853033));
#3609=IFCCARTESIANPOINT((40.092916022088097,53.096457342112878,8.2191169346508843));
#3610=IFCCARTESIANPOINT((37.606043013038764,55.181534209094337,8.2039328882854665));
#3611=IFCCARTESIANPOINT((42.566569837312763,49.500000001026329,3.171005320758657));
#3612=IFCCARTESIANPOINT((42.56657004430717,24.750009048925115,3.1710073905050726));
#3613=IFCCARTESIANPOINT((42.566569837312748,-0.,3.1710053207590079));
#3614=IFCCARTESIANPOINT((42.195843570536852,-0.,2.8355026603785065));
#3615=IFCCARTESIANPOINT((41.825117303760941,-0.,2.4999999999980074));
#3616=IFCCARTESIANPOINT((41.825117303760848,49.499999999971457,2.4999999999976499));
#3617=IFCCARTESIANPOINT((42.195843570536809,49.500000000498879,2.8355026603781552));
#3618=IFCCARTESIANPOINT((41.825117303760898,24.749999999973102,2.4999999999978284));
#3619=IFCCARTESIANPOINT((42.566569954996524,35.42874119314758,3.1710064974838339));
#3620=IFCCARTESIANPOINT((41.825117303760877,37.124999999972282,2.4999999999977391));
#3621=IFCCARTESIANPOINT((41.825117303760862,42.46437076530885,2.4999999999977005));
#3622=IFCCARTESIANPOINT((42.566569954996417,14.071258134626346,3.1710064974830683));
#3623=IFCCARTESIANPOINT((41.825117303760919,12.374999999973925,2.4999999999979177));
#3624=IFCCARTESIANPOINT((41.825117303760905,18.562499999973511,2.4999999999978728));
#3625=IFCCARTESIANPOINT((41.825117303760933,7.0356292346373577,2.4999999999979563));
#3626=IFCCARTESIANPOINT((42.566569896154576,7.0356290673005484,3.1710059091210381));
#3627=IFCCARTESIANPOINT((41.825117303760884,30.937499999972683,2.4999999999977836));
#3628=IFCCARTESIANPOINT((42.566569999651847,30.089375121036348,3.171006943994453));
#3629=IFCCARTESIANPOINT((42.56656989615464,42.464370597086948,3.1710059091212455));
#3630=IFCCARTESIANPOINT((42.566569999651797,19.410633591775731,3.1710069439940702));
#3631=IFCCARTESIANPOINT((27.098445510816948,64.355810846032753,5.5355916570870907));
#3632=IFCCARTESIANPOINT((31.882500339248924,63.754448338585,5.3490777702807453));
#3633=IFCCARTESIANPOINT((36.173661581696351,61.702671260009069,4.7542271461806047));
#3634=IFCCARTESIANPOINT((39.585279772807198,58.421231706727767,4.0100705159584118));
#3635=IFCCARTESIANPOINT((41.79661463574255,54.217159211548179,3.4013803807418914));
#3636=IFCCARTESIANPOINT((41.092071673169379,54.025286571822939,2.7227367692059525));
#3637=IFCCARTESIANPOINT((38.987384010154024,58.054553466233642,3.3015368406371652));
#3638=IFCCARTESIANPOINT((35.737787890494936,61.198864623208365,4.009523638645927));
#3639=IFCCARTESIANPOINT((31.637554054958343,63.163874179180141,4.5717132292741303));
#3640=IFCCARTESIANPOINT((27.098445510816632,63.73130511777461,4.7525013290271749));
#3641=IFCCARTESIANPOINT((27.098445510816791,64.043557981903675,5.1440464930571403));
#3642=IFCCARTESIANPOINT((33.949912969932804,62.621646839607983,4.7092210164759933));
#3643=IFCCARTESIANPOINT((30.318929974384673,63.8027510551346,5.0679476657211113));
#3644=IFCCARTESIANPOINT((37.736761087843561,59.989100170459409,4.0204512250954973));
#3645=IFCCARTESIANPOINT((40.534636326456763,56.25879548003946,3.3247793460079094));
#3646=IFCCARTESIANPOINT((41.841956087123378,52.69534464856644,2.9424921001547686));
#3647=IFCCARTESIANPOINT((43.19946930523664,49.500002982556417,9.4999999999976517));
#3648=IFCCARTESIANPOINT((42.883019571272129,49.500001491864545,6.3355026603784026));
#3649=IFCCARTESIANPOINT((27.098445510791798,64.676822944581957,9.1206265166354026));
#3650=IFCCARTESIANPOINT((27.098445557192903,65.00003163216752,12.705355175849556));
#3651=IFCCARTESIANPOINT((32.071545940017728,64.370722589488494,12.438561108395929));
#3652=IFCCARTESIANPOINT((36.558494521007418,62.217030723386955,11.627666619800845));
#3653=IFCCARTESIANPOINT((40.097153912288299,58.801588565001261,10.623587619631598));
#3654=IFCCARTESIANPOINT((42.396451470520155,54.424126016445193,9.8114248191963345));
#3655=IFCCARTESIANPOINT((34.177049421132587,63.227473709168059,8.6165632858149959));
#3656=IFCCARTESIANPOINT((41.070847991578901,56.687826766178489,6.9393126916740391));
#3657=IFCCARTESIANPOINT((38.211941599113402,60.535600506955845,8.4186905338240763));
#3658=IFCCARTESIANPOINT((27.098445524727268,64.773890994033366,10.197214591547004));
#3659=IFCCARTESIANPOINT((30.73304853326394,64.41945857503913,9.5443921514158241));
#3660=IFCCARTESIANPOINT((27.098445510799351,64.579737902296401,8.0438485393178762));
#3661=IFCCARTESIANPOINT((31.905655938502473,63.948133812523345,7.4693631942697731));
#3662=IFCCARTESIANPOINT((34.621396056871468,62.807683088805753,6.5931844237060622));
#3663=IFCCARTESIANPOINT((37.371489479776159,61.021476574833585,6.5032637209686364));
#3664=IFCCARTESIANPOINT((39.463656385984336,58.961769130012271,6.5404582204391577));
#3665=IFCCARTESIANPOINT((33.004115521965467,63.890147831320974,10.517431111603377));
#3666=IFCCARTESIANPOINT((35.727641130037853,62.555304494608954,9.9425943228813907));
#3667=IFCCARTESIANPOINT((42.502017805220781,53.231806827149761,7.32814042061778));
#3668=IFCCARTESIANPOINT((42.476418787111861,52.349146306487278,5.0863862225906997));
#3669=IFCCARTESIANPOINT((43.199469305216866,24.747888236815257,9.5000000000475602));
#3670=IFCCARTESIANPOINT((43.199469305236654,-0.,9.4999999999980069));
#3671=IFCCARTESIANPOINT((42.883019575655254,9.5028287832764784E-009,6.3355027041840444));
#3672=IFCCARTESIANPOINT((42.743294312868201,22.499505411946874,4.9382500619103293));
#3673=IFCCARTESIANPOINT((42.743188491139811,20.013440219870542,4.9371918258004248));
#3674=IFCCARTESIANPOINT((42.74308236614695,17.520248058336268,4.9361305562440707));
#3675=IFCCARTESIANPOINT((42.742973685414455,14.967018243911058,4.9350437306511425));
#3676=IFCCARTESIANPOINT((42.845722844658923,13.150570275702865,5.9625353118932489));
#3677=IFCCARTESIANPOINT((43.022285160950865,14.501322140445673,7.7281584811768242));
#3678=IFCCARTESIANPOINT((43.022454076200681,18.469619809107286,7.7298476631610988));
#3679=IFCCARTESIANPOINT((43.02262566398683,22.500709123477744,7.7315635729544834));
#3680=IFCCARTESIANPOINT((42.901812241603942,23.8870635605576,6.5234293585769896));
#3681=IFCCARTESIANPOINT((43.199469305226749,12.373944118395029,9.5000000000227836));
#3682=IFCCARTESIANPOINT((42.566569940809956,12.375004524449956,3.1710063556320427));
#3683=IFCCARTESIANPOINT((43.199469305229542,40.611088373701534,9.5000000000155751));
#3684=IFCCARTESIANPOINT((42.56656991140882,40.640451474410732,3.1710060616485642));
#3685=IFCCARTESIANPOINT((42.887747951726269,36.687109635745536,6.3827864827237359));
#3686=IFCCARTESIANPOINT((13.549222755414485,55.809128361761914,8.9822931877654284));
#3687=IFCCARTESIANPOINT((0.,55.809128374037158,8.9822934219910131));
#3688=IFCCARTESIANPOINT((0.,55.767666131826722,8.1911467109943619));
#3689=IFCCARTESIANPOINT((0.,55.726203889616293,7.3999999999977089));
#3690=IFCCARTESIANPOINT((27.098445510816649,55.767666114019761,8.1911463712172541));
#3691=IFCCARTESIANPOINT((39.093229139501624,58.637593448932819,12.905774108829425));
#3692=IFCCARTESIANPOINT((40.832042414232092,55.8827223087169,12.321822798482028));
#3693=IFCCARTESIANPOINT((41.922039320397673,52.783159021519729,11.923463635340728));
#3694=IFCCARTESIANPOINT((42.297115301732049,49.500000436748046,11.775261799156127));
#3695=IFCCARTESIANPOINT((42.748292303483325,49.500001709657553,10.637630899576488));
#3696=IFCCARTESIANPOINT((27.09456164961529,64.560313635022467,13.722755580259982));
#3697=IFCCARTESIANPOINT((40.521488007539752,57.373810927492698,11.466715270579115));
#3698=IFCCARTESIANPOINT((34.315846736914622,63.035267874228161,13.085591711123108));
#3699=IFCCARTESIANPOINT((41.78163022804172,54.327215851986892,11.357637987648667));
#3700=IFCCARTESIANPOINT((42.613861369299038,49.500001330386411,10.976594951364989));
#3701=IFCCARTESIANPOINT((42.060612778242998,54.459199257553387,10.595100049385101));
#3702=IFCCARTESIANPOINT((38.302434162650144,60.401046962246433,11.82031843052515));
#3703=IFCCARTESIANPOINT((38.291696953259212,59.966572796033326,12.523305020681763));
#3704=IFCCARTESIANPOINT((40.253791577433518,57.341370763800747,12.09041591085885));
#3705=IFCCARTESIANPOINT((35.901814353689296,61.883519882874332,13.233500665575237));
#3706=IFCCARTESIANPOINT((34.544620691305333,62.155521149655065,13.997451248783287));
#3707=IFCCARTESIANPOINT((40.997338150048193,57.063453683027255,10.755301875757416));
#3708=IFCCARTESIANPOINT((30.808381691627776,64.355794635983429,13.311541484281616));
#3709=IFCCARTESIANPOINT((30.034642537544705,64.175465484483539,14.100376441635737));
#3710=IFCCARTESIANPOINT((42.973880804359979,49.50000234610696,10.068815449787071));
#3711=IFCCARTESIANPOINT((42.297115301446581,-0.,11.775261799876303));
#3712=IFCCARTESIANPOINT((42.74829230374295,-0.,10.637630898925117));
#3713=IFCCARTESIANPOINT((41.166969730699151,-0.,2.4999999999980074));
#3714=IFCCARTESIANPOINT((41.167286040053249,49.499999999971479,2.4999999999976499));
#3715=IFCCARTESIANPOINT((41.781537025466655,49.500000218883756,10.367557119756906));
#3716=IFCCARTESIANPOINT((41.781537025566003,-0.,10.367557120028511));
#3717=IFCCARTESIANPOINT((39.133464843863358,56.200676502397663,10.873851634763803));
#3718=IFCCARTESIANPOINT((41.257586419429742,52.661072641056265,10.517819507939747));
#3719=IFCCARTESIANPOINT((27.098620713887264,62.995903698172725,4.5205335105226689));
#3720=IFCCARTESIANPOINT((37.246545688068807,59.034191839859076,3.4966989625383915));
#3721=IFCCARTESIANPOINT((40.290032351819235,54.243326125588645,2.7439720702368202));
#3722=IFCCARTESIANPOINT((30.521136054344268,61.142527456803911,4.0173967820029137));
#3723=IFCCARTESIANPOINT((33.298631237225216,61.837205246654058,4.1832444904002513));
#3724=IFCCARTESIANPOINT((40.760994783968378,49.499999999971465,2.4999999999976481));
#3725=IFCCARTESIANPOINT((36.980664223312694,58.751079482410361,3.4378721182794005));
#3726=IFCCARTESIANPOINT((34.615375204200305,60.697004535368713,3.88121784642891));
#3727=IFCCARTESIANPOINT((38.871528519896124,56.714772679782868,3.0678762651333993));
#3728=IFCCARTESIANPOINT((39.442579135327286,56.641731572454283,3.056589069240097));
#3729=IFCCARTESIANPOINT((40.811621815271216,51.750647679880174,2.55462637589258));
#3730=IFCCARTESIANPOINT((41.172071952061927,52.193559091564907,2.5784416926915426));
#3731=IFCCARTESIANPOINT((32.097584780296145,61.890796043636421,4.197777014263119));
#3732=IFCCARTESIANPOINT((30.270835272220719,62.75299756432895,4.4454933208796916));
#3733=IFCCARTESIANPOINT((27.098533110691641,62.626309415042243,4.4107384427418079));
#3734=IFCCARTESIANPOINT((27.098533112351944,63.363604407973668,4.6365174197749219));
#3735=IFCCARTESIANPOINT((28.920709804670302,63.503505071012448,4.6799223863271502));
#3736=IFCCARTESIANPOINT((29.607924427957208,62.425741766385542,4.349111804991928));
#3737=IFCCARTESIANPOINT((33.106073472821357,60.301053366999227,3.803252328104259));
#3738=IFCCARTESIANPOINT((35.650318756222156,60.726660760117156,3.8883397845147138));
#3739=IFCCARTESIANPOINT((40.539880563704941,54.541345635970693,2.77596869306401));
#3740=IFCCARTESIANPOINT((35.691010891298433,-59.459579277245012,3.5891078742064599));
#3741=IFCCARTESIANPOINT((27.09844550749601,-62.256715131962238,4.3009433749618449));
#3742=IFCCARTESIANPOINT((27.098445509156335,-58.991459510814494,5.8504716874801792));
#3743=IFCCARTESIANPOINT((27.098445510816649,-55.726203889666735,7.3999999999985127));
#3744=IFCCARTESIANPOINT((34.957985595715449,-55.726203889666742,7.39999999999851));
#3745=IFCCARTESIANPOINT((35.324498243506945,-57.592891583455888,5.4945539371024852));
#3746=IFCCARTESIANPOINT((30.944976749608351,-61.004554691742094,3.9822844680349596));
#3747=IFCCARTESIANPOINT((27.098445508487021,-60.307757720545297,5.2258218651247264));
#3748=IFCCARTESIANPOINT((31.408327960188412,-59.267034093970864,5.4308438610414269));
#3749=IFCCARTESIANPOINT((31.028215553266048,-55.726203889666742,7.3999999999985109));
#3750=IFCCARTESIANPOINT((27.098445509825641,-57.675161090185441,6.4751216099174735));
#3751=IFCCARTESIANPOINT((35.17674870250076,-56.840387538585539,6.2626823575031008));
#3752=IFCCARTESIANPOINT((29.900213728061075,-60.714561807426101,4.8977237138316134));
#3753=IFCCARTESIANPOINT((35.507754563342097,-58.526235409669432,4.5418309267648995));
#3754=IFCCARTESIANPOINT((32.918314687826239,-60.084775861970364,4.6105113044781474));
#3755=IFCCARTESIANPOINT((30.835322772773523,-57.534655320908264,6.425848429141312));
#3756=IFCCARTESIANPOINT((33.124819985755401,-57.757450183885659,6.0069293856486965));
#3757=IFCCARTESIANPOINT((32.942966094740051,-56.657512836358023,6.7625437560860666));
#3758=IFCCARTESIANPOINT((33.317993820453395,-60.232066984493557,3.7856961711207102));
#3759=IFCCARTESIANPOINT((36.03251661891278,-55.632780605555936,7.3999999999985002));
#3760=IFCCARTESIANPOINT((37.085601108036087,-55.351398730851884,7.3999999999985153));
#3761=IFCCARTESIANPOINT((38.069996007650658,-54.892680787110052,7.3999999999984656));
#3762=IFCCARTESIANPOINT((38.962766435762568,-54.267320557589883,7.3999999999983981));
#3763=IFCCARTESIANPOINT((39.72897559079113,-53.50040864693554,7.3999999999982471));
#3764=IFCCARTESIANPOINT((40.350884995268181,-52.611631556249435,7.3999999999979114));
#3765=IFCCARTESIANPOINT((40.809637745229317,-51.62691842734607,7.3999999999988919));
#3766=IFCCARTESIANPOINT((41.090676107276479,-50.57504509898434,7.3999999999984967));
#3767=IFCCARTESIANPOINT((41.184189485356931,-49.500000001076721,7.3999999999984682));
#3768=IFCCARTESIANPOINT((40.846822130851294,-49.500000000549349,4.9499999999984174));
#3769=IFCCARTESIANPOINT((40.509454776345649,-49.500000000021977,2.499999999998364));
#3770=IFCCARTESIANPOINT((40.189475239855668,-52.348527394911422,2.5881143435673879));
#3771=IFCCARTESIANPOINT((39.237001733929098,-55.045436207119579,2.8348744528079304));
#3772=IFCCARTESIANPOINT((37.711088988675129,-57.453210361002839,3.1914932764514958));
#3773=IFCCARTESIANPOINT((38.568808320612789,-55.079970196442098,5.9940038231101047));
#3774=IFCCARTESIANPOINT((41.035334342793739,-49.500000000844025,6.3189970683004022));
#3775=IFCCARTESIANPOINT((38.487767863727349,-55.809143746829797,4.3471953340848026));
#3776=IFCCARTESIANPOINT((40.658309928822831,-49.500000000254673,3.581003003692949));
#3777=IFCCARTESIANPOINT((40.286986102043883,-52.489981504756919,4.3373378253834103));
#3778=IFCCARTESIANPOINT((39.856509167329357,-53.581195645167696,3.521198936149899));
#3779=IFCCARTESIANPOINT((40.299710467783697,-52.617062552055089,5.4046754220104001));
#3780=IFCCARTESIANPOINT((40.281414914714951,-52.724209125314907,6.4054940813081815));
#3781=IFCCARTESIANPOINT((38.883349487668575,-55.030246324767866,5.126832290973292));
#3782=IFCCARTESIANPOINT((35.14124191961119,-56.659547736561308,6.447276968550498));
#3783=IFCCARTESIANPOINT((0.,-55.726203889666735,7.3999999999985127));
#3784=IFCCARTESIANPOINT((0.,-62.26007995598092,4.3018258362955262));
#3785=IFCCARTESIANPOINT((0.,-58.993141922823824,5.8509129181470199));
#3786=IFCCARTESIANPOINT((13.101367972817412,-55.726203889666735,7.3999999999985127));
#3787=IFCCARTESIANPOINT((13.101369231050528,-62.258453154109425,4.3013991899861859));
#3788=IFCCARTESIANPOINT((13.549223409061842,-57.811897224433281,6.4106292285260755));
#3789=IFCCARTESIANPOINT((13.54922278777833,-59.655906390508648,5.5359039078090708));
#3790=IFCCARTESIANPOINT((40.500259115001555,-24.750000113503347,2.500000000006223));
#3791=IFCCARTESIANPOINT((41.184189485356931,-24.749999782685656,7.3999999999982906));
#3792=IFCCARTESIANPOINT((40.503640441904587,-33.850796384150073,2.5000000000033329));
#3793=IFCCARTESIANPOINT((41.22507417007678,-49.497578477981712,8.1799272273612971));
#3794=IFCCARTESIANPOINT((41.265958749201253,-49.500000001069928,8.959852440358393));
#3795=IFCCARTESIANPOINT((34.957985595715442,-55.809159751001431,8.9828921291737132));
#3796=IFCCARTESIANPOINT((31.02821555324314,-55.809144060412621,8.9825927349041201));
#3797=IFCCARTESIANPOINT((27.098445510816642,-55.809127593275541,8.9822927814917755));
#3798=IFCCARTESIANPOINT((27.098445510816227,-59.967925152969528,11.862605693595027));
#3799=IFCCARTESIANPOINT((27.098445510815807,-64.126722712663522,14.742918605698282));
#3800=IFCCARTESIANPOINT((32.290346128917676,-63.379412411296371,14.436215774965182));
#3801=IFCCARTESIANPOINT((36.798829306575179,-60.931480798837754,13.558618068650221));
#3802=IFCCARTESIANPOINT((29.912478531331448,-63.721677235235354,14.576684319518108));
#3803=IFCCARTESIANPOINT((30.640195791208885,-59.767413645005846,11.781422600028133));
#3804=IFCCARTESIANPOINT((35.878407451145307,-58.370320274919571,11.270755098911945));
#3805=IFCCARTESIANPOINT((32.817288616890252,-55.809151203733862,8.9827290375929163));
#3806=IFCCARTESIANPOINT((34.330433723572995,-62.271723923094861,14.039103015928262));
#3807=IFCCARTESIANPOINT((33.584024568994415,-59.150761158007199,11.539396165116509));
#3808=IFCCARTESIANPOINT((34.957985595715442,-55.767681820334076,8.1914460645861098));
#3809=IFCCARTESIANPOINT((36.362767417591833,-55.651877728896423,9.003327160977241));
#3810=IFCCARTESIANPOINT((37.699476531488372,-55.184841414699733,9.0247686761132968));
#3811=IFCCARTESIANPOINT((38.899283128404022,-54.43037370576544,9.0387002459220707));
#3812=IFCCARTESIANPOINT((39.895049221793364,-53.433602494940125,9.0468841854161646));
#3813=IFCCARTESIANPOINT((40.649163544658805,-52.233724271195399,9.0694453762219851));
#3814=IFCCARTESIANPOINT((41.116703902952729,-50.89526350515731,9.090321705054631));
#3815=IFCCARTESIANPOINT((40.092916022090712,-53.096457342159603,8.2191169346515327));
#3816=IFCCARTESIANPOINT((37.606043013039155,-55.181534209144594,8.2039328882862534));
#3817=IFCCARTESIANPOINT((42.56656983731277,-49.500000001076792,3.1710053207593702));
#3818=IFCCARTESIANPOINT((42.195843570536809,-49.500000000549377,2.8355026603788693));
#3819=IFCCARTESIANPOINT((41.825117303760848,-49.50000000002197,2.4999999999983635));
#3820=IFCCARTESIANPOINT((42.56657004430717,-24.75000904892936,3.171007390505439));
#3821=IFCCARTESIANPOINT((41.825117303760898,-24.750000000023608,2.4999999999981855));
#3822=IFCCARTESIANPOINT((42.566569954996524,-35.428741193225179,3.1710064974843499));
#3823=IFCCARTESIANPOINT((41.825117303760877,-37.125000000022787,2.4999999999982747));
#3824=IFCCARTESIANPOINT((41.825117303760862,-42.464370765380302,2.4999999999983129));
#3825=IFCCARTESIANPOINT((42.566569954996417,-14.071258134620173,3.1710064974832766));
#3826=IFCCARTESIANPOINT((41.825117303760919,-12.375000000024432,2.4999999999980962));
#3827=IFCCARTESIANPOINT((41.825117303760905,-18.56250000002402,2.4999999999981406));
#3828=IFCCARTESIANPOINT((41.825117303760933,-7.0356292346669074,2.499999999998058));
#3829=IFCCARTESIANPOINT((42.566569896154576,-7.0356290673227129,3.1710059091211429));
#3830=IFCCARTESIANPOINT((41.825117303760884,-30.937500000023203,2.4999999999982303));
#3831=IFCCARTESIANPOINT((42.566569999651847,-30.089375121077271,3.1710069439948945));
#3832=IFCCARTESIANPOINT((42.566569896154647,-42.464370597150982,3.1710059091218596));
#3833=IFCCARTESIANPOINT((42.566569999651797,-19.410633591774772,3.171006943994358));
#3834=IFCCARTESIANPOINT((27.098445510816948,-64.355810846083187,5.5355916570880188));
#3835=IFCCARTESIANPOINT((27.098445510816791,-64.043557981954152,5.1440464930580569));
#3836=IFCCARTESIANPOINT((27.098445510816632,-63.731305117825102,4.7525013290280933));
#3837=IFCCARTESIANPOINT((31.637554054957743,-63.163874179227818,4.5717132292714862));
#3838=IFCCARTESIANPOINT((35.737787890494445,-61.198864623256917,4.0095236386446));
#3839=IFCCARTESIANPOINT((38.987384010154535,-58.054553466283394,3.3015368406378371));
#3840=IFCCARTESIANPOINT((41.092071673169521,-54.025286571873004,2.7227367692066884));
#3841=IFCCARTESIANPOINT((41.796649950227625,-54.217053850644326,3.4013699269984592));
#3842=IFCCARTESIANPOINT((39.58528938100276,-58.421218914924438,4.0100680748307562));
#3843=IFCCARTESIANPOINT((36.173670326439058,-61.702665201974071,4.7542255442909251));
#3844=IFCCARTESIANPOINT((31.882505511129406,-63.754446824710783,5.3490773022458438));
#3845=IFCCARTESIANPOINT((33.949920278785427,-62.621643868731816,4.7092205974788923));
#3846=IFCCARTESIANPOINT((30.318930835053823,-63.802751054080353,5.0679478105191702));
#3847=IFCCARTESIANPOINT((37.736760719084167,-59.989099826068063,4.0204506820670911));
#3848=IFCCARTESIANPOINT((40.534670054892572,-56.258743036277195,3.324776724838467));
#3849=IFCCARTESIANPOINT((41.841956306386024,-52.695327240897768,2.9424876450706354));
#3850=IFCCARTESIANPOINT((0.,-63.729771091093859,4.7520088321764602));
#3851=IFCCARTESIANPOINT((0.,-62.996802866474866,4.5207884615372365));
#3852=IFCCARTESIANPOINT((27.098619559256552,-62.995903693883029,4.5205335239679068));
#3853=IFCCARTESIANPOINT((12.918780085822879,-63.730502415478455,4.7522436227114575));
#3854=IFCCARTESIANPOINT((13.549222704810745,-62.258397543976884,4.3013846056321592));
#3855=IFCCARTESIANPOINT((6.4593899411773492,-62.259277891137998,4.3016154861552076));
#3856=IFCCARTESIANPOINT((20.639055467911344,-63.7309394556328,4.7523839337605853));
#3857=IFCCARTESIANPOINT((20.639055566330981,-62.257517196803605,4.301153725105924));
#3858=IFCCARTESIANPOINT((6.4593900429175974,-63.73013675328616,4.7521262274439593));
#3859=IFCCARTESIANPOINT((9.6890845992087993,-62.996481886399494,4.5206974675460723));
#3860=IFCCARTESIANPOINT((15.707854741775417,-63.015416384528756,4.5265054760286567));
#3861=IFCCARTESIANPOINT((3.2296949705948319,-62.259678923559129,4.30172066122618));
#3862=IFCCARTESIANPOINT((4.8445422447988928,-62.884554717565891,4.4865668854880791));
#3863=IFCCARTESIANPOINT((3.2296950214649542,-63.729953922190006,4.7520675298102102));
#3864=IFCCARTESIANPOINT((4.8445422900055686,-63.335602163674601,4.6259954320660306));
#3865=IFCCARTESIANPOINT((23.868750489363983,-63.73112228672894,4.7524426313943353));
#3866=IFCCARTESIANPOINT((22.253902168025913,-63.108284560417339,4.5551023671109689));
#3867=IFCCARTESIANPOINT((27.098548129101207,-63.29771529285788,4.6157340115881427));
#3868=IFCCARTESIANPOINT((23.868750536913495,-62.257116164382474,4.3010485500349516));
#3869=IFCCARTESIANPOINT((22.253902674029536,-62.655564703103849,4.417743408142071));
#3870=IFCCARTESIANPOINT((17.094139135570867,-62.257957370390244,4.3012691653690425));
#3871=IFCCARTESIANPOINT((19.122068014339874,-62.882248930183835,4.4858819251596733));
#3872=IFCCARTESIANPOINT((16.778917776867111,-63.730720935555638,4.7523137782360223));
#3873=IFCCARTESIANPOINT((18.216419778901976,-63.320408234100896,4.6212180517556245));
#3874=IFCCARTESIANPOINT((15.321680482944091,-62.601410516726418,4.4016396747572433));
#3875=IFCCARTESIANPOINT((11.972583873985794,-62.661500794305731,4.4194943009255665));
#3876=IFCCARTESIANPOINT((10.004306274050629,-62.258837717563516,4.3015000458952777));
#3877=IFCCARTESIANPOINT((12.689284614906084,-63.058111937285695,4.5396226396271482));
#3878=IFCCARTESIANPOINT((9.6890850643702393,-63.7303195843823,4.7521849250777084));
#3879=IFCCARTESIANPOINT((43.19946930523664,-49.500002982606809,9.4999999999983675));
#3880=IFCCARTESIANPOINT((42.396451470520191,-54.424126016495507,9.811424819197077));
#3881=IFCCARTESIANPOINT((40.097153912286537,-58.801588565053997,10.623587619633057));
#3882=IFCCARTESIANPOINT((36.558494521004349,-62.217030723439493,11.627666619802467));
#3883=IFCCARTESIANPOINT((32.071545940017408,-64.370722589538957,12.438561108397026));
#3884=IFCCARTESIANPOINT((27.098445510627666,-65.000041304713179,12.705462454170817));
#3885=IFCCARTESIANPOINT((27.098445510791802,-64.676822944643305,9.1206265166353511));
#3886=IFCCARTESIANPOINT((42.883019571272129,-49.500001491914986,6.3355026603791149));
#3887=IFCCARTESIANPOINT((34.325048861165165,-63.154295916923942,8.5700176709611515));
#3888=IFCCARTESIANPOINT((41.051147000896357,-56.719980232708807,6.9239969786829469));
#3889=IFCCARTESIANPOINT((38.147310275325822,-60.422955090497737,7.0830660660828446));
#3890=IFCCARTESIANPOINT((30.895802204996489,-64.427607270412295,9.9840236917770326));
#3891=IFCCARTESIANPOINT((30.023140548018148,-64.360852965479154,7.5825507561941423));
#3892=IFCCARTESIANPOINT((42.348511615879637,-53.137558725786427,5.5954086632424831));
#3893=IFCCARTESIANPOINT((42.688427267313635,-52.605960408510072,7.6934684875343384));
#3894=IFCCARTESIANPOINT((39.508231590063581,-59.218721329383918,8.6193623199331419));
#3895=IFCCARTESIANPOINT((37.065134623280962,-61.595331187081108,9.3245777300173032));
#3896=IFCCARTESIANPOINT((43.199469305216873,-24.747888240550289,9.5000000000479368));
#3897=IFCCARTESIANPOINT((43.199469305229577,-8.8564185872592525,9.5000000000158753));
#3898=IFCCARTESIANPOINT((42.56656991140882,-40.640451494177569,3.1710060616491602));
#3899=IFCCARTESIANPOINT((27.098445510816649,-55.767666114070202,8.1911463712180552));
#3900=IFCCARTESIANPOINT((0.,-55.767666131877164,8.1911467109951648));
#3901=IFCCARTESIANPOINT((0.,-55.809128374087571,8.9822934219918178));
#3902=IFCCARTESIANPOINT((13.549222755414485,-55.809128361812327,8.9822931877662242));
#3903=IFCCARTESIANPOINT((27.094561495047611,-64.560313635073371,13.722755580261161));
#3904=IFCCARTESIANPOINT((42.748292303483325,-49.500001709701401,10.637630899577205));
#3905=IFCCARTESIANPOINT((42.297115301732049,-49.500000436798445,11.775261799156844));
#3906=IFCCARTESIANPOINT((41.922069010651718,-52.783029958037694,11.923452338665856));
#3907=IFCCARTESIANPOINT((40.831994270334839,-55.882821586739034,12.321839925113));
#3908=IFCCARTESIANPOINT((39.093262567311257,-58.637551593448727,12.905763604349744));
#3909=IFCCARTESIANPOINT((38.399181480947817,-60.101022108237295,12.113434734465173));
#3910=IFCCARTESIANPOINT((41.812832213092705,-54.640377849472884,11.059201932300271));
#3911=IFCCARTESIANPOINT((34.096446451871593,-63.176507257123745,13.051554792111057));
#3912=IFCCARTESIANPOINT((38.186524939277703,-59.963608812460528,12.723940247172594));
#3913=IFCCARTESIANPOINT((40.264772753710176,-57.566804855163838,11.804224888949687));
#3914=IFCCARTESIANPOINT((35.612257580866675,-62.079100032416839,13.283025270065931));
#3915=IFCCARTESIANPOINT((40.863820658324521,-57.161141318237291,10.947220369022149));
#3916=IFCCARTESIANPOINT((32.964034063676955,-63.401400438737888,13.774730772599135));
#3917=IFCCARTESIANPOINT((30.690409836831599,-64.277436915894285,13.553424690252838));
#3918=IFCCARTESIANPOINT((29.694395767812821,-63.750062815826908,14.588256855132773));
#3919=IFCCARTESIANPOINT((27.097035902219371,-64.280247939968675,14.371023182889971));
#3920=IFCCARTESIANPOINT((29.846816921867006,-64.192777924046354,14.136965838377272));
#3921=IFCCARTESIANPOINT((42.649624067413328,-52.454714722762297,10.270548265754408));
#3922=IFCCARTESIANPOINT((36.60845957174687,-61.850611707335894,12.222344024523839));
#3923=IFCCARTESIANPOINT((41.167286040053249,-49.500000000021984,2.4999999999983635));
#3924=IFCCARTESIANPOINT((41.781537025466655,-49.500000218934169,10.36755711975762));
#3925=IFCCARTESIANPOINT((39.13346256217924,-56.200672686939512,10.873846467595795));
#3926=IFCCARTESIANPOINT((41.257585564839211,-52.661079430582156,10.517822643101148));
#3927=IFCCARTESIANPOINT((37.136801799677592,-59.135558463215283,3.5182566166023772));
#3928=IFCCARTESIANPOINT((40.349031857935458,-54.077540301797676,2.7271294612651054));
#3929=IFCCARTESIANPOINT((30.295817405646897,-61.215875385308443,4.0360628969486259));
#3930=IFCCARTESIANPOINT((33.361331051023626,-61.856354372468523,4.188580619870387));
#3931=IFCCARTESIANPOINT((36.929995826786175,-58.792434388376719,3.446372701925513));
#3932=IFCCARTESIANPOINT((38.868668360944021,-56.72928260136522,3.0701800680289346));
#3933=IFCCARTESIANPOINT((34.538645178273349,-60.756690374347421,3.8962455164508869));
#3934=IFCCARTESIANPOINT((31.697920434739469,-62.06624385512378,4.2470226342756625));
#3935=IFCCARTESIANPOINT((30.263326663302998,-62.852549703237969,4.4751978930230383));
#3936=IFCCARTESIANPOINT((39.600728547208298,-56.406028286048851,3.0201991753834032));
#3937=IFCCARTESIANPOINT((32.993414148472674,-60.337727331276717,3.8125853855775431));
#3938=IFCCARTESIANPOINT((37.362585950322448,-59.626709044769491,3.6555302396408558));
#3939=IFCCARTESIANPOINT((36.350212710895136,-60.288326961234027,3.7803085000577767));
#3940=IFCCARTESIANPOINT((38.175540479349287,-58.502757060998228,3.3877777686753792));
#3941=IFCCARTESIANPOINT((27.098533110188495,-62.626309650849862,4.410738514938922));
#3942=IFCCARTESIANPOINT((13.549240976130164,64.120700775220413,14.74032674192309));
#3943=IFCCARTESIANPOINT((0.,64.120690442479273,14.740350659256459));
#3944=IFCCARTESIANPOINT((0.,59.96490952968081,11.861321909933494));
#3945=IFCCARTESIANPOINT((8.2860212796730881,64.120696761454113,14.740336032641315));
#3946=IFCCARTESIANPOINT((-0.,62.260079955928987,4.3018258363008988));
#3947=IFCCARTESIANPOINT((-0.,62.996802866423941,4.5207884615386424));
#3948=IFCCARTESIANPOINT((0.,63.729771091043389,4.7520088321755383));
#3949=IFCCARTESIANPOINT((12.91878008582248,63.730502415427985,4.75224362271054));
#3950=IFCCARTESIANPOINT((13.549222753641672,62.258397543920246,4.3013846056304885));
#3951=IFCCARTESIANPOINT((6.4593900339314247,62.25927789107552,4.3016154861541054));
#3952=IFCCARTESIANPOINT((20.639055467911543,63.73093945558233,4.7523839337596705));
#3953=IFCCARTESIANPOINT((20.639055473351924,62.257517196764958,4.3011537251068725));
#3954=IFCCARTESIANPOINT((6.4593900429173967,63.730136753235683,4.7521262274430391));
#3955=IFCCARTESIANPOINT((9.6890845992085008,62.99648188633995,4.5206974675433873));
#3956=IFCCARTESIANPOINT((15.707854741806315,63.015416384475564,4.5265054760270136));
#3957=IFCCARTESIANPOINT((3.2296949679160205,62.259678923508339,4.3017206612290959));
#3958=IFCCARTESIANPOINT((4.8445422445736694,62.884554717501707,4.4865668854850069));
#3959=IFCCARTESIANPOINT((3.2296950214648548,63.729953922139536,4.7520675298092891));
#3960=IFCCARTESIANPOINT((4.8445422900054202,63.335602163616869,4.6259954320637515));
#3961=IFCCARTESIANPOINT((23.868750489364089,63.73112228667847,4.7524426313934205));
#3962=IFCCARTESIANPOINT((22.253902168026137,63.108284488512041,4.5551023449034727));
#3963=IFCCARTESIANPOINT((23.868750539367323,62.25711616433216,4.301048550031882));
#3964=IFCCARTESIANPOINT((22.253902674029643,62.65556466465511,4.417743396705017));
#3965=IFCCARTESIANPOINT((17.09413916244015,62.257957370336527,4.3012691653670867));
#3966=IFCCARTESIANPOINT((19.122067920373105,62.882248875005388,4.48588190843126));
#3967=IFCCARTESIANPOINT((16.778917776867011,63.730720935505147,4.7523137782351048));
#3968=IFCCARTESIANPOINT((18.216420125117601,63.320408224730031,4.6212180488247752));
#3969=IFCCARTESIANPOINT((15.321680482859721,62.601410516674321,4.4016396747561064));
#3970=IFCCARTESIANPOINT((11.972583873956207,62.661500794252625,4.41949430092484));
#3971=IFCCARTESIANPOINT((10.004306344843192,62.258837717503965,4.3015000458938912));
#3972=IFCCARTESIANPOINT((12.689284614917602,63.058111937234194,4.5396226396264305));
#3973=IFCCARTESIANPOINT((9.6890850643699391,63.730319584331831,4.7521849250767891));
#3974=IFCCARTESIANPOINT((-0.,64.041594729521407,5.1428616732777312));
#3975=IFCCARTESIANPOINT((0.,64.353417864908238,5.5337149157455965));
#3976=IFCCARTESIANPOINT((13.549222925469417,64.353418560744814,5.5337226001358406));
#3977=IFCCARTESIANPOINT((13.549222755414471,63.730538104408986,4.7522550806013593));
#3978=IFCCARTESIANPOINT((21.896006571434896,63.731010610829649,4.7524067780390968));
#3979=IFCCARTESIANPOINT((20.32383421814318,64.354614703388776,5.5346571286114656));
#3980=IFCCARTESIANPOINT((5.2024389393940469,63.730065597988322,4.7521033831636217));
#3981=IFCCARTESIANPOINT((6.7746114627408707,64.353418212826526,5.5337187579407185));
#3982=IFCCARTESIANPOINT((17.722614663424682,63.73077435761931,4.7523309293202276));
#3983=IFCCARTESIANPOINT((9.3758308474042575,63.730301851198661,4.75217923188249));
#3984=IFCCARTESIANPOINT((13.549165971135293,65.,12.705014149551811));
#3985=IFCCARTESIANPOINT((1.1081804720111387E-009,65.000007075424605,12.70499777201737));
#3986=IFCCARTESIANPOINT((-7.8056683987257139E-007,64.560348758927404,13.722674215625275));
#3987=IFCCARTESIANPOINT((7.813464735719843,65.000002995189504,12.705007216531376));
#3988=IFCCARTESIANPOINT((10.720440835208322,64.561256742928819,13.720572506438046));
#3989=IFCCARTESIANPOINT((19.229270285001459,64.999963952540838,12.705097588491514));
#3990=IFCCARTESIANPOINT((16.407380083847904,64.693996521160571,13.413319941516002));
#3991=IFCCARTESIANPOINT((20.323843191419062,64.120706997763762,14.740312338611266));
#3992=IFCCARTESIANPOINT((22.132037854162036,64.723271704991191,13.345556717544955));
#3993=IFCCARTESIANPOINT((19.743927122728611,64.436188970604832,14.010066690823928));
#3994=IFCCARTESIANPOINT((6.7746204880694059,64.120695608822331,14.740338700576839));
#3995=IFCCARTESIANPOINT((14.981588569683215,64.441391923602936,13.998023423353379));
#3996=IFCCARTESIANPOINT((11.250933674203839,64.32365847075495,14.270540869486904));
#3997=IFCCARTESIANPOINT((6.2437478581725321,64.410976163340351,14.068426737856022));
#3998=IFCCARTESIANPOINT((6.0084679865439119,64.71409064087365,13.366808112843968));
#3999=IFCCARTESIANPOINT((0.,64.676708023640217,9.1193544363624213));
#4000=IFCCARTESIANPOINT((0.,-64.999998179441846,12.704993957309375));
#4001=IFCCARTESIANPOINT((0.,-64.676708023690665,9.1193544363633485));
#4002=IFCCARTESIANPOINT((0.,-64.353417867944898,5.5337149154772813));
#4003=IFCCARTESIANPOINT((13.5492228349596,-64.353418560811704,5.5337226001241211));
#4004=IFCCARTESIANPOINT((13.549165928660589,-65.,12.705014149552646));
#4005=IFCCARTESIANPOINT((0.,-64.120690442474583,14.74035065923152));
#4006=IFCCARTESIANPOINT((-7.8056682751609372E-007,-64.560348758975238,13.722674215625116));
#4007=IFCCARTESIANPOINT((13.54924013072406,-64.120700775271359,14.740326741922535));
#4008=IFCCARTESIANPOINT((7.4329721616196069,-64.120696110939392,14.740337538444662));
#4009=IFCCARTESIANPOINT((10.451426609760667,-64.561342806020505,13.720373296426599));
#4010=IFCCARTESIANPOINT((19.643995819772247,-64.999961320633929,12.705103680679958));
#4011=IFCCARTESIANPOINT((16.615584534893326,-64.678352272805299,13.449531659735708));
#4012=IFCCARTESIANPOINT((20.323842768716016,-64.120706997814395,14.740312338611449));
#4013=IFCCARTESIANPOINT((22.216534157213502,-64.719827109071943,13.353529918638927));
#4014=IFCCARTESIANPOINT((20.073863322457015,-64.432194313855916,14.019313116896338));
#4015=IFCCARTESIANPOINT((14.872177104491264,-64.404258276318046,14.083976620947652));
#4016=IFCCARTESIANPOINT((10.73517635860059,-64.313798816593533,14.293362996248122));
#4017=IFCCARTESIANPOINT((5.2502149630886139,-64.420222682516027,14.047023833943866));
#4018=IFCCARTESIANPOINT((6.7745829637885135,-65.000003537749762,12.70500596078548));
#4019=IFCCARTESIANPOINT((4.6043308213234919,-64.721899571049434,13.348732794018792));
#4020=IFCCARTESIANPOINT((10.161874446224555,-65.000001768887174,12.705010055169062));
#4021=IFCCARTESIANPOINT((-0.,-64.041594729571912,5.1428616732786647));
#4022=IFCCARTESIANPOINT((13.549222755414473,-63.730538104459484,4.7522550806022785));
#4023=IFCCARTESIANPOINT((21.896006571435738,-63.731010610880126,4.7524067780400161));
#4024=IFCCARTESIANPOINT((20.323834172889011,-64.354614703439239,5.5346571286124249));
#4025=IFCCARTESIANPOINT((5.202438939393212,-63.730065598038827,4.7521033831645418));
#4026=IFCCARTESIANPOINT((6.7746114174867005,-64.353418212876988,5.5337187579416778));
#4027=IFCCARTESIANPOINT((17.722614663425102,-63.730774357669802,4.7523309293211478));
#4028=IFCCARTESIANPOINT((9.3758308474038436,-63.730301851249145,4.7521792318834102));
#4029=IFCCARTESIANPOINT((0.,-59.964909529731166,11.861321909934356));
#4030=IFCCARTESIANPOINT((8.2860212796730508,-64.120696761505229,14.740336032640426));
#4031=IFCCARTESIANPOINT((-35.691010891273805,59.4595792771945,3.5891078742056011));
#4032=IFCCARTESIANPOINT((-27.098445507471382,62.256715131911747,4.300943374960946));
#4033=IFCCARTESIANPOINT((-27.098445509131707,58.991459510764024,5.8504716874793292));
#4034=IFCCARTESIANPOINT((-27.098445510792022,55.726203889616315,7.3999999999977062));
#4035=IFCCARTESIANPOINT((-34.957985595690822,55.726203889616308,7.3999999999977168));
#4036=IFCCARTESIANPOINT((-35.324498243482324,57.592891583405411,5.494553937101661));
#4037=IFCCARTESIANPOINT((-30.944976749583724,61.004554691691595,3.9822844680340794));
#4038=IFCCARTESIANPOINT((-27.098445508462394,60.307757720494827,5.2258218651238577));
#4039=IFCCARTESIANPOINT((-31.408327960163803,59.267034093920415,5.4308438610405751));
#4040=IFCCARTESIANPOINT((-31.02821555324142,55.726203889616308,7.3999999999977115));
#4041=IFCCARTESIANPOINT((-27.098445509801017,57.675161090134992,6.4751216099166378));
#4042=IFCCARTESIANPOINT((-35.176748704449466,56.840387548585483,6.2626823472432198));
#4043=IFCCARTESIANPOINT((-29.900213728036451,60.714561807375631,4.8977237138307377));
#4044=IFCCARTESIANPOINT((-35.507754567378065,58.526235430299955,4.5418309056536312));
#4045=IFCCARTESIANPOINT((-32.918314687801619,60.08477586191988,4.6105113044772805));
#4046=IFCCARTESIANPOINT((-30.835322772748885,57.534655320857809,6.4258484291404843));
#4047=IFCCARTESIANPOINT((-33.124819985730774,57.757450183835196,6.0069293856478696));
#4048=IFCCARTESIANPOINT((-32.942966094715409,56.657512836307589,6.762543756085261));
#4049=IFCCARTESIANPOINT((-33.317993820428768,60.232066984443051,3.7856961711198402));
#4050=IFCCARTESIANPOINT((-36.032516618888152,55.632780605505467,7.3999999999977613));
#4051=IFCCARTESIANPOINT((-37.085601108011446,55.351398730801378,7.399999999997843));
#4052=IFCCARTESIANPOINT((-38.069996007626017,54.892680787059632,7.3999999999976644));
#4053=IFCCARTESIANPOINT((-38.962766435737876,54.267320557539421,7.3999999999978048));
#4054=IFCCARTESIANPOINT((-39.728975590766439,53.500408646885106,7.3999999999976476));
#4055=IFCCARTESIANPOINT((-40.350884995243526,52.611631556199058,7.3999999999977568));
#4056=IFCCARTESIANPOINT((-40.809637745204576,51.626918427295614,7.3999999999967834));
#4057=IFCCARTESIANPOINT((-41.090676107251838,50.575045098933934,7.3999999999977009));
#4058=IFCCARTESIANPOINT((-41.184189485332297,49.500000001026294,7.3999999999977559));
#4059=IFCCARTESIANPOINT((-40.846822130826659,49.500000000498872,4.9499999999977016));
#4060=IFCCARTESIANPOINT((-40.509454776321014,49.499999999971443,2.4999999999976503));
#4061=IFCCARTESIANPOINT((-40.189475239831033,52.348527394860902,2.5881143435666853));
#4062=IFCCARTESIANPOINT((-39.237001733904464,55.045436207069088,2.8348744528071608));
#4063=IFCCARTESIANPOINT((-37.711088988650495,57.453210360952333,3.1914932764506672));
#4064=IFCCARTESIANPOINT((-38.568808320590364,55.079970196389709,5.9940038231088231));
#4065=IFCCARTESIANPOINT((-41.035334340633369,49.500000000793577,6.3189970527897001));
#4066=IFCCARTESIANPOINT((-38.487767863702615,55.809143746779455,4.3471953340839624));
#4067=IFCCARTESIANPOINT((-40.658309922042243,49.500000000204153,3.5810029546297741));
#4068=IFCCARTESIANPOINT((-40.28698610201922,52.489981504706456,4.3373378253826198));
#4069=IFCCARTESIANPOINT((-39.856509167304679,53.581195645117283,3.5211989361491396));
#4070=IFCCARTESIANPOINT((-40.299710467759375,52.617062552003787,5.4046754220090651));
#4071=IFCCARTESIANPOINT((-40.281414914692256,52.724209125260586,6.4054940813074293));
#4072=IFCCARTESIANPOINT((-38.883349487644615,55.030246324716686,5.126832290972148));
#4073=IFCCARTESIANPOINT((-35.14124191958657,56.659547736510874,6.4472769685496765));
#4074=IFCCARTESIANPOINT((-40.508822157612713,-0.,2.4999999999980074));
#4075=IFCCARTESIANPOINT((-40.50025911497692,24.75000011345282,2.5000000000058664));
#4076=IFCCARTESIANPOINT((-41.184189485332297,4.3570543899113247E-007,7.3999999999981112));
#4077=IFCCARTESIANPOINT((-40.846505821406197,2.1784007277300875E-007,4.9500000000071971));
#4078=IFCCARTESIANPOINT((-41.184189485332297,24.750000218365876,7.3999999999979327));
#4079=IFCCARTESIANPOINT((-40.503640441879959,33.850796384099517,2.5000000000028453));
#4080=IFCCARTESIANPOINT((-41.225074170052146,49.497578477931256,8.179927227360583));
#4081=IFCCARTESIANPOINT((-41.265958749176619,49.500000001019536,8.9598524403576807));
#4082=IFCCARTESIANPOINT((-41.265958749176619,-0.,8.9598524403580377));
#4083=IFCCARTESIANPOINT((-41.225074117254458,-0.,8.1799262201780731));
#4084=IFCCARTESIANPOINT((-34.957985595690815,55.809159750951018,8.9828921291729085));
#4085=IFCCARTESIANPOINT((-31.028215553218509,55.809144060362193,8.9825927349033101));
#4086=IFCCARTESIANPOINT((-27.098445510792025,55.809127593225142,8.9822927814909814));
#4087=IFCCARTESIANPOINT((-27.098445510791606,59.967925152919179,11.862605693594166));
#4088=IFCCARTESIANPOINT((-27.09844551079118,64.126722712613201,14.742918605697355));
#4089=IFCCARTESIANPOINT((-32.290346128892082,63.379412411246363,14.436215774964408));
#4090=IFCCARTESIANPOINT((-36.798829306550552,60.931480798787405,13.55861806864934));
#4091=IFCCARTESIANPOINT((-29.912478531306842,63.721677235185133,14.576684319517232));
#4092=IFCCARTESIANPOINT((-30.640195791183782,59.767413644955248,11.781422600027092));
#4093=IFCCARTESIANPOINT((-35.878407451120687,58.370320274869215,11.270755098911124));
#4094=IFCCARTESIANPOINT((-32.817288616865618,55.809151203683435,8.9827290375921098));
#4095=IFCCARTESIANPOINT((-34.330433723548325,62.271723923044426,14.039103015927346));
#4096=IFCCARTESIANPOINT((-33.584024568969788,59.150761157956822,11.539396165115662));
#4097=IFCCARTESIANPOINT((-34.957985595690829,55.76768182028362,8.1914460645853033));
#4098=IFCCARTESIANPOINT((-36.362767417567213,55.651877728845996,9.0033271609764558));
#4099=IFCCARTESIANPOINT((-37.699476531463787,55.184841414649298,9.0247686761124886));
#4100=IFCCARTESIANPOINT((-38.89928312837943,54.430373705715006,9.0387002459213157));
#4101=IFCCARTESIANPOINT((-39.89504922176873,53.433602494889698,9.046884185415399));
#4102=IFCCARTESIANPOINT((-40.649163544634177,52.233724271144965,9.0694453762211413));
#4103=IFCCARTESIANPOINT((-41.116703902928101,50.895263505106854,9.0903217050539027));
#4104=IFCCARTESIANPOINT((-40.092916022064138,53.096457342111925,8.2191169346508861));
#4105=IFCCARTESIANPOINT((-37.60604301301548,55.181534209093712,8.2039328882854754));
#4106=IFCCARTESIANPOINT((-42.566569837288135,49.500000001026301,3.1710053207586562));
#4107=IFCCARTESIANPOINT((-42.195843570512174,49.500000000498879,2.8355026603781552));
#4108=IFCCARTESIANPOINT((-41.825117303736214,49.499999999971479,2.4999999999976499));
#4109=IFCCARTESIANPOINT((-41.825117303736306,-0.,2.4999999999980074));
#4110=IFCCARTESIANPOINT((-42.19584357051221,-0.,2.8355026603785065));
#4111=IFCCARTESIANPOINT((-42.566569837288114,-0.,3.1710053207590079));
#4112=IFCCARTESIANPOINT((-42.566570044282535,24.750009048925115,3.1710073905050726));
#4113=IFCCARTESIANPOINT((-41.825117303736263,24.74999999997311,2.4999999999978284));
#4114=IFCCARTESIANPOINT((-42.566569954971889,35.428741193147559,3.1710064974838339));
#4115=IFCCARTESIANPOINT((-41.825117303736242,37.124999999972296,2.4999999999977391));
#4116=IFCCARTESIANPOINT((-41.825117303736228,42.464370765308871,2.4999999999977005));
#4117=IFCCARTESIANPOINT((-42.566569954971783,14.071258134626346,3.1710064974830683));
#4118=IFCCARTESIANPOINT((-41.825117303736285,12.374999999973925,2.4999999999979177));
#4119=IFCCARTESIANPOINT((-41.82511730373627,18.562499999973522,2.4999999999978728));
#4120=IFCCARTESIANPOINT((-41.825117303736299,7.0356292346373586,2.4999999999979563));
#4121=IFCCARTESIANPOINT((-42.566569896129941,7.0356290673005466,3.1710059091210381));
#4122=IFCCARTESIANPOINT((-41.825117303736249,30.937499999972705,2.499999999997784));
#4123=IFCCARTESIANPOINT((-42.566569999627212,30.089375121036333,3.171006943994453));
#4124=IFCCARTESIANPOINT((-42.566569896130012,42.464370597086933,3.171005909121245));
#4125=IFCCARTESIANPOINT((-42.566569999627163,19.410633591775731,3.1710069439940707));
#4126=IFCCARTESIANPOINT((-27.09844551079232,64.355810846032739,5.5355916570870818));
#4127=IFCCARTESIANPOINT((-27.098445510792164,64.043557981903675,5.1440464930571403));
#4128=IFCCARTESIANPOINT((-27.098445510792004,63.731305117774617,4.752501329027174));
#4129=IFCCARTESIANPOINT((-31.637554054933723,63.163874179180155,4.5717132292741827));
#4130=IFCCARTESIANPOINT((-35.737787890470322,61.198864623208394,4.0095236386459723));
#4131=IFCCARTESIANPOINT((-38.987384010129375,58.054553466233642,3.3015368406371679));
#4132=IFCCARTESIANPOINT((-41.092071673144744,54.025286571822939,2.7227367692059534));
#4133=IFCCARTESIANPOINT((-41.79664995020363,54.21705385059186,3.4013699269974573));
#4134=IFCCARTESIANPOINT((-39.58528938097961,58.421218914871936,4.0100680748295101));
#4135=IFCCARTESIANPOINT((-36.173670326417884,61.702665201921185,4.7542255442894046));
#4136=IFCCARTESIANPOINT((-31.882505511107599,63.75444682465951,5.349077302244706));
#4137=IFCCARTESIANPOINT((-33.949920278764381,62.621643868680877,4.7092205974789278));
#4138=IFCCARTESIANPOINT((-30.318930835022105,63.80275105403279,5.0679478105206401));
#4139=IFCCARTESIANPOINT((-37.736760719066346,59.989099826012001,4.0204506820656105));
#4140=IFCCARTESIANPOINT((-40.534670054869075,56.2587430362248,3.3247767248374802));
#4141=IFCCARTESIANPOINT((-41.841956306361354,52.695327240846943,2.9424876450697659));
#4142=IFCCARTESIANPOINT((-43.199469305212006,49.500002982556403,9.4999999999976517));
#4143=IFCCARTESIANPOINT((-42.396451470495663,54.424126016444738,9.8114248191962208));
#4144=IFCCARTESIANPOINT((-40.097153912263586,58.801588565001381,10.623587619631657));
#4145=IFCCARTESIANPOINT((-36.558494520983153,62.217030723386721,11.627666619800786));
#4146=IFCCARTESIANPOINT((-32.0715459399932,64.370722589488494,12.438561108396007));
#4147=IFCCARTESIANPOINT((-27.098445510603039,65.00004130466283,12.705462454169874));
#4148=IFCCARTESIANPOINT((-27.098445510767174,64.676822944581943,9.1206265166354008));
#4149=IFCCARTESIANPOINT((-42.883019571247495,49.500001491864545,6.3355026603784035));
#4150=IFCCARTESIANPOINT((-34.325048861144715,63.154295916881466,8.5700176709570162));
#4151=IFCCARTESIANPOINT((-41.051147000880881,56.71998023263378,6.9239969786763771));
#4152=IFCCARTESIANPOINT((-38.147310275319391,60.42295509045649,7.0830660662488967));
#4153=IFCCARTESIANPOINT((-30.895802204965854,64.427607270341568,9.9840236916427614));
#4154=IFCCARTESIANPOINT((-30.023140547672853,64.360852965460708,7.5825507560684864));
#4155=IFCCARTESIANPOINT((-42.348511615863849,53.13755872573978,5.5954086633535978));
#4156=IFCCARTESIANPOINT((-42.688427267354015,52.605960408184053,7.6934684876110691));
#4157=IFCCARTESIANPOINT((-39.508231590213207,59.218721329123397,8.6193623198670526));
#4158=IFCCARTESIANPOINT((-37.06513462386139,61.59533118658787,9.3245777301204331));
#4159=IFCCARTESIANPOINT((-42.88301957563062,9.5028287832769814E-009,6.3355027041840444));
#4160=IFCCARTESIANPOINT((-43.199469305212013,-0.,9.4999999999980069));
#4161=IFCCARTESIANPOINT((-43.199469305192231,24.747888236818593,9.5000000000475602));
#4162=IFCCARTESIANPOINT((-43.199469305204936,8.8564186069225528,9.5000000000157421));
#4163=IFCCARTESIANPOINT((-42.566569911384185,40.640451474410455,3.1710060616485722));
#4164=IFCCARTESIANPOINT((-27.098445510792022,55.767666114019761,8.1911463712172541));
#4165=IFCCARTESIANPOINT((-13.549222755389854,55.809128361761914,8.9822931877654284));
#4166=IFCCARTESIANPOINT((-27.094561608458008,64.560313635020975,13.722755580259337));
#4167=IFCCARTESIANPOINT((-42.74829230345869,49.500001709657553,10.637630899576488));
#4168=IFCCARTESIANPOINT((-42.297115301707407,49.500000436748067,11.775261799156128));
#4169=IFCCARTESIANPOINT((-41.922069010627091,52.78302995798731,11.923452338665079));
#4170=IFCCARTESIANPOINT((-40.831994270310226,55.882821586688721,12.321839925112172));
#4171=IFCCARTESIANPOINT((-39.093262567286622,58.637551593398378,12.905763604348913));
#4172=IFCCARTESIANPOINT((-38.399181481763598,60.101022107284834,12.113434734305375));
#4173=IFCCARTESIANPOINT((-41.812832213462777,54.640377848298307,11.059201932177601));
#4174=IFCCARTESIANPOINT((-34.096446450591607,63.176507257324644,13.051554793031366));
#4175=IFCCARTESIANPOINT((-38.186524939623695,59.963608811994497,12.723940247133715));
#4176=IFCCARTESIANPOINT((-40.264772754198077,57.566804854245518,11.80422488885127));
#4177=IFCCARTESIANPOINT((-35.612257582572603,62.079100031277591,13.283025269684995));
#4178=IFCCARTESIANPOINT((-40.863820659205338,57.161141316715202,10.94722036860705));
#4179=IFCCARTESIANPOINT((-32.964034068408694,63.40140043657378,13.77473077253865));
#4180=IFCCARTESIANPOINT((-30.690409891270107,64.277436902259794,13.553424691734151));
#4181=IFCCARTESIANPOINT((-29.694395767787711,63.75006281577673,14.588256855131931));
#4182=IFCCARTESIANPOINT((-27.097035943357874,64.28024794030263,14.371023181997433));
#4183=IFCCARTESIANPOINT((-29.846816952718623,64.192777918581271,14.136965838777279));
#4184=IFCCARTESIANPOINT((-42.649624067653932,52.454714721686194,10.270548265520155));
#4185=IFCCARTESIANPOINT((-36.608459571094308,61.850611707578167,12.222344024983936));
#4186=IFCCARTESIANPOINT((-42.748292303718316,-0.,10.637630898925117));
#4187=IFCCARTESIANPOINT((-42.297115301421947,-0.,11.775261799876303));
#4188=IFCCARTESIANPOINT((-41.167286040028614,49.499999999971479,2.4999999999976499));
#4189=IFCCARTESIANPOINT((-41.166969730674509,-0.,2.4999999999980074));
#4190=IFCCARTESIANPOINT((-41.781537025541361,-0.,10.367557120028511));
#4191=IFCCARTESIANPOINT((-41.78153702544202,49.500000218883756,10.367557119756906));
#4192=IFCCARTESIANPOINT((-39.133462562154541,56.200672686889213,10.873846467594998));
#4193=IFCCARTESIANPOINT((-41.257585564814555,52.661079430531736,10.517822643100327));
#4194=IFCCARTESIANPOINT((-27.098620713864772,62.995903698172718,4.5205335105226556));
#4195=IFCCARTESIANPOINT((-37.136801799673719,59.135558463146594,3.5182566165976499));
#4196=IFCCARTESIANPOINT((-40.34903185796427,54.077540301755086,2.7271294612651098));
#4197=IFCCARTESIANPOINT((-30.295817405622625,61.215875385257846,4.0360628969477128));
#4198=IFCCARTESIANPOINT((-33.361331050957368,61.856354372389369,4.1885806198614999));
#4199=IFCCARTESIANPOINT((-36.929995826767424,58.792434388312898,3.4463727019219514));
#4200=IFCCARTESIANPOINT((-38.868668360963277,56.729282601243966,3.0701800680168723));
#4201=IFCCARTESIANPOINT((-34.538645178560451,60.75669037411906,3.8962455164050898));
#4202=IFCCARTESIANPOINT((-31.697920435436234,62.066243854763684,4.2470226341873314));
#4203=IFCCARTESIANPOINT((-30.263326241064849,62.852549819993868,4.475197927602915));
#4204=IFCCARTESIANPOINT((-39.600728547142062,56.406028286077444,3.0201991753945894));
#4205=IFCCARTESIANPOINT((-32.993414148448203,60.337727331226198,3.8125853855766585));
#4206=IFCCARTESIANPOINT((-27.098533112328386,63.363604407973668,4.6365174197749157));
#4207=IFCCARTESIANPOINT((-37.362585950296946,59.626709044723889,3.6555302396414615));
#4208=IFCCARTESIANPOINT((-36.35021271085413,60.288326961197114,3.780308500060173));
#4209=IFCCARTESIANPOINT((-38.175540479321107,58.502757060997666,3.3877777686848334));
#4210=IFCCARTESIANPOINT((-27.098533110668079,62.626309415042243,4.4107384427418008));
#4211=IFCCARTESIANPOINT((-35.691010891273805,-59.459579277245012,3.5891078742064595));
#4212=IFCCARTESIANPOINT((-35.324498243482317,-57.592891583455874,5.4945539371024861));
#4213=IFCCARTESIANPOINT((-34.957985595690815,-55.726203889666735,7.39999999999851));
#4214=IFCCARTESIANPOINT((-27.098445510792022,-55.726203889666728,7.3999999999985135));
#4215=IFCCARTESIANPOINT((-27.098445509131707,-58.991459510814494,5.8504716874801792));
#4216=IFCCARTESIANPOINT((-27.098445507471389,-62.256715131962245,4.3009433749618449));
#4217=IFCCARTESIANPOINT((-30.944976749583724,-61.004554691742101,3.9822844680349596));
#4218=IFCCARTESIANPOINT((-27.098445508462394,-60.307757720545297,5.2258218651247264));
#4219=IFCCARTESIANPOINT((-31.408327960163803,-59.267034093970878,5.4308438610414296));
#4220=IFCCARTESIANPOINT((-31.02821555324142,-55.726203889666728,7.3999999999985127));
#4221=IFCCARTESIANPOINT((-27.098445509801017,-57.675161090185426,6.4751216099174735));
#4222=IFCCARTESIANPOINT((-35.176748702476132,-56.840387538585539,6.2626823575031008));
#4223=IFCCARTESIANPOINT((-29.900213728036448,-60.714561807426108,4.8977237138316134));
#4224=IFCCARTESIANPOINT((-35.507754563317469,-58.526235409669418,4.5418309267649013));
#4225=IFCCARTESIANPOINT((-32.918314687801612,-60.084775861970357,4.6105113044781456));
#4226=IFCCARTESIANPOINT((-30.835322772748896,-57.534655320908264,6.4258484291413138));
#4227=IFCCARTESIANPOINT((-33.124819985730774,-57.757450183885659,6.0069293856486983));
#4228=IFCCARTESIANPOINT((-32.942966094715423,-56.657512836358023,6.7625437560860693));
#4229=IFCCARTESIANPOINT((-33.317993820428761,-60.232066984493557,3.7856961711207098));
#4230=IFCCARTESIANPOINT((-37.711088988650502,-57.453210361002839,3.1914932764514963));
#4231=IFCCARTESIANPOINT((-39.237001733904457,-55.045436207119593,2.8348744528079308));
#4232=IFCCARTESIANPOINT((-40.189475239831012,-52.348527394911422,2.5881143435673875));
#4233=IFCCARTESIANPOINT((-40.509454776321022,-49.500000000021977,2.499999999998364));
#4234=IFCCARTESIANPOINT((-40.846822130826659,-49.500000000549349,4.9499999999984174));
#4235=IFCCARTESIANPOINT((-41.184189485332297,-49.500000001076721,7.3999999999984682));
#4236=IFCCARTESIANPOINT((-41.090676107251873,-50.575045098984347,7.3999999999987462));
#4237=IFCCARTESIANPOINT((-40.809637745204739,-51.626918427346091,7.3999999999997526));
#4238=IFCCARTESIANPOINT((-40.350884995243554,-52.611631556249463,7.3999999999980872));
#4239=IFCCARTESIANPOINT((-39.728975590766481,-53.50040864693554,7.3999999999982773));
#4240=IFCCARTESIANPOINT((-38.962766435737919,-54.267320557589876,7.3999999999984212));
#4241=IFCCARTESIANPOINT((-38.069996007626024,-54.892680787110052,7.3999999999984576));
#4242=IFCCARTESIANPOINT((-37.085601108011495,-55.351398730851855,7.3999999999985091));
#4243=IFCCARTESIANPOINT((-36.032516618888145,-55.632780605555929,7.3999999999984984));
#4244=IFCCARTESIANPOINT((-38.568808320588523,-55.079970196441835,5.9940038231099102));
#4245=IFCCARTESIANPOINT((-41.035334343711448,-49.500000000844032,6.318997075143808));
#4246=IFCCARTESIANPOINT((-38.487767863702693,-55.809143746829776,4.3471953340848906));
#4247=IFCCARTESIANPOINT((-40.65830992204225,-49.500000000254673,3.5810029546304882));
#4248=IFCCARTESIANPOINT((-40.286986102019178,-52.489981504757125,4.3373378253835186));
#4249=IFCCARTESIANPOINT((-39.856509167304715,-53.581195645167696,3.5211989361499292));
#4250=IFCCARTESIANPOINT((-40.299710467759304,-52.617062552054442,5.4046754220105298));
#4251=IFCCARTESIANPOINT((-40.281414914690075,-52.724209125315383,6.4054940813083396));
#4252=IFCCARTESIANPOINT((-38.883349487645056,-55.030246324766566,5.1268322909731081));
#4253=IFCCARTESIANPOINT((-35.14124191958657,-56.659547736561308,6.447276968550498));
#4254=IFCCARTESIANPOINT((-13.997077538014539,-55.726203889666735,7.3999999999985127));
#4255=IFCCARTESIANPOINT((-13.549222753729536,-62.258397543971576,4.3013846056286864));
#4256=IFCCARTESIANPOINT((-6.9985387690011125,-55.726203889666735,7.3999999999985127));
#4257=IFCCARTESIANPOINT((-40.50025911497692,-24.750000113503347,2.500000000006223));
#4258=IFCCARTESIANPOINT((-41.184189485332297,-24.749999782685652,7.3999999999982906));
#4259=IFCCARTESIANPOINT((-40.503640441879952,-33.850796384150073,2.5000000000033329));
#4260=IFCCARTESIANPOINT((-41.265958856039106,-49.497556502528667,8.959854478895906));
#4261=IFCCARTESIANPOINT((-41.225074170052146,-49.497578477981705,8.1799272273612988));
#4262=IFCCARTESIANPOINT((-34.957985595690815,-55.809159751001431,8.9828921291737132));
#4263=IFCCARTESIANPOINT((-36.798829306550552,-60.931480798837761,13.558618068650221));
#4264=IFCCARTESIANPOINT((-32.290345669690133,-63.379412563998123,14.436215835759853));
#4265=IFCCARTESIANPOINT((-27.09844551079118,-64.126722712663522,14.742918605698279));
#4266=IFCCARTESIANPOINT((-27.098445510791599,-59.967925152969528,11.862605693595027));
#4267=IFCCARTESIANPOINT((-27.098445510792022,-55.809127593275555,8.9822927814917755));
#4268=IFCCARTESIANPOINT((-31.028215553218509,-55.809144060412621,8.9825927349041201));
#4269=IFCCARTESIANPOINT((-29.912478542008017,-63.721677280635426,14.576684337134175));
#4270=IFCCARTESIANPOINT((-30.640195565231323,-59.767413538672621,11.781422516289609));
#4271=IFCCARTESIANPOINT((-35.87840745112068,-58.3703202749196,11.270755098911966));
#4272=IFCCARTESIANPOINT((-32.817288616908385,-55.809151203733862,8.9827290375929199));
#4273=IFCCARTESIANPOINT((-34.330433702249259,-62.271723881755797,14.039103004420458));
#4274=IFCCARTESIANPOINT((-33.584024569010502,-59.150761158019222,11.539396165129624));
#4275=IFCCARTESIANPOINT((-41.116703902928094,-50.895263505157303,9.0903217050545901));
#4276=IFCCARTESIANPOINT((-40.649163544634177,-52.233724271195392,9.0694453762219567));
#4277=IFCCARTESIANPOINT((-39.895049221768744,-53.433602494940125,9.0468841854161841));
#4278=IFCCARTESIANPOINT((-38.899283128379395,-54.43037370576544,9.0387002459220724));
#4279=IFCCARTESIANPOINT((-37.699476531463731,-55.184841414699747,9.024768676113295));
#4280=IFCCARTESIANPOINT((-36.362767417567206,-55.65187772889643,9.0033271609772374));
#4281=IFCCARTESIANPOINT((-34.957985595690815,-55.767681820334076,8.1914460645861098));
#4282=IFCCARTESIANPOINT((-40.092916022065424,-53.096457342160541,8.21911693465157));
#4283=IFCCARTESIANPOINT((-37.606043013014514,-55.181534209144608,8.2039328882862552));
#4284=IFCCARTESIANPOINT((-42.566569837288128,-49.500000001076792,3.1710053207593707));
#4285=IFCCARTESIANPOINT((-42.566570044282535,-24.75000904892936,3.171007390505439));
#4286=IFCCARTESIANPOINT((-41.825117303736214,-49.50000000002197,2.4999999999983635));
#4287=IFCCARTESIANPOINT((-42.195843570512174,-49.500000000549377,2.8355026603788693));
#4288=IFCCARTESIANPOINT((-41.825117303736263,-24.750000000023611,2.4999999999981855));
#4289=IFCCARTESIANPOINT((-42.566569954971889,-35.428741193225179,3.1710064974843499));
#4290=IFCCARTESIANPOINT((-41.825117303736242,-37.125000000022787,2.4999999999982747));
#4291=IFCCARTESIANPOINT((-41.825117303736221,-42.464370765380302,2.4999999999983129));
#4292=IFCCARTESIANPOINT((-42.566569954971783,-14.071258134620173,3.1710064974832766));
#4293=IFCCARTESIANPOINT((-41.825117303736285,-12.37500000002443,2.4999999999980962));
#4294=IFCCARTESIANPOINT((-41.82511730373627,-18.56250000002402,2.4999999999981406));
#4295=IFCCARTESIANPOINT((-41.825117303736292,-7.0356292346669074,2.499999999998058));
#4296=IFCCARTESIANPOINT((-42.566569896129941,-7.0356290673227129,3.1710059091211416));
#4297=IFCCARTESIANPOINT((-41.825117303736249,-30.937500000023203,2.4999999999982299));
#4298=IFCCARTESIANPOINT((-42.566569999627212,-30.089375121077275,3.1710069439948945));
#4299=IFCCARTESIANPOINT((-42.566569896130012,-42.464370597150982,3.1710059091218601));
#4300=IFCCARTESIANPOINT((-42.566569999627163,-19.410633591774772,3.171006943994358));
#4301=IFCCARTESIANPOINT((-27.09844551079232,-64.355810846083187,5.5355916570880188));
#4302=IFCCARTESIANPOINT((-31.88250033922148,-63.754448338636294,5.3490777702819354));
#4303=IFCCARTESIANPOINT((-36.173661581668249,-61.702671260061955,4.7542271461821546));
#4304=IFCCARTESIANPOINT((-39.585279772781043,-58.421231706780311,4.0100705159596393));
#4305=IFCCARTESIANPOINT((-41.796614635717276,-54.217159211600666,3.4013803807428964));
#4306=IFCCARTESIANPOINT((-41.092071673144879,-54.025286571873011,2.7227367692066888));
#4307=IFCCARTESIANPOINT((-38.987384010129894,-58.054553466283394,3.3015368406378376));
#4308=IFCCARTESIANPOINT((-35.737787890469832,-61.198864623256924,4.0095236386446098));
#4309=IFCCARTESIANPOINT((-31.637554054933119,-63.163874179227818,4.5717132292715013));
#4310=IFCCARTESIANPOINT((-27.098445510792004,-63.731305117825102,4.7525013290280951));
#4311=IFCCARTESIANPOINT((-27.098445510792164,-64.043557981954152,5.1440464930580569));
#4312=IFCCARTESIANPOINT((-33.949912969904496,-62.621646839659,4.7092210164760138));
#4313=IFCCARTESIANPOINT((-30.318929974366938,-63.802751055182242,5.0679476657197089));
#4314=IFCCARTESIANPOINT((-37.736761087812326,-59.989100170515307,4.0204512250969762));
#4315=IFCCARTESIANPOINT((-40.534636326431048,-56.258795480091791,3.3247793460088855));
#4316=IFCCARTESIANPOINT((-41.841956087098815,-52.695344648617102,2.9424921001556275));
#4317=IFCCARTESIANPOINT((-27.09861955923305,-62.995903693883037,4.5205335239679059));
#4318=IFCCARTESIANPOINT((-12.918780085798252,-63.730502415478455,4.7522436227114575));
#4319=IFCCARTESIANPOINT((-6.4593900481488715,-62.259277891124704,4.3016154861517242));
#4320=IFCCARTESIANPOINT((-20.63905546788672,-63.7309394556328,4.7523839337605853));
#4321=IFCCARTESIANPOINT((-20.63905555719704,-62.257517196804741,4.3011537251062197));
#4322=IFCCARTESIANPOINT((-6.4593900428929683,-63.730136753286146,4.7521262274439593));
#4323=IFCCARTESIANPOINT((-9.6890845991841719,-62.996481886399501,4.5206974675460723));
#4324=IFCCARTESIANPOINT((-15.707854741750786,-63.015416384528756,4.5265054760286567));
#4325=IFCCARTESIANPOINT((-3.2296949751248603,-62.25967892355856,4.3017206612260326));
#4326=IFCCARTESIANPOINT((-4.8445422447742619,-62.884554717565898,4.4865668854880791));
#4327=IFCCARTESIANPOINT((-3.2296950214403273,-63.729953922190006,4.7520675298102102));
#4328=IFCCARTESIANPOINT((-4.8445422899809421,-63.335602163674608,4.6259954320660306));
#4329=IFCCARTESIANPOINT((-23.868750489339362,-63.731122286728954,4.7524426313943353));
#4330=IFCCARTESIANPOINT((-22.253902168001297,-63.108284560417211,4.5551023671109263));
#4331=IFCCARTESIANPOINT((-27.098548129077248,-63.29771529285788,4.6157340115881409));
#4332=IFCCARTESIANPOINT((-23.868750532334211,-62.257116164383042,4.3010485500350999));
#4333=IFCCARTESIANPOINT((-22.253902674004916,-62.655564703103771,4.4177434081420532));
#4334=IFCCARTESIANPOINT((-17.094139130991575,-62.257957370390805,4.301269165369189));
#4335=IFCCARTESIANPOINT((-19.122068014315069,-62.882248930183749,4.4858819251596422));
#4336=IFCCARTESIANPOINT((-16.778917776842487,-63.730720935555617,4.7523137782360223));
#4337=IFCCARTESIANPOINT((-18.216419778877977,-63.320408234100874,4.6212180517556183));
#4338=IFCCARTESIANPOINT((-15.321680482919467,-62.601410516726418,4.4016396747572433));
#4339=IFCCARTESIANPOINT((-11.972583873961165,-62.661500794305738,4.4194943009255665));
#4340=IFCCARTESIANPOINT((-10.004306376467493,-62.258837717550797,4.3015000458919417));
#4341=IFCCARTESIANPOINT((-12.689284614881453,-63.058111937285695,4.5396226396271482));
#4342=IFCCARTESIANPOINT((-9.6890850643456101,-63.7303195843823,4.7521849250777084));
#4343=IFCCARTESIANPOINT((-43.199469305212006,-49.500002982606809,9.4999999999983675));
#4344=IFCCARTESIANPOINT((-42.88301957124748,-49.500001491914986,6.3355026603791176));
#4345=IFCCARTESIANPOINT((-27.098445510767181,-64.676822944643305,9.1206265166353457));
#4346=IFCCARTESIANPOINT((-27.098445557168276,-65.000031632217883,12.705355175850496));
#4347=IFCCARTESIANPOINT((-32.071545939992781,-64.370722589538929,12.438561108397028));
#4348=IFCCARTESIANPOINT((-36.55849452097975,-62.217030723439485,11.627666619802474));
#4349=IFCCARTESIANPOINT((-40.097153912261902,-58.801588565053983,10.623587619633046));
#4350=IFCCARTESIANPOINT((-42.396451470495542,-54.424126016495521,9.8114248191970646));
#4351=IFCCARTESIANPOINT((-34.177049421090913,-63.227473709216561,8.6165632858179304));
#4352=IFCCARTESIANPOINT((-41.070847991546415,-56.687826766255618,6.9393126916767205));
#4353=IFCCARTESIANPOINT((-38.21194159908984,-60.535600507020298,8.418690533966382));
#4354=IFCCARTESIANPOINT((-27.098445524702647,-64.773890994106239,10.197214591711795));
#4355=IFCCARTESIANPOINT((-30.733048533229294,-64.419458575106589,9.5443921515002117));
#4356=IFCCARTESIANPOINT((-27.098445510774734,-64.579737902339772,8.0438485391549541));
#4357=IFCCARTESIANPOINT((-31.90565593828746,-63.948133812629337,7.4693631942974941));
#4358=IFCCARTESIANPOINT((-34.621396056812578,-62.807683088874263,6.593184423729622));
#4359=IFCCARTESIANPOINT((-37.371489479960069,-61.021476574711116,6.5032637209314137));
#4360=IFCCARTESIANPOINT((-39.46365638594721,-58.961769130129717,6.5404582207885564));
#4361=IFCCARTESIANPOINT((-33.004115522069249,-63.890147831316547,10.517431111632082));
#4362=IFCCARTESIANPOINT((-35.727641130299077,-62.555304494480048,9.9425943227322318));
#4363=IFCCARTESIANPOINT((-42.502017805204439,-53.23180682722041,7.3281404207113559));
#4364=IFCCARTESIANPOINT((-42.476418787057554,-52.349146306746313,5.0863862226976968));
#4365=IFCCARTESIANPOINT((-43.199469305192238,-24.747888240521263,9.500000000047935));
#4366=IFCCARTESIANPOINT((-43.199469305204936,-8.8564185872592294,9.5000000000158753));
#4367=IFCCARTESIANPOINT((-42.566569911384185,-40.640451494177867,3.1710060616491522));
#4368=IFCCARTESIANPOINT((-13.549222755389858,-55.809128361812327,8.9822931877662242));
#4369=IFCCARTESIANPOINT((-27.098445510792022,-55.767666114070202,8.1911463712180552));
#4370=IFCCARTESIANPOINT((-39.093229139476932,-58.637593448983218,12.905774108830297));
#4371=IFCCARTESIANPOINT((-40.83204241420745,-55.882722308767271,12.321822798482831));
#4372=IFCCARTESIANPOINT((-41.922039320373024,-52.783159021570121,11.923463635341498));
#4373=IFCCARTESIANPOINT((-42.297115301707407,-49.500000436798423,11.775261799156841));
#4374=IFCCARTESIANPOINT((-42.74829230345869,-49.500001709701387,10.637630899577205));
#4375=IFCCARTESIANPOINT((-27.094561490146045,-64.5603136350732,13.722755580261088));
#4376=IFCCARTESIANPOINT((-40.521488007663145,-57.37381092731367,11.466715270519643));
#4377=IFCCARTESIANPOINT((-34.315846736225588,-63.035267874593245,13.08559171126605));
#4378=IFCCARTESIANPOINT((-41.781630228096233,-54.327215851629902,11.357637987743651));
#4379=IFCCARTESIANPOINT((-42.613861369068545,-49.500001330432205,10.976594951884779));
#4380=IFCCARTESIANPOINT((-42.060612779021298,-54.459199255187336,10.595100049149444));
#4381=IFCCARTESIANPOINT((-38.302434162548124,-60.401046962428403,11.820318430449277));
#4382=IFCCARTESIANPOINT((-38.291696953234194,-59.966572796136937,12.523305020596093));
#4383=IFCCARTESIANPOINT((-40.253791577498028,-57.341370763752984,12.090415910778997));
#4384=IFCCARTESIANPOINT((-35.901814352751913,-61.883519883465993,13.233500665898754));
#4385=IFCCARTESIANPOINT((-34.544620691281239,-62.155521149705216,13.997451248784099));
#4386=IFCCARTESIANPOINT((-40.99733815063906,-57.063453682008799,10.755301875533018));
#4387=IFCCARTESIANPOINT((-30.808381613169523,-64.355794649062929,13.31154149844085));
#4388=IFCCARTESIANPOINT((-30.034642387233578,-64.175465501965832,14.100376465323949));
#4389=IFCCARTESIANPOINT((-42.973880804335344,-49.500002346154083,10.068815449787786));
#4390=IFCCARTESIANPOINT((-41.167286040028614,-49.500000000021984,2.4999999999983635));
#4391=IFCCARTESIANPOINT((-41.78153702544202,-49.500000218934169,10.36755711975762));
#4392=IFCCARTESIANPOINT((-39.133464843838738,-56.200676502448083,10.873851634764645));
#4393=IFCCARTESIANPOINT((-41.257586419405122,-52.661072641106657,10.517819507940512));
#4394=IFCCARTESIANPOINT((-37.246545688042538,-59.03419183990804,3.4966989625388498));
#4395=IFCCARTESIANPOINT((-40.29003235175319,-54.243326125592702,2.7439720702328017));
#4396=IFCCARTESIANPOINT((-30.521136054319573,-61.142527456854417,4.0173967820038019));
#4397=IFCCARTESIANPOINT((-33.298631237273774,-61.837205246725951,4.1832444904071062));
#4398=IFCCARTESIANPOINT((-40.760994783922321,-49.50000000002197,2.4999999999983626));
#4399=IFCCARTESIANPOINT((-36.980664223290844,-58.751079482463993,3.4378721182808429));
#4400=IFCCARTESIANPOINT((-34.61537520390555,-60.697004535573072,3.8812178464684157));
#4401=IFCCARTESIANPOINT((-38.871528519829653,-56.714772679899575,3.0678762651447165));
#4402=IFCCARTESIANPOINT((-39.442579135355857,-56.641731572413292,3.0565890692265394));
#4403=IFCCARTESIANPOINT((-40.811621815246603,-51.750647679818343,2.5546263758878749));
#4404=IFCCARTESIANPOINT((-41.172071951949128,-52.193559091718861,2.5784416926982585));
#4405=IFCCARTESIANPOINT((-32.09758477968451,-61.89079604396828,4.1977770143425079));
#4406=IFCCARTESIANPOINT((-30.270835151375692,-62.752997594954458,4.4454933298675456));
#4407=IFCCARTESIANPOINT((-27.098533110164457,-62.626309650849883,4.4107385149389229));
#4408=IFCCARTESIANPOINT((-28.920709804642676,-63.503505071057795,4.6799223863264903));
#4409=IFCCARTESIANPOINT((-29.60792426437698,-62.425741800603177,4.3491118148705761));
#4410=IFCCARTESIANPOINT((-33.106073472796695,-60.301053367049711,3.8032523281051311));
#4411=IFCCARTESIANPOINT((-35.650318756334521,-60.726660760096671,3.8883397844977248));
#4412=IFCCARTESIANPOINT((-40.539880563596888,-54.541345635916976,2.7759686930531964));
#4413=IFCCARTESIANPOINT((-13.549240976105541,64.120700775220428,14.740326741923106));
#4414=IFCCARTESIANPOINT((-8.2860212796484571,64.120696761454141,14.740336032641325));
#4415=IFCCARTESIANPOINT((-12.918780085797946,63.730502415427971,4.75224362271054));
#4416=IFCCARTESIANPOINT((-13.549222802785449,62.258397543914178,4.3013846056289005));
#4417=IFCCARTESIANPOINT((-6.4593900392109171,62.259277891074923,4.3016154861539526));
#4418=IFCCARTESIANPOINT((-20.63905546788687,63.730939455582309,4.7523839337596705));
#4419=IFCCARTESIANPOINT((-20.639055566359982,62.257517196753426,4.3011537251038492));
#4420=IFCCARTESIANPOINT((-6.4593900428928164,63.730136753235683,4.7521262274430391));
#4421=IFCCARTESIANPOINT((-9.6890845991839427,62.996481886357792,4.5206974675488558));
#4422=IFCCARTESIANPOINT((-15.707854741718533,63.01541638448105,4.5265054760286993));
#4423=IFCCARTESIANPOINT((-3.2296949707683762,62.259678923508041,4.3017206612290249));
#4424=IFCCARTESIANPOINT((-4.8445422449991327,62.884554717528474,4.4865668854931338));
#4425=IFCCARTESIANPOINT((-3.2296950214402527,63.729953922139536,4.7520675298092891));
#4426=IFCCARTESIANPOINT((-4.8445422899808284,63.335602163631087,4.6259954320682368));
#4427=IFCCARTESIANPOINT((-23.868750489339433,63.731122286678463,4.7524426313934205));
#4428=IFCCARTESIANPOINT((-22.253902168001481,63.108284488511771,4.5551023449034016));
#4429=IFCCARTESIANPOINT((-23.868750536915684,62.257116164332466,4.3010485500319637));
#4430=IFCCARTESIANPOINT((-22.253902674005044,62.655564664654968,4.4177433967049744));
#4431=IFCCARTESIANPOINT((-17.094139233516135,62.257957370327723,4.3012691653647801));
#4432=IFCCARTESIANPOINT((-19.122067920309021,62.882248875005196,4.4858819084312049));
#4433=IFCCARTESIANPOINT((-16.778917776842409,63.730720935505147,4.7523137782351048));
#4434=IFCCARTESIANPOINT((-18.216420125062896,63.320408224729192,4.6212180488245069));
#4435=IFCCARTESIANPOINT((-15.321680483003872,62.601410516677568,4.4016396747570665));
#4436=IFCCARTESIANPOINT((-11.972583873990843,62.66150079425767,4.4194943009263472));
#4437=IFCCARTESIANPOINT((-10.004306372054764,62.258837717500626,4.3015000458930199));
#4438=IFCCARTESIANPOINT((-12.689284614868974,63.058111937236177,4.5396226396270389));
#4439=IFCCARTESIANPOINT((-9.6890850643453792,63.730319584331831,4.75218492507679));
#4440=IFCCARTESIANPOINT((-13.549222925444788,64.353418560744856,5.5337226001358939));
#4441=IFCCARTESIANPOINT((-13.549222755389845,63.730538104408986,4.7522550806013593));
#4442=IFCCARTESIANPOINT((-21.896006571410268,63.731010610829642,4.7524067780390959));
#4443=IFCCARTESIANPOINT((-20.323834218118552,64.354614703388805,5.5346571286114923));
#4444=IFCCARTESIANPOINT((-5.2024389393694177,63.730065597988322,4.7521033831636217));
#4445=IFCCARTESIANPOINT((-6.7746114627162415,64.353418212826554,5.5337187579407452));
#4446=IFCCARTESIANPOINT((-17.722614663400059,63.73077435761931,4.7523309293202276));
#4447=IFCCARTESIANPOINT((-9.3758308473796319,63.730301851198661,4.75217923188249));
#4448=IFCCARTESIANPOINT((-13.549165971110673,65.,12.705014149551751));
#4449=IFCCARTESIANPOINT((-7.4329721607452832,64.12069611088836,14.740337538445374));
#4450=IFCCARTESIANPOINT((-10.451427033260581,64.561342797206137,13.720373316717634));
#4451=IFCCARTESIANPOINT((-19.64399581962055,64.999961320583722,12.705103680678695));
#4452=IFCCARTESIANPOINT((-16.615584554695747,64.67835228749486,13.449531625623472));
#4453=IFCCARTESIANPOINT((-20.323843191394442,64.120706997763762,14.740312338611272));
#4454=IFCCARTESIANPOINT((-22.216534242328915,64.719827109586831,13.353529917333015));
#4455=IFCCARTESIANPOINT((-20.073863163087349,64.432194316083283,14.019313111625918));
#4456=IFCCARTESIANPOINT((-14.872177436269538,64.404258317892669,14.083976524601214));
#4457=IFCCARTESIANPOINT((-10.735177049046783,64.313798809037451,14.29336301362253));
#4458=IFCCARTESIANPOINT((-5.2502166065210893,64.42022265991659,14.04702388613906));
#4459=IFCCARTESIANPOINT((-6.7745829850012473,65.000003537699399,12.705005960784561));
#4460=IFCCARTESIANPOINT((-4.6043325406887341,64.721899539633682,13.348732866622287));
#4461=IFCCARTESIANPOINT((-10.16187447805596,65.000001768836796,12.705010055168154));
#4462=IFCCARTESIANPOINT((-13.549165928635961,-65.,12.70501414955265));
#4463=IFCCARTESIANPOINT((-13.549222834934975,-64.353418560811704,5.533722600124122));
#4464=IFCCARTESIANPOINT((-13.549240130699411,-64.120700775271359,14.740326741922539));
#4465=IFCCARTESIANPOINT((-7.813464733444504,-65.000002995239882,12.705007216532286));
#4466=IFCCARTESIANPOINT((-10.720440812038941,-64.56125675083689,13.720572488229413));
#4467=IFCCARTESIANPOINT((-19.229270285093289,-64.99996395259106,12.705097588492757));
#4468=IFCCARTESIANPOINT((-16.407380062307723,-64.693996523956429,13.413319935136011));
#4469=IFCCARTESIANPOINT((-20.323842768691375,-64.120706997814395,14.740312338611457));
#4470=IFCCARTESIANPOINT((-22.132037776199155,-64.723271706297467,13.345556714623232));
#4471=IFCCARTESIANPOINT((-19.74392705546575,-64.43618897215363,14.010066687345075));
#4472=IFCCARTESIANPOINT((-6.7746200653435258,-64.120695608872964,14.740338700577027));
#4473=IFCCARTESIANPOINT((-14.981588505622398,-64.441391927317568,13.998023414857));
#4474=IFCCARTESIANPOINT((-11.250933665951768,-64.323658488522113,14.270540828471491));
#4475=IFCCARTESIANPOINT((-6.2437476524194011,-64.410976172630029,14.068426716462506));
#4476=IFCCARTESIANPOINT((-6.0084680386318476,-64.714090645445211,13.366808102363658));
#4477=IFCCARTESIANPOINT((-13.549222755389843,-63.730538104459484,4.7522550806022785));
#4478=IFCCARTESIANPOINT((-21.896006571411103,-63.731010610880141,4.7524067780400161));
#4479=IFCCARTESIANPOINT((-20.323834172864387,-64.354614703439225,5.534657128612424));
#4480=IFCCARTESIANPOINT((-5.2024389393685864,-63.730065598038827,4.7521033831645418));
#4481=IFCCARTESIANPOINT((-6.7746114174620704,-64.353418212876988,5.5337187579416769));
#4482=IFCCARTESIANPOINT((-17.722614663400474,-63.730774357669809,4.7523309293211478));
#4483=IFCCARTESIANPOINT((-9.3758308473792109,-63.730301851249145,4.7521792318834111));
#4484=IFCCARTESIANPOINT((-8.2860212796484181,-64.120696761505229,14.740336032640426));
#4485=IFCCARTESIANPOINT((42.822553276505815,23.193284483530075,5.7308397101426252));
#4486=IFCCARTESIANPOINT((41.759037623420532,23.20183410775979,5.7903729888701321));
#4487=IFCCARTESIANPOINT((42.326703523911789,23.870062903225687,6.0531974839913998));
#4488=IFCCARTESIANPOINT((42.435078456503746,22.505840037372732,7.7615308944947525));
#4489=IFCCARTESIANPOINT((42.338548227949872,23.609054611801771,7.2254495465588988));
#4490=IFCCARTESIANPOINT((0.,58.993141922773368,5.8509129181461725));
#4491=IFCCARTESIANPOINT((-13.101367972792797,55.726203889616308,7.3999999999977062));
#4492=IFCCARTESIANPOINT((-13.101367492793253,62.258453154274754,4.3013991900419022));
#4493=IFCCARTESIANPOINT((-13.549223408978953,57.811897224386861,6.4106292285233302));
#4494=IFCCARTESIANPOINT((-13.549222787695408,59.655906390475266,5.5359039078001082));
#4495=IFCCARTESIANPOINT((13.997077538039132,55.726203889616315,7.3999999999977062));
#4496=IFCCARTESIANPOINT((6.9985387690257239,55.726203889616315,7.3999999999977062));
#4497=IFCCARTESIANPOINT((42.231216115038258,13.685077620490327,5.2280570646968902));
#4498=IFCCARTESIANPOINT((42.4037452530482,14.506723681644157,7.7597065584242211));
#4499=IFCCARTESIANPOINT((41.841307269905357,20.937057094966889,7.7911422581460235));
#4500=IFCCARTESIANPOINT((43.022539870093766,20.485164466292535,7.730705618057792));
#4501=IFCPOLYLOOP((#3531,#3532,#3533,#3534,#3535,#3530));
#4502=IFCFACEOUTERBOUND(#4501,.T.);
#4503=IFCFACE((#4502));
#4504=IFCPOLYLOOP((#3529,#3535,#3527,#4486,#3528));
#4505=IFCFACEOUTERBOUND(#4504,.T.);
#4506=IFCFACE((#4505));
#4507=IFCPOLYLOOP((#3535,#3529,#4499));
#4508=IFCFACEOUTERBOUND(#4507,.T.);
#4509=IFCFACE((#4508));
#4510=IFCPOLYLOOP((#3544,#3540,#3543));
#4511=IFCFACEOUTERBOUND(#4510,.T.);
#4512=IFCFACE((#4511));
#4513=IFCPOLYLOOP((#3552,#3537,#3547));
#4514=IFCFACEOUTERBOUND(#4513,.T.);
#4515=IFCFACE((#4514));
#4516=IFCPOLYLOOP((#3544,#3549,#3537));
#4517=IFCFACEOUTERBOUND(#4516,.T.);
#4518=IFCFACE((#4517));
#4519=IFCPOLYLOOP((#3539,#3551,#3545));
#4520=IFCFACEOUTERBOUND(#4519,.T.);
#4521=IFCFACE((#4520));
#4522=IFCPOLYLOOP((#4040,#4046,#4034));
#4523=IFCFACEOUTERBOUND(#4522,.T.);
#4524=IFCFACE((#4523));
#4525=IFCPOLYLOOP((#3544,#3551,#3540));
#4526=IFCFACEOUTERBOUND(#4525,.T.);
#4527=IFCFACE((#4526));
#4528=IFCPOLYLOOP((#3543,#3548,#3544));
#4529=IFCFACEOUTERBOUND(#4528,.T.);
#4530=IFCFACE((#4529));
#4531=IFCPOLYLOOP((#3542,#3550,#3548));
#4532=IFCFACEOUTERBOUND(#4531,.T.);
#4533=IFCFACE((#4532));
#4534=IFCPOLYLOOP((#3553,#3551,#3552));
#4535=IFCFACEOUTERBOUND(#4534,.T.);
#4536=IFCFACE((#4535));
#4537=IFCPOLYLOOP((#3541,#3548,#3543));
#4538=IFCFACEOUTERBOUND(#4537,.T.);
#4539=IFCFACE((#4538));
#4540=IFCPOLYLOOP((#3548,#3541,#3722,#3542));
#4541=IFCFACEOUTERBOUND(#4540,.T.);
#4542=IFCFACE((#4541));
#4543=IFCPOLYLOOP((#3539,#3546,#3540,#3551));
#4544=IFCFACEOUTERBOUND(#4543,.T.);
#4545=IFCFACE((#4544));
#4546=IFCPOLYLOOP((#3538,#3545,#3553));
#4547=IFCFACEOUTERBOUND(#4546,.T.);
#4548=IFCFACE((#4547));
#4549=IFCPOLYLOOP((#4048,#4040,#4035));
#4550=IFCFACEOUTERBOUND(#4549,.T.);
#4551=IFCFACE((#4550));
#4552=IFCPOLYLOOP((#3549,#3550,#3536));
#4553=IFCFACEOUTERBOUND(#4552,.T.);
#4554=IFCFACE((#4553));
#4555=IFCPOLYLOOP((#3544,#3548,#3550));
#4556=IFCFACEOUTERBOUND(#4555,.T.);
#4557=IFCFACE((#4556));
#4558=IFCPOLYLOOP((#3550,#3542,#3737,#3554,#3536));
#4559=IFCFACEOUTERBOUND(#4558,.T.);
#4560=IFCFACE((#4559));
#4561=IFCPOLYLOOP((#3544,#3550,#3549));
#4562=IFCFACEOUTERBOUND(#4561,.T.);
#4563=IFCFACE((#4562));
#4564=IFCPOLYLOOP((#3544,#3537,#3552));
#4565=IFCFACEOUTERBOUND(#4564,.T.);
#4566=IFCFACE((#4565));
#4567=IFCPOLYLOOP((#3553,#3552,#3547));
#4568=IFCFACEOUTERBOUND(#4567,.T.);
#4569=IFCFACE((#4568));
#4570=IFCPOLYLOOP((#3544,#3552,#3551));
#4571=IFCFACEOUTERBOUND(#4570,.T.);
#4572=IFCFACE((#4571));
#4573=IFCPOLYLOOP((#3553,#3547,#3578,#3538));
#4574=IFCFACEOUTERBOUND(#4573,.T.);
#4575=IFCFACE((#4574));
#4576=IFCPOLYLOOP((#3545,#3551,#3553));
#4577=IFCFACEOUTERBOUND(#4576,.T.);
#4578=IFCFACE((#4577));
#4579=IFCPOLYLOOP((#3571,#3549,#3555));
#4580=IFCFACEOUTERBOUND(#4579,.T.);
#4581=IFCFACE((#4580));
#4582=IFCPOLYLOOP((#3570,#3576,#3575));
#4583=IFCFACEOUTERBOUND(#4582,.T.);
#4584=IFCFACE((#4583));
#4585=IFCPOLYLOOP((#3566,#3567,#3569));
#4586=IFCFACEOUTERBOUND(#4585,.T.);
#4587=IFCFACE((#4586));
#4588=IFCPOLYLOOP((#3565,#3566,#3569));
#4589=IFCFACEOUTERBOUND(#4588,.T.);
#4590=IFCFACE((#4589));
#4591=IFCPOLYLOOP((#3557,#3558,#3572));
#4592=IFCFACEOUTERBOUND(#4591,.T.);
#4593=IFCFACE((#4592));
#4594=IFCPOLYLOOP((#3568,#3538,#3578));
#4595=IFCFACEOUTERBOUND(#4594,.T.);
#4596=IFCFACE((#4595));
#4597=IFCPOLYLOOP((#3561,#3576,#3570));
#4598=IFCFACEOUTERBOUND(#4597,.T.);
#4599=IFCFACE((#4598));
#4600=IFCPOLYLOOP((#3578,#3569,#3567));
#4601=IFCFACEOUTERBOUND(#4600,.T.);
#4602=IFCFACE((#4601));
#4603=IFCPOLYLOOP((#3570,#3560,#3561));
#4604=IFCFACEOUTERBOUND(#4603,.T.);
#4605=IFCFACE((#4604));
#4606=IFCPOLYLOOP((#3555,#3549,#3536));
#4607=IFCFACEOUTERBOUND(#4606,.T.);
#4608=IFCFACE((#4607));
#4609=IFCPOLYLOOP((#3571,#3537,#3549));
#4610=IFCFACEOUTERBOUND(#4609,.T.);
#4611=IFCFACE((#4610));
#4612=IFCPOLYLOOP((#3576,#3569,#3575));
#4613=IFCFACEOUTERBOUND(#4612,.T.);
#4614=IFCFACE((#4613));
#4615=IFCPOLYLOOP((#3555,#3556,#3571));
#4616=IFCFACEOUTERBOUND(#4615,.T.);
#4617=IFCFACE((#4616));
#4618=IFCPOLYLOOP((#3567,#3568,#3578));
#4619=IFCFACEOUTERBOUND(#4618,.T.);
#4620=IFCFACE((#4619));
#4621=IFCPOLYLOOP((#3575,#3573,#3559));
#4622=IFCFACEOUTERBOUND(#4621,.T.);
#4623=IFCFACE((#4622));
#4624=IFCPOLYLOOP((#3572,#3574,#3557));
#4625=IFCFACEOUTERBOUND(#4624,.T.);
#4626=IFCFACE((#4625));
#4627=IFCPOLYLOOP((#3573,#3572,#3559));
#4628=IFCFACEOUTERBOUND(#4627,.T.);
#4629=IFCFACE((#4628));
#4630=IFCPOLYLOOP((#3570,#3575,#3559));
#4631=IFCFACEOUTERBOUND(#4630,.T.);
#4632=IFCFACE((#4631));
#4633=IFCPOLYLOOP((#3577,#3575,#3569));
#4634=IFCFACEOUTERBOUND(#4633,.T.);
#4635=IFCFACE((#4634));
#4636=IFCPOLYLOOP((#3565,#3569,#3576));
#4637=IFCFACEOUTERBOUND(#4636,.T.);
#4638=IFCFACE((#4637));
#4639=IFCPOLYLOOP((#3573,#3574,#3572));
#4640=IFCFACEOUTERBOUND(#4639,.T.);
#4641=IFCFACE((#4640));
#4642=IFCPOLYLOOP((#3557,#3574,#3556));
#4643=IFCFACEOUTERBOUND(#4642,.T.);
#4644=IFCFACE((#4643));
#4645=IFCPOLYLOOP((#3571,#3574,#3573));
#4646=IFCFACEOUTERBOUND(#4645,.T.);
#4647=IFCFACE((#4646));
#4648=IFCPOLYLOOP((#3576,#3561,#3562));
#4649=IFCFACEOUTERBOUND(#4648,.T.);
#4650=IFCFACE((#4649));
#4651=IFCPOLYLOOP((#3576,#3562,#3563));
#4652=IFCFACEOUTERBOUND(#4651,.T.);
#4653=IFCFACE((#4652));
#4654=IFCPOLYLOOP((#3571,#3556,#3574));
#4655=IFCFACEOUTERBOUND(#4654,.T.);
#4656=IFCFACE((#4655));
#4657=IFCPOLYLOOP((#3576,#3564,#3565));
#4658=IFCFACEOUTERBOUND(#4657,.T.);
#4659=IFCFACE((#4658));
#4660=IFCPOLYLOOP((#3537,#3571,#3577));
#4661=IFCFACEOUTERBOUND(#4660,.T.);
#4662=IFCFACE((#4661));
#4663=IFCPOLYLOOP((#3537,#3577,#3569));
#4664=IFCFACEOUTERBOUND(#4663,.T.);
#4665=IFCFACE((#4664));
#4666=IFCPOLYLOOP((#3577,#3573,#3575));
#4667=IFCFACEOUTERBOUND(#4666,.T.);
#4668=IFCFACE((#4667));
#4669=IFCPOLYLOOP((#3573,#3577,#3571));
#4670=IFCFACEOUTERBOUND(#4669,.T.);
#4671=IFCFACE((#4670));
#4672=IFCPOLYLOOP((#3564,#3576,#3563));
#4673=IFCFACEOUTERBOUND(#4672,.T.);
#4674=IFCFACE((#4673));
#4675=IFCPOLYLOOP((#3569,#3578,#3547,#3537));
#4676=IFCFACEOUTERBOUND(#4675,.T.);
#4677=IFCFACE((#4676));
#4678=IFCPOLYLOOP((#3583,#3560,#3570,#3559));
#4679=IFCFACEOUTERBOUND(#4678,.T.);
#4680=IFCFACE((#4679));
#4681=IFCPOLYLOOP((#3791,#3768,#3774,#3767));
#4682=IFCFACEOUTERBOUND(#4681,.T.);
#4683=IFCFACE((#4682));
#4684=IFCPOLYLOOP((#3582,#3579,#3580));
#4685=IFCFACEOUTERBOUND(#4684,.T.);
#4686=IFCFACE((#4685));
#4687=IFCPOLYLOOP((#3583,#3582,#3580));
#4688=IFCFACEOUTERBOUND(#4687,.T.);
#4689=IFCFACE((#4688));
#4690=IFCPOLYLOOP((#3559,#3584,#3583));
#4691=IFCFACEOUTERBOUND(#4690,.T.);
#4692=IFCFACE((#4691));
#4693=IFCPOLYLOOP((#3584,#3559,#3572,#3558));
#4694=IFCFACEOUTERBOUND(#4693,.T.);
#4695=IFCFACE((#4694));
#4696=IFCPOLYLOOP((#3580,#3791,#3581,#3583));
#4697=IFCFACEOUTERBOUND(#4696,.T.);
#4698=IFCFACE((#4697));
#4699=IFCPOLYLOOP((#3583,#3584,#3582));
#4700=IFCFACEOUTERBOUND(#4699,.T.);
#4701=IFCFACE((#4700));
#4702=IFCPOLYLOOP((#3588,#3581,#3585));
#4703=IFCFACEOUTERBOUND(#4702,.T.);
#4704=IFCFACE((#4703));
#4705=IFCPOLYLOOP((#3588,#3585,#3587));
#4706=IFCFACEOUTERBOUND(#4705,.T.);
#4707=IFCFACE((#4706));
#4708=IFCPOLYLOOP((#3588,#3583,#3581));
#4709=IFCFACEOUTERBOUND(#4708,.T.);
#4710=IFCFACE((#4709));
#4711=IFCPOLYLOOP((#3588,#3560,#3583));
#4712=IFCFACEOUTERBOUND(#4711,.T.);
#4713=IFCFACE((#4712));
#4714=IFCPOLYLOOP((#3585,#3581,#3793));
#4715=IFCFACEOUTERBOUND(#4714,.T.);
#4716=IFCFACE((#4715));
#4717=IFCPOLYLOOP((#3793,#3581,#3791));
#4718=IFCFACEOUTERBOUND(#4717,.T.);
#4719=IFCFACE((#4718));
#4720=IFCPOLYLOOP((#3793,#3791,#3767));
#4721=IFCFACEOUTERBOUND(#4720,.T.);
#4722=IFCFACE((#4721));
#4723=IFCPOLYLOOP((#3585,#3793,#3586));
#4724=IFCFACEOUTERBOUND(#4723,.T.);
#4725=IFCFACE((#4724));
#4726=IFCPOLYLOOP((#3794,#3586,#3793));
#4727=IFCFACEOUTERBOUND(#4726,.T.);
#4728=IFCFACE((#4727));
#4729=IFCPOLYLOOP((#3585,#3586,#3587));
#4730=IFCFACEOUTERBOUND(#4729,.T.);
#4731=IFCFACE((#4730));
#4732=IFCPOLYLOOP((#3599,#3589,#3598));
#4733=IFCFACEOUTERBOUND(#4732,.T.);
#4734=IFCFACE((#4733));
#4735=IFCPOLYLOOP((#3601,#3599,#3598));
#4736=IFCFACEOUTERBOUND(#4735,.T.);
#4737=IFCFACE((#4736));
#4738=IFCPOLYLOOP((#3599,#3601,#3595));
#4739=IFCFACEOUTERBOUND(#4738,.T.);
#4740=IFCFACE((#4739));
#4741=IFCPOLYLOOP((#3594,#3595,#3597));
#4742=IFCFACEOUTERBOUND(#4741,.T.);
#4743=IFCFACE((#4742));
#4744=IFCPOLYLOOP((#3594,#3597,#3593));
#4745=IFCFACEOUTERBOUND(#4744,.T.);
#4746=IFCFACE((#4745));
#4747=IFCPOLYLOOP((#3595,#3601,#3597));
#4748=IFCFACEOUTERBOUND(#4747,.T.);
#4749=IFCFACE((#4748));
#4750=IFCPOLYLOOP((#3596,#3593,#3597));
#4751=IFCFACEOUTERBOUND(#4750,.T.);
#4752=IFCFACE((#4751));
#4753=IFCPOLYLOOP((#3596,#3592,#3593));
#4754=IFCFACEOUTERBOUND(#4753,.T.);
#4755=IFCFACE((#4754));
#4756=IFCPOLYLOOP((#3591,#3601,#3600));
#4757=IFCFACEOUTERBOUND(#4756,.T.);
#4758=IFCFACE((#4757));
#4759=IFCPOLYLOOP((#3591,#3596,#3597));
#4760=IFCFACEOUTERBOUND(#4759,.T.);
#4761=IFCFACE((#4760));
#4762=IFCPOLYLOOP((#3598,#3590,#3706));
#4763=IFCFACEOUTERBOUND(#4762,.T.);
#4764=IFCFACE((#4763));
#4765=IFCPOLYLOOP((#3600,#3601,#3598));
#4766=IFCFACEOUTERBOUND(#4765,.T.);
#4767=IFCFACE((#4766));
#4768=IFCPOLYLOOP((#3597,#3601,#3591));
#4769=IFCFACEOUTERBOUND(#4768,.T.);
#4770=IFCFACE((#4769));
#4771=IFCPOLYLOOP((#3588,#3561,#3560));
#4772=IFCFACEOUTERBOUND(#4771,.T.);
#4773=IFCFACE((#4772));
#4774=IFCPOLYLOOP((#3604,#3609,#3603));
#4775=IFCFACEOUTERBOUND(#4774,.T.);
#4776=IFCFACE((#4775));
#4777=IFCPOLYLOOP((#3565,#3564,#3609));
#4778=IFCFACEOUTERBOUND(#4777,.T.);
#4779=IFCFACE((#4778));
#4780=IFCPOLYLOOP((#3568,#3567,#3610));
#4781=IFCFACEOUTERBOUND(#4780,.T.);
#4782=IFCFACE((#4781));
#4783=IFCPOLYLOOP((#3609,#3564,#3563));
#4784=IFCFACEOUTERBOUND(#4783,.T.);
#4785=IFCFACE((#4784));
#4786=IFCPOLYLOOP((#3562,#3609,#3563));
#4787=IFCFACEOUTERBOUND(#4786,.T.);
#4788=IFCFACE((#4787));
#4789=IFCPOLYLOOP((#3605,#3606,#3610));
#4790=IFCFACEOUTERBOUND(#4789,.T.);
#4791=IFCFACE((#4790));
#4792=IFCPOLYLOOP((#3588,#3562,#3561));
#4793=IFCFACEOUTERBOUND(#4792,.T.);
#4794=IFCFACE((#4793));
#4795=IFCPOLYLOOP((#3602,#3588,#3587));
#4796=IFCFACEOUTERBOUND(#4795,.T.);
#4797=IFCFACE((#4796));
#4798=IFCPOLYLOOP((#3588,#3602,#3609));
#4799=IFCFACEOUTERBOUND(#4798,.T.);
#4800=IFCFACE((#4799));
#4801=IFCPOLYLOOP((#3588,#3609,#3562));
#4802=IFCFACEOUTERBOUND(#4801,.T.);
#4803=IFCFACE((#4802));
#4804=IFCPOLYLOOP((#3602,#3603,#3609));
#4805=IFCFACEOUTERBOUND(#4804,.T.);
#4806=IFCFACE((#4805));
#4807=IFCPOLYLOOP((#3609,#3604,#3605));
#4808=IFCFACEOUTERBOUND(#4807,.T.);
#4809=IFCFACE((#4808));
#4810=IFCPOLYLOOP((#3610,#3565,#3609));
#4811=IFCFACEOUTERBOUND(#4810,.T.);
#4812=IFCFACE((#4811));
#4813=IFCPOLYLOOP((#3608,#3568,#3610));
#4814=IFCFACEOUTERBOUND(#4813,.T.);
#4815=IFCFACE((#4814));
#4816=IFCPOLYLOOP((#3610,#3567,#3566));
#4817=IFCFACEOUTERBOUND(#4816,.T.);
#4818=IFCFACE((#4817));
#4819=IFCPOLYLOOP((#3538,#3568,#3608));
#4820=IFCFACEOUTERBOUND(#4819,.T.);
#4821=IFCFACE((#4820));
#4822=IFCPOLYLOOP((#3609,#3605,#3610));
#4823=IFCFACEOUTERBOUND(#4822,.T.);
#4824=IFCFACE((#4823));
#4825=IFCPOLYLOOP((#3589,#3608,#3607));
#4826=IFCFACEOUTERBOUND(#4825,.T.);
#4827=IFCFACE((#4826));
#4828=IFCPOLYLOOP((#3610,#3606,#3607));
#4829=IFCFACEOUTERBOUND(#4828,.T.);
#4830=IFCFACE((#4829));
#4831=IFCPOLYLOOP((#3608,#3610,#3607));
#4832=IFCFACEOUTERBOUND(#4831,.T.);
#4833=IFCFACE((#4832));
#4834=IFCPOLYLOOP((#3610,#3566,#3565));
#4835=IFCFACEOUTERBOUND(#4834,.T.);
#4836=IFCFACE((#4835));
#4837=IFCPOLYLOOP((#3621,#3616,#3617));
#4838=IFCFACEOUTERBOUND(#4837,.T.);
#4839=IFCFACE((#4838));
#4840=IFCPOLYLOOP((#3614,#3828,#3615,#3625));
#4841=IFCFACEOUTERBOUND(#4840,.T.);
#4842=IFCFACE((#4841));
#4843=IFCPOLYLOOP((#3818,#3819,#3824));
#4844=IFCFACEOUTERBOUND(#4843,.T.);
#4845=IFCFACE((#4844));
#4846=IFCPOLYLOOP((#3622,#3623,#3624));
#4847=IFCFACEOUTERBOUND(#4846,.T.);
#4848=IFCFACE((#4847));
#4849=IFCPOLYLOOP((#3620,#3619,#3627));
#4850=IFCFACEOUTERBOUND(#4849,.T.);
#4851=IFCFACE((#4850));
#4852=IFCPOLYLOOP((#3827,#3826,#3825));
#4853=IFCFACEOUTERBOUND(#4852,.T.);
#4854=IFCFACE((#4853));
#4855=IFCPOLYLOOP((#3830,#3822,#3823));
#4856=IFCFACEOUTERBOUND(#4855,.T.);
#4857=IFCFACE((#4856));
#4858=IFCPOLYLOOP((#3618,#3628,#3612));
#4859=IFCFACEOUTERBOUND(#4858,.T.);
#4860=IFCFACE((#4859));
#4861=IFCPOLYLOOP((#3628,#3618,#3627));
#4862=IFCFACEOUTERBOUND(#4861,.T.);
#4863=IFCFACE((#4862));
#4864=IFCPOLYLOOP((#3618,#3630,#3624));
#4865=IFCFACEOUTERBOUND(#4864,.T.);
#4866=IFCFACE((#4865));
#4867=IFCPOLYLOOP((#3830,#3821,#3831));
#4868=IFCFACEOUTERBOUND(#4867,.T.);
#4869=IFCFACE((#4868));
#4870=IFCPOLYLOOP((#3827,#3833,#3821));
#4871=IFCFACEOUTERBOUND(#4870,.T.);
#4872=IFCFACE((#4871));
#4873=IFCPOLYLOOP((#3626,#3613,#3614));
#4874=IFCFACEOUTERBOUND(#4873,.T.);
#4875=IFCFACE((#4874));
#4876=IFCPOLYLOOP((#3623,#3626,#3625));
#4877=IFCFACEOUTERBOUND(#4876,.T.);
#4878=IFCFACE((#4877));
#4879=IFCPOLYLOOP((#3629,#3620,#3621));
#4880=IFCFACEOUTERBOUND(#4879,.T.);
#4881=IFCFACE((#4880));
#4882=IFCPOLYLOOP((#3828,#3829,#3826));
#4883=IFCFACEOUTERBOUND(#4882,.T.);
#4884=IFCFACE((#4883));
#4885=IFCPOLYLOOP((#3824,#3823,#3832));
#4886=IFCFACEOUTERBOUND(#4885,.T.);
#4887=IFCFACE((#4886));
#4888=IFCPOLYLOOP((#3620,#3629,#3684,#3619));
#4889=IFCFACEOUTERBOUND(#4888,.T.);
#4890=IFCFACE((#4889));
#4891=IFCPOLYLOOP((#3617,#3611,#3629));
#4892=IFCFACEOUTERBOUND(#4891,.T.);
#4893=IFCFACE((#4892));
#4894=IFCPOLYLOOP((#3623,#3622,#3682,#3626));
#4895=IFCFACEOUTERBOUND(#4894,.T.);
#4896=IFCFACE((#4895));
#4897=IFCPOLYLOOP((#3614,#3625,#3626));
#4898=IFCFACEOUTERBOUND(#4897,.T.);
#4899=IFCFACE((#4898));
#4900=IFCPOLYLOOP((#3627,#3619,#3628));
#4901=IFCFACEOUTERBOUND(#4900,.T.);
#4902=IFCFACE((#4901));
#4903=IFCPOLYLOOP((#3617,#3629,#3621));
#4904=IFCFACEOUTERBOUND(#4903,.T.);
#4905=IFCFACE((#4904));
#4906=IFCPOLYLOOP((#3630,#3618,#3612));
#4907=IFCFACEOUTERBOUND(#4906,.T.);
#4908=IFCFACE((#4907));
#4909=IFCPOLYLOOP((#3630,#3622,#3624));
#4910=IFCFACEOUTERBOUND(#4909,.T.);
#4911=IFCFACE((#4910));
#4912=IFCPOLYLOOP((#3631,#3632,#3643));
#4913=IFCFACEOUTERBOUND(#4912,.T.);
#4914=IFCFACE((#4913));
#4915=IFCPOLYLOOP((#3644,#3642,#3633));
#4916=IFCFACEOUTERBOUND(#4915,.T.);
#4917=IFCFACE((#4916));
#4918=IFCPOLYLOOP((#3642,#3632,#3633));
#4919=IFCFACEOUTERBOUND(#4918,.T.);
#4920=IFCFACE((#4919));
#4921=IFCPOLYLOOP((#3641,#3631,#3643,#3640));
#4922=IFCFACEOUTERBOUND(#4921,.T.);
#4923=IFCFACE((#4922));
#4924=IFCPOLYLOOP((#3634,#3644,#3633));
#4925=IFCFACEOUTERBOUND(#4924,.T.);
#4926=IFCFACE((#4925));
#4927=IFCPOLYLOOP((#3643,#3639,#3735,#3640));
#4928=IFCFACEOUTERBOUND(#4927,.T.);
#4929=IFCFACE((#4928));
#4930=IFCPOLYLOOP((#3639,#3643,#3642));
#4931=IFCFACEOUTERBOUND(#4930,.T.);
#4932=IFCFACE((#4931));
#4933=IFCPOLYLOOP((#3646,#3645,#3635));
#4934=IFCFACEOUTERBOUND(#4933,.T.);
#4935=IFCFACE((#4934));
#4936=IFCPOLYLOOP((#3644,#3637,#3638));
#4937=IFCFACEOUTERBOUND(#4936,.T.);
#4938=IFCFACE((#4937));
#4939=IFCPOLYLOOP((#3639,#3642,#3638));
#4940=IFCFACEOUTERBOUND(#4939,.T.);
#4941=IFCFACE((#4940));
#4942=IFCPOLYLOOP((#3642,#3644,#3638));
#4943=IFCFACEOUTERBOUND(#4942,.T.);
#4944=IFCFACE((#4943));
#4945=IFCPOLYLOOP((#3611,#3617,#3616,#3646));
#4946=IFCFACEOUTERBOUND(#4945,.T.);
#4947=IFCFACE((#4946));
#4948=IFCPOLYLOOP((#3634,#3635,#3645));
#4949=IFCFACEOUTERBOUND(#4948,.T.);
#4950=IFCFACE((#4949));
#4951=IFCPOLYLOOP((#3645,#3637,#3644));
#4952=IFCFACEOUTERBOUND(#4951,.T.);
#4953=IFCFACE((#4952));
#4954=IFCPOLYLOOP((#3616,#3636,#3646));
#4955=IFCFACEOUTERBOUND(#4954,.T.);
#4956=IFCFACE((#4955));
#4957=IFCPOLYLOOP((#3642,#3643,#3632));
#4958=IFCFACEOUTERBOUND(#4957,.T.);
#4959=IFCFACE((#4958));
#4960=IFCPOLYLOOP((#3611,#3646,#3635));
#4961=IFCFACEOUTERBOUND(#4960,.T.);
#4962=IFCFACE((#4961));
#4963=IFCPOLYLOOP((#3645,#3646,#3636));
#4964=IFCFACEOUTERBOUND(#4963,.T.);
#4965=IFCFACE((#4964));
#4966=IFCPOLYLOOP((#3644,#3634,#3645));
#4967=IFCFACEOUTERBOUND(#4966,.T.);
#4968=IFCFACE((#4967));
#4969=IFCPOLYLOOP((#3637,#3645,#3636));
#4970=IFCFACEOUTERBOUND(#4969,.T.);
#4971=IFCFACE((#4970));
#4972=IFCPOLYLOOP((#3647,#3648,#3667));
#4973=IFCFACEOUTERBOUND(#4972,.T.);
#4974=IFCFACE((#4973));
#4975=IFCPOLYLOOP((#3657,#3664,#3663));
#4976=IFCFACEOUTERBOUND(#4975,.T.);
#4977=IFCFACE((#4976));
#4978=IFCPOLYLOOP((#3650,#3651,#3659));
#4979=IFCFACEOUTERBOUND(#4978,.T.);
#4980=IFCFACE((#4979));
#4981=IFCPOLYLOOP((#3653,#3654,#3656));
#4982=IFCFACEOUTERBOUND(#4981,.T.);
#4983=IFCFACE((#4982));
#4984=IFCPOLYLOOP((#3659,#3665,#3655));
#4985=IFCFACEOUTERBOUND(#4984,.T.);
#4986=IFCFACE((#4985));
#4987=IFCPOLYLOOP((#3633,#3662,#3663));
#4988=IFCFACEOUTERBOUND(#4987,.T.);
#4989=IFCFACE((#4988));
#4990=IFCPOLYLOOP((#3652,#3653,#3657));
#4991=IFCFACEOUTERBOUND(#4990,.T.);
#4992=IFCFACE((#4991));
#4993=IFCPOLYLOOP((#3659,#3661,#3660));
#4994=IFCFACEOUTERBOUND(#4993,.T.);
#4995=IFCFACE((#4994));
#4996=IFCPOLYLOOP((#3631,#3660,#3661));
#4997=IFCFACEOUTERBOUND(#4996,.T.);
#4998=IFCFACE((#4997));
#4999=IFCPOLYLOOP((#3653,#3656,#3657));
#5000=IFCFACEOUTERBOUND(#4999,.T.);
#5001=IFCFACE((#5000));
#5002=IFCPOLYLOOP((#3656,#3667,#3668));
#5003=IFCFACEOUTERBOUND(#5002,.T.);
#5004=IFCFACE((#5003));
#5005=IFCPOLYLOOP((#3632,#3662,#3633));
#5006=IFCFACEOUTERBOUND(#5005,.T.);
#5007=IFCFACE((#5006));
#5008=IFCPOLYLOOP((#3661,#3662,#3632));
#5009=IFCFACEOUTERBOUND(#5008,.T.);
#5010=IFCFACE((#5009));
#5011=IFCPOLYLOOP((#3656,#3654,#3667));
#5012=IFCFACEOUTERBOUND(#5011,.T.);
#5013=IFCFACE((#5012));
#5014=IFCPOLYLOOP((#3655,#3663,#3662));
#5015=IFCFACEOUTERBOUND(#5014,.T.);
#5016=IFCFACE((#5015));
#5017=IFCPOLYLOOP((#3656,#3635,#3634));
#5018=IFCFACEOUTERBOUND(#5017,.T.);
#5019=IFCFACE((#5018));
#5020=IFCPOLYLOOP((#3659,#3649,#3658,#3650));
#5021=IFCFACEOUTERBOUND(#5020,.T.);
#5022=IFCFACE((#5021));
#5023=IFCPOLYLOOP((#3665,#3652,#3666));
#5024=IFCFACEOUTERBOUND(#5023,.T.);
#5025=IFCFACE((#5024));
#5026=IFCPOLYLOOP((#3649,#3659,#3660));
#5027=IFCFACEOUTERBOUND(#5026,.T.);
#5028=IFCFACE((#5027));
#5029=IFCPOLYLOOP((#3662,#3661,#3655));
#5030=IFCFACEOUTERBOUND(#5029,.T.);
#5031=IFCFACE((#5030));
#5032=IFCPOLYLOOP((#3665,#3666,#3655));
#5033=IFCFACEOUTERBOUND(#5032,.T.);
#5034=IFCFACE((#5033));
#5035=IFCPOLYLOOP((#3661,#3632,#3631));
#5036=IFCFACEOUTERBOUND(#5035,.T.);
#5037=IFCFACE((#5036));
#5038=IFCPOLYLOOP((#3668,#3611,#3635));
#5039=IFCFACEOUTERBOUND(#5038,.T.);
#5040=IFCFACE((#5039));
#5041=IFCPOLYLOOP((#3663,#3655,#3657));
#5042=IFCFACEOUTERBOUND(#5041,.T.);
#5043=IFCFACE((#5042));
#5044=IFCPOLYLOOP((#3661,#3659,#3655));
#5045=IFCFACEOUTERBOUND(#5044,.T.);
#5046=IFCFACE((#5045));
#5047=IFCPOLYLOOP((#3664,#3657,#3656));
#5048=IFCFACEOUTERBOUND(#5047,.T.);
#5049=IFCFACE((#5048));
#5050=IFCPOLYLOOP((#3634,#3633,#3663));
#5051=IFCFACEOUTERBOUND(#5050,.T.);
#5052=IFCFACE((#5051));
#5053=IFCPOLYLOOP((#3656,#3634,#3664));
#5054=IFCFACEOUTERBOUND(#5053,.T.);
#5055=IFCFACE((#5054));
#5056=IFCPOLYLOOP((#3634,#3663,#3664));
#5057=IFCFACEOUTERBOUND(#5056,.T.);
#5058=IFCFACE((#5057));
#5059=IFCPOLYLOOP((#3659,#3651,#3665));
#5060=IFCFACEOUTERBOUND(#5059,.T.);
#5061=IFCFACE((#5060));
#5062=IFCPOLYLOOP((#3652,#3665,#3651));
#5063=IFCFACEOUTERBOUND(#5062,.T.);
#5064=IFCFACE((#5063));
#5065=IFCPOLYLOOP((#3652,#3657,#3666));
#5066=IFCFACEOUTERBOUND(#5065,.T.);
#5067=IFCFACE((#5066));
#5068=IFCPOLYLOOP((#3657,#3655,#3666));
#5069=IFCFACEOUTERBOUND(#5068,.T.);
#5070=IFCFACE((#5069));
#5071=IFCPOLYLOOP((#3647,#3667,#3654));
#5072=IFCFACEOUTERBOUND(#5071,.T.);
#5073=IFCFACE((#5072));
#5074=IFCPOLYLOOP((#3668,#3667,#3648));
#5075=IFCFACEOUTERBOUND(#5074,.T.);
#5076=IFCFACE((#5075));
#5077=IFCPOLYLOOP((#3611,#3668,#3648));
#5078=IFCFACEOUTERBOUND(#5077,.T.);
#5079=IFCFACE((#5078));
#5080=IFCPOLYLOOP((#3656,#3668,#3635));
#5081=IFCFACEOUTERBOUND(#5080,.T.);
#5082=IFCFACE((#5081));
#5083=IFCPOLYLOOP((#3677,#3670,#3671,#3613,#3676));
#5084=IFCFACEOUTERBOUND(#5083,.T.);
#5085=IFCFACE((#5084));
#5086=IFCPOLYLOOP((#3647,#3683,#3669,#3679,#3680,#4485,#3685,#3684,#3629,#3648));
#5087=IFCFACEOUTERBOUND(#5086,.T.);
#5088=IFCFACE((#5087));
#5089=IFCPOLYLOOP((#3685,#3672,#3673,#3612,#3628));
#5090=IFCFACEOUTERBOUND(#5089,.T.);
#5091=IFCFACE((#5090));
#5092=IFCPOLYLOOP((#3669,#3678,#4500));
#5093=IFCFACEOUTERBOUND(#5092,.T.);
#5094=IFCFACE((#5093));
#5095=IFCPOLYLOOP((#3681,#3670,#3677,#3678));
#5096=IFCFACEOUTERBOUND(#5095,.T.);
#5097=IFCFACE((#5096));
#5098=IFCPOLYLOOP((#3678,#3669,#3681));
#5099=IFCFACEOUTERBOUND(#5098,.T.);
#5100=IFCFACE((#5099));
#5101=IFCPOLYLOOP((#3682,#3675,#3676,#3613,#3626));
#5102=IFCFACEOUTERBOUND(#5101,.T.);
#5103=IFCFACE((#5102));
#5104=IFCPOLYLOOP((#3674,#3682,#3622,#3630,#3612));
#5105=IFCFACEOUTERBOUND(#5104,.T.);
#5106=IFCFACE((#5105));
#5107=IFCPOLYLOOP((#3674,#3612,#3673));
#5108=IFCFACEOUTERBOUND(#5107,.T.);
#5109=IFCFACE((#5108));
#5110=IFCPOLYLOOP((#3671,#3670,#3897,#3896,#3879,#3886,#3817,#3832,#3898,#3822,#3831,#3820,#3833,#3825,#3829,#3613));
#5111=IFCFACEOUTERBOUND(#5110,.T.);
#5112=IFCFACE((#5111));
#5113=IFCPOLYLOOP((#3685,#3628,#3619,#3684));
#5114=IFCFACEOUTERBOUND(#5113,.T.);
#5115=IFCFACE((#5114));
#5116=IFCPOLYLOOP((#3685,#4485,#3672));
#5117=IFCFACEOUTERBOUND(#5116,.T.);
#5118=IFCFACE((#5117));
#5119=IFCPOLYLOOP((#3669,#4500,#3679));
#5120=IFCFACEOUTERBOUND(#5119,.T.);
#5121=IFCFACE((#5120));
#5122=IFCPOLYLOOP((#3648,#3629,#3611));
#5123=IFCFACEOUTERBOUND(#5122,.T.);
#5124=IFCFACE((#5123));
#5125=IFCPOLYLOOP((#3675,#3682,#3674));
#5126=IFCFACEOUTERBOUND(#5125,.T.);
#5127=IFCFACE((#5126));
#5128=IFCPOLYLOOP((#3686,#3687,#3688));
#5129=IFCFACEOUTERBOUND(#5128,.T.);
#5130=IFCFACE((#5129));
#5131=IFCPOLYLOOP((#3686,#3688,#3689));
#5132=IFCFACEOUTERBOUND(#5131,.T.);
#5133=IFCFACE((#5132));
#5134=IFCPOLYLOOP((#3686,#3689,#4496));
#5135=IFCFACEOUTERBOUND(#5134,.T.);
#5136=IFCFACE((#5135));
#5137=IFCPOLYLOOP((#3686,#4496,#4495));
#5138=IFCFACEOUTERBOUND(#5137,.T.);
#5139=IFCFACE((#5138));
#5140=IFCPOLYLOOP((#3686,#4495,#3539));
#5141=IFCFACEOUTERBOUND(#5140,.T.);
#5142=IFCFACE((#5141));
#5143=IFCPOLYLOOP((#3686,#3539,#3690));
#5144=IFCFACEOUTERBOUND(#5143,.T.);
#5145=IFCFACE((#5144));
#5146=IFCPOLYLOOP((#3688,#3687,#4165));
#5147=IFCFACEOUTERBOUND(#5146,.T.);
#5148=IFCFACE((#5147));
#5149=IFCPOLYLOOP((#4165,#3689,#3688));
#5150=IFCFACEOUTERBOUND(#5149,.T.);
#5151=IFCFACE((#5150));
#5152=IFCPOLYLOOP((#4165,#4491,#3689));
#5153=IFCFACEOUTERBOUND(#5152,.T.);
#5154=IFCFACE((#5153));
#5155=IFCPOLYLOOP((#4165,#4034,#4491));
#5156=IFCFACEOUTERBOUND(#5155,.T.);
#5157=IFCFACE((#5156));
#5158=IFCPOLYLOOP((#4165,#4164,#4034));
#5159=IFCFACEOUTERBOUND(#5158,.T.);
#5160=IFCFACE((#5159));
#5161=IFCPOLYLOOP((#4085,#4034,#4164));
#5162=IFCFACEOUTERBOUND(#5161,.T.);
#5163=IFCFACE((#5162));
#5164=IFCPOLYLOOP((#4085,#4040,#4034));
#5165=IFCFACEOUTERBOUND(#5164,.T.);
#5166=IFCFACE((#5165));
#5167=IFCPOLYLOOP((#4085,#4035,#4040));
#5168=IFCFACEOUTERBOUND(#5167,.T.);
#5169=IFCFACE((#5168));
#5170=IFCPOLYLOOP((#4085,#4097,#4035));
#5171=IFCFACEOUTERBOUND(#5170,.T.);
#5172=IFCFACE((#5171));
#5173=IFCPOLYLOOP((#4097,#4085,#4094));
#5174=IFCFACEOUTERBOUND(#5173,.T.);
#5175=IFCFACE((#5174));
#5176=IFCPOLYLOOP((#4097,#4094,#4084));
#5177=IFCFACEOUTERBOUND(#5176,.T.);
#5178=IFCFACE((#5177));
#5179=IFCPOLYLOOP((#3595,#3690,#3539));
#5180=IFCFACEOUTERBOUND(#5179,.T.);
#5181=IFCFACE((#5180));
#5182=IFCPOLYLOOP((#3595,#3539,#3545));
#5183=IFCFACEOUTERBOUND(#5182,.T.);
#5184=IFCFACE((#5183));
#5185=IFCPOLYLOOP((#3595,#3545,#3538));
#5186=IFCFACEOUTERBOUND(#5185,.T.);
#5187=IFCFACE((#5186));
#5188=IFCPOLYLOOP((#3595,#3538,#3608));
#5189=IFCFACEOUTERBOUND(#5188,.T.);
#5190=IFCFACE((#5189));
#5191=IFCPOLYLOOP((#3608,#3599,#3595));
#5192=IFCFACEOUTERBOUND(#5191,.T.);
#5193=IFCFACE((#5192));
#5194=IFCPOLYLOOP((#3608,#3589,#3599));
#5195=IFCFACEOUTERBOUND(#5194,.T.);
#5196=IFCFACE((#5195));
#5197=IFCPOLYLOOP((#3690,#3594,#3686));
#5198=IFCFACEOUTERBOUND(#5197,.T.);
#5199=IFCFACE((#5198));
#5200=IFCPOLYLOOP((#3595,#3594,#3690));
#5201=IFCFACEOUTERBOUND(#5200,.T.);
#5202=IFCFACE((#5201));
#5203=IFCPOLYLOOP((#3650,#3696,#3708));
#5204=IFCFACEOUTERBOUND(#5203,.T.);
#5205=IFCFACE((#5204));
#5206=IFCPOLYLOOP((#3705,#3702,#3698));
#5207=IFCFACEOUTERBOUND(#5206,.T.);
#5208=IFCFACE((#5207));
#5209=IFCPOLYLOOP((#3703,#3691,#3704));
#5210=IFCFACEOUTERBOUND(#5209,.T.);
#5211=IFCFACE((#5210));
#5212=IFCPOLYLOOP((#3652,#3651,#3698));
#5213=IFCFACEOUTERBOUND(#5212,.T.);
#5214=IFCFACE((#5213));
#5215=IFCPOLYLOOP((#3697,#3701,#3707));
#5216=IFCFACEOUTERBOUND(#5215,.T.);
#5217=IFCFACE((#5216));
#5218=IFCPOLYLOOP((#3693,#3694,#3700));
#5219=IFCFACEOUTERBOUND(#5218,.T.);
#5220=IFCFACE((#5219));
#5221=IFCPOLYLOOP((#3707,#3702,#3697));
#5222=IFCFACEOUTERBOUND(#5221,.T.);
#5223=IFCFACE((#5222));
#5224=IFCPOLYLOOP((#3654,#3710,#3647));
#5225=IFCFACEOUTERBOUND(#5224,.T.);
#5226=IFCFACE((#5225));
#5227=IFCPOLYLOOP((#3703,#3704,#3697));
#5228=IFCFACEOUTERBOUND(#5227,.T.);
#5229=IFCFACE((#5228));
#5230=IFCPOLYLOOP((#3710,#3654,#3701));
#5231=IFCFACEOUTERBOUND(#5230,.T.);
#5232=IFCFACE((#5231));
#5233=IFCPOLYLOOP((#3698,#3708,#3709));
#5234=IFCFACEOUTERBOUND(#5233,.T.);
#5235=IFCFACE((#5234));
#5236=IFCPOLYLOOP((#3699,#3704,#3692));
#5237=IFCFACEOUTERBOUND(#5236,.T.);
#5238=IFCFACE((#5237));
#5239=IFCPOLYLOOP((#3691,#3703,#3590));
#5240=IFCFACEOUTERBOUND(#5239,.T.);
#5241=IFCFACE((#5240));
#5242=IFCPOLYLOOP((#3693,#3699,#3692));
#5243=IFCFACEOUTERBOUND(#5242,.T.);
#5244=IFCFACE((#5243));
#5245=IFCPOLYLOOP((#3692,#3704,#3691));
#5246=IFCFACEOUTERBOUND(#5245,.T.);
#5247=IFCFACE((#5246));
#5248=IFCPOLYLOOP((#3653,#3652,#3702));
#5249=IFCFACEOUTERBOUND(#5248,.T.);
#5250=IFCFACE((#5249));
#5251=IFCPOLYLOOP((#3708,#3698,#3651));
#5252=IFCFACEOUTERBOUND(#5251,.T.);
#5253=IFCFACE((#5252));
#5254=IFCPOLYLOOP((#3703,#3697,#3702));
#5255=IFCFACEOUTERBOUND(#5254,.T.);
#5256=IFCFACE((#5255));
#5257=IFCPOLYLOOP((#3699,#3697,#3704));
#5258=IFCFACEOUTERBOUND(#5257,.T.);
#5259=IFCFACE((#5258));
#5260=IFCPOLYLOOP((#3697,#3699,#3701));
#5261=IFCFACEOUTERBOUND(#5260,.T.);
#5262=IFCFACE((#5261));
#5263=IFCPOLYLOOP((#3695,#3699,#3700));
#5264=IFCFACEOUTERBOUND(#5263,.T.);
#5265=IFCFACE((#5264));
#5266=IFCPOLYLOOP((#3707,#3654,#3653));
#5267=IFCFACEOUTERBOUND(#5266,.T.);
#5268=IFCFACE((#5267));
#5269=IFCPOLYLOOP((#3699,#3693,#3700));
#5270=IFCFACEOUTERBOUND(#5269,.T.);
#5271=IFCFACE((#5270));
#5272=IFCPOLYLOOP((#3705,#3591,#3600));
#5273=IFCFACEOUTERBOUND(#5272,.T.);
#5274=IFCFACE((#5273));
#5275=IFCPOLYLOOP((#3652,#3698,#3702));
#5276=IFCFACEOUTERBOUND(#5275,.T.);
#5277=IFCFACE((#5276));
#5278=IFCPOLYLOOP((#3709,#3592,#3596,#3591));
#5279=IFCFACEOUTERBOUND(#5278,.T.);
#5280=IFCFACE((#5279));
#5281=IFCPOLYLOOP((#3703,#3705,#3590));
#5282=IFCFACEOUTERBOUND(#5281,.T.);
#5283=IFCFACE((#5282));
#5284=IFCPOLYLOOP((#3695,#3701,#3699));
#5285=IFCFACEOUTERBOUND(#5284,.T.);
#5286=IFCFACE((#5285));
#5287=IFCPOLYLOOP((#3702,#3705,#3703));
#5288=IFCFACEOUTERBOUND(#5287,.T.);
#5289=IFCFACE((#5288));
#5290=IFCPOLYLOOP((#3654,#3707,#3701));
#5291=IFCFACEOUTERBOUND(#5290,.T.);
#5292=IFCFACE((#5291));
#5293=IFCPOLYLOOP((#3591,#3705,#3698));
#5294=IFCFACEOUTERBOUND(#5293,.T.);
#5295=IFCFACE((#5294));
#5296=IFCPOLYLOOP((#3706,#3590,#3705));
#5297=IFCFACEOUTERBOUND(#5296,.T.);
#5298=IFCFACE((#5297));
#5299=IFCPOLYLOOP((#3702,#3707,#3653));
#5300=IFCFACEOUTERBOUND(#5299,.T.);
#5301=IFCFACE((#5300));
#5302=IFCPOLYLOOP((#3650,#3708,#3651));
#5303=IFCFACEOUTERBOUND(#5302,.T.);
#5304=IFCFACE((#5303));
#5305=IFCPOLYLOOP((#3709,#3708,#3696));
#5306=IFCFACEOUTERBOUND(#5305,.T.);
#5307=IFCFACE((#5306));
#5308=IFCPOLYLOOP((#3592,#3709,#3696));
#5309=IFCFACEOUTERBOUND(#5308,.T.);
#5310=IFCFACE((#5309));
#5311=IFCPOLYLOOP((#3698,#3709,#3591));
#5312=IFCFACEOUTERBOUND(#5311,.T.);
#5313=IFCFACE((#5312));
#5314=IFCPOLYLOOP((#3701,#3695,#3710));
#5315=IFCFACEOUTERBOUND(#5314,.T.);
#5316=IFCFACE((#5315));
#5317=IFCPOLYLOOP((#3694,#3711,#3669));
#5318=IFCFACEOUTERBOUND(#5317,.T.);
#5319=IFCFACE((#5318));
#5320=IFCPOLYLOOP((#3669,#3700,#3694));
#5321=IFCFACEOUTERBOUND(#5320,.T.);
#5322=IFCFACE((#5321));
#5323=IFCPOLYLOOP((#3711,#3712,#3669));
#5324=IFCFACEOUTERBOUND(#5323,.T.);
#5325=IFCFACE((#5324));
#5326=IFCPOLYLOOP((#3712,#3711,#3896));
#5327=IFCFACEOUTERBOUND(#5326,.T.);
#5328=IFCFACE((#5327));
#5329=IFCPOLYLOOP((#3711,#3905,#3896));
#5330=IFCFACEOUTERBOUND(#5329,.T.);
#5331=IFCFACE((#5330));
#5332=IFCPOLYLOOP((#3904,#3896,#3905));
#5333=IFCFACEOUTERBOUND(#5332,.T.);
#5334=IFCFACE((#5333));
#5335=IFCPOLYLOOP((#3896,#3904,#3879));
#5336=IFCFACEOUTERBOUND(#5335,.T.);
#5337=IFCFACE((#5336));
#5338=IFCPOLYLOOP((#3712,#3896,#3897));
#5339=IFCFACEOUTERBOUND(#5338,.T.);
#5340=IFCFACE((#5339));
#5341=IFCPOLYLOOP((#3712,#3897,#3670));
#5342=IFCFACEOUTERBOUND(#5341,.T.);
#5343=IFCFACE((#5342));
#5344=IFCPOLYLOOP((#3712,#3670,#3681));
#5345=IFCFACEOUTERBOUND(#5344,.T.);
#5346=IFCFACE((#5345));
#5347=IFCPOLYLOOP((#3712,#3681,#3669));
#5348=IFCFACEOUTERBOUND(#5347,.T.);
#5349=IFCFACE((#5348));
#5350=IFCPOLYLOOP((#3669,#3695,#3700));
#5351=IFCFACEOUTERBOUND(#5350,.T.);
#5352=IFCFACE((#5351));
#5353=IFCPOLYLOOP((#3695,#3669,#3683));
#5354=IFCFACEOUTERBOUND(#5353,.T.);
#5355=IFCFACE((#5354));
#5356=IFCPOLYLOOP((#3683,#3710,#3695));
#5357=IFCFACEOUTERBOUND(#5356,.T.);
#5358=IFCFACE((#5357));
#5359=IFCPOLYLOOP((#3683,#3647,#3710));
#5360=IFCFACEOUTERBOUND(#5359,.T.);
#5361=IFCFACE((#5360));
#5362=IFCPOLYLOOP((#3714,#3582,#3584));
#5363=IFCFACEOUTERBOUND(#5362,.T.);
#5364=IFCFACE((#5363));
#5365=IFCPOLYLOOP((#3582,#3714,#3616));
#5366=IFCFACEOUTERBOUND(#5365,.T.);
#5367=IFCFACE((#5366));
#5368=IFCPOLYLOOP((#3584,#3724,#3714));
#5369=IFCFACEOUTERBOUND(#5368,.T.);
#5370=IFCFACE((#5369));
#5371=IFCPOLYLOOP((#3582,#3616,#3621));
#5372=IFCFACEOUTERBOUND(#5371,.T.);
#5373=IFCFACE((#5372));
#5374=IFCPOLYLOOP((#3582,#3621,#3620));
#5375=IFCFACEOUTERBOUND(#5374,.T.);
#5376=IFCFACE((#5375));
#5377=IFCPOLYLOOP((#3582,#3620,#3627));
#5378=IFCFACEOUTERBOUND(#5377,.T.);
#5379=IFCFACE((#5378));
#5380=IFCPOLYLOOP((#3582,#3627,#3618));
#5381=IFCFACEOUTERBOUND(#5380,.T.);
#5382=IFCFACE((#5381));
#5383=IFCPOLYLOOP((#3582,#3618,#3624));
#5384=IFCFACEOUTERBOUND(#5383,.T.);
#5385=IFCFACE((#5384));
#5386=IFCPOLYLOOP((#3582,#3624,#3623));
#5387=IFCFACEOUTERBOUND(#5386,.T.);
#5388=IFCFACE((#5387));
#5389=IFCPOLYLOOP((#3582,#3623,#3625));
#5390=IFCFACEOUTERBOUND(#5389,.T.);
#5391=IFCFACE((#5390));
#5392=IFCPOLYLOOP((#3582,#3625,#3615));
#5393=IFCFACEOUTERBOUND(#5392,.T.);
#5394=IFCFACE((#5393));
#5395=IFCPOLYLOOP((#3582,#3615,#3713));
#5396=IFCFACEOUTERBOUND(#5395,.T.);
#5397=IFCFACE((#5396));
#5398=IFCPOLYLOOP((#3790,#3713,#3615));
#5399=IFCFACEOUTERBOUND(#5398,.T.);
#5400=IFCFACE((#5399));
#5401=IFCPOLYLOOP((#3790,#3615,#3828));
#5402=IFCFACEOUTERBOUND(#5401,.T.);
#5403=IFCFACE((#5402));
#5404=IFCPOLYLOOP((#3790,#3828,#3826));
#5405=IFCFACEOUTERBOUND(#5404,.T.);
#5406=IFCFACE((#5405));
#5407=IFCPOLYLOOP((#3790,#3826,#3827));
#5408=IFCFACEOUTERBOUND(#5407,.T.);
#5409=IFCFACE((#5408));
#5410=IFCPOLYLOOP((#3790,#3827,#3821));
#5411=IFCFACEOUTERBOUND(#5410,.T.);
#5412=IFCFACE((#5411));
#5413=IFCPOLYLOOP((#3790,#3821,#3830));
#5414=IFCFACEOUTERBOUND(#5413,.T.);
#5415=IFCFACE((#5414));
#5416=IFCPOLYLOOP((#3790,#3830,#3823));
#5417=IFCFACEOUTERBOUND(#5416,.T.);
#5418=IFCFACE((#5417));
#5419=IFCPOLYLOOP((#3790,#3823,#3824));
#5420=IFCFACEOUTERBOUND(#5419,.T.);
#5421=IFCFACE((#5420));
#5422=IFCPOLYLOOP((#3790,#3824,#3819));
#5423=IFCFACEOUTERBOUND(#5422,.T.);
#5424=IFCFACE((#5423));
#5425=IFCPOLYLOOP((#3790,#3819,#3923));
#5426=IFCFACEOUTERBOUND(#5425,.T.);
#5427=IFCFACE((#5426));
#5428=IFCPOLYLOOP((#3923,#3792,#3790));
#5429=IFCFACEOUTERBOUND(#5428,.T.);
#5430=IFCFACE((#5429));
#5431=IFCPOLYLOOP((#3923,#3769,#3792));
#5432=IFCFACEOUTERBOUND(#5431,.T.);
#5433=IFCFACE((#5432));
#5434=IFCPOLYLOOP((#3790,#3579,#3713));
#5435=IFCFACEOUTERBOUND(#5434,.T.);
#5436=IFCFACE((#5435));
#5437=IFCPOLYLOOP((#3713,#3579,#3582));
#5438=IFCFACEOUTERBOUND(#5437,.T.);
#5439=IFCFACE((#5438));
#5440=IFCPOLYLOOP((#3584,#3558,#3724));
#5441=IFCFACEOUTERBOUND(#5440,.T.);
#5442=IFCFACE((#5441));
#5443=IFCPOLYLOOP((#4075,#4108,#4188));
#5444=IFCFACEOUTERBOUND(#5443,.T.);
#5445=IFCFACE((#5444));
#5446=IFCPOLYLOOP((#4188,#4079,#4075));
#5447=IFCFACEOUTERBOUND(#5446,.T.);
#5448=IFCFACE((#5447));
#5449=IFCPOLYLOOP((#4075,#4116,#4108));
#5450=IFCFACEOUTERBOUND(#5449,.T.);
#5451=IFCFACE((#5450));
#5452=IFCPOLYLOOP((#4075,#4115,#4116));
#5453=IFCFACEOUTERBOUND(#5452,.T.);
#5454=IFCFACE((#5453));
#5455=IFCPOLYLOOP((#4075,#4122,#4115));
#5456=IFCFACEOUTERBOUND(#5455,.T.);
#5457=IFCFACE((#5456));
#5458=IFCPOLYLOOP((#4075,#4113,#4122));
#5459=IFCFACEOUTERBOUND(#5458,.T.);
#5460=IFCFACE((#5459));
#5461=IFCPOLYLOOP((#4075,#4119,#4113));
#5462=IFCFACEOUTERBOUND(#5461,.T.);
#5463=IFCFACE((#5462));
#5464=IFCPOLYLOOP((#4075,#4118,#4119));
#5465=IFCFACEOUTERBOUND(#5464,.T.);
#5466=IFCFACE((#5465));
#5467=IFCPOLYLOOP((#4075,#4120,#4118));
#5468=IFCFACEOUTERBOUND(#5467,.T.);
#5469=IFCFACE((#5468));
#5470=IFCPOLYLOOP((#4075,#4109,#4120));
#5471=IFCFACEOUTERBOUND(#5470,.T.);
#5472=IFCFACE((#5471));
#5473=IFCPOLYLOOP((#4075,#4189,#4109));
#5474=IFCFACEOUTERBOUND(#5473,.T.);
#5475=IFCFACE((#5474));
#5476=IFCPOLYLOOP((#4189,#4075,#4074));
#5477=IFCFACEOUTERBOUND(#5476,.T.);
#5478=IFCFACE((#5477));
#5479=IFCPOLYLOOP((#4257,#4189,#4074));
#5480=IFCFACEOUTERBOUND(#5479,.T.);
#5481=IFCFACE((#5480));
#5482=IFCPOLYLOOP((#4257,#4109,#4189));
#5483=IFCFACEOUTERBOUND(#5482,.T.);
#5484=IFCFACE((#5483));
#5485=IFCPOLYLOOP((#4257,#4295,#4109));
#5486=IFCFACEOUTERBOUND(#5485,.T.);
#5487=IFCFACE((#5486));
#5488=IFCPOLYLOOP((#4257,#4293,#4295));
#5489=IFCFACEOUTERBOUND(#5488,.T.);
#5490=IFCFACE((#5489));
#5491=IFCPOLYLOOP((#4257,#4294,#4293));
#5492=IFCFACEOUTERBOUND(#5491,.T.);
#5493=IFCFACE((#5492));
#5494=IFCPOLYLOOP((#4257,#4288,#4294));
#5495=IFCFACEOUTERBOUND(#5494,.T.);
#5496=IFCFACE((#5495));
#5497=IFCPOLYLOOP((#4257,#4297,#4288));
#5498=IFCFACEOUTERBOUND(#5497,.T.);
#5499=IFCFACE((#5498));
#5500=IFCPOLYLOOP((#4257,#4290,#4297));
#5501=IFCFACEOUTERBOUND(#5500,.T.);
#5502=IFCFACE((#5501));
#5503=IFCPOLYLOOP((#4257,#4291,#4290));
#5504=IFCFACEOUTERBOUND(#5503,.T.);
#5505=IFCFACE((#5504));
#5506=IFCPOLYLOOP((#4257,#4286,#4291));
#5507=IFCFACEOUTERBOUND(#5506,.T.);
#5508=IFCFACE((#5507));
#5509=IFCPOLYLOOP((#4257,#4390,#4286));
#5510=IFCFACEOUTERBOUND(#5509,.T.);
#5511=IFCFACE((#5510));
#5512=IFCPOLYLOOP((#4390,#4257,#4259));
#5513=IFCFACEOUTERBOUND(#5512,.T.);
#5514=IFCFACE((#5513));
#5515=IFCPOLYLOOP((#4259,#4398,#4390));
#5516=IFCFACEOUTERBOUND(#5515,.T.);
#5517=IFCFACE((#5516));
#5518=IFCPOLYLOOP((#4259,#4233,#4398));
#5519=IFCFACEOUTERBOUND(#5518,.T.);
#5520=IFCFACE((#5519));
#5521=IFCPOLYLOOP((#4188,#4060,#4079));
#5522=IFCFACEOUTERBOUND(#5521,.T.);
#5523=IFCFACE((#5522));
#5524=IFCPOLYLOOP((#3587,#3586,#3716));
#5525=IFCFACEOUTERBOUND(#5524,.T.);
#5526=IFCFACE((#5525));
#5527=IFCPOLYLOOP((#3715,#3587,#3716));
#5528=IFCFACEOUTERBOUND(#5527,.T.);
#5529=IFCFACE((#5528));
#5530=IFCPOLYLOOP((#3716,#3586,#3794,#3924,#3905,#3711,#3694,#3715));
#5531=IFCFACEOUTERBOUND(#5530,.T.);
#5532=IFCFACE((#5531));
#5533=IFCPOLYLOOP((#3692,#3691,#3717));
#5534=IFCFACEOUTERBOUND(#5533,.T.);
#5535=IFCFACE((#5534));
#5536=IFCPOLYLOOP((#3605,#3717,#3606));
#5537=IFCFACEOUTERBOUND(#5536,.T.);
#5538=IFCFACE((#5537));
#5539=IFCPOLYLOOP((#3604,#3718,#3717));
#5540=IFCFACEOUTERBOUND(#5539,.T.);
#5541=IFCFACE((#5540));
#5542=IFCPOLYLOOP((#3598,#3691,#3590));
#5543=IFCFACEOUTERBOUND(#5542,.T.);
#5544=IFCFACE((#5543));
#5545=IFCPOLYLOOP((#3692,#3718,#3693));
#5546=IFCFACEOUTERBOUND(#5545,.T.);
#5547=IFCFACE((#5546));
#5548=IFCPOLYLOOP((#3606,#3717,#3607));
#5549=IFCFACEOUTERBOUND(#5548,.T.);
#5550=IFCFACE((#5549));
#5551=IFCPOLYLOOP((#3589,#3607,#3598));
#5552=IFCFACEOUTERBOUND(#5551,.T.);
#5553=IFCFACE((#5552));
#5554=IFCPOLYLOOP((#3717,#3598,#3607));
#5555=IFCFACEOUTERBOUND(#5554,.T.);
#5556=IFCFACE((#5555));
#5557=IFCPOLYLOOP((#3604,#3603,#3718));
#5558=IFCFACEOUTERBOUND(#5557,.T.);
#5559=IFCFACE((#5558));
#5560=IFCPOLYLOOP((#3602,#3718,#3603));
#5561=IFCFACEOUTERBOUND(#5560,.T.);
#5562=IFCFACE((#5561));
#5563=IFCPOLYLOOP((#3604,#3717,#3605));
#5564=IFCFACEOUTERBOUND(#5563,.T.);
#5565=IFCFACE((#5564));
#5566=IFCPOLYLOOP((#3718,#3602,#3715));
#5567=IFCFACEOUTERBOUND(#5566,.T.);
#5568=IFCFACE((#5567));
#5569=IFCPOLYLOOP((#3693,#3715,#3694));
#5570=IFCFACEOUTERBOUND(#5569,.T.);
#5571=IFCFACE((#5570));
#5572=IFCPOLYLOOP((#3718,#3715,#3693));
#5573=IFCFACEOUTERBOUND(#5572,.T.);
#5574=IFCFACE((#5573));
#5575=IFCPOLYLOOP((#3691,#3598,#3717));
#5576=IFCFACEOUTERBOUND(#5575,.T.);
#5577=IFCFACE((#5576));
#5578=IFCPOLYLOOP((#3602,#3587,#3715));
#5579=IFCFACEOUTERBOUND(#5578,.T.);
#5580=IFCFACE((#5579));
#5581=IFCPOLYLOOP((#3692,#3717,#3718));
#5582=IFCFACEOUTERBOUND(#5581,.T.);
#5583=IFCFACE((#5582));
#5584=IFCPOLYLOOP((#3735,#3639,#3732));
#5585=IFCFACEOUTERBOUND(#5584,.T.);
#5586=IFCFACE((#5585));
#5587=IFCPOLYLOOP((#3556,#3727,#3721));
#5588=IFCFACEOUTERBOUND(#5587,.T.);
#5589=IFCFACE((#5588));
#5590=IFCPOLYLOOP((#3728,#3720,#3637));
#5591=IFCFACEOUTERBOUND(#5590,.T.);
#5592=IFCFACE((#5591));
#5593=IFCPOLYLOOP((#3720,#3725,#3726));
#5594=IFCFACEOUTERBOUND(#5593,.T.);
#5595=IFCFACE((#5594));
#5596=IFCPOLYLOOP((#3637,#3720,#3738));
#5597=IFCFACEOUTERBOUND(#5596,.T.);
#5598=IFCFACE((#5597));
#5599=IFCPOLYLOOP((#3639,#3723,#3732));
#5600=IFCFACEOUTERBOUND(#5599,.T.);
#5601=IFCFACE((#5600));
#5602=IFCPOLYLOOP((#3723,#3731,#3732));
#5603=IFCFACEOUTERBOUND(#5602,.T.);
#5604=IFCFACE((#5603));
#5605=IFCPOLYLOOP((#3738,#3720,#3726));
#5606=IFCFACEOUTERBOUND(#5605,.T.);
#5607=IFCFACE((#5606));
#5608=IFCPOLYLOOP((#3725,#3555,#3536));
#5609=IFCFACEOUTERBOUND(#5608,.T.);
#5610=IFCFACE((#5609));
#5611=IFCPOLYLOOP((#3723,#3726,#3731));
#5612=IFCFACEOUTERBOUND(#5611,.T.);
#5613=IFCFACE((#5612));
#5614=IFCPOLYLOOP((#3730,#3721,#3739));
#5615=IFCFACEOUTERBOUND(#5614,.T.);
#5616=IFCFACE((#5615));
#5617=IFCPOLYLOOP((#3639,#3638,#3723));
#5618=IFCFACEOUTERBOUND(#5617,.T.);
#5619=IFCFACE((#5618));
#5620=IFCPOLYLOOP((#3727,#3728,#3721));
#5621=IFCFACEOUTERBOUND(#5620,.T.);
#5622=IFCFACE((#5621));
#5623=IFCPOLYLOOP((#3731,#3737,#3542,#3722));
#5624=IFCFACEOUTERBOUND(#5623,.T.);
#5625=IFCFACE((#5624));
#5626=IFCPOLYLOOP((#3727,#3725,#3720));
#5627=IFCFACEOUTERBOUND(#5626,.T.);
#5628=IFCFACE((#5627));
#5629=IFCPOLYLOOP((#3730,#3616,#3714));
#5630=IFCFACEOUTERBOUND(#5629,.T.);
#5631=IFCFACE((#5630));
#5632=IFCPOLYLOOP((#3733,#3719,#3732));
#5633=IFCFACEOUTERBOUND(#5632,.T.);
#5634=IFCFACE((#5633));
#5635=IFCPOLYLOOP((#3556,#3721,#3557));
#5636=IFCFACEOUTERBOUND(#5635,.T.);
#5637=IFCFACE((#5636));
#5638=IFCPOLYLOOP((#3714,#3729,#3730));
#5639=IFCFACEOUTERBOUND(#5638,.T.);
#5640=IFCFACE((#5639));
#5641=IFCPOLYLOOP((#3729,#3557,#3721));
#5642=IFCFACEOUTERBOUND(#5641,.T.);
#5643=IFCFACE((#5642));
#5644=IFCPOLYLOOP((#3558,#3557,#3724));
#5645=IFCFACEOUTERBOUND(#5644,.T.);
#5646=IFCFACE((#5645));
#5647=IFCPOLYLOOP((#4060,#4188,#4061));
#5648=IFCFACEOUTERBOUND(#5647,.T.);
#5649=IFCFACE((#5648));
#5650=IFCPOLYLOOP((#3555,#3725,#3727));
#5651=IFCFACEOUTERBOUND(#5650,.T.);
#5652=IFCFACE((#5651));
#5653=IFCPOLYLOOP((#3714,#3724,#3729));
#5654=IFCFACEOUTERBOUND(#5653,.T.);
#5655=IFCFACE((#5654));
#5656=IFCPOLYLOOP((#3555,#3727,#3556));
#5657=IFCFACEOUTERBOUND(#5656,.T.);
#5658=IFCFACE((#5657));
#5659=IFCPOLYLOOP((#3726,#3723,#3738));
#5660=IFCFACEOUTERBOUND(#5659,.T.);
#5661=IFCFACE((#5660));
#5662=IFCPOLYLOOP((#3726,#3725,#3536));
#5663=IFCFACEOUTERBOUND(#5662,.T.);
#5664=IFCFACE((#5663));
#5665=IFCPOLYLOOP((#3720,#3728,#3727));
#5666=IFCFACEOUTERBOUND(#5665,.T.);
#5667=IFCFACE((#5666));
#5668=IFCPOLYLOOP((#3739,#3637,#3636));
#5669=IFCFACEOUTERBOUND(#5668,.T.);
#5670=IFCFACE((#5669));
#5671=IFCPOLYLOOP((#3557,#3729,#3724));
#5672=IFCFACEOUTERBOUND(#5671,.T.);
#5673=IFCFACE((#5672));
#5674=IFCPOLYLOOP((#3730,#3729,#3721));
#5675=IFCFACEOUTERBOUND(#5674,.T.);
#5676=IFCFACE((#5675));
#5677=IFCPOLYLOOP((#3739,#3721,#3728));
#5678=IFCFACEOUTERBOUND(#5677,.T.);
#5679=IFCFACE((#5678));
#5680=IFCPOLYLOOP((#3616,#3730,#3636));
#5681=IFCFACEOUTERBOUND(#5680,.T.);
#5682=IFCFACE((#5681));
#5683=IFCPOLYLOOP((#3731,#3726,#3737));
#5684=IFCFACEOUTERBOUND(#5683,.T.);
#5685=IFCFACE((#5684));
#5686=IFCPOLYLOOP((#3731,#3722,#3736));
#5687=IFCFACEOUTERBOUND(#5686,.T.);
#5688=IFCFACE((#5687));
#5689=IFCPOLYLOOP((#3736,#3541,#3733));
#5690=IFCFACEOUTERBOUND(#5689,.T.);
#5691=IFCFACE((#5690));
#5692=IFCPOLYLOOP((#3732,#3719,#3734));
#5693=IFCFACEOUTERBOUND(#5692,.T.);
#5694=IFCFACE((#5693));
#5695=IFCPOLYLOOP((#3732,#3731,#3736));
#5696=IFCFACEOUTERBOUND(#5695,.T.);
#5697=IFCFACE((#5696));
#5698=IFCPOLYLOOP((#3734,#3640,#3735));
#5699=IFCFACEOUTERBOUND(#5698,.T.);
#5700=IFCFACE((#5699));
#5701=IFCPOLYLOOP((#3734,#3735,#3732));
#5702=IFCFACEOUTERBOUND(#5701,.T.);
#5703=IFCFACE((#5702));
#5704=IFCPOLYLOOP((#3541,#3736,#3722));
#5705=IFCFACEOUTERBOUND(#5704,.T.);
#5706=IFCFACE((#5705));
#5707=IFCPOLYLOOP((#3732,#3736,#3733));
#5708=IFCFACEOUTERBOUND(#5707,.T.);
#5709=IFCFACE((#5708));
#5710=IFCPOLYLOOP((#3726,#3536,#3554,#3737));
#5711=IFCFACEOUTERBOUND(#5710,.T.);
#5712=IFCFACE((#5711));
#5713=IFCPOLYLOOP((#3723,#3638,#3738));
#5714=IFCFACEOUTERBOUND(#5713,.T.);
#5715=IFCFACE((#5714));
#5716=IFCPOLYLOOP((#3637,#3738,#3638));
#5717=IFCFACEOUTERBOUND(#5716,.T.);
#5718=IFCFACE((#5717));
#5719=IFCPOLYLOOP((#3637,#3739,#3728));
#5720=IFCFACEOUTERBOUND(#5719,.T.);
#5721=IFCFACE((#5720));
#5722=IFCPOLYLOOP((#3636,#3730,#3739));
#5723=IFCFACEOUTERBOUND(#5722,.T.);
#5724=IFCFACE((#5723));
#5725=IFCPOLYLOOP((#3747,#3742,#3748));
#5726=IFCFACEOUTERBOUND(#5725,.T.);
#5727=IFCFACE((#5726));
#5728=IFCPOLYLOOP((#3751,#3745,#3756));
#5729=IFCFACEOUTERBOUND(#5728,.T.);
#5730=IFCFACE((#5729));
#5731=IFCPOLYLOOP((#3745,#3753,#3748));
#5732=IFCFACEOUTERBOUND(#5731,.T.);
#5733=IFCFACE((#5732));
#5734=IFCPOLYLOOP((#3749,#3755,#3743));
#5735=IFCFACEOUTERBOUND(#5734,.T.);
#5736=IFCFACE((#5735));
#5737=IFCPOLYLOOP((#4214,#4226,#4220));
#5738=IFCFACEOUTERBOUND(#5737,.T.);
#5739=IFCFACE((#5738));
#5740=IFCPOLYLOOP((#3742,#3755,#3748));
#5741=IFCFACEOUTERBOUND(#5740,.T.);
#5742=IFCFACE((#5741));
#5743=IFCPOLYLOOP((#3748,#3752,#3747));
#5744=IFCFACEOUTERBOUND(#5743,.T.);
#5745=IFCFACE((#5744));
#5746=IFCPOLYLOOP((#3752,#3754,#3746));
#5747=IFCFACEOUTERBOUND(#5746,.T.);
#5748=IFCFACE((#5747));
#5749=IFCPOLYLOOP((#3756,#3755,#3757));
#5750=IFCFACEOUTERBOUND(#5749,.T.);
#5751=IFCFACE((#5750));
#5752=IFCPOLYLOOP((#3747,#3752,#3741));
#5753=IFCFACEOUTERBOUND(#5752,.T.);
#5754=IFCFACE((#5753));
#5755=IFCPOLYLOOP((#3752,#3746,#3929,#3741));
#5756=IFCFACEOUTERBOUND(#5755,.T.);
#5757=IFCFACE((#5756));
#5758=IFCPOLYLOOP((#3755,#3742,#3750,#3743));
#5759=IFCFACEOUTERBOUND(#5758,.T.);
#5760=IFCFACE((#5759));
#5761=IFCPOLYLOOP((#3757,#3749,#3744));
#5762=IFCFACEOUTERBOUND(#5761,.T.);
#5763=IFCFACE((#5762));
#5764=IFCPOLYLOOP((#4213,#4220,#4228));
#5765=IFCFACEOUTERBOUND(#5764,.T.);
#5766=IFCFACE((#5765));
#5767=IFCPOLYLOOP((#3740,#3754,#3753));
#5768=IFCFACEOUTERBOUND(#5767,.T.);
#5769=IFCFACE((#5768));
#5770=IFCPOLYLOOP((#3754,#3752,#3748));
#5771=IFCFACEOUTERBOUND(#5770,.T.);
#5772=IFCFACE((#5771));
#5773=IFCPOLYLOOP((#3754,#3740,#3758,#3937,#3746));
#5774=IFCFACEOUTERBOUND(#5773,.T.);
#5775=IFCFACE((#5774));
#5776=IFCPOLYLOOP((#3753,#3754,#3748));
#5777=IFCFACEOUTERBOUND(#5776,.T.);
#5778=IFCFACE((#5777));
#5779=IFCPOLYLOOP((#3756,#3745,#3748));
#5780=IFCFACEOUTERBOUND(#5779,.T.);
#5781=IFCFACE((#5780));
#5782=IFCPOLYLOOP((#3751,#3756,#3757));
#5783=IFCFACEOUTERBOUND(#5782,.T.);
#5784=IFCFACE((#5783));
#5785=IFCPOLYLOOP((#3755,#3756,#3748));
#5786=IFCFACEOUTERBOUND(#5785,.T.);
#5787=IFCFACE((#5786));
#5788=IFCPOLYLOOP((#3757,#3744,#3782,#3751));
#5789=IFCFACEOUTERBOUND(#5788,.T.);
#5790=IFCFACE((#5789));
#5791=IFCPOLYLOOP((#3757,#3755,#3749));
#5792=IFCFACEOUTERBOUND(#5791,.T.);
#5793=IFCFACE((#5792));
#5794=IFCPOLYLOOP((#3772,#3753,#3775));
#5795=IFCFACEOUTERBOUND(#5794,.T.);
#5796=IFCFACE((#5795));
#5797=IFCPOLYLOOP((#3779,#3780,#3774));
#5798=IFCFACEOUTERBOUND(#5797,.T.);
#5799=IFCFACE((#5798));
#5800=IFCPOLYLOOP((#3773,#3760,#3761));
#5801=IFCFACEOUTERBOUND(#5800,.T.);
#5802=IFCFACE((#5801));
#5803=IFCPOLYLOOP((#3773,#3761,#3762));
#5804=IFCFACEOUTERBOUND(#5803,.T.);
#5805=IFCFACE((#5804));
#5806=IFCPOLYLOOP((#3776,#3769,#3770));
#5807=IFCFACEOUTERBOUND(#5806,.T.);
#5808=IFCFACE((#5807));
#5809=IFCPOLYLOOP((#3782,#3744,#3759));
#5810=IFCFACEOUTERBOUND(#5809,.T.);
#5811=IFCFACE((#5810));
#5812=IFCPOLYLOOP((#3774,#3780,#3766));
#5813=IFCFACEOUTERBOUND(#5812,.T.);
#5814=IFCFACE((#5813));
#5815=IFCPOLYLOOP((#3760,#3773,#3782));
#5816=IFCFACEOUTERBOUND(#5815,.T.);
#5817=IFCFACE((#5816));
#5818=IFCPOLYLOOP((#3766,#3767,#3774));
#5819=IFCFACEOUTERBOUND(#5818,.T.);
#5820=IFCFACE((#5819));
#5821=IFCPOLYLOOP((#3740,#3753,#3772));
#5822=IFCFACEOUTERBOUND(#5821,.T.);
#5823=IFCFACE((#5822));
#5824=IFCPOLYLOOP((#3753,#3745,#3775));
#5825=IFCFACEOUTERBOUND(#5824,.T.);
#5826=IFCFACE((#5825));
#5827=IFCPOLYLOOP((#3779,#3773,#3780));
#5828=IFCFACEOUTERBOUND(#5827,.T.);
#5829=IFCFACE((#5828));
#5830=IFCPOLYLOOP((#3775,#3771,#3772));
#5831=IFCFACEOUTERBOUND(#5830,.T.);
#5832=IFCFACE((#5831));
#5833=IFCPOLYLOOP((#3782,#3759,#3760));
#5834=IFCFACEOUTERBOUND(#5833,.T.);
#5835=IFCFACE((#5834));
#5836=IFCPOLYLOOP((#3768,#3777,#3779));
#5837=IFCFACEOUTERBOUND(#5836,.T.);
#5838=IFCFACE((#5837));
#5839=IFCPOLYLOOP((#3770,#3778,#3776));
#5840=IFCFACEOUTERBOUND(#5839,.T.);
#5841=IFCFACE((#5840));
#5842=IFCPOLYLOOP((#3768,#3776,#3777));
#5843=IFCFACEOUTERBOUND(#5842,.T.);
#5844=IFCFACE((#5843));
#5845=IFCPOLYLOOP((#3768,#3779,#3774));
#5846=IFCFACEOUTERBOUND(#5845,.T.);
#5847=IFCFACE((#5846));
#5848=IFCPOLYLOOP((#3773,#3779,#3781));
#5849=IFCFACEOUTERBOUND(#5848,.T.);
#5850=IFCFACE((#5849));
#5851=IFCPOLYLOOP((#3780,#3773,#3762));
#5852=IFCFACEOUTERBOUND(#5851,.T.);
#5853=IFCFACE((#5852));
#5854=IFCPOLYLOOP((#3776,#3778,#3777));
#5855=IFCFACEOUTERBOUND(#5854,.T.);
#5856=IFCFACE((#5855));
#5857=IFCPOLYLOOP((#3771,#3778,#3770));
#5858=IFCFACEOUTERBOUND(#5857,.T.);
#5859=IFCFACE((#5858));
#5860=IFCPOLYLOOP((#3777,#3778,#3775));
#5861=IFCFACEOUTERBOUND(#5860,.T.);
#5862=IFCFACE((#5861));
#5863=IFCPOLYLOOP((#3765,#3766,#3780));
#5864=IFCFACEOUTERBOUND(#5863,.T.);
#5865=IFCFACE((#5864));
#5866=IFCPOLYLOOP((#3764,#3765,#3780));
#5867=IFCFACEOUTERBOUND(#5866,.T.);
#5868=IFCFACE((#5867));
#5869=IFCPOLYLOOP((#3778,#3771,#3775));
#5870=IFCFACEOUTERBOUND(#5869,.T.);
#5871=IFCFACE((#5870));
#5872=IFCPOLYLOOP((#3762,#3763,#3780));
#5873=IFCFACEOUTERBOUND(#5872,.T.);
#5874=IFCFACE((#5873));
#5875=IFCPOLYLOOP((#3781,#3775,#3745));
#5876=IFCFACEOUTERBOUND(#5875,.T.);
#5877=IFCFACE((#5876));
#5878=IFCPOLYLOOP((#3773,#3781,#3745));
#5879=IFCFACEOUTERBOUND(#5878,.T.);
#5880=IFCFACE((#5879));
#5881=IFCPOLYLOOP((#3779,#3777,#3781));
#5882=IFCFACEOUTERBOUND(#5881,.T.);
#5883=IFCFACE((#5882));
#5884=IFCPOLYLOOP((#3775,#3781,#3777));
#5885=IFCFACEOUTERBOUND(#5884,.T.);
#5886=IFCFACE((#5885));
#5887=IFCPOLYLOOP((#3764,#3780,#3763));
#5888=IFCFACEOUTERBOUND(#5887,.T.);
#5889=IFCFACE((#5888));
#5890=IFCPOLYLOOP((#3773,#3745,#3751,#3782));
#5891=IFCFACEOUTERBOUND(#5890,.T.);
#5892=IFCFACE((#5891));
#5893=IFCPOLYLOOP((#3783,#3788,#3785));
#5894=IFCFACEOUTERBOUND(#5893,.T.);
#5895=IFCFACE((#5894));
#5896=IFCPOLYLOOP((#3789,#3741,#3868,#3857,#3870,#3854,#3787,#3876,#3855,#3861,#3784));
#5897=IFCFACEOUTERBOUND(#5896,.T.);
#5898=IFCFACE((#5897));
#5899=IFCPOLYLOOP((#3785,#3789,#3784));
#5900=IFCFACEOUTERBOUND(#5899,.T.);
#5901=IFCFACE((#5900));
#5902=IFCPOLYLOOP((#3785,#3788,#3742,#3789));
#5903=IFCFACEOUTERBOUND(#5902,.T.);
#5904=IFCFACE((#5903));
#5905=IFCPOLYLOOP((#3788,#3743,#3750,#3742));
#5906=IFCFACEOUTERBOUND(#5905,.T.);
#5907=IFCFACE((#5906));
#5908=IFCPOLYLOOP((#3789,#3742,#3747,#3741));
#5909=IFCFACEOUTERBOUND(#5908,.T.);
#5910=IFCFACE((#5909));
#5911=IFCPOLYLOOP((#3788,#3783,#3786,#3743));
#5912=IFCFACEOUTERBOUND(#5911,.T.);
#5913=IFCFACE((#5912));
#5914=IFCPOLYLOOP((#4256,#4255,#4254));
#5915=IFCFACEOUTERBOUND(#5914,.T.);
#5916=IFCFACE((#5915));
#5917=IFCPOLYLOOP((#3580,#3579,#3790));
#5918=IFCFACEOUTERBOUND(#5917,.T.);
#5919=IFCFACE((#5918));
#5920=IFCPOLYLOOP((#3580,#3790,#3791));
#5921=IFCFACEOUTERBOUND(#5920,.T.);
#5922=IFCFACE((#5921));
#5923=IFCPOLYLOOP((#3791,#3792,#3768));
#5924=IFCFACEOUTERBOUND(#5923,.T.);
#5925=IFCFACE((#5924));
#5926=IFCPOLYLOOP((#3792,#3769,#3776,#3768));
#5927=IFCFACEOUTERBOUND(#5926,.T.);
#5928=IFCFACE((#5927));
#5929=IFCPOLYLOOP((#3790,#3792,#3791));
#5930=IFCFACEOUTERBOUND(#5929,.T.);
#5931=IFCFACE((#5930));
#5932=IFCPOLYLOOP((#3804,#3795,#3805));
#5933=IFCFACEOUTERBOUND(#5932,.T.);
#5934=IFCFACE((#5933));
#5935=IFCPOLYLOOP((#3804,#3805,#3807));
#5936=IFCFACEOUTERBOUND(#5935,.T.);
#5937=IFCFACE((#5936));
#5938=IFCPOLYLOOP((#3796,#3807,#3805));
#5939=IFCFACEOUTERBOUND(#5938,.T.);
#5940=IFCFACE((#5939));
#5941=IFCPOLYLOOP((#3803,#3796,#3797));
#5942=IFCFACEOUTERBOUND(#5941,.T.);
#5943=IFCFACE((#5942));
#5944=IFCPOLYLOOP((#3798,#3803,#3797));
#5945=IFCFACEOUTERBOUND(#5944,.T.);
#5946=IFCFACE((#5945));
#5947=IFCPOLYLOOP((#3803,#3807,#3796));
#5948=IFCFACEOUTERBOUND(#5947,.T.);
#5949=IFCFACE((#5948));
#5950=IFCPOLYLOOP((#3803,#3798,#3802));
#5951=IFCFACEOUTERBOUND(#5950,.T.);
#5952=IFCFACE((#5951));
#5953=IFCPOLYLOOP((#3798,#3799,#3918));
#5954=IFCFACEOUTERBOUND(#5953,.T.);
#5955=IFCFACE((#5954));
#5956=IFCPOLYLOOP((#3806,#3807,#3800));
#5957=IFCFACEOUTERBOUND(#5956,.T.);
#5958=IFCFACE((#5957));
#5959=IFCPOLYLOOP((#3803,#3802,#3800));
#5960=IFCFACEOUTERBOUND(#5959,.T.);
#5961=IFCFACE((#5960));
#5962=IFCPOLYLOOP((#3804,#3806,#3801));
#5963=IFCFACEOUTERBOUND(#5962,.T.);
#5964=IFCFACE((#5963));
#5965=IFCPOLYLOOP((#3804,#3807,#3806));
#5966=IFCFACEOUTERBOUND(#5965,.T.);
#5967=IFCFACE((#5966));
#5968=IFCPOLYLOOP((#3800,#3807,#3803));
#5969=IFCFACEOUTERBOUND(#5968,.T.);
#5970=IFCFACE((#5969));
#5971=IFCPOLYLOOP((#3767,#3766,#3793));
#5972=IFCFACEOUTERBOUND(#5971,.T.);
#5973=IFCFACE((#5972));
#5974=IFCPOLYLOOP((#3813,#3815,#3812));
#5975=IFCFACEOUTERBOUND(#5974,.T.);
#5976=IFCFACE((#5975));
#5977=IFCPOLYLOOP((#3815,#3763,#3762));
#5978=IFCFACEOUTERBOUND(#5977,.T.);
#5979=IFCFACE((#5978));
#5980=IFCPOLYLOOP((#3816,#3760,#3759));
#5981=IFCFACEOUTERBOUND(#5980,.T.);
#5982=IFCFACE((#5981));
#5983=IFCPOLYLOOP((#3764,#3763,#3815));
#5984=IFCFACEOUTERBOUND(#5983,.T.);
#5985=IFCFACE((#5984));
#5986=IFCPOLYLOOP((#3764,#3815,#3765));
#5987=IFCFACEOUTERBOUND(#5986,.T.);
#5988=IFCFACE((#5987));
#5989=IFCPOLYLOOP((#3816,#3810,#3811));
#5990=IFCFACEOUTERBOUND(#5989,.T.);
#5991=IFCFACE((#5990));
#5992=IFCPOLYLOOP((#3766,#3765,#3793));
#5993=IFCFACEOUTERBOUND(#5992,.T.);
#5994=IFCFACE((#5993));
#5995=IFCPOLYLOOP((#3794,#3793,#3814));
#5996=IFCFACEOUTERBOUND(#5995,.T.);
#5997=IFCFACE((#5996));
#5998=IFCPOLYLOOP((#3815,#3814,#3793));
#5999=IFCFACEOUTERBOUND(#5998,.T.);
#6000=IFCFACE((#5999));
#6001=IFCPOLYLOOP((#3765,#3815,#3793));
#6002=IFCFACEOUTERBOUND(#6001,.T.);
#6003=IFCFACE((#6002));
#6004=IFCPOLYLOOP((#3815,#3813,#3814));
#6005=IFCFACEOUTERBOUND(#6004,.T.);
#6006=IFCFACE((#6005));
#6007=IFCPOLYLOOP((#3811,#3812,#3815));
#6008=IFCFACEOUTERBOUND(#6007,.T.);
#6009=IFCFACE((#6008));
#6010=IFCPOLYLOOP((#3815,#3762,#3816));
#6011=IFCFACEOUTERBOUND(#6010,.T.);
#6012=IFCFACE((#6011));
#6013=IFCPOLYLOOP((#3816,#3759,#3808));
#6014=IFCFACEOUTERBOUND(#6013,.T.);
#6015=IFCFACE((#6014));
#6016=IFCPOLYLOOP((#3761,#3760,#3816));
#6017=IFCFACEOUTERBOUND(#6016,.T.);
#6018=IFCFACE((#6017));
#6019=IFCPOLYLOOP((#3808,#3759,#3744));
#6020=IFCFACEOUTERBOUND(#6019,.T.);
#6021=IFCFACE((#6020));
#6022=IFCPOLYLOOP((#3816,#3811,#3815));
#6023=IFCFACEOUTERBOUND(#6022,.T.);
#6024=IFCFACE((#6023));
#6025=IFCPOLYLOOP((#3809,#3808,#3795));
#6026=IFCFACEOUTERBOUND(#6025,.T.);
#6027=IFCFACE((#6026));
#6028=IFCPOLYLOOP((#3809,#3810,#3816));
#6029=IFCFACEOUTERBOUND(#6028,.T.);
#6030=IFCFACE((#6029));
#6031=IFCPOLYLOOP((#3809,#3816,#3808));
#6032=IFCFACEOUTERBOUND(#6031,.T.);
#6033=IFCFACE((#6032));
#6034=IFCPOLYLOOP((#3762,#3761,#3816));
#6035=IFCFACEOUTERBOUND(#6034,.T.);
#6036=IFCFACE((#6035));
#6037=IFCPOLYLOOP((#3820,#3831,#3821));
#6038=IFCFACEOUTERBOUND(#6037,.T.);
#6039=IFCFACE((#6038));
#6040=IFCPOLYLOOP((#3614,#3613,#3829));
#6041=IFCFACEOUTERBOUND(#6040,.T.);
#6042=IFCFACE((#6041));
#6043=IFCPOLYLOOP((#3823,#3822,#3898,#3832));
#6044=IFCFACEOUTERBOUND(#6043,.T.);
#6045=IFCFACE((#6044));
#6046=IFCPOLYLOOP((#3832,#3817,#3818));
#6047=IFCFACEOUTERBOUND(#6046,.T.);
#6048=IFCFACE((#6047));
#6049=IFCPOLYLOOP((#3829,#3825,#3826));
#6050=IFCFACEOUTERBOUND(#6049,.T.);
#6051=IFCFACE((#6050));
#6052=IFCPOLYLOOP((#3829,#3828,#3614));
#6053=IFCFACEOUTERBOUND(#6052,.T.);
#6054=IFCFACE((#6053));
#6055=IFCPOLYLOOP((#3831,#3822,#3830));
#6056=IFCFACEOUTERBOUND(#6055,.T.);
#6057=IFCFACE((#6056));
#6058=IFCPOLYLOOP((#3824,#3832,#3818));
#6059=IFCFACEOUTERBOUND(#6058,.T.);
#6060=IFCFACE((#6059));
#6061=IFCPOLYLOOP((#3820,#3821,#3833));
#6062=IFCFACEOUTERBOUND(#6061,.T.);
#6063=IFCFACE((#6062));
#6064=IFCPOLYLOOP((#3827,#3825,#3833));
#6065=IFCFACEOUTERBOUND(#6064,.T.);
#6066=IFCFACE((#6065));
#6067=IFCPOLYLOOP((#3846,#3844,#3834));
#6068=IFCFACEOUTERBOUND(#6067,.T.);
#6069=IFCFACE((#6068));
#6070=IFCPOLYLOOP((#3843,#3845,#3847));
#6071=IFCFACEOUTERBOUND(#6070,.T.);
#6072=IFCFACE((#6071));
#6073=IFCPOLYLOOP((#3843,#3844,#3845));
#6074=IFCFACEOUTERBOUND(#6073,.T.);
#6075=IFCFACE((#6074));
#6076=IFCPOLYLOOP((#3836,#3846,#3834,#3835));
#6077=IFCFACEOUTERBOUND(#6076,.T.);
#6078=IFCFACE((#6077));
#6079=IFCPOLYLOOP((#3843,#3847,#3842));
#6080=IFCFACEOUTERBOUND(#6079,.T.);
#6081=IFCFACE((#6080));
#6082=IFCPOLYLOOP((#3837,#3846,#3836));
#6083=IFCFACEOUTERBOUND(#6082,.T.);
#6084=IFCFACE((#6083));
#6085=IFCPOLYLOOP((#3845,#3846,#3837));
#6086=IFCFACEOUTERBOUND(#6085,.T.);
#6087=IFCFACE((#6086));
#6088=IFCPOLYLOOP((#3841,#3848,#3849));
#6089=IFCFACEOUTERBOUND(#6088,.T.);
#6090=IFCFACE((#6089));
#6091=IFCPOLYLOOP((#3847,#3838,#3938,#3839));
#6092=IFCFACEOUTERBOUND(#6091,.T.);
#6093=IFCFACE((#6092));
#6094=IFCPOLYLOOP((#3838,#3845,#3837));
#6095=IFCFACEOUTERBOUND(#6094,.T.);
#6096=IFCFACE((#6095));
#6097=IFCPOLYLOOP((#3838,#3847,#3845));
#6098=IFCFACEOUTERBOUND(#6097,.T.);
#6099=IFCFACE((#6098));
#6100=IFCPOLYLOOP((#3849,#3819,#3818,#3817));
#6101=IFCFACEOUTERBOUND(#6100,.T.);
#6102=IFCFACE((#6101));
#6103=IFCPOLYLOOP((#3848,#3841,#3842));
#6104=IFCFACEOUTERBOUND(#6103,.T.);
#6105=IFCFACE((#6104));
#6106=IFCPOLYLOOP((#3847,#3839,#3848));
#6107=IFCFACEOUTERBOUND(#6106,.T.);
#6108=IFCFACE((#6107));
#6109=IFCPOLYLOOP((#3849,#3840,#3819));
#6110=IFCFACEOUTERBOUND(#6109,.T.);
#6111=IFCFACE((#6110));
#6112=IFCPOLYLOOP((#3844,#3846,#3845));
#6113=IFCFACEOUTERBOUND(#6112,.T.);
#6114=IFCFACE((#6113));
#6115=IFCPOLYLOOP((#3841,#3849,#3817));
#6116=IFCFACEOUTERBOUND(#6115,.T.);
#6117=IFCFACE((#6116));
#6118=IFCPOLYLOOP((#3840,#3849,#3848));
#6119=IFCFACEOUTERBOUND(#6118,.T.);
#6120=IFCFACE((#6119));
#6121=IFCPOLYLOOP((#3848,#3842,#3847));
#6122=IFCFACEOUTERBOUND(#6121,.T.);
#6123=IFCFACE((#6122));
#6124=IFCPOLYLOOP((#3840,#3848,#3839));
#6125=IFCFACEOUTERBOUND(#6124,.T.);
#6126=IFCFACE((#6125));
#6127=IFCPOLYLOOP((#3870,#3871,#3874));
#6128=IFCFACEOUTERBOUND(#6127,.T.);
#6129=IFCFACE((#6128));
#6130=IFCPOLYLOOP((#3867,#3836,#3865));
#6131=IFCFACEOUTERBOUND(#6130,.T.);
#6132=IFCFACE((#6131));
#6133=IFCPOLYLOOP((#3859,#3858,#3864));
#6134=IFCFACEOUTERBOUND(#6133,.T.);
#6135=IFCFACE((#6134));
#6136=IFCPOLYLOOP((#3877,#3875,#3874));
#6137=IFCFACEOUTERBOUND(#6136,.T.);
#6138=IFCFACE((#6137));
#6139=IFCPOLYLOOP((#3877,#3874,#3860));
#6140=IFCFACEOUTERBOUND(#6139,.T.);
#6141=IFCFACE((#6140));
#6142=IFCPOLYLOOP((#3868,#3741,#3941));
#6143=IFCFACEOUTERBOUND(#6142,.T.);
#6144=IFCFACE((#6143));
#6145=IFCPOLYLOOP((#3861,#3855,#3862));
#6146=IFCFACEOUTERBOUND(#6145,.T.);
#6147=IFCFACE((#6146));
#6148=IFCPOLYLOOP((#3866,#3865,#4023,#3856));
#6149=IFCFACEOUTERBOUND(#6148,.T.);
#6150=IFCFACE((#6149));
#6151=IFCPOLYLOOP((#3863,#3850,#3851));
#6152=IFCFACEOUTERBOUND(#6151,.T.);
#6153=IFCFACE((#6152));
#6154=IFCPOLYLOOP((#3851,#3861,#3862));
#6155=IFCFACEOUTERBOUND(#6154,.T.);
#6156=IFCFACE((#6155));
#6157=IFCPOLYLOOP((#3859,#3876,#3875));
#6158=IFCFACEOUTERBOUND(#6157,.T.);
#6159=IFCFACE((#6158));
#6160=IFCPOLYLOOP((#3851,#3864,#3863));
#6161=IFCFACEOUTERBOUND(#6160,.T.);
#6162=IFCFACE((#6161));
#6163=IFCPOLYLOOP((#3860,#3872,#4022,#3853));
#6164=IFCFACEOUTERBOUND(#6163,.T.);
#6165=IFCFACE((#6164));
#6166=IFCPOLYLOOP((#3871,#3866,#3873));
#6167=IFCFACEOUTERBOUND(#6166,.T.);
#6168=IFCFACE((#6167));
#6169=IFCPOLYLOOP((#3864,#3862,#3859));
#6170=IFCFACEOUTERBOUND(#6169,.T.);
#6171=IFCFACE((#6170));
#6172=IFCPOLYLOOP((#3851,#3784,#3861));
#6173=IFCFACEOUTERBOUND(#6172,.T.);
#6174=IFCFACE((#6173));
#6175=IFCPOLYLOOP((#3862,#3855,#3859));
#6176=IFCFACEOUTERBOUND(#6175,.T.);
#6177=IFCFACE((#6176));
#6178=IFCPOLYLOOP((#3853,#3878,#3877));
#6179=IFCFACEOUTERBOUND(#6178,.T.);
#6180=IFCFACE((#6179));
#6181=IFCPOLYLOOP((#3864,#3858,#4025,#3863));
#6182=IFCFACEOUTERBOUND(#6181,.T.);
#6183=IFCFACE((#6182));
#6184=IFCPOLYLOOP((#3862,#3864,#3851));
#6185=IFCFACEOUTERBOUND(#6184,.T.);
#6186=IFCFACE((#6185));
#6187=IFCPOLYLOOP((#3867,#3866,#3852));
#6188=IFCFACEOUTERBOUND(#6187,.T.);
#6189=IFCFACE((#6188));
#6190=IFCPOLYLOOP((#3852,#3869,#3868));
#6191=IFCFACEOUTERBOUND(#6190,.T.);
#6192=IFCFACE((#6191));
#6193=IFCPOLYLOOP((#3866,#3871,#3869));
#6194=IFCFACEOUTERBOUND(#6193,.T.);
#6195=IFCFACE((#6194));
#6196=IFCPOLYLOOP((#3857,#3871,#3870));
#6197=IFCFACEOUTERBOUND(#6196,.T.);
#6198=IFCFACE((#6197));
#6199=IFCPOLYLOOP((#3866,#3867,#3865));
#6200=IFCFACEOUTERBOUND(#6199,.T.);
#6201=IFCFACE((#6200));
#6202=IFCPOLYLOOP((#3868,#3869,#3857));
#6203=IFCFACEOUTERBOUND(#6202,.T.);
#6204=IFCFACE((#6203));
#6205=IFCPOLYLOOP((#3866,#3869,#3852));
#6206=IFCFACEOUTERBOUND(#6205,.T.);
#6207=IFCFACE((#6206));
#6208=IFCPOLYLOOP((#3854,#3870,#3874));
#6209=IFCFACEOUTERBOUND(#6208,.T.);
#6210=IFCFACE((#6209));
#6211=IFCPOLYLOOP((#3857,#3869,#3871));
#6212=IFCFACEOUTERBOUND(#6211,.T.);
#6213=IFCFACE((#6212));
#6214=IFCPOLYLOOP((#3860,#3873,#3872));
#6215=IFCFACEOUTERBOUND(#6214,.T.);
#6216=IFCFACE((#6215));
#6217=IFCPOLYLOOP((#3871,#3873,#3860));
#6218=IFCFACEOUTERBOUND(#6217,.T.);
#6219=IFCFACE((#6218));
#6220=IFCPOLYLOOP((#3873,#3856,#4027,#3872));
#6221=IFCFACEOUTERBOUND(#6220,.T.);
#6222=IFCFACE((#6221));
#6223=IFCPOLYLOOP((#3856,#3873,#3866));
#6224=IFCFACEOUTERBOUND(#6223,.T.);
#6225=IFCFACE((#6224));
#6226=IFCPOLYLOOP((#3854,#3874,#3875));
#6227=IFCFACEOUTERBOUND(#6226,.T.);
#6228=IFCFACE((#6227));
#6229=IFCPOLYLOOP((#3860,#3874,#3871));
#6230=IFCFACEOUTERBOUND(#6229,.T.);
#6231=IFCFACE((#6230));
#6232=IFCPOLYLOOP((#3859,#3855,#3876));
#6233=IFCFACEOUTERBOUND(#6232,.T.);
#6234=IFCFACE((#6233));
#6235=IFCPOLYLOOP((#3877,#3859,#3875));
#6236=IFCFACEOUTERBOUND(#6235,.T.);
#6237=IFCFACE((#6236));
#6238=IFCPOLYLOOP((#3875,#3876,#3787,#3854));
#6239=IFCFACEOUTERBOUND(#6238,.T.);
#6240=IFCFACE((#6239));
#6241=IFCPOLYLOOP((#3878,#3859,#3877));
#6242=IFCFACEOUTERBOUND(#6241,.T.);
#6243=IFCFACE((#6242));
#6244=IFCPOLYLOOP((#3877,#3860,#3853));
#6245=IFCFACEOUTERBOUND(#6244,.T.);
#6246=IFCFACE((#6245));
#6247=IFCPOLYLOOP((#3859,#3878,#4028,#3858));
#6248=IFCFACEOUTERBOUND(#6247,.T.);
#6249=IFCFACE((#6248));
#6250=IFCPOLYLOOP((#3879,#3880,#3893));
#6251=IFCFACEOUTERBOUND(#6250,.T.);
#6252=IFCFACE((#6251));
#6253=IFCPOLYLOOP((#3884,#3890,#3883));
#6254=IFCFACEOUTERBOUND(#6253,.T.);
#6255=IFCFACE((#6254));
#6256=IFCPOLYLOOP((#3890,#3887,#3883));
#6257=IFCFACEOUTERBOUND(#6256,.T.);
#6258=IFCFACE((#6257));
#6259=IFCPOLYLOOP((#3880,#3881,#3888));
#6260=IFCFACEOUTERBOUND(#6259,.T.);
#6261=IFCFACE((#6260));
#6262=IFCPOLYLOOP((#3888,#3841,#3892));
#6263=IFCFACEOUTERBOUND(#6262,.T.);
#6264=IFCFACE((#6263));
#6265=IFCPOLYLOOP((#3886,#3892,#3817));
#6266=IFCFACEOUTERBOUND(#6265,.T.);
#6267=IFCFACE((#6266));
#6268=IFCPOLYLOOP((#3882,#3883,#3887));
#6269=IFCFACEOUTERBOUND(#6268,.T.);
#6270=IFCFACE((#6269));
#6271=IFCPOLYLOOP((#3888,#3892,#3893));
#6272=IFCFACEOUTERBOUND(#6271,.T.);
#6273=IFCFACE((#6272));
#6274=IFCPOLYLOOP((#3888,#3842,#3841));
#6275=IFCFACEOUTERBOUND(#6274,.T.);
#6276=IFCFACE((#6275));
#6277=IFCPOLYLOOP((#3894,#3881,#3895));
#6278=IFCFACEOUTERBOUND(#6277,.T.);
#6279=IFCFACE((#6278));
#6280=IFCPOLYLOOP((#3894,#3895,#3889));
#6281=IFCFACEOUTERBOUND(#6280,.T.);
#6282=IFCFACE((#6281));
#6283=IFCPOLYLOOP((#3891,#3890,#3885));
#6284=IFCFACEOUTERBOUND(#6283,.T.);
#6285=IFCFACE((#6284));
#6286=IFCPOLYLOOP((#3889,#3888,#3894));
#6287=IFCFACEOUTERBOUND(#6286,.T.);
#6288=IFCFACE((#6287));
#6289=IFCPOLYLOOP((#3879,#3893,#3886));
#6290=IFCFACEOUTERBOUND(#6289,.T.);
#6291=IFCFACE((#6290));
#6292=IFCPOLYLOOP((#3884,#3885,#3890));
#6293=IFCFACEOUTERBOUND(#6292,.T.);
#6294=IFCFACE((#6293));
#6295=IFCPOLYLOOP((#3887,#3844,#3843));
#6296=IFCFACEOUTERBOUND(#6295,.T.);
#6297=IFCFACE((#6296));
#6298=IFCPOLYLOOP((#3887,#3891,#3844));
#6299=IFCFACEOUTERBOUND(#6298,.T.);
#6300=IFCFACE((#6299));
#6301=IFCPOLYLOOP((#3843,#3842,#3889));
#6302=IFCFACEOUTERBOUND(#6301,.T.);
#6303=IFCFACE((#6302));
#6304=IFCPOLYLOOP((#3842,#3888,#3889));
#6305=IFCFACEOUTERBOUND(#6304,.T.);
#6306=IFCFACE((#6305));
#6307=IFCPOLYLOOP((#3834,#3844,#3891));
#6308=IFCFACEOUTERBOUND(#6307,.T.);
#6309=IFCFACE((#6308));
#6310=IFCPOLYLOOP((#3887,#3890,#3891));
#6311=IFCFACEOUTERBOUND(#6310,.T.);
#6312=IFCFACE((#6311));
#6313=IFCPOLYLOOP((#3817,#3892,#3841));
#6314=IFCFACEOUTERBOUND(#6313,.T.);
#6315=IFCFACE((#6314));
#6316=IFCPOLYLOOP((#3893,#3892,#3886));
#6317=IFCFACEOUTERBOUND(#6316,.T.);
#6318=IFCFACE((#6317));
#6319=IFCPOLYLOOP((#3887,#3843,#3889));
#6320=IFCFACEOUTERBOUND(#6319,.T.);
#6321=IFCFACE((#6320));
#6322=IFCPOLYLOOP((#3888,#3893,#3880));
#6323=IFCFACEOUTERBOUND(#6322,.T.);
#6324=IFCFACE((#6323));
#6325=IFCPOLYLOOP((#3834,#3891,#3885));
#6326=IFCFACEOUTERBOUND(#6325,.T.);
#6327=IFCFACE((#6326));
#6328=IFCPOLYLOOP((#3888,#3881,#3894));
#6329=IFCFACEOUTERBOUND(#6328,.T.);
#6330=IFCFACE((#6329));
#6331=IFCPOLYLOOP((#3895,#3881,#3882));
#6332=IFCFACEOUTERBOUND(#6331,.T.);
#6333=IFCFACE((#6332));
#6334=IFCPOLYLOOP((#3882,#3887,#3895));
#6335=IFCFACEOUTERBOUND(#6334,.T.);
#6336=IFCFACE((#6335));
#6337=IFCPOLYLOOP((#3887,#3889,#3895));
#6338=IFCFACEOUTERBOUND(#6337,.T.);
#6339=IFCFACE((#6338));
#6340=IFCPOLYLOOP((#3902,#3783,#3900));
#6341=IFCFACEOUTERBOUND(#6340,.T.);
#6342=IFCFACE((#6341));
#6343=IFCPOLYLOOP((#3902,#3900,#3901));
#6344=IFCFACEOUTERBOUND(#6343,.T.);
#6345=IFCFACE((#6344));
#6346=IFCPOLYLOOP((#3902,#3786,#3783));
#6347=IFCFACEOUTERBOUND(#6346,.T.);
#6348=IFCFACE((#6347));
#6349=IFCPOLYLOOP((#3902,#3743,#3786));
#6350=IFCFACEOUTERBOUND(#6349,.T.);
#6351=IFCFACE((#6350));
#6352=IFCPOLYLOOP((#3902,#3899,#3743));
#6353=IFCFACEOUTERBOUND(#6352,.T.);
#6354=IFCFACE((#6353));
#6355=IFCPOLYLOOP((#3796,#3743,#3899));
#6356=IFCFACEOUTERBOUND(#6355,.T.);
#6357=IFCFACE((#6356));
#6358=IFCPOLYLOOP((#3796,#3749,#3743));
#6359=IFCFACEOUTERBOUND(#6358,.T.);
#6360=IFCFACE((#6359));
#6361=IFCPOLYLOOP((#3796,#3744,#3749));
#6362=IFCFACEOUTERBOUND(#6361,.T.);
#6363=IFCFACE((#6362));
#6364=IFCPOLYLOOP((#3796,#3808,#3744));
#6365=IFCFACEOUTERBOUND(#6364,.T.);
#6366=IFCFACE((#6365));
#6367=IFCPOLYLOOP((#3808,#3796,#3805));
#6368=IFCFACEOUTERBOUND(#6367,.T.);
#6369=IFCFACE((#6368));
#6370=IFCPOLYLOOP((#3808,#3805,#3795));
#6371=IFCFACEOUTERBOUND(#6370,.T.);
#6372=IFCFACE((#6371));
#6373=IFCPOLYLOOP((#4368,#3900,#3783));
#6374=IFCFACEOUTERBOUND(#6373,.T.);
#6375=IFCFACE((#6374));
#6376=IFCPOLYLOOP((#4368,#3783,#4256));
#6377=IFCFACEOUTERBOUND(#6376,.T.);
#6378=IFCFACE((#6377));
#6379=IFCPOLYLOOP((#4368,#4256,#4254));
#6380=IFCFACEOUTERBOUND(#6379,.T.);
#6381=IFCFACE((#6380));
#6382=IFCPOLYLOOP((#4368,#4254,#4214));
#6383=IFCFACEOUTERBOUND(#6382,.T.);
#6384=IFCFACE((#6383));
#6385=IFCPOLYLOOP((#4368,#4214,#4369));
#6386=IFCFACEOUTERBOUND(#6385,.T.);
#6387=IFCFACE((#6386));
#6388=IFCPOLYLOOP((#4268,#4369,#4214));
#6389=IFCFACEOUTERBOUND(#6388,.T.);
#6390=IFCFACE((#6389));
#6391=IFCPOLYLOOP((#4268,#4214,#4220));
#6392=IFCFACEOUTERBOUND(#6391,.T.);
#6393=IFCFACE((#6392));
#6394=IFCPOLYLOOP((#4268,#4220,#4213));
#6395=IFCFACEOUTERBOUND(#6394,.T.);
#6396=IFCFACE((#6395));
#6397=IFCPOLYLOOP((#4268,#4213,#4281));
#6398=IFCFACEOUTERBOUND(#6397,.T.);
#6399=IFCFACE((#6398));
#6400=IFCPOLYLOOP((#4281,#4272,#4268));
#6401=IFCFACEOUTERBOUND(#6400,.T.);
#6402=IFCFACE((#6401));
#6403=IFCPOLYLOOP((#4281,#4262,#4272));
#6404=IFCFACEOUTERBOUND(#6403,.T.);
#6405=IFCFACE((#6404));
#6406=IFCPOLYLOOP((#3900,#4368,#3901));
#6407=IFCFACEOUTERBOUND(#6406,.T.);
#6408=IFCFACE((#6407));
#6409=IFCPOLYLOOP((#3899,#3902,#3797));
#6410=IFCFACEOUTERBOUND(#6409,.T.);
#6411=IFCFACE((#6410));
#6412=IFCPOLYLOOP((#3796,#3899,#3797));
#6413=IFCFACEOUTERBOUND(#6412,.T.);
#6414=IFCFACE((#6413));
#6415=IFCPOLYLOOP((#3884,#3883,#3917));
#6416=IFCFACEOUTERBOUND(#6415,.T.);
#6417=IFCFACE((#6416));
#6418=IFCPOLYLOOP((#3920,#3800,#3802));
#6419=IFCFACEOUTERBOUND(#6418,.T.);
#6420=IFCFACE((#6419));
#6421=IFCPOLYLOOP((#3914,#3912,#3801));
#6422=IFCFACEOUTERBOUND(#6421,.T.);
#6423=IFCFACE((#6422));
#6424=IFCPOLYLOOP((#3909,#3914,#3922));
#6425=IFCFACEOUTERBOUND(#6424,.T.);
#6426=IFCFACE((#6425));
#6427=IFCPOLYLOOP((#3915,#3909,#3881));
#6428=IFCFACEOUTERBOUND(#6427,.T.);
#6429=IFCFACE((#6428));
#6430=IFCPOLYLOOP((#3916,#3800,#3920));
#6431=IFCFACEOUTERBOUND(#6430,.T.);
#6432=IFCFACE((#6431));
#6433=IFCPOLYLOOP((#3800,#3916,#3914));
#6434=IFCFACEOUTERBOUND(#6433,.T.);
#6435=IFCFACE((#6434));
#6436=IFCPOLYLOOP((#3883,#3911,#3917));
#6437=IFCFACEOUTERBOUND(#6436,.T.);
#6438=IFCFACE((#6437));
#6439=IFCPOLYLOOP((#3883,#3882,#3911));
#6440=IFCFACEOUTERBOUND(#6439,.T.);
#6441=IFCFACE((#6440));
#6442=IFCPOLYLOOP((#3881,#3909,#3922));
#6443=IFCFACEOUTERBOUND(#6442,.T.);
#6444=IFCFACE((#6443));
#6445=IFCPOLYLOOP((#3921,#3915,#3880));
#6446=IFCFACEOUTERBOUND(#6445,.T.);
#6447=IFCFACE((#6446));
#6448=IFCPOLYLOOP((#3913,#3912,#3909));
#6449=IFCFACEOUTERBOUND(#6448,.T.);
#6450=IFCFACE((#6449));
#6451=IFCPOLYLOOP((#3913,#3915,#3910));
#6452=IFCFACEOUTERBOUND(#6451,.T.);
#6453=IFCFACE((#6452));
#6454=IFCPOLYLOOP((#3911,#3914,#3916));
#6455=IFCFACEOUTERBOUND(#6454,.T.);
#6456=IFCFACE((#6455));
#6457=IFCPOLYLOOP((#3909,#3912,#3914));
#6458=IFCFACEOUTERBOUND(#6457,.T.);
#6459=IFCFACE((#6458));
#6460=IFCPOLYLOOP((#3904,#3921,#3879));
#6461=IFCFACEOUTERBOUND(#6460,.T.);
#6462=IFCFACE((#6461));
#6463=IFCPOLYLOOP((#3909,#3915,#3913));
#6464=IFCFACEOUTERBOUND(#6463,.T.);
#6465=IFCFACE((#6464));
#6466=IFCPOLYLOOP((#3910,#3904,#3906));
#6467=IFCFACEOUTERBOUND(#6466,.T.);
#6468=IFCFACE((#6467));
#6469=IFCPOLYLOOP((#3921,#3904,#3910));
#6470=IFCFACEOUTERBOUND(#6469,.T.);
#6471=IFCFACE((#6470));
#6472=IFCPOLYLOOP((#3907,#3908,#3913));
#6473=IFCFACEOUTERBOUND(#6472,.T.);
#6474=IFCFACE((#6473));
#6475=IFCPOLYLOOP((#3914,#3801,#3806,#3800));
#6476=IFCFACEOUTERBOUND(#6475,.T.);
#6477=IFCFACE((#6476));
#6478=IFCPOLYLOOP((#3907,#3910,#3906));
#6479=IFCFACEOUTERBOUND(#6478,.T.);
#6480=IFCFACE((#6479));
#6481=IFCPOLYLOOP((#3905,#3906,#3904));
#6482=IFCFACEOUTERBOUND(#6481,.T.);
#6483=IFCFACE((#6482));
#6484=IFCPOLYLOOP((#3908,#3912,#3913));
#6485=IFCFACEOUTERBOUND(#6484,.T.);
#6486=IFCFACE((#6485));
#6487=IFCPOLYLOOP((#3914,#3911,#3922));
#6488=IFCFACEOUTERBOUND(#6487,.T.);
#6489=IFCFACE((#6488));
#6490=IFCPOLYLOOP((#3908,#3801,#3912));
#6491=IFCFACEOUTERBOUND(#6490,.T.);
#6492=IFCFACE((#6491));
#6493=IFCPOLYLOOP((#3880,#3915,#3881));
#6494=IFCFACEOUTERBOUND(#6493,.T.);
#6495=IFCFACE((#6494));
#6496=IFCPOLYLOOP((#3907,#3913,#3910));
#6497=IFCFACEOUTERBOUND(#6496,.T.);
#6498=IFCFACE((#6497));
#6499=IFCPOLYLOOP((#3917,#3911,#3916));
#6500=IFCFACEOUTERBOUND(#6499,.T.);
#6501=IFCFACE((#6500));
#6502=IFCPOLYLOOP((#3920,#3903,#3917));
#6503=IFCFACEOUTERBOUND(#6502,.T.);
#6504=IFCFACE((#6503));
#6505=IFCPOLYLOOP((#3917,#3903,#3884));
#6506=IFCFACEOUTERBOUND(#6505,.T.);
#6507=IFCFACE((#6506));
#6508=IFCPOLYLOOP((#3920,#3918,#3919));
#6509=IFCFACEOUTERBOUND(#6508,.T.);
#6510=IFCFACE((#6509));
#6511=IFCPOLYLOOP((#3918,#3799,#3919));
#6512=IFCFACEOUTERBOUND(#6511,.T.);
#6513=IFCFACE((#6512));
#6514=IFCPOLYLOOP((#3903,#3920,#3919));
#6515=IFCFACEOUTERBOUND(#6514,.T.);
#6516=IFCFACE((#6515));
#6517=IFCPOLYLOOP((#3916,#3920,#3917));
#6518=IFCFACEOUTERBOUND(#6517,.T.);
#6519=IFCFACE((#6518));
#6520=IFCPOLYLOOP((#3915,#3921,#3910));
#6521=IFCFACEOUTERBOUND(#6520,.T.);
#6522=IFCFACE((#6521));
#6523=IFCPOLYLOOP((#3879,#3921,#3880));
#6524=IFCFACEOUTERBOUND(#6523,.T.);
#6525=IFCFACE((#6524));
#6526=IFCPOLYLOOP((#3911,#3882,#3922));
#6527=IFCFACEOUTERBOUND(#6526,.T.);
#6528=IFCFACE((#6527));
#6529=IFCPOLYLOOP((#3881,#3922,#3882));
#6530=IFCFACEOUTERBOUND(#6529,.T.);
#6531=IFCFACE((#6530));
#6532=IFCPOLYLOOP((#3925,#3908,#3907));
#6533=IFCFACEOUTERBOUND(#6532,.T.);
#6534=IFCFACE((#6533));
#6535=IFCPOLYLOOP((#3810,#3925,#3811));
#6536=IFCFACEOUTERBOUND(#6535,.T.);
#6537=IFCFACE((#6536));
#6538=IFCPOLYLOOP((#3925,#3926,#3812));
#6539=IFCFACEOUTERBOUND(#6538,.T.);
#6540=IFCFACE((#6539));
#6541=IFCPOLYLOOP((#3801,#3908,#3804));
#6542=IFCFACEOUTERBOUND(#6541,.T.);
#6543=IFCFACE((#6542));
#6544=IFCPOLYLOOP((#3906,#3926,#3907));
#6545=IFCFACEOUTERBOUND(#6544,.T.);
#6546=IFCFACE((#6545));
#6547=IFCPOLYLOOP((#3809,#3925,#3810));
#6548=IFCFACEOUTERBOUND(#6547,.T.);
#6549=IFCFACE((#6548));
#6550=IFCPOLYLOOP((#3804,#3809,#3795));
#6551=IFCFACEOUTERBOUND(#6550,.T.);
#6552=IFCFACE((#6551));
#6553=IFCPOLYLOOP((#3809,#3804,#3925));
#6554=IFCFACEOUTERBOUND(#6553,.T.);
#6555=IFCFACE((#6554));
#6556=IFCPOLYLOOP((#3926,#3813,#3812));
#6557=IFCFACEOUTERBOUND(#6556,.T.);
#6558=IFCFACE((#6557));
#6559=IFCPOLYLOOP((#3813,#3926,#3814));
#6560=IFCFACEOUTERBOUND(#6559,.T.);
#6561=IFCFACE((#6560));
#6562=IFCPOLYLOOP((#3811,#3925,#3812));
#6563=IFCFACEOUTERBOUND(#6562,.T.);
#6564=IFCFACE((#6563));
#6565=IFCPOLYLOOP((#3924,#3814,#3926));
#6566=IFCFACEOUTERBOUND(#6565,.T.);
#6567=IFCFACE((#6566));
#6568=IFCPOLYLOOP((#3905,#3924,#3906));
#6569=IFCFACEOUTERBOUND(#6568,.T.);
#6570=IFCFACE((#6569));
#6571=IFCPOLYLOOP((#3906,#3924,#3926));
#6572=IFCFACEOUTERBOUND(#6571,.T.);
#6573=IFCFACE((#6572));
#6574=IFCPOLYLOOP((#3925,#3804,#3908));
#6575=IFCFACEOUTERBOUND(#6574,.T.);
#6576=IFCFACE((#6575));
#6577=IFCPOLYLOOP((#3924,#3794,#3814));
#6578=IFCFACEOUTERBOUND(#6577,.T.);
#6579=IFCFACE((#6578));
#6580=IFCPOLYLOOP((#3926,#3925,#3907));
#6581=IFCFACEOUTERBOUND(#6580,.T.);
#6582=IFCFACE((#6581));
#6583=IFCPOLYLOOP((#3931,#3933,#3740));
#6584=IFCFACEOUTERBOUND(#6583,.T.);
#6585=IFCFACE((#6584));
#6586=IFCPOLYLOOP((#3934,#3941,#3929));
#6587=IFCFACEOUTERBOUND(#6586,.T.);
#6588=IFCFACE((#6587));
#6589=IFCPOLYLOOP((#3772,#3931,#3740));
#6590=IFCFACEOUTERBOUND(#6589,.T.);
#6591=IFCFACE((#6590));
#6592=IFCPOLYLOOP((#3838,#3837,#3930));
#6593=IFCFACEOUTERBOUND(#6592,.T.);
#6594=IFCFACE((#6593));
#6595=IFCPOLYLOOP((#3939,#3938,#3838));
#6596=IFCFACEOUTERBOUND(#6595,.T.);
#6597=IFCFACE((#6596));
#6598=IFCPOLYLOOP((#3928,#3771,#3770));
#6599=IFCFACEOUTERBOUND(#6598,.T.);
#6600=IFCFACE((#6599));
#6601=IFCPOLYLOOP((#3772,#3771,#3932));
#6602=IFCFACEOUTERBOUND(#6601,.T.);
#6603=IFCFACE((#6602));
#6604=IFCPOLYLOOP((#3923,#3819,#3840));
#6605=IFCFACEOUTERBOUND(#6604,.T.);
#6606=IFCFACE((#6605));
#6607=IFCPOLYLOOP((#3936,#3940,#3932));
#6608=IFCFACEOUTERBOUND(#6607,.T.);
#6609=IFCFACE((#6608));
#6610=IFCPOLYLOOP((#3923,#3840,#3928));
#6611=IFCFACEOUTERBOUND(#6610,.T.);
#6612=IFCFACE((#6611));
#6613=IFCPOLYLOOP((#3837,#3867,#3935));
#6614=IFCFACEOUTERBOUND(#6613,.T.);
#6615=IFCFACE((#6614));
#6616=IFCPOLYLOOP((#3936,#3932,#3928));
#6617=IFCFACEOUTERBOUND(#6616,.T.);
#6618=IFCFACE((#6617));
#6619=IFCPOLYLOOP((#3931,#3927,#3933));
#6620=IFCFACEOUTERBOUND(#6619,.T.);
#6621=IFCFACE((#6620));
#6622=IFCPOLYLOOP((#3932,#3931,#3772));
#6623=IFCFACEOUTERBOUND(#6622,.T.);
#6624=IFCFACE((#6623));
#6625=IFCPOLYLOOP((#3933,#3927,#3930));
#6626=IFCFACEOUTERBOUND(#6625,.T.);
#6627=IFCFACE((#6626));
#6628=IFCPOLYLOOP((#3771,#3928,#3932));
#6629=IFCFACEOUTERBOUND(#6628,.T.);
#6630=IFCFACE((#6629));
#6631=IFCPOLYLOOP((#3867,#3837,#3836));
#6632=IFCFACEOUTERBOUND(#6631,.T.);
#6633=IFCFACE((#6632));
#6634=IFCPOLYLOOP((#3769,#3923,#3770));
#6635=IFCFACEOUTERBOUND(#6634,.T.);
#6636=IFCFACE((#6635));
#6637=IFCPOLYLOOP((#4233,#4232,#4398));
#6638=IFCFACEOUTERBOUND(#6637,.T.);
#6639=IFCFACE((#6638));
#6640=IFCPOLYLOOP((#3840,#3839,#3936));
#6641=IFCFACEOUTERBOUND(#6640,.T.);
#6642=IFCFACE((#6641));
#6643=IFCPOLYLOOP((#3927,#3931,#3932));
#6644=IFCFACEOUTERBOUND(#6643,.T.);
#6645=IFCFACE((#6644));
#6646=IFCPOLYLOOP((#3928,#3770,#3923));
#6647=IFCFACEOUTERBOUND(#6646,.T.);
#6648=IFCFACE((#6647));
#6649=IFCPOLYLOOP((#3929,#3941,#3741));
#6650=IFCFACEOUTERBOUND(#6649,.T.);
#6651=IFCFACE((#6650));
#6652=IFCPOLYLOOP((#3934,#3937,#3933));
#6653=IFCFACEOUTERBOUND(#6652,.T.);
#6654=IFCFACE((#6653));
#6655=IFCPOLYLOOP((#3938,#3939,#3940));
#6656=IFCFACEOUTERBOUND(#6655,.T.);
#6657=IFCFACE((#6656));
#6658=IFCPOLYLOOP((#3935,#3934,#3930));
#6659=IFCFACEOUTERBOUND(#6658,.T.);
#6660=IFCFACE((#6659));
#6661=IFCPOLYLOOP((#3934,#3933,#3930));
#6662=IFCFACEOUTERBOUND(#6661,.T.);
#6663=IFCFACE((#6662));
#6664=IFCPOLYLOOP((#3852,#3941,#3935));
#6665=IFCFACEOUTERBOUND(#6664,.T.);
#6666=IFCFACE((#6665));
#6667=IFCPOLYLOOP((#3930,#3837,#3935));
#6668=IFCFACEOUTERBOUND(#6667,.T.);
#6669=IFCFACE((#6668));
#6670=IFCPOLYLOOP((#3940,#3927,#3932));
#6671=IFCFACEOUTERBOUND(#6670,.T.);
#6672=IFCFACE((#6671));
#6673=IFCPOLYLOOP((#3840,#3936,#3928));
#6674=IFCFACEOUTERBOUND(#6673,.T.);
#6675=IFCFACE((#6674));
#6676=IFCPOLYLOOP((#3939,#3927,#3940));
#6677=IFCFACEOUTERBOUND(#6676,.T.);
#6678=IFCFACE((#6677));
#6679=IFCPOLYLOOP((#3934,#3929,#3746,#3937));
#6680=IFCFACEOUTERBOUND(#6679,.T.);
#6681=IFCFACE((#6680));
#6682=IFCPOLYLOOP((#3933,#3937,#3758,#3740));
#6683=IFCFACEOUTERBOUND(#6682,.T.);
#6684=IFCFACE((#6683));
#6685=IFCPOLYLOOP((#3867,#3852,#3935));
#6686=IFCFACEOUTERBOUND(#6685,.T.);
#6687=IFCFACE((#6686));
#6688=IFCPOLYLOOP((#3838,#3930,#3939));
#6689=IFCFACEOUTERBOUND(#6688,.T.);
#6690=IFCFACE((#6689));
#6691=IFCPOLYLOOP((#3930,#3927,#3939));
#6692=IFCFACEOUTERBOUND(#6691,.T.);
#6693=IFCFACE((#6692));
#6694=IFCPOLYLOOP((#3936,#3839,#3940));
#6695=IFCFACEOUTERBOUND(#6694,.T.);
#6696=IFCFACE((#6695));
#6697=IFCPOLYLOOP((#3938,#3940,#3839));
#6698=IFCFACEOUTERBOUND(#6697,.T.);
#6699=IFCFACE((#6698));
#6700=IFCPOLYLOOP((#3935,#3941,#3934));
#6701=IFCFACEOUTERBOUND(#6700,.T.);
#6702=IFCFACE((#6701));
#6703=IFCPOLYLOOP((#3593,#3592,#3991));
#6704=IFCFACEOUTERBOUND(#6703,.T.);
#6705=IFCFACE((#6704));
#6706=IFCPOLYLOOP((#3686,#3594,#3593));
#6707=IFCFACEOUTERBOUND(#6706,.T.);
#6708=IFCFACE((#6707));
#6709=IFCPOLYLOOP((#3686,#3944,#3687));
#6710=IFCFACEOUTERBOUND(#6709,.T.);
#6711=IFCFACE((#6710));
#6712=IFCPOLYLOOP((#3593,#3942,#3686));
#6713=IFCFACEOUTERBOUND(#6712,.T.);
#6714=IFCFACE((#6713));
#6715=IFCPOLYLOOP((#3944,#3945,#3994,#3943));
#6716=IFCFACEOUTERBOUND(#6715,.T.);
#6717=IFCFACE((#6716));
#6718=IFCPOLYLOOP((#3942,#3945,#3686));
#6719=IFCFACEOUTERBOUND(#6718,.T.);
#6720=IFCFACE((#6719));
#6721=IFCPOLYLOOP((#3686,#3945,#3944));
#6722=IFCFACEOUTERBOUND(#6721,.T.);
#6723=IFCFACE((#6722));
#6724=IFCPOLYLOOP((#3969,#3966,#3965));
#6725=IFCFACEOUTERBOUND(#6724,.T.);
#6726=IFCFACE((#6725));
#6727=IFCPOLYLOOP((#3961,#3640,#3734));
#6728=IFCFACEOUTERBOUND(#6727,.T.);
#6729=IFCFACE((#6728));
#6730=IFCPOLYLOOP((#3960,#3954,#3955));
#6731=IFCFACEOUTERBOUND(#6730,.T.);
#6732=IFCFACE((#6731));
#6733=IFCPOLYLOOP((#3969,#3970,#3972));
#6734=IFCFACEOUTERBOUND(#6733,.T.);
#6735=IFCFACE((#6734));
#6736=IFCPOLYLOOP((#3956,#3969,#3972));
#6737=IFCFACEOUTERBOUND(#6736,.T.);
#6738=IFCFACE((#6737));
#6739=IFCPOLYLOOP((#3963,#3719,#3733,#3541));
#6740=IFCFACEOUTERBOUND(#6739,.T.);
#6741=IFCFACE((#6740));
#6742=IFCPOLYLOOP((#3958,#3951,#3957));
#6743=IFCFACEOUTERBOUND(#6742,.T.);
#6744=IFCFACE((#6743));
#6745=IFCPOLYLOOP((#3962,#3952,#3978,#3961));
#6746=IFCFACEOUTERBOUND(#6745,.T.);
#6747=IFCFACE((#6746));
#6748=IFCPOLYLOOP((#3947,#3948,#3959));
#6749=IFCFACEOUTERBOUND(#6748,.T.);
#6750=IFCFACE((#6749));
#6751=IFCPOLYLOOP((#3958,#3957,#3947));
#6752=IFCFACEOUTERBOUND(#6751,.T.);
#6753=IFCFACE((#6752));
#6754=IFCPOLYLOOP((#3970,#3971,#3955));
#6755=IFCFACEOUTERBOUND(#6754,.T.);
#6756=IFCFACE((#6755));
#6757=IFCPOLYLOOP((#3959,#3960,#3947));
#6758=IFCFACEOUTERBOUND(#6757,.T.);
#6759=IFCFACE((#6758));
#6760=IFCPOLYLOOP((#3956,#3949,#3977,#3967));
#6761=IFCFACEOUTERBOUND(#6760,.T.);
#6762=IFCFACE((#6761));
#6763=IFCPOLYLOOP((#3968,#3962,#3966));
#6764=IFCFACEOUTERBOUND(#6763,.T.);
#6765=IFCFACE((#6764));
#6766=IFCPOLYLOOP((#3955,#3958,#3960));
#6767=IFCFACEOUTERBOUND(#6766,.T.);
#6768=IFCFACE((#6767));
#6769=IFCPOLYLOOP((#3957,#3946,#3947));
#6770=IFCFACEOUTERBOUND(#6769,.T.);
#6771=IFCFACE((#6770));
#6772=IFCPOLYLOOP((#3955,#3951,#3958));
#6773=IFCFACEOUTERBOUND(#6772,.T.);
#6774=IFCFACE((#6773));
#6775=IFCPOLYLOOP((#3972,#3973,#3949));
#6776=IFCFACEOUTERBOUND(#6775,.T.);
#6777=IFCFACE((#6776));
#6778=IFCPOLYLOOP((#3960,#3959,#3980,#3954));
#6779=IFCFACEOUTERBOUND(#6778,.T.);
#6780=IFCFACE((#6779));
#6781=IFCPOLYLOOP((#3947,#3960,#3958));
#6782=IFCFACEOUTERBOUND(#6781,.T.);
#6783=IFCFACE((#6782));
#6784=IFCPOLYLOOP((#3719,#3962,#3734));
#6785=IFCFACEOUTERBOUND(#6784,.T.);
#6786=IFCFACE((#6785));
#6787=IFCPOLYLOOP((#3963,#3964,#3719));
#6788=IFCFACEOUTERBOUND(#6787,.T.);
#6789=IFCFACE((#6788));
#6790=IFCPOLYLOOP((#3964,#3966,#3962));
#6791=IFCFACEOUTERBOUND(#6790,.T.);
#6792=IFCFACE((#6791));
#6793=IFCPOLYLOOP((#3965,#3966,#3953));
#6794=IFCFACEOUTERBOUND(#6793,.T.);
#6795=IFCFACE((#6794));
#6796=IFCPOLYLOOP((#3961,#3734,#3962));
#6797=IFCFACEOUTERBOUND(#6796,.T.);
#6798=IFCFACE((#6797));
#6799=IFCPOLYLOOP((#3953,#3964,#3963));
#6800=IFCFACEOUTERBOUND(#6799,.T.);
#6801=IFCFACE((#6800));
#6802=IFCPOLYLOOP((#3719,#3964,#3962));
#6803=IFCFACEOUTERBOUND(#6802,.T.);
#6804=IFCFACE((#6803));
#6805=IFCPOLYLOOP((#3969,#3965,#3950));
#6806=IFCFACEOUTERBOUND(#6805,.T.);
#6807=IFCFACE((#6806));
#6808=IFCPOLYLOOP((#3966,#3964,#3953));
#6809=IFCFACEOUTERBOUND(#6808,.T.);
#6810=IFCFACE((#6809));
#6811=IFCPOLYLOOP((#3967,#3968,#3956));
#6812=IFCFACEOUTERBOUND(#6811,.T.);
#6813=IFCFACE((#6812));
#6814=IFCPOLYLOOP((#3956,#3968,#3966));
#6815=IFCFACEOUTERBOUND(#6814,.T.);
#6816=IFCFACE((#6815));
#6817=IFCPOLYLOOP((#3968,#3967,#3982,#3952));
#6818=IFCFACEOUTERBOUND(#6817,.T.);
#6819=IFCFACE((#6818));
#6820=IFCPOLYLOOP((#3962,#3968,#3952));
#6821=IFCFACEOUTERBOUND(#6820,.T.);
#6822=IFCFACE((#6821));
#6823=IFCPOLYLOOP((#3970,#3969,#3950));
#6824=IFCFACEOUTERBOUND(#6823,.T.);
#6825=IFCFACE((#6824));
#6826=IFCPOLYLOOP((#3966,#3969,#3956));
#6827=IFCFACEOUTERBOUND(#6826,.T.);
#6828=IFCFACE((#6827));
#6829=IFCPOLYLOOP((#3971,#3951,#3955));
#6830=IFCFACEOUTERBOUND(#6829,.T.);
#6831=IFCFACE((#6830));
#6832=IFCPOLYLOOP((#3970,#3955,#3972));
#6833=IFCFACEOUTERBOUND(#6832,.T.);
#6834=IFCFACE((#6833));
#6835=IFCPOLYLOOP((#3970,#3950,#3971));
#6836=IFCFACEOUTERBOUND(#6835,.T.);
#6837=IFCFACE((#6836));
#6838=IFCPOLYLOOP((#3972,#3955,#3973));
#6839=IFCFACEOUTERBOUND(#6838,.T.);
#6840=IFCFACE((#6839));
#6841=IFCPOLYLOOP((#3949,#3956,#3972));
#6842=IFCFACEOUTERBOUND(#6841,.T.);
#6843=IFCFACE((#6842));
#6844=IFCPOLYLOOP((#3955,#3954,#3983,#3973));
#6845=IFCFACEOUTERBOUND(#6844,.T.);
#6846=IFCFACE((#6845));
#6847=IFCPOLYLOOP((#3641,#3640,#3961,#3978));
#6848=IFCFACEOUTERBOUND(#6847,.T.);
#6849=IFCFACE((#6848));
#6850=IFCPOLYLOOP((#3976,#3982,#3967,#3977,#3949,#3973,#3983));
#6851=IFCFACEOUTERBOUND(#6850,.T.);
#6852=IFCFACE((#6851));
#6853=IFCPOLYLOOP((#3976,#3979,#3982));
#6854=IFCFACEOUTERBOUND(#6853,.T.);
#6855=IFCFACE((#6854));
#6856=IFCPOLYLOOP((#3979,#3641,#3978));
#6857=IFCFACEOUTERBOUND(#6856,.T.);
#6858=IFCFACE((#6857));
#6859=IFCPOLYLOOP((#3979,#3631,#3641));
#6860=IFCFACEOUTERBOUND(#6859,.T.);
#6861=IFCFACE((#6860));
#6862=IFCPOLYLOOP((#3976,#3983,#3981));
#6863=IFCFACEOUTERBOUND(#6862,.T.);
#6864=IFCFACE((#6863));
#6865=IFCPOLYLOOP((#3974,#3981,#3980));
#6866=IFCFACEOUTERBOUND(#6865,.T.);
#6867=IFCFACE((#6866));
#6868=IFCPOLYLOOP((#3974,#3980,#3959,#3948));
#6869=IFCFACEOUTERBOUND(#6868,.T.);
#6870=IFCFACE((#6869));
#6871=IFCPOLYLOOP((#3979,#3978,#3952,#3982));
#6872=IFCFACEOUTERBOUND(#6871,.T.);
#6873=IFCFACE((#6872));
#6874=IFCPOLYLOOP((#3974,#3975,#3981));
#6875=IFCFACEOUTERBOUND(#6874,.T.);
#6876=IFCFACE((#6875));
#6877=IFCPOLYLOOP((#3981,#3983,#3954,#3980));
#6878=IFCFACEOUTERBOUND(#6877,.T.);
#6879=IFCFACE((#6878));
#6880=IFCPOLYLOOP((#3994,#3996,#3997));
#6881=IFCFACEOUTERBOUND(#6880,.T.);
#6882=IFCFACE((#6881));
#6883=IFCPOLYLOOP((#3997,#3943,#3994));
#6884=IFCFACEOUTERBOUND(#6883,.T.);
#6885=IFCFACE((#6884));
#6886=IFCPOLYLOOP((#3996,#3994,#3945));
#6887=IFCFACEOUTERBOUND(#6886,.T.);
#6888=IFCFACE((#6887));
#6889=IFCPOLYLOOP((#3996,#3945,#3942));
#6890=IFCFACEOUTERBOUND(#6889,.T.);
#6891=IFCFACE((#6890));
#6892=IFCPOLYLOOP((#3995,#3996,#3942));
#6893=IFCFACEOUTERBOUND(#6892,.T.);
#6894=IFCFACE((#6893));
#6895=IFCPOLYLOOP((#3991,#3995,#3942));
#6896=IFCFACEOUTERBOUND(#6895,.T.);
#6897=IFCFACE((#6896));
#6898=IFCPOLYLOOP((#3991,#3993,#3995));
#6899=IFCFACEOUTERBOUND(#6898,.T.);
#6900=IFCFACE((#6899));
#6901=IFCPOLYLOOP((#3990,#3995,#3993));
#6902=IFCFACEOUTERBOUND(#6901,.T.);
#6903=IFCFACE((#6902));
#6904=IFCPOLYLOOP((#3993,#3992,#3990));
#6905=IFCFACEOUTERBOUND(#6904,.T.);
#6906=IFCFACE((#6905));
#6907=IFCPOLYLOOP((#3992,#3989,#3990));
#6908=IFCFACEOUTERBOUND(#6907,.T.);
#6909=IFCFACE((#6908));
#6910=IFCPOLYLOOP((#3989,#3984,#3990));
#6911=IFCFACEOUTERBOUND(#6910,.T.);
#6912=IFCFACE((#6911));
#6913=IFCPOLYLOOP((#3988,#3990,#3984));
#6914=IFCFACEOUTERBOUND(#6913,.T.);
#6915=IFCFACE((#6914));
#6916=IFCPOLYLOOP((#3984,#3987,#3988));
#6917=IFCFACEOUTERBOUND(#6916,.T.);
#6918=IFCFACE((#6917));
#6919=IFCPOLYLOOP((#3998,#3988,#3987));
#6920=IFCFACEOUTERBOUND(#6919,.T.);
#6921=IFCFACE((#6920));
#6922=IFCPOLYLOOP((#3985,#3998,#3987));
#6923=IFCFACEOUTERBOUND(#6922,.T.);
#6924=IFCFACE((#6923));
#6925=IFCPOLYLOOP((#3998,#3985,#3986));
#6926=IFCFACEOUTERBOUND(#6925,.T.);
#6927=IFCFACE((#6926));
#6928=IFCPOLYLOOP((#3985,#4460,#3986));
#6929=IFCFACEOUTERBOUND(#6928,.T.);
#6930=IFCFACE((#6929));
#6931=IFCPOLYLOOP((#4460,#3985,#4459));
#6932=IFCFACEOUTERBOUND(#6931,.T.);
#6933=IFCFACE((#6932));
#6934=IFCPOLYLOOP((#4459,#4461,#4460));
#6935=IFCFACEOUTERBOUND(#6934,.T.);
#6936=IFCFACE((#6935));
#6937=IFCPOLYLOOP((#4460,#4461,#4450));
#6938=IFCFACEOUTERBOUND(#6937,.T.);
#6939=IFCFACE((#6938));
#6940=IFCPOLYLOOP((#4450,#4461,#4448));
#6941=IFCFACEOUTERBOUND(#6940,.T.);
#6942=IFCFACE((#6941));
#6943=IFCPOLYLOOP((#4450,#4448,#4452));
#6944=IFCFACEOUTERBOUND(#6943,.T.);
#6945=IFCFACE((#6944));
#6946=IFCPOLYLOOP((#4451,#4452,#4448));
#6947=IFCFACEOUTERBOUND(#6946,.T.);
#6948=IFCFACE((#6947));
#6949=IFCPOLYLOOP((#4451,#4454,#4452));
#6950=IFCFACEOUTERBOUND(#6949,.T.);
#6951=IFCFACE((#6950));
#6952=IFCPOLYLOOP((#4455,#4452,#4454));
#6953=IFCFACEOUTERBOUND(#6952,.T.);
#6954=IFCFACE((#6953));
#6955=IFCPOLYLOOP((#4456,#4452,#4455));
#6956=IFCFACEOUTERBOUND(#6955,.T.);
#6957=IFCFACE((#6956));
#6958=IFCPOLYLOOP((#4453,#4456,#4455));
#6959=IFCFACEOUTERBOUND(#6958,.T.);
#6960=IFCFACE((#6959));
#6961=IFCPOLYLOOP((#4456,#4453,#4413));
#6962=IFCFACEOUTERBOUND(#6961,.T.);
#6963=IFCFACE((#6962));
#6964=IFCPOLYLOOP((#4457,#4456,#4413));
#6965=IFCFACEOUTERBOUND(#6964,.T.);
#6966=IFCFACE((#6965));
#6967=IFCPOLYLOOP((#4457,#4413,#4414));
#6968=IFCFACEOUTERBOUND(#6967,.T.);
#6969=IFCFACE((#6968));
#6970=IFCPOLYLOOP((#4457,#4414,#4449));
#6971=IFCFACEOUTERBOUND(#6970,.T.);
#6972=IFCFACE((#6971));
#6973=IFCPOLYLOOP((#4458,#4457,#4449));
#6974=IFCFACEOUTERBOUND(#6973,.T.);
#6975=IFCFACE((#6974));
#6976=IFCPOLYLOOP((#3943,#4458,#4449));
#6977=IFCFACEOUTERBOUND(#6976,.T.);
#6978=IFCFACE((#6977));
#6979=IFCPOLYLOOP((#4458,#4450,#4457));
#6980=IFCFACEOUTERBOUND(#6979,.T.);
#6981=IFCFACE((#6980));
#6982=IFCPOLYLOOP((#3943,#3986,#4458));
#6983=IFCFACEOUTERBOUND(#6982,.T.);
#6984=IFCFACE((#6983));
#6985=IFCPOLYLOOP((#3986,#4460,#4458));
#6986=IFCFACEOUTERBOUND(#6985,.T.);
#6987=IFCFACE((#6986));
#6988=IFCPOLYLOOP((#4460,#4450,#4458));
#6989=IFCFACEOUTERBOUND(#6988,.T.);
#6990=IFCFACE((#6989));
#6991=IFCPOLYLOOP((#4456,#4457,#4450));
#6992=IFCFACEOUTERBOUND(#6991,.T.);
#6993=IFCFACE((#6992));
#6994=IFCPOLYLOOP((#4456,#4450,#4452));
#6995=IFCFACEOUTERBOUND(#6994,.T.);
#6996=IFCFACE((#6995));
#6997=IFCPOLYLOOP((#3943,#3997,#3986));
#6998=IFCFACEOUTERBOUND(#6997,.T.);
#6999=IFCFACE((#6998));
#7000=IFCPOLYLOOP((#3986,#3997,#3998));
#7001=IFCFACEOUTERBOUND(#7000,.T.);
#7002=IFCFACE((#7001));
#7003=IFCPOLYLOOP((#3988,#3998,#3997));
#7004=IFCFACEOUTERBOUND(#7003,.T.);
#7005=IFCFACE((#7004));
#7006=IFCPOLYLOOP((#3997,#3996,#3988));
#7007=IFCFACEOUTERBOUND(#7006,.T.);
#7008=IFCFACE((#7007));
#7009=IFCPOLYLOOP((#3990,#3988,#3995));
#7010=IFCFACEOUTERBOUND(#7009,.T.);
#7011=IFCFACE((#7010));
#7012=IFCPOLYLOOP((#3996,#3995,#3988));
#7013=IFCFACEOUTERBOUND(#7012,.T.);
#7014=IFCFACE((#7013));
#7015=IFCPOLYLOOP((#3696,#3993,#3592));
#7016=IFCFACEOUTERBOUND(#7015,.T.);
#7017=IFCFACE((#7016));
#7018=IFCPOLYLOOP((#3650,#3989,#3992));
#7019=IFCFACEOUTERBOUND(#7018,.T.);
#7020=IFCFACE((#7019));
#7021=IFCPOLYLOOP((#3992,#3993,#3696));
#7022=IFCFACEOUTERBOUND(#7021,.T.);
#7023=IFCFACE((#7022));
#7024=IFCPOLYLOOP((#3650,#3992,#3696));
#7025=IFCFACEOUTERBOUND(#7024,.T.);
#7026=IFCFACE((#7025));
#7027=IFCPOLYLOOP((#3993,#3991,#3592));
#7028=IFCFACEOUTERBOUND(#7027,.T.);
#7029=IFCFACE((#7028));
#7030=IFCPOLYLOOP((#3999,#3985,#3987,#3984));
#7031=IFCFACEOUTERBOUND(#7030,.T.);
#7032=IFCFACE((#7031));
#7033=IFCPOLYLOOP((#3999,#3984,#3976,#3981,#3975,#4445,#4440,#4448));
#7034=IFCFACEOUTERBOUND(#7033,.T.);
#7035=IFCFACE((#7034));
#7036=IFCPOLYLOOP((#3649,#3976,#3984));
#7037=IFCFACEOUTERBOUND(#7036,.T.);
#7038=IFCFACE((#7037));
#7039=IFCPOLYLOOP((#3979,#3649,#3660));
#7040=IFCFACEOUTERBOUND(#7039,.T.);
#7041=IFCFACE((#7040));
#7042=IFCPOLYLOOP((#3649,#3984,#3989));
#7043=IFCFACEOUTERBOUND(#7042,.T.);
#7044=IFCFACE((#7043));
#7045=IFCPOLYLOOP((#4001,#4004,#4020,#4018));
#7046=IFCFACEOUTERBOUND(#7045,.T.);
#7047=IFCFACE((#7046));
#7048=IFCPOLYLOOP((#4001,#4462,#4463,#4481,#4002,#4026,#4003,#4004));
#7049=IFCFACEOUTERBOUND(#7048,.T.);
#7050=IFCFACE((#7049));
#7051=IFCPOLYLOOP((#4004,#4003,#3885));
#7052=IFCFACEOUTERBOUND(#7051,.T.);
#7053=IFCFACE((#7052));
#7054=IFCPOLYLOOP((#3885,#4003,#4024,#3834));
#7055=IFCFACEOUTERBOUND(#7054,.T.);
#7056=IFCFACE((#7055));
#7057=IFCPOLYLOOP((#3885,#3884,#4010));
#7058=IFCFACEOUTERBOUND(#7057,.T.);
#7059=IFCFACE((#7058));
#7060=IFCPOLYLOOP((#4017,#4009,#4016));
#7061=IFCFACEOUTERBOUND(#7060,.T.);
#7062=IFCFACE((#7061));
#7063=IFCPOLYLOOP((#4017,#4016,#4008));
#7064=IFCFACEOUTERBOUND(#7063,.T.);
#7065=IFCFACE((#7064));
#7066=IFCPOLYLOOP((#4005,#4017,#4008));
#7067=IFCFACEOUTERBOUND(#7066,.T.);
#7068=IFCFACE((#7067));
#7069=IFCPOLYLOOP((#4005,#4006,#4017));
#7070=IFCFACEOUTERBOUND(#7069,.T.);
#7071=IFCFACE((#7070));
#7072=IFCPOLYLOOP((#4006,#4019,#4017));
#7073=IFCFACEOUTERBOUND(#7072,.T.);
#7074=IFCFACE((#7073));
#7075=IFCPOLYLOOP((#4019,#4009,#4017));
#7076=IFCFACEOUTERBOUND(#7075,.T.);
#7077=IFCFACE((#7076));
#7078=IFCPOLYLOOP((#4019,#4020,#4009));
#7079=IFCFACEOUTERBOUND(#7078,.T.);
#7080=IFCFACE((#7079));
#7081=IFCPOLYLOOP((#4015,#4016,#4009));
#7082=IFCFACEOUTERBOUND(#7081,.T.);
#7083=IFCFACE((#7082));
#7084=IFCPOLYLOOP((#4015,#4009,#4011));
#7085=IFCFACEOUTERBOUND(#7084,.T.);
#7086=IFCFACE((#7085));
#7087=IFCPOLYLOOP((#4009,#4020,#4004));
#7088=IFCFACEOUTERBOUND(#7087,.T.);
#7089=IFCFACE((#7088));
#7090=IFCPOLYLOOP((#4009,#4004,#4011));
#7091=IFCFACEOUTERBOUND(#7090,.T.);
#7092=IFCFACE((#7091));
#7093=IFCPOLYLOOP((#4010,#4011,#4004));
#7094=IFCFACEOUTERBOUND(#7093,.T.);
#7095=IFCFACE((#7094));
#7096=IFCPOLYLOOP((#4015,#4011,#4014));
#7097=IFCFACEOUTERBOUND(#7096,.T.);
#7098=IFCFACE((#7097));
#7099=IFCPOLYLOOP((#4010,#4013,#4011));
#7100=IFCFACEOUTERBOUND(#7099,.T.);
#7101=IFCFACE((#7100));
#7102=IFCPOLYLOOP((#4014,#4011,#4013));
#7103=IFCFACEOUTERBOUND(#7102,.T.);
#7104=IFCFACE((#7103));
#7105=IFCPOLYLOOP((#4012,#4015,#4014));
#7106=IFCFACEOUTERBOUND(#7105,.T.);
#7107=IFCFACE((#7106));
#7108=IFCPOLYLOOP((#4015,#4012,#4007));
#7109=IFCFACEOUTERBOUND(#7108,.T.);
#7110=IFCFACE((#7109));
#7111=IFCPOLYLOOP((#4016,#4015,#4007));
#7112=IFCFACEOUTERBOUND(#7111,.T.);
#7113=IFCFACE((#7112));
#7114=IFCPOLYLOOP((#4016,#4007,#4030));
#7115=IFCFACEOUTERBOUND(#7114,.T.);
#7116=IFCFACE((#7115));
#7117=IFCPOLYLOOP((#4016,#4030,#4008));
#7118=IFCFACEOUTERBOUND(#7117,.T.);
#7119=IFCFACE((#7118));
#7120=IFCPOLYLOOP((#4005,#4475,#4006));
#7121=IFCFACEOUTERBOUND(#7120,.T.);
#7122=IFCFACE((#7121));
#7123=IFCPOLYLOOP((#4475,#4005,#4472));
#7124=IFCFACEOUTERBOUND(#7123,.T.);
#7125=IFCFACE((#7124));
#7126=IFCPOLYLOOP((#4472,#4474,#4475));
#7127=IFCFACEOUTERBOUND(#7126,.T.);
#7128=IFCFACE((#7127));
#7129=IFCPOLYLOOP((#4474,#4472,#4484));
#7130=IFCFACEOUTERBOUND(#7129,.T.);
#7131=IFCFACE((#7130));
#7132=IFCPOLYLOOP((#4474,#4484,#4464));
#7133=IFCFACEOUTERBOUND(#7132,.T.);
#7134=IFCFACE((#7133));
#7135=IFCPOLYLOOP((#4473,#4474,#4464));
#7136=IFCFACEOUTERBOUND(#7135,.T.);
#7137=IFCFACE((#7136));
#7138=IFCPOLYLOOP((#4469,#4473,#4464));
#7139=IFCFACEOUTERBOUND(#7138,.T.);
#7140=IFCFACE((#7139));
#7141=IFCPOLYLOOP((#4469,#4471,#4473));
#7142=IFCFACEOUTERBOUND(#7141,.T.);
#7143=IFCFACE((#7142));
#7144=IFCPOLYLOOP((#4468,#4473,#4471));
#7145=IFCFACEOUTERBOUND(#7144,.T.);
#7146=IFCFACE((#7145));
#7147=IFCPOLYLOOP((#4471,#4470,#4468));
#7148=IFCFACEOUTERBOUND(#7147,.T.);
#7149=IFCFACE((#7148));
#7150=IFCPOLYLOOP((#4470,#4467,#4468));
#7151=IFCFACEOUTERBOUND(#7150,.T.);
#7152=IFCFACE((#7151));
#7153=IFCPOLYLOOP((#4467,#4462,#4468));
#7154=IFCFACEOUTERBOUND(#7153,.T.);
#7155=IFCFACE((#7154));
#7156=IFCPOLYLOOP((#4466,#4468,#4462));
#7157=IFCFACEOUTERBOUND(#7156,.T.);
#7158=IFCFACE((#7157));
#7159=IFCPOLYLOOP((#4462,#4465,#4466));
#7160=IFCFACEOUTERBOUND(#7159,.T.);
#7161=IFCFACE((#7160));
#7162=IFCPOLYLOOP((#4476,#4466,#4465));
#7163=IFCFACEOUTERBOUND(#7162,.T.);
#7164=IFCFACE((#7163));
#7165=IFCPOLYLOOP((#4466,#4476,#4475));
#7166=IFCFACEOUTERBOUND(#7165,.T.);
#7167=IFCFACE((#7166));
#7168=IFCPOLYLOOP((#4006,#4475,#4476));
#7169=IFCFACEOUTERBOUND(#7168,.T.);
#7170=IFCFACE((#7169));
#7171=IFCPOLYLOOP((#4475,#4474,#4466));
#7172=IFCFACEOUTERBOUND(#7171,.T.);
#7173=IFCFACE((#7172));
#7174=IFCPOLYLOOP((#4468,#4466,#4473));
#7175=IFCFACEOUTERBOUND(#7174,.T.);
#7176=IFCFACE((#7175));
#7177=IFCPOLYLOOP((#4474,#4473,#4466));
#7178=IFCFACEOUTERBOUND(#7177,.T.);
#7179=IFCFACE((#7178));
#7180=IFCPOLYLOOP((#4018,#4020,#4019));
#7181=IFCFACEOUTERBOUND(#7180,.T.);
#7182=IFCFACE((#7181));
#7183=IFCPOLYLOOP((#3884,#4013,#4010));
#7184=IFCFACEOUTERBOUND(#7183,.T.);
#7185=IFCFACE((#7184));
#7186=IFCPOLYLOOP((#3903,#4013,#3884));
#7187=IFCFACEOUTERBOUND(#7186,.T.);
#7188=IFCFACE((#7187));
#7189=IFCPOLYLOOP((#4012,#4014,#3799));
#7190=IFCFACEOUTERBOUND(#7189,.T.);
#7191=IFCFACE((#7190));
#7192=IFCPOLYLOOP((#4019,#4000,#4018));
#7193=IFCFACEOUTERBOUND(#7192,.T.);
#7194=IFCFACE((#7193));
#7195=IFCPOLYLOOP((#4014,#3903,#3919));
#7196=IFCFACEOUTERBOUND(#7195,.T.);
#7197=IFCFACE((#7196));
#7198=IFCPOLYLOOP((#3903,#4014,#4013));
#7199=IFCFACEOUTERBOUND(#7198,.T.);
#7200=IFCFACE((#7199));
#7201=IFCPOLYLOOP((#4000,#4019,#4006));
#7202=IFCFACEOUTERBOUND(#7201,.T.);
#7203=IFCFACE((#7202));
#7204=IFCPOLYLOOP((#3835,#4023,#3865,#3836));
#7205=IFCFACEOUTERBOUND(#7204,.T.);
#7206=IFCFACE((#7205));
#7207=IFCPOLYLOOP((#4003,#4028,#3878,#3853,#4022,#3872,#4027));
#7208=IFCFACEOUTERBOUND(#7207,.T.);
#7209=IFCFACE((#7208));
#7210=IFCPOLYLOOP((#4027,#4024,#4003));
#7211=IFCFACEOUTERBOUND(#7210,.T.);
#7212=IFCFACE((#7211));
#7213=IFCPOLYLOOP((#4023,#3835,#4024));
#7214=IFCFACEOUTERBOUND(#7213,.T.);
#7215=IFCFACE((#7214));
#7216=IFCPOLYLOOP((#3835,#3834,#4024));
#7217=IFCFACEOUTERBOUND(#7216,.T.);
#7218=IFCFACE((#7217));
#7219=IFCPOLYLOOP((#4026,#4028,#4003));
#7220=IFCFACEOUTERBOUND(#7219,.T.);
#7221=IFCFACE((#7220));
#7222=IFCPOLYLOOP((#4025,#4026,#4021));
#7223=IFCFACEOUTERBOUND(#7222,.T.);
#7224=IFCFACE((#7223));
#7225=IFCPOLYLOOP((#4021,#3850,#3863,#4025));
#7226=IFCFACEOUTERBOUND(#7225,.T.);
#7227=IFCFACE((#7226));
#7228=IFCPOLYLOOP((#4024,#4027,#3856,#4023));
#7229=IFCFACEOUTERBOUND(#7228,.T.);
#7230=IFCFACE((#7229));
#7231=IFCPOLYLOOP((#4026,#4002,#4021));
#7232=IFCFACEOUTERBOUND(#7231,.T.);
#7233=IFCFACE((#7232));
#7234=IFCPOLYLOOP((#4026,#4025,#3858,#4028));
#7235=IFCFACEOUTERBOUND(#7234,.T.);
#7236=IFCFACE((#7235));
#7237=IFCPOLYLOOP((#3798,#4007,#4012));
#7238=IFCFACEOUTERBOUND(#7237,.T.);
#7239=IFCFACE((#7238));
#7240=IFCPOLYLOOP((#3798,#3797,#3902));
#7241=IFCFACEOUTERBOUND(#7240,.T.);
#7242=IFCFACE((#7241));
#7243=IFCPOLYLOOP((#3901,#4029,#3902));
#7244=IFCFACEOUTERBOUND(#7243,.T.);
#7245=IFCFACE((#7244));
#7246=IFCPOLYLOOP((#3902,#4007,#3798));
#7247=IFCFACEOUTERBOUND(#7246,.T.);
#7248=IFCFACE((#7247));
#7249=IFCPOLYLOOP((#4029,#4005,#4008,#4030));
#7250=IFCFACEOUTERBOUND(#7249,.T.);
#7251=IFCFACE((#7250));
#7252=IFCPOLYLOOP((#3902,#4030,#4007));
#7253=IFCFACEOUTERBOUND(#7252,.T.);
#7254=IFCFACE((#7253));
#7255=IFCPOLYLOOP((#4029,#4030,#3902));
#7256=IFCFACEOUTERBOUND(#7255,.T.);
#7257=IFCFACE((#7256));
#7258=IFCPOLYLOOP((#4038,#4033,#4039));
#7259=IFCFACEOUTERBOUND(#7258,.T.);
#7260=IFCFACE((#7259));
#7261=IFCPOLYLOOP((#4042,#4036,#4047));
#7262=IFCFACEOUTERBOUND(#7261,.T.);
#7263=IFCFACE((#7262));
#7264=IFCPOLYLOOP((#4036,#4044,#4039));
#7265=IFCFACEOUTERBOUND(#7264,.T.);
#7266=IFCFACE((#7265));
#7267=IFCPOLYLOOP((#4033,#4046,#4039));
#7268=IFCFACEOUTERBOUND(#7267,.T.);
#7269=IFCFACE((#7268));
#7270=IFCPOLYLOOP((#4039,#4043,#4038));
#7271=IFCFACEOUTERBOUND(#7270,.T.);
#7272=IFCFACE((#7271));
#7273=IFCPOLYLOOP((#4043,#4045,#4037));
#7274=IFCFACEOUTERBOUND(#7273,.T.);
#7275=IFCFACE((#7274));
#7276=IFCPOLYLOOP((#4047,#4046,#4048));
#7277=IFCFACEOUTERBOUND(#7276,.T.);
#7278=IFCFACE((#7277));
#7279=IFCPOLYLOOP((#4038,#4043,#4032));
#7280=IFCFACEOUTERBOUND(#7279,.T.);
#7281=IFCFACE((#7280));
#7282=IFCPOLYLOOP((#4043,#4037,#4197,#4032));
#7283=IFCFACEOUTERBOUND(#7282,.T.);
#7284=IFCFACE((#7283));
#7285=IFCPOLYLOOP((#4046,#4033,#4041,#4034));
#7286=IFCFACEOUTERBOUND(#7285,.T.);
#7287=IFCFACE((#7286));
#7288=IFCPOLYLOOP((#4031,#4045,#4044));
#7289=IFCFACEOUTERBOUND(#7288,.T.);
#7290=IFCFACE((#7289));
#7291=IFCPOLYLOOP((#4045,#4043,#4039));
#7292=IFCFACEOUTERBOUND(#7291,.T.);
#7293=IFCFACE((#7292));
#7294=IFCPOLYLOOP((#4045,#4031,#4049,#4205,#4037));
#7295=IFCFACEOUTERBOUND(#7294,.T.);
#7296=IFCFACE((#7295));
#7297=IFCPOLYLOOP((#4044,#4045,#4039));
#7298=IFCFACEOUTERBOUND(#7297,.T.);
#7299=IFCFACE((#7298));
#7300=IFCPOLYLOOP((#4047,#4036,#4039));
#7301=IFCFACEOUTERBOUND(#7300,.T.);
#7302=IFCFACE((#7301));
#7303=IFCPOLYLOOP((#4042,#4047,#4048));
#7304=IFCFACEOUTERBOUND(#7303,.T.);
#7305=IFCFACE((#7304));
#7306=IFCPOLYLOOP((#4046,#4047,#4039));
#7307=IFCFACEOUTERBOUND(#7306,.T.);
#7308=IFCFACE((#7307));
#7309=IFCPOLYLOOP((#4048,#4035,#4073,#4042));
#7310=IFCFACEOUTERBOUND(#7309,.T.);
#7311=IFCFACE((#7310));
#7312=IFCPOLYLOOP((#4048,#4046,#4040));
#7313=IFCFACEOUTERBOUND(#7312,.T.);
#7314=IFCFACE((#7313));
#7315=IFCPOLYLOOP((#4063,#4044,#4066));
#7316=IFCFACEOUTERBOUND(#7315,.T.);
#7317=IFCFACE((#7316));
#7318=IFCPOLYLOOP((#4070,#4071,#4065));
#7319=IFCFACEOUTERBOUND(#7318,.T.);
#7320=IFCFACE((#7319));
#7321=IFCPOLYLOOP((#4064,#4051,#4052));
#7322=IFCFACEOUTERBOUND(#7321,.T.);
#7323=IFCFACE((#7322));
#7324=IFCPOLYLOOP((#4064,#4052,#4053));
#7325=IFCFACEOUTERBOUND(#7324,.T.);
#7326=IFCFACE((#7325));
#7327=IFCPOLYLOOP((#4067,#4060,#4061));
#7328=IFCFACEOUTERBOUND(#7327,.T.);
#7329=IFCFACE((#7328));
#7330=IFCPOLYLOOP((#4073,#4035,#4050));
#7331=IFCFACEOUTERBOUND(#7330,.T.);
#7332=IFCFACE((#7331));
#7333=IFCPOLYLOOP((#4065,#4071,#4057));
#7334=IFCFACEOUTERBOUND(#7333,.T.);
#7335=IFCFACE((#7334));
#7336=IFCPOLYLOOP((#4051,#4064,#4073));
#7337=IFCFACEOUTERBOUND(#7336,.T.);
#7338=IFCFACE((#7337));
#7339=IFCPOLYLOOP((#4057,#4058,#4065));
#7340=IFCFACEOUTERBOUND(#7339,.T.);
#7341=IFCFACE((#7340));
#7342=IFCPOLYLOOP((#4031,#4044,#4063));
#7343=IFCFACEOUTERBOUND(#7342,.T.);
#7344=IFCFACE((#7343));
#7345=IFCPOLYLOOP((#4044,#4036,#4066));
#7346=IFCFACEOUTERBOUND(#7345,.T.);
#7347=IFCFACE((#7346));
#7348=IFCPOLYLOOP((#4070,#4064,#4071));
#7349=IFCFACEOUTERBOUND(#7348,.T.);
#7350=IFCFACE((#7349));
#7351=IFCPOLYLOOP((#4066,#4062,#4063));
#7352=IFCFACEOUTERBOUND(#7351,.T.);
#7353=IFCFACE((#7352));
#7354=IFCPOLYLOOP((#4073,#4050,#4051));
#7355=IFCFACEOUTERBOUND(#7354,.T.);
#7356=IFCFACE((#7355));
#7357=IFCPOLYLOOP((#4059,#4068,#4070));
#7358=IFCFACEOUTERBOUND(#7357,.T.);
#7359=IFCFACE((#7358));
#7360=IFCPOLYLOOP((#4061,#4069,#4067));
#7361=IFCFACEOUTERBOUND(#7360,.T.);
#7362=IFCFACE((#7361));
#7363=IFCPOLYLOOP((#4059,#4067,#4068));
#7364=IFCFACEOUTERBOUND(#7363,.T.);
#7365=IFCFACE((#7364));
#7366=IFCPOLYLOOP((#4059,#4070,#4065));
#7367=IFCFACEOUTERBOUND(#7366,.T.);
#7368=IFCFACE((#7367));
#7369=IFCPOLYLOOP((#4064,#4070,#4072));
#7370=IFCFACEOUTERBOUND(#7369,.T.);
#7371=IFCFACE((#7370));
#7372=IFCPOLYLOOP((#4071,#4064,#4053));
#7373=IFCFACEOUTERBOUND(#7372,.T.);
#7374=IFCFACE((#7373));
#7375=IFCPOLYLOOP((#4067,#4069,#4068));
#7376=IFCFACEOUTERBOUND(#7375,.T.);
#7377=IFCFACE((#7376));
#7378=IFCPOLYLOOP((#4062,#4069,#4061));
#7379=IFCFACEOUTERBOUND(#7378,.T.);
#7380=IFCFACE((#7379));
#7381=IFCPOLYLOOP((#4068,#4069,#4066));
#7382=IFCFACEOUTERBOUND(#7381,.T.);
#7383=IFCFACE((#7382));
#7384=IFCPOLYLOOP((#4056,#4057,#4071));
#7385=IFCFACEOUTERBOUND(#7384,.T.);
#7386=IFCFACE((#7385));
#7387=IFCPOLYLOOP((#4055,#4056,#4071));
#7388=IFCFACEOUTERBOUND(#7387,.T.);
#7389=IFCFACE((#7388));
#7390=IFCPOLYLOOP((#4069,#4062,#4066));
#7391=IFCFACEOUTERBOUND(#7390,.T.);
#7392=IFCFACE((#7391));
#7393=IFCPOLYLOOP((#4053,#4054,#4071));
#7394=IFCFACEOUTERBOUND(#7393,.T.);
#7395=IFCFACE((#7394));
#7396=IFCPOLYLOOP((#4072,#4066,#4036));
#7397=IFCFACEOUTERBOUND(#7396,.T.);
#7398=IFCFACE((#7397));
#7399=IFCPOLYLOOP((#4064,#4072,#4036));
#7400=IFCFACEOUTERBOUND(#7399,.T.);
#7401=IFCFACE((#7400));
#7402=IFCPOLYLOOP((#4070,#4068,#4072));
#7403=IFCFACEOUTERBOUND(#7402,.T.);
#7404=IFCFACE((#7403));
#7405=IFCPOLYLOOP((#4066,#4072,#4068));
#7406=IFCFACEOUTERBOUND(#7405,.T.);
#7407=IFCFACE((#7406));
#7408=IFCPOLYLOOP((#4055,#4071,#4054));
#7409=IFCFACEOUTERBOUND(#7408,.T.);
#7410=IFCFACE((#7409));
#7411=IFCPOLYLOOP((#4064,#4036,#4042,#4073));
#7412=IFCFACEOUTERBOUND(#7411,.T.);
#7413=IFCFACE((#7412));
#7414=IFCPOLYLOOP((#4079,#4060,#4067,#4059));
#7415=IFCFACEOUTERBOUND(#7414,.T.);
#7416=IFCFACE((#7415));
#7417=IFCPOLYLOOP((#4077,#4074,#4075));
#7418=IFCFACEOUTERBOUND(#7417,.T.);
#7419=IFCFACE((#7418));
#7420=IFCPOLYLOOP((#4077,#4075,#4078));
#7421=IFCFACEOUTERBOUND(#7420,.T.);
#7422=IFCFACE((#7421));
#7423=IFCPOLYLOOP((#4075,#4079,#4078));
#7424=IFCFACEOUTERBOUND(#7423,.T.);
#7425=IFCFACE((#7424));
#7426=IFCPOLYLOOP((#4078,#4079,#4059));
#7427=IFCFACEOUTERBOUND(#7426,.T.);
#7428=IFCFACE((#7427));
#7429=IFCPOLYLOOP((#4078,#4059,#4065,#4058));
#7430=IFCFACEOUTERBOUND(#7429,.T.);
#7431=IFCFACE((#7430));
#7432=IFCPOLYLOOP((#4258,#4235,#4245,#4234));
#7433=IFCFACEOUTERBOUND(#7432,.T.);
#7434=IFCFACE((#7433));
#7435=IFCPOLYLOOP((#4078,#4076,#4258,#4077));
#7436=IFCFACEOUTERBOUND(#7435,.T.);
#7437=IFCFACE((#7436));
#7438=IFCPOLYLOOP((#4080,#4081,#4082));
#7439=IFCFACEOUTERBOUND(#7438,.T.);
#7440=IFCFACE((#7439));
#7441=IFCPOLYLOOP((#4083,#4080,#4082));
#7442=IFCFACEOUTERBOUND(#7441,.T.);
#7443=IFCFACE((#7442));
#7444=IFCPOLYLOOP((#4083,#4076,#4080));
#7445=IFCFACEOUTERBOUND(#7444,.T.);
#7446=IFCFACE((#7445));
#7447=IFCPOLYLOOP((#4080,#4076,#4078));
#7448=IFCFACEOUTERBOUND(#7447,.T.);
#7449=IFCFACE((#7448));
#7450=IFCPOLYLOOP((#4080,#4078,#4058));
#7451=IFCFACEOUTERBOUND(#7450,.T.);
#7452=IFCFACE((#7451));
#7453=IFCPOLYLOOP((#4082,#4260,#4083));
#7454=IFCFACEOUTERBOUND(#7453,.T.);
#7455=IFCFACE((#7454));
#7456=IFCPOLYLOOP((#4083,#4260,#4261));
#7457=IFCFACEOUTERBOUND(#7456,.T.);
#7458=IFCFACE((#7457));
#7459=IFCPOLYLOOP((#4083,#4261,#4076));
#7460=IFCFACEOUTERBOUND(#7459,.T.);
#7461=IFCFACE((#7460));
#7462=IFCPOLYLOOP((#4261,#4258,#4076));
#7463=IFCFACEOUTERBOUND(#7462,.T.);
#7464=IFCFACE((#7463));
#7465=IFCPOLYLOOP((#4261,#4235,#4258));
#7466=IFCFACEOUTERBOUND(#7465,.T.);
#7467=IFCFACE((#7466));
#7468=IFCPOLYLOOP((#4093,#4084,#4094));
#7469=IFCFACEOUTERBOUND(#7468,.T.);
#7470=IFCFACE((#7469));
#7471=IFCPOLYLOOP((#4093,#4094,#4096));
#7472=IFCFACEOUTERBOUND(#7471,.T.);
#7473=IFCFACE((#7472));
#7474=IFCPOLYLOOP((#4085,#4096,#4094));
#7475=IFCFACEOUTERBOUND(#7474,.T.);
#7476=IFCFACE((#7475));
#7477=IFCPOLYLOOP((#4092,#4085,#4086));
#7478=IFCFACEOUTERBOUND(#7477,.T.);
#7479=IFCFACE((#7478));
#7480=IFCPOLYLOOP((#4087,#4092,#4086));
#7481=IFCFACEOUTERBOUND(#7480,.T.);
#7482=IFCFACE((#7481));
#7483=IFCPOLYLOOP((#4092,#4096,#4085));
#7484=IFCFACEOUTERBOUND(#7483,.T.);
#7485=IFCFACE((#7484));
#7486=IFCPOLYLOOP((#4092,#4087,#4091));
#7487=IFCFACEOUTERBOUND(#7486,.T.);
#7488=IFCFACE((#7487));
#7489=IFCPOLYLOOP((#4087,#4088,#4181));
#7490=IFCFACEOUTERBOUND(#7489,.T.);
#7491=IFCFACE((#7490));
#7492=IFCPOLYLOOP((#4095,#4096,#4089));
#7493=IFCFACEOUTERBOUND(#7492,.T.);
#7494=IFCFACE((#7493));
#7495=IFCPOLYLOOP((#4092,#4091,#4089));
#7496=IFCFACEOUTERBOUND(#7495,.T.);
#7497=IFCFACE((#7496));
#7498=IFCPOLYLOOP((#4093,#4095,#4090));
#7499=IFCFACEOUTERBOUND(#7498,.T.);
#7500=IFCFACE((#7499));
#7501=IFCPOLYLOOP((#4093,#4096,#4095));
#7502=IFCFACEOUTERBOUND(#7501,.T.);
#7503=IFCFACE((#7502));
#7504=IFCPOLYLOOP((#4089,#4096,#4092));
#7505=IFCFACEOUTERBOUND(#7504,.T.);
#7506=IFCFACE((#7505));
#7507=IFCPOLYLOOP((#4058,#4057,#4080));
#7508=IFCFACEOUTERBOUND(#7507,.T.);
#7509=IFCFACE((#7508));
#7510=IFCPOLYLOOP((#4102,#4104,#4101));
#7511=IFCFACEOUTERBOUND(#7510,.T.);
#7512=IFCFACE((#7511));
#7513=IFCPOLYLOOP((#4104,#4054,#4053));
#7514=IFCFACEOUTERBOUND(#7513,.T.);
#7515=IFCFACE((#7514));
#7516=IFCPOLYLOOP((#4105,#4051,#4050));
#7517=IFCFACEOUTERBOUND(#7516,.T.);
#7518=IFCFACE((#7517));
#7519=IFCPOLYLOOP((#4055,#4054,#4104));
#7520=IFCFACEOUTERBOUND(#7519,.T.);
#7521=IFCFACE((#7520));
#7522=IFCPOLYLOOP((#4055,#4104,#4056));
#7523=IFCFACEOUTERBOUND(#7522,.T.);
#7524=IFCFACE((#7523));
#7525=IFCPOLYLOOP((#4105,#4099,#4100));
#7526=IFCFACEOUTERBOUND(#7525,.T.);
#7527=IFCFACE((#7526));
#7528=IFCPOLYLOOP((#4057,#4056,#4080));
#7529=IFCFACEOUTERBOUND(#7528,.T.);
#7530=IFCFACE((#7529));
#7531=IFCPOLYLOOP((#4081,#4080,#4103));
#7532=IFCFACEOUTERBOUND(#7531,.T.);
#7533=IFCFACE((#7532));
#7534=IFCPOLYLOOP((#4104,#4103,#4080));
#7535=IFCFACEOUTERBOUND(#7534,.T.);
#7536=IFCFACE((#7535));
#7537=IFCPOLYLOOP((#4056,#4104,#4080));
#7538=IFCFACEOUTERBOUND(#7537,.T.);
#7539=IFCFACE((#7538));
#7540=IFCPOLYLOOP((#4104,#4102,#4103));
#7541=IFCFACEOUTERBOUND(#7540,.T.);
#7542=IFCFACE((#7541));
#7543=IFCPOLYLOOP((#4100,#4101,#4104));
#7544=IFCFACEOUTERBOUND(#7543,.T.);
#7545=IFCFACE((#7544));
#7546=IFCPOLYLOOP((#4104,#4053,#4105));
#7547=IFCFACEOUTERBOUND(#7546,.T.);
#7548=IFCFACE((#7547));
#7549=IFCPOLYLOOP((#4105,#4050,#4097));
#7550=IFCFACEOUTERBOUND(#7549,.T.);
#7551=IFCFACE((#7550));
#7552=IFCPOLYLOOP((#4052,#4051,#4105));
#7553=IFCFACEOUTERBOUND(#7552,.T.);
#7554=IFCFACE((#7553));
#7555=IFCPOLYLOOP((#4097,#4050,#4035));
#7556=IFCFACEOUTERBOUND(#7555,.T.);
#7557=IFCFACE((#7556));
#7558=IFCPOLYLOOP((#4105,#4100,#4104));
#7559=IFCFACEOUTERBOUND(#7558,.T.);
#7560=IFCFACE((#7559));
#7561=IFCPOLYLOOP((#4098,#4097,#4084));
#7562=IFCFACEOUTERBOUND(#7561,.T.);
#7563=IFCFACE((#7562));
#7564=IFCPOLYLOOP((#4098,#4099,#4105));
#7565=IFCFACEOUTERBOUND(#7564,.T.);
#7566=IFCFACE((#7565));
#7567=IFCPOLYLOOP((#4098,#4105,#4097));
#7568=IFCFACEOUTERBOUND(#7567,.T.);
#7569=IFCFACE((#7568));
#7570=IFCPOLYLOOP((#4053,#4052,#4105));
#7571=IFCFACEOUTERBOUND(#7570,.T.);
#7572=IFCFACE((#7571));
#7573=IFCPOLYLOOP((#4107,#4108,#4116));
#7574=IFCFACEOUTERBOUND(#7573,.T.);
#7575=IFCFACE((#7574));
#7576=IFCPOLYLOOP((#4120,#4109,#4295,#4110));
#7577=IFCFACEOUTERBOUND(#7576,.T.);
#7578=IFCFACE((#7577));
#7579=IFCPOLYLOOP((#4291,#4286,#4287));
#7580=IFCFACEOUTERBOUND(#7579,.T.);
#7581=IFCFACE((#7580));
#7582=IFCPOLYLOOP((#4119,#4118,#4117));
#7583=IFCFACEOUTERBOUND(#7582,.T.);
#7584=IFCFACE((#7583));
#7585=IFCPOLYLOOP((#4122,#4114,#4115));
#7586=IFCFACEOUTERBOUND(#7585,.T.);
#7587=IFCFACE((#7586));
#7588=IFCPOLYLOOP((#4292,#4293,#4294));
#7589=IFCFACEOUTERBOUND(#7588,.T.);
#7590=IFCFACE((#7589));
#7591=IFCPOLYLOOP((#4290,#4289,#4297));
#7592=IFCFACEOUTERBOUND(#7591,.T.);
#7593=IFCFACE((#7592));
#7594=IFCPOLYLOOP((#4112,#4123,#4113));
#7595=IFCFACEOUTERBOUND(#7594,.T.);
#7596=IFCFACE((#7595));
#7597=IFCPOLYLOOP((#4122,#4113,#4123));
#7598=IFCFACEOUTERBOUND(#7597,.T.);
#7599=IFCFACE((#7598));
#7600=IFCPOLYLOOP((#4119,#4125,#4113));
#7601=IFCFACEOUTERBOUND(#7600,.T.);
#7602=IFCFACE((#7601));
#7603=IFCPOLYLOOP((#4298,#4288,#4297));
#7604=IFCFACEOUTERBOUND(#7603,.T.);
#7605=IFCFACE((#7604));
#7606=IFCPOLYLOOP((#4288,#4300,#4294));
#7607=IFCFACEOUTERBOUND(#7606,.T.);
#7608=IFCFACE((#7607));
#7609=IFCPOLYLOOP((#4110,#4111,#4121));
#7610=IFCFACEOUTERBOUND(#7609,.T.);
#7611=IFCFACE((#7610));
#7612=IFCPOLYLOOP((#4120,#4121,#4118));
#7613=IFCFACEOUTERBOUND(#7612,.T.);
#7614=IFCFACE((#7613));
#7615=IFCPOLYLOOP((#4116,#4115,#4124));
#7616=IFCFACEOUTERBOUND(#7615,.T.);
#7617=IFCFACE((#7616));
#7618=IFCPOLYLOOP((#4293,#4296,#4295));
#7619=IFCFACEOUTERBOUND(#7618,.T.);
#7620=IFCFACE((#7619));
#7621=IFCPOLYLOOP((#4299,#4290,#4291));
#7622=IFCFACEOUTERBOUND(#7621,.T.);
#7623=IFCFACE((#7622));
#7624=IFCPOLYLOOP((#4115,#4114,#4163,#4124));
#7625=IFCFACEOUTERBOUND(#7624,.T.);
#7626=IFCFACE((#7625));
#7627=IFCPOLYLOOP((#4124,#4106,#4107));
#7628=IFCFACEOUTERBOUND(#7627,.T.);
#7629=IFCFACE((#7628));
#7630=IFCPOLYLOOP((#4121,#4117,#4118));
#7631=IFCFACEOUTERBOUND(#7630,.T.);
#7632=IFCFACE((#7631));
#7633=IFCPOLYLOOP((#4121,#4120,#4110));
#7634=IFCFACEOUTERBOUND(#7633,.T.);
#7635=IFCFACE((#7634));
#7636=IFCPOLYLOOP((#4123,#4114,#4122));
#7637=IFCFACEOUTERBOUND(#7636,.T.);
#7638=IFCFACE((#7637));
#7639=IFCPOLYLOOP((#4116,#4124,#4107));
#7640=IFCFACEOUTERBOUND(#7639,.T.);
#7641=IFCFACE((#7640));
#7642=IFCPOLYLOOP((#4112,#4113,#4125));
#7643=IFCFACEOUTERBOUND(#7642,.T.);
#7644=IFCFACE((#7643));
#7645=IFCPOLYLOOP((#4119,#4117,#4125));
#7646=IFCFACEOUTERBOUND(#7645,.T.);
#7647=IFCFACE((#7646));
#7648=IFCPOLYLOOP((#4138,#4136,#4126));
#7649=IFCFACEOUTERBOUND(#7648,.T.);
#7650=IFCFACE((#7649));
#7651=IFCPOLYLOOP((#4135,#4137,#4139));
#7652=IFCFACEOUTERBOUND(#7651,.T.);
#7653=IFCFACE((#7652));
#7654=IFCPOLYLOOP((#4135,#4136,#4137));
#7655=IFCFACEOUTERBOUND(#7654,.T.);
#7656=IFCFACE((#7655));
#7657=IFCPOLYLOOP((#4128,#4138,#4126,#4127));
#7658=IFCFACEOUTERBOUND(#7657,.T.);
#7659=IFCFACE((#7658));
#7660=IFCPOLYLOOP((#4135,#4139,#4134));
#7661=IFCFACEOUTERBOUND(#7660,.T.);
#7662=IFCFACE((#7661));
#7663=IFCPOLYLOOP((#4129,#4138,#4128));
#7664=IFCFACEOUTERBOUND(#7663,.T.);
#7665=IFCFACE((#7664));
#7666=IFCPOLYLOOP((#4137,#4138,#4129));
#7667=IFCFACEOUTERBOUND(#7666,.T.);
#7668=IFCFACE((#7667));
#7669=IFCPOLYLOOP((#4133,#4140,#4141));
#7670=IFCFACEOUTERBOUND(#7669,.T.);
#7671=IFCFACE((#7670));
#7672=IFCPOLYLOOP((#4139,#4130,#4207,#4131));
#7673=IFCFACEOUTERBOUND(#7672,.T.);
#7674=IFCFACE((#7673));
#7675=IFCPOLYLOOP((#4130,#4137,#4129));
#7676=IFCFACEOUTERBOUND(#7675,.T.);
#7677=IFCFACE((#7676));
#7678=IFCPOLYLOOP((#4130,#4139,#4137));
#7679=IFCFACEOUTERBOUND(#7678,.T.);
#7680=IFCFACE((#7679));
#7681=IFCPOLYLOOP((#4141,#4108,#4107,#4106));
#7682=IFCFACEOUTERBOUND(#7681,.T.);
#7683=IFCFACE((#7682));
#7684=IFCPOLYLOOP((#4140,#4133,#4134));
#7685=IFCFACEOUTERBOUND(#7684,.T.);
#7686=IFCFACE((#7685));
#7687=IFCPOLYLOOP((#4139,#4131,#4140));
#7688=IFCFACEOUTERBOUND(#7687,.T.);
#7689=IFCFACE((#7688));
#7690=IFCPOLYLOOP((#4141,#4132,#4108));
#7691=IFCFACEOUTERBOUND(#7690,.T.);
#7692=IFCFACE((#7691));
#7693=IFCPOLYLOOP((#4136,#4138,#4137));
#7694=IFCFACEOUTERBOUND(#7693,.T.);
#7695=IFCFACE((#7694));
#7696=IFCPOLYLOOP((#4133,#4141,#4106));
#7697=IFCFACEOUTERBOUND(#7696,.T.);
#7698=IFCFACE((#7697));
#7699=IFCPOLYLOOP((#4132,#4141,#4140));
#7700=IFCFACEOUTERBOUND(#7699,.T.);
#7701=IFCFACE((#7700));
#7702=IFCPOLYLOOP((#4140,#4134,#4139));
#7703=IFCFACEOUTERBOUND(#7702,.T.);
#7704=IFCFACE((#7703));
#7705=IFCPOLYLOOP((#4132,#4140,#4131));
#7706=IFCFACEOUTERBOUND(#7705,.T.);
#7707=IFCFACE((#7706));
#7708=IFCPOLYLOOP((#4142,#4143,#4156));
#7709=IFCFACEOUTERBOUND(#7708,.T.);
#7710=IFCFACE((#7709));
#7711=IFCPOLYLOOP((#4147,#4153,#4146));
#7712=IFCFACEOUTERBOUND(#7711,.T.);
#7713=IFCFACE((#7712));
#7714=IFCPOLYLOOP((#4153,#4150,#4146));
#7715=IFCFACEOUTERBOUND(#7714,.T.);
#7716=IFCFACE((#7715));
#7717=IFCPOLYLOOP((#4143,#4144,#4151));
#7718=IFCFACEOUTERBOUND(#7717,.T.);
#7719=IFCFACE((#7718));
#7720=IFCPOLYLOOP((#4151,#4133,#4155));
#7721=IFCFACEOUTERBOUND(#7720,.T.);
#7722=IFCFACE((#7721));
#7723=IFCPOLYLOOP((#4149,#4155,#4106));
#7724=IFCFACEOUTERBOUND(#7723,.T.);
#7725=IFCFACE((#7724));
#7726=IFCPOLYLOOP((#4145,#4146,#4150));
#7727=IFCFACEOUTERBOUND(#7726,.T.);
#7728=IFCFACE((#7727));
#7729=IFCPOLYLOOP((#4151,#4155,#4156));
#7730=IFCFACEOUTERBOUND(#7729,.T.);
#7731=IFCFACE((#7730));
#7732=IFCPOLYLOOP((#4151,#4134,#4133));
#7733=IFCFACEOUTERBOUND(#7732,.T.);
#7734=IFCFACE((#7733));
#7735=IFCPOLYLOOP((#4157,#4144,#4158));
#7736=IFCFACEOUTERBOUND(#7735,.T.);
#7737=IFCFACE((#7736));
#7738=IFCPOLYLOOP((#4157,#4158,#4152));
#7739=IFCFACEOUTERBOUND(#7738,.T.);
#7740=IFCFACE((#7739));
#7741=IFCPOLYLOOP((#4154,#4153,#4148));
#7742=IFCFACEOUTERBOUND(#7741,.T.);
#7743=IFCFACE((#7742));
#7744=IFCPOLYLOOP((#4152,#4151,#4157));
#7745=IFCFACEOUTERBOUND(#7744,.T.);
#7746=IFCFACE((#7745));
#7747=IFCPOLYLOOP((#4142,#4156,#4149));
#7748=IFCFACEOUTERBOUND(#7747,.T.);
#7749=IFCFACE((#7748));
#7750=IFCPOLYLOOP((#4147,#4148,#4153));
#7751=IFCFACEOUTERBOUND(#7750,.T.);
#7752=IFCFACE((#7751));
#7753=IFCPOLYLOOP((#4150,#4136,#4135));
#7754=IFCFACEOUTERBOUND(#7753,.T.);
#7755=IFCFACE((#7754));
#7756=IFCPOLYLOOP((#4150,#4154,#4136));
#7757=IFCFACEOUTERBOUND(#7756,.T.);
#7758=IFCFACE((#7757));
#7759=IFCPOLYLOOP((#4135,#4134,#4152));
#7760=IFCFACEOUTERBOUND(#7759,.T.);
#7761=IFCFACE((#7760));
#7762=IFCPOLYLOOP((#4134,#4151,#4152));
#7763=IFCFACEOUTERBOUND(#7762,.T.);
#7764=IFCFACE((#7763));
#7765=IFCPOLYLOOP((#4126,#4136,#4154));
#7766=IFCFACEOUTERBOUND(#7765,.T.);
#7767=IFCFACE((#7766));
#7768=IFCPOLYLOOP((#4150,#4153,#4154));
#7769=IFCFACEOUTERBOUND(#7768,.T.);
#7770=IFCFACE((#7769));
#7771=IFCPOLYLOOP((#4106,#4155,#4133));
#7772=IFCFACEOUTERBOUND(#7771,.T.);
#7773=IFCFACE((#7772));
#7774=IFCPOLYLOOP((#4156,#4155,#4149));
#7775=IFCFACEOUTERBOUND(#7774,.T.);
#7776=IFCFACE((#7775));
#7777=IFCPOLYLOOP((#4150,#4135,#4152));
#7778=IFCFACEOUTERBOUND(#7777,.T.);
#7779=IFCFACE((#7778));
#7780=IFCPOLYLOOP((#4151,#4156,#4143));
#7781=IFCFACEOUTERBOUND(#7780,.T.);
#7782=IFCFACE((#7781));
#7783=IFCPOLYLOOP((#4126,#4154,#4148));
#7784=IFCFACEOUTERBOUND(#7783,.T.);
#7785=IFCFACE((#7784));
#7786=IFCPOLYLOOP((#4151,#4144,#4157));
#7787=IFCFACEOUTERBOUND(#7786,.T.);
#7788=IFCFACE((#7787));
#7789=IFCPOLYLOOP((#4158,#4144,#4145));
#7790=IFCFACEOUTERBOUND(#7789,.T.);
#7791=IFCFACE((#7790));
#7792=IFCPOLYLOOP((#4145,#4150,#4158));
#7793=IFCFACEOUTERBOUND(#7792,.T.);
#7794=IFCFACE((#7793));
#7795=IFCPOLYLOOP((#4150,#4152,#4158));
#7796=IFCFACEOUTERBOUND(#7795,.T.);
#7797=IFCFACE((#7796));
#7798=IFCPOLYLOOP((#4159,#4162,#4112));
#7799=IFCFACEOUTERBOUND(#7798,.T.);
#7800=IFCFACE((#7799));
#7801=IFCPOLYLOOP((#4159,#4160,#4162));
#7802=IFCFACEOUTERBOUND(#7801,.T.);
#7803=IFCFACE((#7802));
#7804=IFCPOLYLOOP((#4159,#4112,#4125));
#7805=IFCFACEOUTERBOUND(#7804,.T.);
#7806=IFCFACE((#7805));
#7807=IFCPOLYLOOP((#4366,#4160,#4159));
#7808=IFCFACEOUTERBOUND(#7807,.T.);
#7809=IFCFACE((#7808));
#7810=IFCPOLYLOOP((#4285,#4366,#4159));
#7811=IFCFACEOUTERBOUND(#7810,.T.);
#7812=IFCFACE((#7811));
#7813=IFCPOLYLOOP((#4159,#4125,#4117));
#7814=IFCFACEOUTERBOUND(#7813,.T.);
#7815=IFCFACE((#7814));
#7816=IFCPOLYLOOP((#4159,#4117,#4121));
#7817=IFCFACEOUTERBOUND(#7816,.T.);
#7818=IFCFACE((#7817));
#7819=IFCPOLYLOOP((#4159,#4121,#4111));
#7820=IFCFACEOUTERBOUND(#7819,.T.);
#7821=IFCFACE((#7820));
#7822=IFCPOLYLOOP((#4159,#4111,#4296));
#7823=IFCFACEOUTERBOUND(#7822,.T.);
#7824=IFCFACE((#7823));
#7825=IFCPOLYLOOP((#4159,#4296,#4292));
#7826=IFCFACEOUTERBOUND(#7825,.T.);
#7827=IFCFACE((#7826));
#7828=IFCPOLYLOOP((#4159,#4292,#4300));
#7829=IFCFACEOUTERBOUND(#7828,.T.);
#7830=IFCFACE((#7829));
#7831=IFCPOLYLOOP((#4159,#4300,#4285));
#7832=IFCFACEOUTERBOUND(#7831,.T.);
#7833=IFCFACE((#7832));
#7834=IFCPOLYLOOP((#4366,#4285,#4365));
#7835=IFCFACEOUTERBOUND(#7834,.T.);
#7836=IFCFACE((#7835));
#7837=IFCPOLYLOOP((#4365,#4285,#4298));
#7838=IFCFACEOUTERBOUND(#7837,.T.);
#7839=IFCFACE((#7838));
#7840=IFCPOLYLOOP((#4365,#4298,#4289));
#7841=IFCFACEOUTERBOUND(#7840,.T.);
#7842=IFCFACE((#7841));
#7843=IFCPOLYLOOP((#4365,#4289,#4367));
#7844=IFCFACEOUTERBOUND(#7843,.T.);
#7845=IFCFACE((#7844));
#7846=IFCPOLYLOOP((#4365,#4367,#4344));
#7847=IFCFACEOUTERBOUND(#7846,.T.);
#7848=IFCFACE((#7847));
#7849=IFCPOLYLOOP((#4344,#4367,#4299));
#7850=IFCFACEOUTERBOUND(#7849,.T.);
#7851=IFCFACE((#7850));
#7852=IFCPOLYLOOP((#4344,#4299,#4284));
#7853=IFCFACEOUTERBOUND(#7852,.T.);
#7854=IFCFACE((#7853));
#7855=IFCPOLYLOOP((#4365,#4344,#4343));
#7856=IFCFACEOUTERBOUND(#7855,.T.);
#7857=IFCFACE((#7856));
#7858=IFCPOLYLOOP((#4161,#4112,#4162));
#7859=IFCFACEOUTERBOUND(#7858,.T.);
#7860=IFCFACE((#7859));
#7861=IFCPOLYLOOP((#4161,#4123,#4112));
#7862=IFCFACEOUTERBOUND(#7861,.T.);
#7863=IFCFACE((#7862));
#7864=IFCPOLYLOOP((#4161,#4114,#4123));
#7865=IFCFACEOUTERBOUND(#7864,.T.);
#7866=IFCFACE((#7865));
#7867=IFCPOLYLOOP((#4161,#4163,#4114));
#7868=IFCFACEOUTERBOUND(#7867,.T.);
#7869=IFCFACE((#7868));
#7870=IFCPOLYLOOP((#4149,#4163,#4161));
#7871=IFCFACEOUTERBOUND(#7870,.T.);
#7872=IFCFACE((#7871));
#7873=IFCPOLYLOOP((#4142,#4149,#4161));
#7874=IFCFACEOUTERBOUND(#7873,.T.);
#7875=IFCFACE((#7874));
#7876=IFCPOLYLOOP((#4149,#4124,#4163));
#7877=IFCFACEOUTERBOUND(#7876,.T.);
#7878=IFCFACE((#7877));
#7879=IFCPOLYLOOP((#4149,#4106,#4124));
#7880=IFCFACEOUTERBOUND(#7879,.T.);
#7881=IFCFACE((#7880));
#7882=IFCPOLYLOOP((#4165,#4086,#4164));
#7883=IFCFACEOUTERBOUND(#7882,.T.);
#7884=IFCFACE((#7883));
#7885=IFCPOLYLOOP((#4164,#4086,#4085));
#7886=IFCFACEOUTERBOUND(#7885,.T.);
#7887=IFCFACE((#7886));
#7888=IFCPOLYLOOP((#4147,#4146,#4180));
#7889=IFCFACEOUTERBOUND(#7888,.T.);
#7890=IFCFACE((#7889));
#7891=IFCPOLYLOOP((#4183,#4089,#4091));
#7892=IFCFACEOUTERBOUND(#7891,.T.);
#7893=IFCFACE((#7892));
#7894=IFCPOLYLOOP((#4177,#4175,#4090));
#7895=IFCFACEOUTERBOUND(#7894,.T.);
#7896=IFCFACE((#7895));
#7897=IFCPOLYLOOP((#4145,#4185,#4174));
#7898=IFCFACEOUTERBOUND(#7897,.T.);
#7899=IFCFACE((#7898));
#7900=IFCPOLYLOOP((#4178,#4172,#4144));
#7901=IFCFACEOUTERBOUND(#7900,.T.);
#7902=IFCFACE((#7901));
#7903=IFCPOLYLOOP((#4179,#4089,#4183));
#7904=IFCFACEOUTERBOUND(#7903,.T.);
#7905=IFCFACE((#7904));
#7906=IFCPOLYLOOP((#4089,#4179,#4177));
#7907=IFCFACEOUTERBOUND(#7906,.T.);
#7908=IFCFACE((#7907));
#7909=IFCPOLYLOOP((#4146,#4174,#4180));
#7910=IFCFACEOUTERBOUND(#7909,.T.);
#7911=IFCFACE((#7910));
#7912=IFCPOLYLOOP((#4146,#4145,#4174));
#7913=IFCFACEOUTERBOUND(#7912,.T.);
#7914=IFCFACE((#7913));
#7915=IFCPOLYLOOP((#4144,#4172,#4185));
#7916=IFCFACEOUTERBOUND(#7915,.T.);
#7917=IFCFACE((#7916));
#7918=IFCPOLYLOOP((#4184,#4178,#4143));
#7919=IFCFACEOUTERBOUND(#7918,.T.);
#7920=IFCFACE((#7919));
#7921=IFCPOLYLOOP((#4176,#4175,#4172));
#7922=IFCFACEOUTERBOUND(#7921,.T.);
#7923=IFCFACE((#7922));
#7924=IFCPOLYLOOP((#4176,#4178,#4173));
#7925=IFCFACEOUTERBOUND(#7924,.T.);
#7926=IFCFACE((#7925));
#7927=IFCPOLYLOOP((#4174,#4177,#4179));
#7928=IFCFACEOUTERBOUND(#7927,.T.);
#7929=IFCFACE((#7928));
#7930=IFCPOLYLOOP((#4172,#4175,#4177));
#7931=IFCFACEOUTERBOUND(#7930,.T.);
#7932=IFCFACE((#7931));
#7933=IFCPOLYLOOP((#4167,#4184,#4142));
#7934=IFCFACEOUTERBOUND(#7933,.T.);
#7935=IFCFACE((#7934));
#7936=IFCPOLYLOOP((#4172,#4178,#4176));
#7937=IFCFACEOUTERBOUND(#7936,.T.);
#7938=IFCFACE((#7937));
#7939=IFCPOLYLOOP((#4173,#4167,#4169));
#7940=IFCFACEOUTERBOUND(#7939,.T.);
#7941=IFCFACE((#7940));
#7942=IFCPOLYLOOP((#4184,#4167,#4173));
#7943=IFCFACEOUTERBOUND(#7942,.T.);
#7944=IFCFACE((#7943));
#7945=IFCPOLYLOOP((#4170,#4171,#4176));
#7946=IFCFACEOUTERBOUND(#7945,.T.);
#7947=IFCFACE((#7946));
#7948=IFCPOLYLOOP((#4177,#4090,#4095,#4089));
#7949=IFCFACEOUTERBOUND(#7948,.T.);
#7950=IFCFACE((#7949));
#7951=IFCPOLYLOOP((#4170,#4173,#4169));
#7952=IFCFACEOUTERBOUND(#7951,.T.);
#7953=IFCFACE((#7952));
#7954=IFCPOLYLOOP((#4168,#4169,#4167));
#7955=IFCFACEOUTERBOUND(#7954,.T.);
#7956=IFCFACE((#7955));
#7957=IFCPOLYLOOP((#4171,#4175,#4176));
#7958=IFCFACEOUTERBOUND(#7957,.T.);
#7959=IFCFACE((#7958));
#7960=IFCPOLYLOOP((#4177,#4174,#4185));
#7961=IFCFACEOUTERBOUND(#7960,.T.);
#7962=IFCFACE((#7961));
#7963=IFCPOLYLOOP((#4171,#4090,#4175));
#7964=IFCFACEOUTERBOUND(#7963,.T.);
#7965=IFCFACE((#7964));
#7966=IFCPOLYLOOP((#4143,#4178,#4144));
#7967=IFCFACEOUTERBOUND(#7966,.T.);
#7968=IFCFACE((#7967));
#7969=IFCPOLYLOOP((#4170,#4176,#4173));
#7970=IFCFACEOUTERBOUND(#7969,.T.);
#7971=IFCFACE((#7970));
#7972=IFCPOLYLOOP((#4180,#4174,#4179));
#7973=IFCFACEOUTERBOUND(#7972,.T.);
#7974=IFCFACE((#7973));
#7975=IFCPOLYLOOP((#4183,#4166,#4180));
#7976=IFCFACEOUTERBOUND(#7975,.T.);
#7977=IFCFACE((#7976));
#7978=IFCPOLYLOOP((#4180,#4166,#4147));
#7979=IFCFACEOUTERBOUND(#7978,.T.);
#7980=IFCFACE((#7979));
#7981=IFCPOLYLOOP((#4183,#4181,#4182));
#7982=IFCFACEOUTERBOUND(#7981,.T.);
#7983=IFCFACE((#7982));
#7984=IFCPOLYLOOP((#4181,#4088,#4182));
#7985=IFCFACEOUTERBOUND(#7984,.T.);
#7986=IFCFACE((#7985));
#7987=IFCPOLYLOOP((#4166,#4183,#4182));
#7988=IFCFACEOUTERBOUND(#7987,.T.);
#7989=IFCFACE((#7988));
#7990=IFCPOLYLOOP((#4179,#4183,#4180));
#7991=IFCFACEOUTERBOUND(#7990,.T.);
#7992=IFCFACE((#7991));
#7993=IFCPOLYLOOP((#4178,#4184,#4173));
#7994=IFCFACEOUTERBOUND(#7993,.T.);
#7995=IFCFACE((#7994));
#7996=IFCPOLYLOOP((#4142,#4184,#4143));
#7997=IFCFACEOUTERBOUND(#7996,.T.);
#7998=IFCFACE((#7997));
#7999=IFCPOLYLOOP((#4144,#4185,#4145));
#8000=IFCFACEOUTERBOUND(#7999,.T.);
#8001=IFCFACE((#8000));
#8002=IFCPOLYLOOP((#4177,#4185,#4172));
#8003=IFCFACEOUTERBOUND(#8002,.T.);
#8004=IFCFACE((#8003));
#8005=IFCPOLYLOOP((#4167,#4142,#4161));
#8006=IFCFACEOUTERBOUND(#8005,.T.);
#8007=IFCFACE((#8006));
#8008=IFCPOLYLOOP((#4167,#4161,#4168));
#8009=IFCFACEOUTERBOUND(#8008,.T.);
#8010=IFCFACE((#8009));
#8011=IFCPOLYLOOP((#4168,#4161,#4187));
#8012=IFCFACEOUTERBOUND(#8011,.T.);
#8013=IFCFACE((#8012));
#8014=IFCPOLYLOOP((#4187,#4161,#4186));
#8015=IFCFACEOUTERBOUND(#8014,.T.);
#8016=IFCFACE((#8015));
#8017=IFCPOLYLOOP((#4186,#4161,#4162));
#8018=IFCFACEOUTERBOUND(#8017,.T.);
#8019=IFCFACE((#8018));
#8020=IFCPOLYLOOP((#4186,#4162,#4160));
#8021=IFCFACEOUTERBOUND(#8020,.T.);
#8022=IFCFACE((#8021));
#8023=IFCPOLYLOOP((#4186,#4160,#4366));
#8024=IFCFACEOUTERBOUND(#8023,.T.);
#8025=IFCFACE((#8024));
#8026=IFCPOLYLOOP((#4186,#4366,#4365));
#8027=IFCFACEOUTERBOUND(#8026,.T.);
#8028=IFCFACE((#8027));
#8029=IFCPOLYLOOP((#4365,#4373,#4187));
#8030=IFCFACEOUTERBOUND(#8029,.T.);
#8031=IFCFACE((#8030));
#8032=IFCPOLYLOOP((#4187,#4186,#4365));
#8033=IFCFACEOUTERBOUND(#8032,.T.);
#8034=IFCFACE((#8033));
#8035=IFCPOLYLOOP((#4365,#4379,#4373));
#8036=IFCFACEOUTERBOUND(#8035,.T.);
#8037=IFCFACE((#8036));
#8038=IFCPOLYLOOP((#4365,#4374,#4379));
#8039=IFCFACEOUTERBOUND(#8038,.T.);
#8040=IFCFACE((#8039));
#8041=IFCPOLYLOOP((#4365,#4389,#4374));
#8042=IFCFACEOUTERBOUND(#8041,.T.);
#8043=IFCFACE((#8042));
#8044=IFCPOLYLOOP((#4365,#4343,#4389));
#8045=IFCFACEOUTERBOUND(#8044,.T.);
#8046=IFCFACE((#8045));
#8047=IFCPOLYLOOP((#4191,#4168,#4187,#4373,#4391,#4190,#4082,#4081));
#8048=IFCFACEOUTERBOUND(#8047,.T.);
#8049=IFCFACE((#8048));
#8050=IFCPOLYLOOP((#4192,#4171,#4170));
#8051=IFCFACEOUTERBOUND(#8050,.T.);
#8052=IFCFACE((#8051));
#8053=IFCPOLYLOOP((#4099,#4192,#4100));
#8054=IFCFACEOUTERBOUND(#8053,.T.);
#8055=IFCFACE((#8054));
#8056=IFCPOLYLOOP((#4192,#4193,#4101));
#8057=IFCFACEOUTERBOUND(#8056,.T.);
#8058=IFCFACE((#8057));
#8059=IFCPOLYLOOP((#4090,#4171,#4093));
#8060=IFCFACEOUTERBOUND(#8059,.T.);
#8061=IFCFACE((#8060));
#8062=IFCPOLYLOOP((#4169,#4193,#4170));
#8063=IFCFACEOUTERBOUND(#8062,.T.);
#8064=IFCFACE((#8063));
#8065=IFCPOLYLOOP((#4098,#4192,#4099));
#8066=IFCFACEOUTERBOUND(#8065,.T.);
#8067=IFCFACE((#8066));
#8068=IFCPOLYLOOP((#4093,#4098,#4084));
#8069=IFCFACEOUTERBOUND(#8068,.T.);
#8070=IFCFACE((#8069));
#8071=IFCPOLYLOOP((#4098,#4093,#4192));
#8072=IFCFACEOUTERBOUND(#8071,.T.);
#8073=IFCFACE((#8072));
#8074=IFCPOLYLOOP((#4193,#4102,#4101));
#8075=IFCFACEOUTERBOUND(#8074,.T.);
#8076=IFCFACE((#8075));
#8077=IFCPOLYLOOP((#4102,#4193,#4103));
#8078=IFCFACEOUTERBOUND(#8077,.T.);
#8079=IFCFACE((#8078));
#8080=IFCPOLYLOOP((#4100,#4192,#4101));
#8081=IFCFACEOUTERBOUND(#8080,.T.);
#8082=IFCFACE((#8081));
#8083=IFCPOLYLOOP((#4191,#4103,#4193));
#8084=IFCFACEOUTERBOUND(#8083,.T.);
#8085=IFCFACE((#8084));
#8086=IFCPOLYLOOP((#4168,#4191,#4169));
#8087=IFCFACEOUTERBOUND(#8086,.T.);
#8088=IFCFACE((#8087));
#8089=IFCPOLYLOOP((#4169,#4191,#4193));
#8090=IFCFACEOUTERBOUND(#8089,.T.);
#8091=IFCFACE((#8090));
#8092=IFCPOLYLOOP((#4192,#4093,#4171));
#8093=IFCFACEOUTERBOUND(#8092,.T.);
#8094=IFCFACE((#8093));
#8095=IFCPOLYLOOP((#4191,#4081,#4103));
#8096=IFCFACEOUTERBOUND(#8095,.T.);
#8097=IFCFACE((#8096));
#8098=IFCPOLYLOOP((#4193,#4192,#4170));
#8099=IFCFACEOUTERBOUND(#8098,.T.);
#8100=IFCFACE((#8099));
#8101=IFCPOLYLOOP((#4199,#4201,#4031));
#8102=IFCFACEOUTERBOUND(#8101,.T.);
#8103=IFCFACE((#8102));
#8104=IFCPOLYLOOP((#4202,#4210,#4197));
#8105=IFCFACEOUTERBOUND(#8104,.T.);
#8106=IFCFACE((#8105));
#8107=IFCPOLYLOOP((#4063,#4199,#4031));
#8108=IFCFACEOUTERBOUND(#8107,.T.);
#8109=IFCFACE((#8108));
#8110=IFCPOLYLOOP((#4130,#4129,#4198));
#8111=IFCFACEOUTERBOUND(#8110,.T.);
#8112=IFCFACE((#8111));
#8113=IFCPOLYLOOP((#4208,#4207,#4130));
#8114=IFCFACEOUTERBOUND(#8113,.T.);
#8115=IFCFACE((#8114));
#8116=IFCPOLYLOOP((#4196,#4062,#4061));
#8117=IFCFACEOUTERBOUND(#8116,.T.);
#8118=IFCFACE((#8117));
#8119=IFCPOLYLOOP((#4063,#4062,#4200));
#8120=IFCFACEOUTERBOUND(#8119,.T.);
#8121=IFCFACE((#8120));
#8122=IFCPOLYLOOP((#4188,#4108,#4132));
#8123=IFCFACEOUTERBOUND(#8122,.T.);
#8124=IFCFACE((#8123));
#8125=IFCPOLYLOOP((#4204,#4209,#4200));
#8126=IFCFACEOUTERBOUND(#8125,.T.);
#8127=IFCFACE((#8126));
#8128=IFCPOLYLOOP((#4188,#4132,#4196));
#8129=IFCFACEOUTERBOUND(#8128,.T.);
#8130=IFCFACE((#8129));
#8131=IFCPOLYLOOP((#4129,#4206,#4203));
#8132=IFCFACEOUTERBOUND(#8131,.T.);
#8133=IFCFACE((#8132));
#8134=IFCPOLYLOOP((#4204,#4200,#4196));
#8135=IFCFACEOUTERBOUND(#8134,.T.);
#8136=IFCFACE((#8135));
#8137=IFCPOLYLOOP((#4199,#4195,#4201));
#8138=IFCFACEOUTERBOUND(#8137,.T.);
#8139=IFCFACE((#8138));
#8140=IFCPOLYLOOP((#4200,#4199,#4063));
#8141=IFCFACEOUTERBOUND(#8140,.T.);
#8142=IFCFACE((#8141));
#8143=IFCPOLYLOOP((#4201,#4195,#4198));
#8144=IFCFACEOUTERBOUND(#8143,.T.);
#8145=IFCFACE((#8144));
#8146=IFCPOLYLOOP((#4062,#4196,#4200));
#8147=IFCFACEOUTERBOUND(#8146,.T.);
#8148=IFCFACE((#8147));
#8149=IFCPOLYLOOP((#4206,#4129,#4128));
#8150=IFCFACEOUTERBOUND(#8149,.T.);
#8151=IFCFACE((#8150));
#8152=IFCPOLYLOOP((#4132,#4131,#4204));
#8153=IFCFACEOUTERBOUND(#8152,.T.);
#8154=IFCFACE((#8153));
#8155=IFCPOLYLOOP((#4195,#4199,#4200));
#8156=IFCFACEOUTERBOUND(#8155,.T.);
#8157=IFCFACE((#8156));
#8158=IFCPOLYLOOP((#4196,#4061,#4188));
#8159=IFCFACEOUTERBOUND(#8158,.T.);
#8160=IFCFACE((#8159));
#8161=IFCPOLYLOOP((#4197,#4210,#4032));
#8162=IFCFACEOUTERBOUND(#8161,.T.);
#8163=IFCFACE((#8162));
#8164=IFCPOLYLOOP((#4202,#4205,#4201));
#8165=IFCFACEOUTERBOUND(#8164,.T.);
#8166=IFCFACE((#8165));
#8167=IFCPOLYLOOP((#4207,#4208,#4209));
#8168=IFCFACEOUTERBOUND(#8167,.T.);
#8169=IFCFACE((#8168));
#8170=IFCPOLYLOOP((#4203,#4202,#4198));
#8171=IFCFACEOUTERBOUND(#8170,.T.);
#8172=IFCFACE((#8171));
#8173=IFCPOLYLOOP((#4202,#4201,#4198));
#8174=IFCFACEOUTERBOUND(#8173,.T.);
#8175=IFCFACE((#8174));
#8176=IFCPOLYLOOP((#4194,#4210,#4203));
#8177=IFCFACEOUTERBOUND(#8176,.T.);
#8178=IFCFACE((#8177));
#8179=IFCPOLYLOOP((#4198,#4129,#4203));
#8180=IFCFACEOUTERBOUND(#8179,.T.);
#8181=IFCFACE((#8180));
#8182=IFCPOLYLOOP((#4209,#4195,#4200));
#8183=IFCFACEOUTERBOUND(#8182,.T.);
#8184=IFCFACE((#8183));
#8185=IFCPOLYLOOP((#4132,#4204,#4196));
#8186=IFCFACEOUTERBOUND(#8185,.T.);
#8187=IFCFACE((#8186));
#8188=IFCPOLYLOOP((#4208,#4195,#4209));
#8189=IFCFACEOUTERBOUND(#8188,.T.);
#8190=IFCFACE((#8189));
#8191=IFCPOLYLOOP((#4202,#4197,#4037,#4205));
#8192=IFCFACEOUTERBOUND(#8191,.T.);
#8193=IFCFACE((#8192));
#8194=IFCPOLYLOOP((#4201,#4205,#4049,#4031));
#8195=IFCFACEOUTERBOUND(#8194,.T.);
#8196=IFCFACE((#8195));
#8197=IFCPOLYLOOP((#4206,#4194,#4203));
#8198=IFCFACEOUTERBOUND(#8197,.T.);
#8199=IFCFACE((#8198));
#8200=IFCPOLYLOOP((#4130,#4198,#4208));
#8201=IFCFACEOUTERBOUND(#8200,.T.);
#8202=IFCFACE((#8201));
#8203=IFCPOLYLOOP((#4198,#4195,#4208));
#8204=IFCFACEOUTERBOUND(#8203,.T.);
#8205=IFCFACE((#8204));
#8206=IFCPOLYLOOP((#4204,#4131,#4209));
#8207=IFCFACEOUTERBOUND(#8206,.T.);
#8208=IFCFACE((#8207));
#8209=IFCPOLYLOOP((#4207,#4209,#4131));
#8210=IFCFACEOUTERBOUND(#8209,.T.);
#8211=IFCFACE((#8210));
#8212=IFCPOLYLOOP((#4203,#4210,#4202));
#8213=IFCFACEOUTERBOUND(#8212,.T.);
#8214=IFCFACE((#8213));
#8215=IFCPOLYLOOP((#4219,#4215,#4218));
#8216=IFCFACEOUTERBOUND(#8215,.T.);
#8217=IFCFACE((#8216));
#8218=IFCPOLYLOOP((#4227,#4212,#4222));
#8219=IFCFACEOUTERBOUND(#8218,.T.);
#8220=IFCFACE((#8219));
#8221=IFCPOLYLOOP((#4219,#4224,#4212));
#8222=IFCFACEOUTERBOUND(#8221,.T.);
#8223=IFCFACE((#8222));
#8224=IFCPOLYLOOP((#4219,#4226,#4215));
#8225=IFCFACEOUTERBOUND(#8224,.T.);
#8226=IFCFACE((#8225));
#8227=IFCPOLYLOOP((#4218,#4223,#4219));
#8228=IFCFACEOUTERBOUND(#8227,.T.);
#8229=IFCFACE((#8228));
#8230=IFCPOLYLOOP((#4217,#4225,#4223));
#8231=IFCFACEOUTERBOUND(#8230,.T.);
#8232=IFCFACE((#8231));
#8233=IFCPOLYLOOP((#4228,#4226,#4227));
#8234=IFCFACEOUTERBOUND(#8233,.T.);
#8235=IFCFACE((#8234));
#8236=IFCPOLYLOOP((#4216,#4223,#4218));
#8237=IFCFACEOUTERBOUND(#8236,.T.);
#8238=IFCFACE((#8237));
#8239=IFCPOLYLOOP((#4223,#4216,#4396,#4217));
#8240=IFCFACEOUTERBOUND(#8239,.T.);
#8241=IFCFACE((#8240));
#8242=IFCPOLYLOOP((#4214,#4221,#4215,#4226));
#8243=IFCFACEOUTERBOUND(#8242,.T.);
#8244=IFCFACE((#8243));
#8245=IFCPOLYLOOP((#4224,#4225,#4211));
#8246=IFCFACEOUTERBOUND(#8245,.T.);
#8247=IFCFACE((#8246));
#8248=IFCPOLYLOOP((#4219,#4223,#4225));
#8249=IFCFACEOUTERBOUND(#8248,.T.);
#8250=IFCFACE((#8249));
#8251=IFCPOLYLOOP((#4225,#4217,#4410,#4229,#4211));
#8252=IFCFACEOUTERBOUND(#8251,.T.);
#8253=IFCFACE((#8252));
#8254=IFCPOLYLOOP((#4219,#4225,#4224));
#8255=IFCFACEOUTERBOUND(#8254,.T.);
#8256=IFCFACE((#8255));
#8257=IFCPOLYLOOP((#4219,#4212,#4227));
#8258=IFCFACEOUTERBOUND(#8257,.T.);
#8259=IFCFACE((#8258));
#8260=IFCPOLYLOOP((#4228,#4227,#4222));
#8261=IFCFACEOUTERBOUND(#8260,.T.);
#8262=IFCFACE((#8261));
#8263=IFCPOLYLOOP((#4219,#4227,#4226));
#8264=IFCFACEOUTERBOUND(#8263,.T.);
#8265=IFCFACE((#8264));
#8266=IFCPOLYLOOP((#4228,#4222,#4253,#4213));
#8267=IFCFACEOUTERBOUND(#8266,.T.);
#8268=IFCFACE((#8267));
#8269=IFCPOLYLOOP((#4220,#4226,#4228));
#8270=IFCFACEOUTERBOUND(#8269,.T.);
#8271=IFCFACE((#8270));
#8272=IFCPOLYLOOP((#4246,#4224,#4230));
#8273=IFCFACEOUTERBOUND(#8272,.T.);
#8274=IFCFACE((#8273));
#8275=IFCPOLYLOOP((#4245,#4251,#4250));
#8276=IFCFACEOUTERBOUND(#8275,.T.);
#8277=IFCFACE((#8276));
#8278=IFCPOLYLOOP((#4241,#4242,#4244));
#8279=IFCFACEOUTERBOUND(#8278,.T.);
#8280=IFCFACE((#8279));
#8281=IFCPOLYLOOP((#4240,#4241,#4244));
#8282=IFCFACEOUTERBOUND(#8281,.T.);
#8283=IFCFACE((#8282));
#8284=IFCPOLYLOOP((#4232,#4233,#4247));
#8285=IFCFACEOUTERBOUND(#8284,.T.);
#8286=IFCFACE((#8285));
#8287=IFCPOLYLOOP((#4243,#4213,#4253));
#8288=IFCFACEOUTERBOUND(#8287,.T.);
#8289=IFCFACE((#8288));
#8290=IFCPOLYLOOP((#4236,#4251,#4245));
#8291=IFCFACEOUTERBOUND(#8290,.T.);
#8292=IFCFACE((#8291));
#8293=IFCPOLYLOOP((#4253,#4244,#4242));
#8294=IFCFACEOUTERBOUND(#8293,.T.);
#8295=IFCFACE((#8294));
#8296=IFCPOLYLOOP((#4245,#4235,#4236));
#8297=IFCFACEOUTERBOUND(#8296,.T.);
#8298=IFCFACE((#8297));
#8299=IFCPOLYLOOP((#4230,#4224,#4211));
#8300=IFCFACEOUTERBOUND(#8299,.T.);
#8301=IFCFACE((#8300));
#8302=IFCPOLYLOOP((#4246,#4212,#4224));
#8303=IFCFACEOUTERBOUND(#8302,.T.);
#8304=IFCFACE((#8303));
#8305=IFCPOLYLOOP((#4251,#4244,#4250));
#8306=IFCFACEOUTERBOUND(#8305,.T.);
#8307=IFCFACE((#8306));
#8308=IFCPOLYLOOP((#4230,#4231,#4246));
#8309=IFCFACEOUTERBOUND(#8308,.T.);
#8310=IFCFACE((#8309));
#8311=IFCPOLYLOOP((#4242,#4243,#4253));
#8312=IFCFACEOUTERBOUND(#8311,.T.);
#8313=IFCFACE((#8312));
#8314=IFCPOLYLOOP((#4250,#4248,#4234));
#8315=IFCFACEOUTERBOUND(#8314,.T.);
#8316=IFCFACE((#8315));
#8317=IFCPOLYLOOP((#4247,#4249,#4232));
#8318=IFCFACEOUTERBOUND(#8317,.T.);
#8319=IFCFACE((#8318));
#8320=IFCPOLYLOOP((#4248,#4247,#4234));
#8321=IFCFACEOUTERBOUND(#8320,.T.);
#8322=IFCFACE((#8321));
#8323=IFCPOLYLOOP((#4245,#4250,#4234));
#8324=IFCFACEOUTERBOUND(#8323,.T.);
#8325=IFCFACE((#8324));
#8326=IFCPOLYLOOP((#4252,#4250,#4244));
#8327=IFCFACEOUTERBOUND(#8326,.T.);
#8328=IFCFACE((#8327));
#8329=IFCPOLYLOOP((#4240,#4244,#4251));
#8330=IFCFACEOUTERBOUND(#8329,.T.);
#8331=IFCFACE((#8330));
#8332=IFCPOLYLOOP((#4248,#4249,#4247));
#8333=IFCFACEOUTERBOUND(#8332,.T.);
#8334=IFCFACE((#8333));
#8335=IFCPOLYLOOP((#4232,#4249,#4231));
#8336=IFCFACEOUTERBOUND(#8335,.T.);
#8337=IFCFACE((#8336));
#8338=IFCPOLYLOOP((#4246,#4249,#4248));
#8339=IFCFACEOUTERBOUND(#8338,.T.);
#8340=IFCFACE((#8339));
#8341=IFCPOLYLOOP((#4251,#4236,#4237));
#8342=IFCFACEOUTERBOUND(#8341,.T.);
#8343=IFCFACE((#8342));
#8344=IFCPOLYLOOP((#4251,#4237,#4238));
#8345=IFCFACEOUTERBOUND(#8344,.T.);
#8346=IFCFACE((#8345));
#8347=IFCPOLYLOOP((#4246,#4231,#4249));
#8348=IFCFACEOUTERBOUND(#8347,.T.);
#8349=IFCFACE((#8348));
#8350=IFCPOLYLOOP((#4251,#4239,#4240));
#8351=IFCFACEOUTERBOUND(#8350,.T.);
#8352=IFCFACE((#8351));
#8353=IFCPOLYLOOP((#4212,#4246,#4252));
#8354=IFCFACEOUTERBOUND(#8353,.T.);
#8355=IFCFACE((#8354));
#8356=IFCPOLYLOOP((#4212,#4252,#4244));
#8357=IFCFACEOUTERBOUND(#8356,.T.);
#8358=IFCFACE((#8357));
#8359=IFCPOLYLOOP((#4252,#4248,#4250));
#8360=IFCFACEOUTERBOUND(#8359,.T.);
#8361=IFCFACE((#8360));
#8362=IFCPOLYLOOP((#4248,#4252,#4246));
#8363=IFCFACEOUTERBOUND(#8362,.T.);
#8364=IFCFACE((#8363));
#8365=IFCPOLYLOOP((#4239,#4251,#4238));
#8366=IFCFACEOUTERBOUND(#8365,.T.);
#8367=IFCFACE((#8366));
#8368=IFCPOLYLOOP((#4244,#4253,#4222,#4212));
#8369=IFCFACEOUTERBOUND(#8368,.T.);
#8370=IFCFACE((#8369));
#8371=IFCPOLYLOOP((#4215,#4255,#4334,#4321,#4332,#4216,#4218));
#8372=IFCFACEOUTERBOUND(#8371,.T.);
#8373=IFCFACE((#8372));
#8374=IFCPOLYLOOP((#4254,#4215,#4221,#4214));
#8375=IFCFACEOUTERBOUND(#8374,.T.);
#8376=IFCFACE((#8375));
#8377=IFCPOLYLOOP((#4255,#4256,#3785));
#8378=IFCFACEOUTERBOUND(#8377,.T.);
#8379=IFCFACE((#8378));
#8380=IFCPOLYLOOP((#3785,#3784,#4325,#4319,#4340,#4255));
#8381=IFCFACEOUTERBOUND(#8380,.T.);
#8382=IFCFACE((#8381));
#8383=IFCPOLYLOOP((#4254,#4255,#4215));
#8384=IFCFACEOUTERBOUND(#8383,.T.);
#8385=IFCFACE((#8384));
#8386=IFCPOLYLOOP((#4256,#3783,#3785));
#8387=IFCFACEOUTERBOUND(#8386,.T.);
#8388=IFCFACE((#8387));
#8389=IFCPOLYLOOP((#4257,#4074,#4077));
#8390=IFCFACEOUTERBOUND(#8389,.T.);
#8391=IFCFACE((#8390));
#8392=IFCPOLYLOOP((#4258,#4257,#4077));
#8393=IFCFACEOUTERBOUND(#8392,.T.);
#8394=IFCFACE((#8393));
#8395=IFCPOLYLOOP((#4234,#4259,#4258));
#8396=IFCFACEOUTERBOUND(#8395,.T.);
#8397=IFCFACE((#8396));
#8398=IFCPOLYLOOP((#4259,#4234,#4247,#4233));
#8399=IFCFACEOUTERBOUND(#8398,.T.);
#8400=IFCFACE((#8399));
#8401=IFCPOLYLOOP((#4258,#4259,#4257));
#8402=IFCFACEOUTERBOUND(#8401,.T.);
#8403=IFCFACE((#8402));
#8404=IFCPOLYLOOP((#4272,#4262,#4271));
#8405=IFCFACEOUTERBOUND(#8404,.T.);
#8406=IFCFACE((#8405));
#8407=IFCPOLYLOOP((#4274,#4272,#4271));
#8408=IFCFACEOUTERBOUND(#8407,.T.);
#8409=IFCFACE((#8408));
#8410=IFCPOLYLOOP((#4272,#4274,#4268));
#8411=IFCFACEOUTERBOUND(#8410,.T.);
#8412=IFCFACE((#8411));
#8413=IFCPOLYLOOP((#4267,#4268,#4270));
#8414=IFCFACEOUTERBOUND(#8413,.T.);
#8415=IFCFACE((#8414));
#8416=IFCPOLYLOOP((#4267,#4270,#4266));
#8417=IFCFACEOUTERBOUND(#8416,.T.);
#8418=IFCFACE((#8417));
#8419=IFCPOLYLOOP((#4268,#4274,#4270));
#8420=IFCFACEOUTERBOUND(#8419,.T.);
#8421=IFCFACE((#8420));
#8422=IFCPOLYLOOP((#4269,#4266,#4270));
#8423=IFCFACEOUTERBOUND(#8422,.T.);
#8424=IFCFACE((#8423));
#8425=IFCPOLYLOOP((#4269,#4265,#4266));
#8426=IFCFACEOUTERBOUND(#8425,.T.);
#8427=IFCFACE((#8426));
#8428=IFCPOLYLOOP((#4264,#4274,#4273));
#8429=IFCFACEOUTERBOUND(#8428,.T.);
#8430=IFCFACE((#8429));
#8431=IFCPOLYLOOP((#4264,#4269,#4270));
#8432=IFCFACEOUTERBOUND(#8431,.T.);
#8433=IFCFACE((#8432));
#8434=IFCPOLYLOOP((#4271,#4263,#4385));
#8435=IFCFACEOUTERBOUND(#8434,.T.);
#8436=IFCFACE((#8435));
#8437=IFCPOLYLOOP((#4273,#4274,#4271));
#8438=IFCFACEOUTERBOUND(#8437,.T.);
#8439=IFCFACE((#8438));
#8440=IFCPOLYLOOP((#4270,#4274,#4264));
#8441=IFCFACEOUTERBOUND(#8440,.T.);
#8442=IFCFACE((#8441));
#8443=IFCPOLYLOOP((#4261,#4236,#4235));
#8444=IFCFACEOUTERBOUND(#8443,.T.);
#8445=IFCFACE((#8444));
#8446=IFCPOLYLOOP((#4277,#4282,#4276));
#8447=IFCFACEOUTERBOUND(#8446,.T.);
#8448=IFCFACE((#8447));
#8449=IFCPOLYLOOP((#4240,#4239,#4282));
#8450=IFCFACEOUTERBOUND(#8449,.T.);
#8451=IFCFACE((#8450));
#8452=IFCPOLYLOOP((#4243,#4242,#4283));
#8453=IFCFACEOUTERBOUND(#8452,.T.);
#8454=IFCFACE((#8453));
#8455=IFCPOLYLOOP((#4282,#4239,#4238));
#8456=IFCFACEOUTERBOUND(#8455,.T.);
#8457=IFCFACE((#8456));
#8458=IFCPOLYLOOP((#4237,#4282,#4238));
#8459=IFCFACEOUTERBOUND(#8458,.T.);
#8460=IFCFACE((#8459));
#8461=IFCPOLYLOOP((#4278,#4279,#4283));
#8462=IFCFACEOUTERBOUND(#8461,.T.);
#8463=IFCFACE((#8462));
#8464=IFCPOLYLOOP((#4261,#4237,#4236));
#8465=IFCFACEOUTERBOUND(#8464,.T.);
#8466=IFCFACE((#8465));
#8467=IFCPOLYLOOP((#4275,#4261,#4260));
#8468=IFCFACEOUTERBOUND(#8467,.T.);
#8469=IFCFACE((#8468));
#8470=IFCPOLYLOOP((#4261,#4275,#4282));
#8471=IFCFACEOUTERBOUND(#8470,.T.);
#8472=IFCFACE((#8471));
#8473=IFCPOLYLOOP((#4261,#4282,#4237));
#8474=IFCFACEOUTERBOUND(#8473,.T.);
#8475=IFCFACE((#8474));
#8476=IFCPOLYLOOP((#4275,#4276,#4282));
#8477=IFCFACEOUTERBOUND(#8476,.T.);
#8478=IFCFACE((#8477));
#8479=IFCPOLYLOOP((#4282,#4277,#4278));
#8480=IFCFACEOUTERBOUND(#8479,.T.);
#8481=IFCFACE((#8480));
#8482=IFCPOLYLOOP((#4283,#4240,#4282));
#8483=IFCFACEOUTERBOUND(#8482,.T.);
#8484=IFCFACE((#8483));
#8485=IFCPOLYLOOP((#4281,#4243,#4283));
#8486=IFCFACEOUTERBOUND(#8485,.T.);
#8487=IFCFACE((#8486));
#8488=IFCPOLYLOOP((#4283,#4242,#4241));
#8489=IFCFACEOUTERBOUND(#8488,.T.);
#8490=IFCFACE((#8489));
#8491=IFCPOLYLOOP((#4213,#4243,#4281));
#8492=IFCFACEOUTERBOUND(#8491,.T.);
#8493=IFCFACE((#8492));
#8494=IFCPOLYLOOP((#4282,#4278,#4283));
#8495=IFCFACEOUTERBOUND(#8494,.T.);
#8496=IFCFACE((#8495));
#8497=IFCPOLYLOOP((#4262,#4281,#4280));
#8498=IFCFACEOUTERBOUND(#8497,.T.);
#8499=IFCFACE((#8498));
#8500=IFCPOLYLOOP((#4283,#4279,#4280));
#8501=IFCFACEOUTERBOUND(#8500,.T.);
#8502=IFCFACE((#8501));
#8503=IFCPOLYLOOP((#4281,#4283,#4280));
#8504=IFCFACEOUTERBOUND(#8503,.T.);
#8505=IFCFACE((#8504));
#8506=IFCPOLYLOOP((#4283,#4241,#4240));
#8507=IFCFACEOUTERBOUND(#8506,.T.);
#8508=IFCFACE((#8507));
#8509=IFCPOLYLOOP((#4288,#4298,#4285));
#8510=IFCFACEOUTERBOUND(#8509,.T.);
#8511=IFCFACE((#8510));
#8512=IFCPOLYLOOP((#4296,#4111,#4110));
#8513=IFCFACEOUTERBOUND(#8512,.T.);
#8514=IFCFACE((#8513));
#8515=IFCPOLYLOOP((#4290,#4299,#4367,#4289));
#8516=IFCFACEOUTERBOUND(#8515,.T.);
#8517=IFCFACE((#8516));
#8518=IFCPOLYLOOP((#4287,#4284,#4299));
#8519=IFCFACEOUTERBOUND(#8518,.T.);
#8520=IFCFACE((#8519));
#8521=IFCPOLYLOOP((#4293,#4292,#4296));
#8522=IFCFACEOUTERBOUND(#8521,.T.);
#8523=IFCFACE((#8522));
#8524=IFCPOLYLOOP((#4110,#4295,#4296));
#8525=IFCFACEOUTERBOUND(#8524,.T.);
#8526=IFCFACE((#8525));
#8527=IFCPOLYLOOP((#4297,#4289,#4298));
#8528=IFCFACEOUTERBOUND(#8527,.T.);
#8529=IFCFACE((#8528));
#8530=IFCPOLYLOOP((#4287,#4299,#4291));
#8531=IFCFACEOUTERBOUND(#8530,.T.);
#8532=IFCFACE((#8531));
#8533=IFCPOLYLOOP((#4300,#4288,#4285));
#8534=IFCFACEOUTERBOUND(#8533,.T.);
#8535=IFCFACE((#8534));
#8536=IFCPOLYLOOP((#4300,#4292,#4294));
#8537=IFCFACEOUTERBOUND(#8536,.T.);
#8538=IFCFACE((#8537));
#8539=IFCPOLYLOOP((#4301,#4302,#4313));
#8540=IFCFACEOUTERBOUND(#8539,.T.);
#8541=IFCFACE((#8540));
#8542=IFCPOLYLOOP((#4314,#4312,#4303));
#8543=IFCFACEOUTERBOUND(#8542,.T.);
#8544=IFCFACE((#8543));
#8545=IFCPOLYLOOP((#4312,#4302,#4303));
#8546=IFCFACEOUTERBOUND(#8545,.T.);
#8547=IFCFACE((#8546));
#8548=IFCPOLYLOOP((#4311,#4301,#4313,#4310));
#8549=IFCFACEOUTERBOUND(#8548,.T.);
#8550=IFCFACE((#8549));
#8551=IFCPOLYLOOP((#4304,#4314,#4303));
#8552=IFCFACEOUTERBOUND(#8551,.T.);
#8553=IFCFACE((#8552));
#8554=IFCPOLYLOOP((#4313,#4309,#4408,#4310));
#8555=IFCFACEOUTERBOUND(#8554,.T.);
#8556=IFCFACE((#8555));
#8557=IFCPOLYLOOP((#4309,#4313,#4312));
#8558=IFCFACEOUTERBOUND(#8557,.T.);
#8559=IFCFACE((#8558));
#8560=IFCPOLYLOOP((#4316,#4315,#4305));
#8561=IFCFACEOUTERBOUND(#8560,.T.);
#8562=IFCFACE((#8561));
#8563=IFCPOLYLOOP((#4314,#4307,#4308));
#8564=IFCFACEOUTERBOUND(#8563,.T.);
#8565=IFCFACE((#8564));
#8566=IFCPOLYLOOP((#4309,#4312,#4308));
#8567=IFCFACEOUTERBOUND(#8566,.T.);
#8568=IFCFACE((#8567));
#8569=IFCPOLYLOOP((#4312,#4314,#4308));
#8570=IFCFACEOUTERBOUND(#8569,.T.);
#8571=IFCFACE((#8570));
#8572=IFCPOLYLOOP((#4284,#4287,#4286,#4316));
#8573=IFCFACEOUTERBOUND(#8572,.T.);
#8574=IFCFACE((#8573));
#8575=IFCPOLYLOOP((#4304,#4305,#4315));
#8576=IFCFACEOUTERBOUND(#8575,.T.);
#8577=IFCFACE((#8576));
#8578=IFCPOLYLOOP((#4315,#4307,#4314));
#8579=IFCFACEOUTERBOUND(#8578,.T.);
#8580=IFCFACE((#8579));
#8581=IFCPOLYLOOP((#4286,#4306,#4316));
#8582=IFCFACEOUTERBOUND(#8581,.T.);
#8583=IFCFACE((#8582));
#8584=IFCPOLYLOOP((#4312,#4313,#4302));
#8585=IFCFACEOUTERBOUND(#8584,.T.);
#8586=IFCFACE((#8585));
#8587=IFCPOLYLOOP((#4284,#4316,#4305));
#8588=IFCFACEOUTERBOUND(#8587,.T.);
#8589=IFCFACE((#8588));
#8590=IFCPOLYLOOP((#4315,#4316,#4306));
#8591=IFCFACEOUTERBOUND(#8590,.T.);
#8592=IFCFACE((#8591));
#8593=IFCPOLYLOOP((#4314,#4304,#4315));
#8594=IFCFACEOUTERBOUND(#8593,.T.);
#8595=IFCFACE((#8594));
#8596=IFCPOLYLOOP((#4307,#4315,#4306));
#8597=IFCFACEOUTERBOUND(#8596,.T.);
#8598=IFCFACE((#8597));
#8599=IFCPOLYLOOP((#4338,#4335,#4334));
#8600=IFCFACEOUTERBOUND(#8599,.T.);
#8601=IFCFACE((#8600));
#8602=IFCPOLYLOOP((#4329,#4310,#4331));
#8603=IFCFACEOUTERBOUND(#8602,.T.);
#8604=IFCFACE((#8603));
#8605=IFCPOLYLOOP((#4328,#4322,#4323));
#8606=IFCFACEOUTERBOUND(#8605,.T.);
#8607=IFCFACE((#8606));
#8608=IFCPOLYLOOP((#4338,#4339,#4341));
#8609=IFCFACEOUTERBOUND(#8608,.T.);
#8610=IFCFACE((#8609));
#8611=IFCPOLYLOOP((#4324,#4338,#4341));
#8612=IFCFACEOUTERBOUND(#8611,.T.);
#8613=IFCFACE((#8612));
#8614=IFCPOLYLOOP((#4332,#4317,#4407));
#8615=IFCFACEOUTERBOUND(#8614,.T.);
#8616=IFCFACE((#8615));
#8617=IFCPOLYLOOP((#4326,#4319,#4325));
#8618=IFCFACEOUTERBOUND(#8617,.T.);
#8619=IFCFACE((#8618));
#8620=IFCPOLYLOOP((#4330,#4320,#4478,#4329));
#8621=IFCFACEOUTERBOUND(#8620,.T.);
#8622=IFCFACE((#8621));
#8623=IFCPOLYLOOP((#3851,#3850,#4327));
#8624=IFCFACEOUTERBOUND(#8623,.T.);
#8625=IFCFACE((#8624));
#8626=IFCPOLYLOOP((#4326,#4325,#3851));
#8627=IFCFACEOUTERBOUND(#8626,.T.);
#8628=IFCFACE((#8627));
#8629=IFCPOLYLOOP((#4339,#4340,#4323));
#8630=IFCFACEOUTERBOUND(#8629,.T.);
#8631=IFCFACE((#8630));
#8632=IFCPOLYLOOP((#4327,#4328,#3851));
#8633=IFCFACEOUTERBOUND(#8632,.T.);
#8634=IFCFACE((#8633));
#8635=IFCPOLYLOOP((#4324,#4318,#4477,#4336));
#8636=IFCFACEOUTERBOUND(#8635,.T.);
#8637=IFCFACE((#8636));
#8638=IFCPOLYLOOP((#4337,#4330,#4335));
#8639=IFCFACEOUTERBOUND(#8638,.T.);
#8640=IFCFACE((#8639));
#8641=IFCPOLYLOOP((#4323,#4326,#4328));
#8642=IFCFACEOUTERBOUND(#8641,.T.);
#8643=IFCFACE((#8642));
#8644=IFCPOLYLOOP((#4325,#3784,#3851));
#8645=IFCFACEOUTERBOUND(#8644,.T.);
#8646=IFCFACE((#8645));
#8647=IFCPOLYLOOP((#4323,#4319,#4326));
#8648=IFCFACEOUTERBOUND(#8647,.T.);
#8649=IFCFACE((#8648));
#8650=IFCPOLYLOOP((#4341,#4342,#4318));
#8651=IFCFACEOUTERBOUND(#8650,.T.);
#8652=IFCFACE((#8651));
#8653=IFCPOLYLOOP((#4328,#4327,#4480,#4322));
#8654=IFCFACEOUTERBOUND(#8653,.T.);
#8655=IFCFACE((#8654));
#8656=IFCPOLYLOOP((#3851,#4328,#4326));
#8657=IFCFACEOUTERBOUND(#8656,.T.);
#8658=IFCFACE((#8657));
#8659=IFCPOLYLOOP((#4317,#4330,#4331));
#8660=IFCFACEOUTERBOUND(#8659,.T.);
#8661=IFCFACE((#8660));
#8662=IFCPOLYLOOP((#4332,#4333,#4317));
#8663=IFCFACEOUTERBOUND(#8662,.T.);
#8664=IFCFACE((#8663));
#8665=IFCPOLYLOOP((#4333,#4335,#4330));
#8666=IFCFACEOUTERBOUND(#8665,.T.);
#8667=IFCFACE((#8666));
#8668=IFCPOLYLOOP((#4334,#4335,#4321));
#8669=IFCFACEOUTERBOUND(#8668,.T.);
#8670=IFCFACE((#8669));
#8671=IFCPOLYLOOP((#4329,#4331,#4330));
#8672=IFCFACEOUTERBOUND(#8671,.T.);
#8673=IFCFACE((#8672));
#8674=IFCPOLYLOOP((#4321,#4333,#4332));
#8675=IFCFACEOUTERBOUND(#8674,.T.);
#8676=IFCFACE((#8675));
#8677=IFCPOLYLOOP((#4317,#4333,#4330));
#8678=IFCFACEOUTERBOUND(#8677,.T.);
#8679=IFCFACE((#8678));
#8680=IFCPOLYLOOP((#4338,#4334,#4255));
#8681=IFCFACEOUTERBOUND(#8680,.T.);
#8682=IFCFACE((#8681));
#8683=IFCPOLYLOOP((#4335,#4333,#4321));
#8684=IFCFACEOUTERBOUND(#8683,.T.);
#8685=IFCFACE((#8684));
#8686=IFCPOLYLOOP((#4336,#4337,#4324));
#8687=IFCFACEOUTERBOUND(#8686,.T.);
#8688=IFCFACE((#8687));
#8689=IFCPOLYLOOP((#4324,#4337,#4335));
#8690=IFCFACEOUTERBOUND(#8689,.T.);
#8691=IFCFACE((#8690));
#8692=IFCPOLYLOOP((#4337,#4336,#4482,#4320));
#8693=IFCFACEOUTERBOUND(#8692,.T.);
#8694=IFCFACE((#8693));
#8695=IFCPOLYLOOP((#4330,#4337,#4320));
#8696=IFCFACEOUTERBOUND(#8695,.T.);
#8697=IFCFACE((#8696));
#8698=IFCPOLYLOOP((#4339,#4338,#4255));
#8699=IFCFACEOUTERBOUND(#8698,.T.);
#8700=IFCFACE((#8699));
#8701=IFCPOLYLOOP((#4335,#4338,#4324));
#8702=IFCFACEOUTERBOUND(#8701,.T.);
#8703=IFCFACE((#8702));
#8704=IFCPOLYLOOP((#4340,#4319,#4323));
#8705=IFCFACEOUTERBOUND(#8704,.T.);
#8706=IFCFACE((#8705));
#8707=IFCPOLYLOOP((#4339,#4323,#4341));
#8708=IFCFACEOUTERBOUND(#8707,.T.);
#8709=IFCFACE((#8708));
#8710=IFCPOLYLOOP((#4339,#4255,#4340));
#8711=IFCFACEOUTERBOUND(#8710,.T.);
#8712=IFCFACE((#8711));
#8713=IFCPOLYLOOP((#4341,#4323,#4342));
#8714=IFCFACEOUTERBOUND(#8713,.T.);
#8715=IFCFACE((#8714));
#8716=IFCPOLYLOOP((#4318,#4324,#4341));
#8717=IFCFACEOUTERBOUND(#8716,.T.);
#8718=IFCFACE((#8717));
#8719=IFCPOLYLOOP((#4323,#4322,#4483,#4342));
#8720=IFCFACEOUTERBOUND(#8719,.T.);
#8721=IFCFACE((#8720));
#8722=IFCPOLYLOOP((#4343,#4344,#4363));
#8723=IFCFACEOUTERBOUND(#8722,.T.);
#8724=IFCFACE((#8723));
#8725=IFCPOLYLOOP((#4353,#4360,#4359));
#8726=IFCFACEOUTERBOUND(#8725,.T.);
#8727=IFCFACE((#8726));
#8728=IFCPOLYLOOP((#4346,#4347,#4355));
#8729=IFCFACEOUTERBOUND(#8728,.T.);
#8730=IFCFACE((#8729));
#8731=IFCPOLYLOOP((#4349,#4350,#4352));
#8732=IFCFACEOUTERBOUND(#8731,.T.);
#8733=IFCFACE((#8732));
#8734=IFCPOLYLOOP((#4355,#4361,#4351));
#8735=IFCFACEOUTERBOUND(#8734,.T.);
#8736=IFCFACE((#8735));
#8737=IFCPOLYLOOP((#4303,#4358,#4359));
#8738=IFCFACEOUTERBOUND(#8737,.T.);
#8739=IFCFACE((#8738));
#8740=IFCPOLYLOOP((#4348,#4349,#4353));
#8741=IFCFACEOUTERBOUND(#8740,.T.);
#8742=IFCFACE((#8741));
#8743=IFCPOLYLOOP((#4355,#4357,#4356));
#8744=IFCFACEOUTERBOUND(#8743,.T.);
#8745=IFCFACE((#8744));
#8746=IFCPOLYLOOP((#4301,#4356,#4357));
#8747=IFCFACEOUTERBOUND(#8746,.T.);
#8748=IFCFACE((#8747));
#8749=IFCPOLYLOOP((#4349,#4352,#4353));
#8750=IFCFACEOUTERBOUND(#8749,.T.);
#8751=IFCFACE((#8750));
#8752=IFCPOLYLOOP((#4352,#4363,#4364));
#8753=IFCFACEOUTERBOUND(#8752,.T.);
#8754=IFCFACE((#8753));
#8755=IFCPOLYLOOP((#4302,#4358,#4303));
#8756=IFCFACEOUTERBOUND(#8755,.T.);
#8757=IFCFACE((#8756));
#8758=IFCPOLYLOOP((#4357,#4358,#4302));
#8759=IFCFACEOUTERBOUND(#8758,.T.);
#8760=IFCFACE((#8759));
#8761=IFCPOLYLOOP((#4352,#4350,#4363));
#8762=IFCFACEOUTERBOUND(#8761,.T.);
#8763=IFCFACE((#8762));
#8764=IFCPOLYLOOP((#4351,#4359,#4358));
#8765=IFCFACEOUTERBOUND(#8764,.T.);
#8766=IFCFACE((#8765));
#8767=IFCPOLYLOOP((#4352,#4305,#4304));
#8768=IFCFACEOUTERBOUND(#8767,.T.);
#8769=IFCFACE((#8768));
#8770=IFCPOLYLOOP((#4355,#4345,#4354,#4346));
#8771=IFCFACEOUTERBOUND(#8770,.T.);
#8772=IFCFACE((#8771));
#8773=IFCPOLYLOOP((#4361,#4348,#4362));
#8774=IFCFACEOUTERBOUND(#8773,.T.);
#8775=IFCFACE((#8774));
#8776=IFCPOLYLOOP((#4345,#4355,#4356));
#8777=IFCFACEOUTERBOUND(#8776,.T.);
#8778=IFCFACE((#8777));
#8779=IFCPOLYLOOP((#4358,#4357,#4351));
#8780=IFCFACEOUTERBOUND(#8779,.T.);
#8781=IFCFACE((#8780));
#8782=IFCPOLYLOOP((#4361,#4362,#4351));
#8783=IFCFACEOUTERBOUND(#8782,.T.);
#8784=IFCFACE((#8783));
#8785=IFCPOLYLOOP((#4357,#4302,#4301));
#8786=IFCFACEOUTERBOUND(#8785,.T.);
#8787=IFCFACE((#8786));
#8788=IFCPOLYLOOP((#4364,#4284,#4305));
#8789=IFCFACEOUTERBOUND(#8788,.T.);
#8790=IFCFACE((#8789));
#8791=IFCPOLYLOOP((#4359,#4351,#4353));
#8792=IFCFACEOUTERBOUND(#8791,.T.);
#8793=IFCFACE((#8792));
#8794=IFCPOLYLOOP((#4357,#4355,#4351));
#8795=IFCFACEOUTERBOUND(#8794,.T.);
#8796=IFCFACE((#8795));
#8797=IFCPOLYLOOP((#4360,#4353,#4352));
#8798=IFCFACEOUTERBOUND(#8797,.T.);
#8799=IFCFACE((#8798));
#8800=IFCPOLYLOOP((#4304,#4303,#4359));
#8801=IFCFACEOUTERBOUND(#8800,.T.);
#8802=IFCFACE((#8801));
#8803=IFCPOLYLOOP((#4352,#4304,#4360));
#8804=IFCFACEOUTERBOUND(#8803,.T.);
#8805=IFCFACE((#8804));
#8806=IFCPOLYLOOP((#4304,#4359,#4360));
#8807=IFCFACEOUTERBOUND(#8806,.T.);
#8808=IFCFACE((#8807));
#8809=IFCPOLYLOOP((#4355,#4347,#4361));
#8810=IFCFACEOUTERBOUND(#8809,.T.);
#8811=IFCFACE((#8810));
#8812=IFCPOLYLOOP((#4348,#4361,#4347));
#8813=IFCFACEOUTERBOUND(#8812,.T.);
#8814=IFCFACE((#8813));
#8815=IFCPOLYLOOP((#4348,#4353,#4362));
#8816=IFCFACEOUTERBOUND(#8815,.T.);
#8817=IFCFACE((#8816));
#8818=IFCPOLYLOOP((#4353,#4351,#4362));
#8819=IFCFACEOUTERBOUND(#8818,.T.);
#8820=IFCFACE((#8819));
#8821=IFCPOLYLOOP((#4343,#4363,#4350));
#8822=IFCFACEOUTERBOUND(#8821,.T.);
#8823=IFCFACE((#8822));
#8824=IFCPOLYLOOP((#4364,#4363,#4344));
#8825=IFCFACEOUTERBOUND(#8824,.T.);
#8826=IFCFACE((#8825));
#8827=IFCPOLYLOOP((#4284,#4364,#4344));
#8828=IFCFACEOUTERBOUND(#8827,.T.);
#8829=IFCFACE((#8828));
#8830=IFCPOLYLOOP((#4352,#4364,#4305));
#8831=IFCFACEOUTERBOUND(#8830,.T.);
#8832=IFCFACE((#8831));
#8833=IFCPOLYLOOP((#4368,#4369,#4267));
#8834=IFCFACEOUTERBOUND(#8833,.T.);
#8835=IFCFACE((#8834));
#8836=IFCPOLYLOOP((#4369,#4268,#4267));
#8837=IFCFACEOUTERBOUND(#8836,.T.);
#8838=IFCFACE((#8837));
#8839=IFCPOLYLOOP((#4346,#4375,#4387));
#8840=IFCFACEOUTERBOUND(#8839,.T.);
#8841=IFCFACE((#8840));
#8842=IFCPOLYLOOP((#4384,#4381,#4377));
#8843=IFCFACEOUTERBOUND(#8842,.T.);
#8844=IFCFACE((#8843));
#8845=IFCPOLYLOOP((#4382,#4370,#4383));
#8846=IFCFACEOUTERBOUND(#8845,.T.);
#8847=IFCFACE((#8846));
#8848=IFCPOLYLOOP((#4348,#4347,#4377));
#8849=IFCFACEOUTERBOUND(#8848,.T.);
#8850=IFCFACE((#8849));
#8851=IFCPOLYLOOP((#4376,#4380,#4386));
#8852=IFCFACEOUTERBOUND(#8851,.T.);
#8853=IFCFACE((#8852));
#8854=IFCPOLYLOOP((#4372,#4373,#4379));
#8855=IFCFACEOUTERBOUND(#8854,.T.);
#8856=IFCFACE((#8855));
#8857=IFCPOLYLOOP((#4386,#4381,#4376));
#8858=IFCFACEOUTERBOUND(#8857,.T.);
#8859=IFCFACE((#8858));
#8860=IFCPOLYLOOP((#4350,#4389,#4343));
#8861=IFCFACEOUTERBOUND(#8860,.T.);
#8862=IFCFACE((#8861));
#8863=IFCPOLYLOOP((#4382,#4383,#4376));
#8864=IFCFACEOUTERBOUND(#8863,.T.);
#8865=IFCFACE((#8864));
#8866=IFCPOLYLOOP((#4389,#4350,#4380));
#8867=IFCFACEOUTERBOUND(#8866,.T.);
#8868=IFCFACE((#8867));
#8869=IFCPOLYLOOP((#4377,#4387,#4388));
#8870=IFCFACEOUTERBOUND(#8869,.T.);
#8871=IFCFACE((#8870));
#8872=IFCPOLYLOOP((#4378,#4383,#4371));
#8873=IFCFACEOUTERBOUND(#8872,.T.);
#8874=IFCFACE((#8873));
#8875=IFCPOLYLOOP((#4370,#4382,#4263));
#8876=IFCFACEOUTERBOUND(#8875,.T.);
#8877=IFCFACE((#8876));
#8878=IFCPOLYLOOP((#4372,#4378,#4371));
#8879=IFCFACEOUTERBOUND(#8878,.T.);
#8880=IFCFACE((#8879));
#8881=IFCPOLYLOOP((#4371,#4383,#4370));
#8882=IFCFACEOUTERBOUND(#8881,.T.);
#8883=IFCFACE((#8882));
#8884=IFCPOLYLOOP((#4349,#4348,#4381));
#8885=IFCFACEOUTERBOUND(#8884,.T.);
#8886=IFCFACE((#8885));
#8887=IFCPOLYLOOP((#4387,#4377,#4347));
#8888=IFCFACEOUTERBOUND(#8887,.T.);
#8889=IFCFACE((#8888));
#8890=IFCPOLYLOOP((#4382,#4376,#4381));
#8891=IFCFACEOUTERBOUND(#8890,.T.);
#8892=IFCFACE((#8891));
#8893=IFCPOLYLOOP((#4378,#4376,#4383));
#8894=IFCFACEOUTERBOUND(#8893,.T.);
#8895=IFCFACE((#8894));
#8896=IFCPOLYLOOP((#4376,#4378,#4380));
#8897=IFCFACEOUTERBOUND(#8896,.T.);
#8898=IFCFACE((#8897));
#8899=IFCPOLYLOOP((#4374,#4378,#4379));
#8900=IFCFACEOUTERBOUND(#8899,.T.);
#8901=IFCFACE((#8900));
#8902=IFCPOLYLOOP((#4386,#4350,#4349));
#8903=IFCFACEOUTERBOUND(#8902,.T.);
#8904=IFCFACE((#8903));
#8905=IFCPOLYLOOP((#4378,#4372,#4379));
#8906=IFCFACEOUTERBOUND(#8905,.T.);
#8907=IFCFACE((#8906));
#8908=IFCPOLYLOOP((#4384,#4264,#4273));
#8909=IFCFACEOUTERBOUND(#8908,.T.);
#8910=IFCFACE((#8909));
#8911=IFCPOLYLOOP((#4348,#4377,#4381));
#8912=IFCFACEOUTERBOUND(#8911,.T.);
#8913=IFCFACE((#8912));
#8914=IFCPOLYLOOP((#4388,#4265,#4269,#4264));
#8915=IFCFACEOUTERBOUND(#8914,.T.);
#8916=IFCFACE((#8915));
#8917=IFCPOLYLOOP((#4382,#4384,#4263));
#8918=IFCFACEOUTERBOUND(#8917,.T.);
#8919=IFCFACE((#8918));
#8920=IFCPOLYLOOP((#4374,#4380,#4378));
#8921=IFCFACEOUTERBOUND(#8920,.T.);
#8922=IFCFACE((#8921));
#8923=IFCPOLYLOOP((#4381,#4384,#4382));
#8924=IFCFACEOUTERBOUND(#8923,.T.);
#8925=IFCFACE((#8924));
#8926=IFCPOLYLOOP((#4350,#4386,#4380));
#8927=IFCFACEOUTERBOUND(#8926,.T.);
#8928=IFCFACE((#8927));
#8929=IFCPOLYLOOP((#4264,#4384,#4377));
#8930=IFCFACEOUTERBOUND(#8929,.T.);
#8931=IFCFACE((#8930));
#8932=IFCPOLYLOOP((#4385,#4263,#4384));
#8933=IFCFACEOUTERBOUND(#8932,.T.);
#8934=IFCFACE((#8933));
#8935=IFCPOLYLOOP((#4381,#4386,#4349));
#8936=IFCFACEOUTERBOUND(#8935,.T.);
#8937=IFCFACE((#8936));
#8938=IFCPOLYLOOP((#4346,#4387,#4347));
#8939=IFCFACEOUTERBOUND(#8938,.T.);
#8940=IFCFACE((#8939));
#8941=IFCPOLYLOOP((#4388,#4387,#4375));
#8942=IFCFACEOUTERBOUND(#8941,.T.);
#8943=IFCFACE((#8942));
#8944=IFCPOLYLOOP((#4265,#4388,#4375));
#8945=IFCFACEOUTERBOUND(#8944,.T.);
#8946=IFCFACE((#8945));
#8947=IFCPOLYLOOP((#4377,#4388,#4264));
#8948=IFCFACEOUTERBOUND(#8947,.T.);
#8949=IFCFACE((#8948));
#8950=IFCPOLYLOOP((#4380,#4374,#4389));
#8951=IFCFACEOUTERBOUND(#8950,.T.);
#8952=IFCFACE((#8951));
#8953=IFCPOLYLOOP((#4391,#4260,#4190));
#8954=IFCFACEOUTERBOUND(#8953,.T.);
#8955=IFCFACE((#8954));
#8956=IFCPOLYLOOP((#4082,#4190,#4260));
#8957=IFCFACEOUTERBOUND(#8956,.T.);
#8958=IFCFACE((#8957));
#8959=IFCPOLYLOOP((#4371,#4370,#4392));
#8960=IFCFACEOUTERBOUND(#8959,.T.);
#8961=IFCFACE((#8960));
#8962=IFCPOLYLOOP((#4278,#4392,#4279));
#8963=IFCFACEOUTERBOUND(#8962,.T.);
#8964=IFCFACE((#8963));
#8965=IFCPOLYLOOP((#4277,#4393,#4392));
#8966=IFCFACEOUTERBOUND(#8965,.T.);
#8967=IFCFACE((#8966));
#8968=IFCPOLYLOOP((#4271,#4370,#4263));
#8969=IFCFACEOUTERBOUND(#8968,.T.);
#8970=IFCFACE((#8969));
#8971=IFCPOLYLOOP((#4371,#4393,#4372));
#8972=IFCFACEOUTERBOUND(#8971,.T.);
#8973=IFCFACE((#8972));
#8974=IFCPOLYLOOP((#4279,#4392,#4280));
#8975=IFCFACEOUTERBOUND(#8974,.T.);
#8976=IFCFACE((#8975));
#8977=IFCPOLYLOOP((#4262,#4280,#4271));
#8978=IFCFACEOUTERBOUND(#8977,.T.);
#8979=IFCFACE((#8978));
#8980=IFCPOLYLOOP((#4392,#4271,#4280));
#8981=IFCFACEOUTERBOUND(#8980,.T.);
#8982=IFCFACE((#8981));
#8983=IFCPOLYLOOP((#4277,#4276,#4393));
#8984=IFCFACEOUTERBOUND(#8983,.T.);
#8985=IFCFACE((#8984));
#8986=IFCPOLYLOOP((#4275,#4393,#4276));
#8987=IFCFACEOUTERBOUND(#8986,.T.);
#8988=IFCFACE((#8987));
#8989=IFCPOLYLOOP((#4277,#4392,#4278));
#8990=IFCFACEOUTERBOUND(#8989,.T.);
#8991=IFCFACE((#8990));
#8992=IFCPOLYLOOP((#4393,#4275,#4391));
#8993=IFCFACEOUTERBOUND(#8992,.T.);
#8994=IFCFACE((#8993));
#8995=IFCPOLYLOOP((#4372,#4391,#4373));
#8996=IFCFACEOUTERBOUND(#8995,.T.);
#8997=IFCFACE((#8996));
#8998=IFCPOLYLOOP((#4393,#4391,#4372));
#8999=IFCFACEOUTERBOUND(#8998,.T.);
#9000=IFCFACE((#8999));
#9001=IFCPOLYLOOP((#4370,#4271,#4392));
#9002=IFCFACEOUTERBOUND(#9001,.T.);
#9003=IFCFACE((#9002));
#9004=IFCPOLYLOOP((#4275,#4260,#4391));
#9005=IFCFACEOUTERBOUND(#9004,.T.);
#9006=IFCFACE((#9005));
#9007=IFCPOLYLOOP((#4371,#4392,#4393));
#9008=IFCFACEOUTERBOUND(#9007,.T.);
#9009=IFCFACE((#9008));
#9010=IFCPOLYLOOP((#4408,#4309,#4406));
#9011=IFCFACEOUTERBOUND(#9010,.T.);
#9012=IFCFACE((#9011));
#9013=IFCPOLYLOOP((#4231,#4401,#4395));
#9014=IFCFACEOUTERBOUND(#9013,.T.);
#9015=IFCFACE((#9014));
#9016=IFCPOLYLOOP((#4402,#4394,#4307));
#9017=IFCFACEOUTERBOUND(#9016,.T.);
#9018=IFCFACE((#9017));
#9019=IFCPOLYLOOP((#4394,#4399,#4400));
#9020=IFCFACEOUTERBOUND(#9019,.T.);
#9021=IFCFACE((#9020));
#9022=IFCPOLYLOOP((#4307,#4394,#4411));
#9023=IFCFACEOUTERBOUND(#9022,.T.);
#9024=IFCFACE((#9023));
#9025=IFCPOLYLOOP((#4309,#4397,#4406));
#9026=IFCFACEOUTERBOUND(#9025,.T.);
#9027=IFCFACE((#9026));
#9028=IFCPOLYLOOP((#4397,#4405,#4406));
#9029=IFCFACEOUTERBOUND(#9028,.T.);
#9030=IFCFACE((#9029));
#9031=IFCPOLYLOOP((#4411,#4394,#4400));
#9032=IFCFACEOUTERBOUND(#9031,.T.);
#9033=IFCFACE((#9032));
#9034=IFCPOLYLOOP((#4399,#4230,#4211));
#9035=IFCFACEOUTERBOUND(#9034,.T.);
#9036=IFCFACE((#9035));
#9037=IFCPOLYLOOP((#4397,#4400,#4405));
#9038=IFCFACEOUTERBOUND(#9037,.T.);
#9039=IFCFACE((#9038));
#9040=IFCPOLYLOOP((#4404,#4395,#4412));
#9041=IFCFACEOUTERBOUND(#9040,.T.);
#9042=IFCFACE((#9041));
#9043=IFCPOLYLOOP((#4309,#4308,#4397));
#9044=IFCFACEOUTERBOUND(#9043,.T.);
#9045=IFCFACE((#9044));
#9046=IFCPOLYLOOP((#4401,#4402,#4395));
#9047=IFCFACEOUTERBOUND(#9046,.T.);
#9048=IFCFACE((#9047));
#9049=IFCPOLYLOOP((#4405,#4410,#4217,#4396));
#9050=IFCFACEOUTERBOUND(#9049,.T.);
#9051=IFCFACE((#9050));
#9052=IFCPOLYLOOP((#4401,#4399,#4394));
#9053=IFCFACEOUTERBOUND(#9052,.T.);
#9054=IFCFACE((#9053));
#9055=IFCPOLYLOOP((#4404,#4286,#4390));
#9056=IFCFACEOUTERBOUND(#9055,.T.);
#9057=IFCFACE((#9056));
#9058=IFCPOLYLOOP((#4407,#4317,#4406));
#9059=IFCFACEOUTERBOUND(#9058,.T.);
#9060=IFCFACE((#9059));
#9061=IFCPOLYLOOP((#4231,#4395,#4232));
#9062=IFCFACEOUTERBOUND(#9061,.T.);
#9063=IFCFACE((#9062));
#9064=IFCPOLYLOOP((#4390,#4403,#4404));
#9065=IFCFACEOUTERBOUND(#9064,.T.);
#9066=IFCFACE((#9065));
#9067=IFCPOLYLOOP((#4403,#4232,#4395));
#9068=IFCFACEOUTERBOUND(#9067,.T.);
#9069=IFCFACE((#9068));
#9070=IFCPOLYLOOP((#4230,#4399,#4401));
#9071=IFCFACEOUTERBOUND(#9070,.T.);
#9072=IFCFACE((#9071));
#9073=IFCPOLYLOOP((#4390,#4398,#4403));
#9074=IFCFACEOUTERBOUND(#9073,.T.);
#9075=IFCFACE((#9074));
#9076=IFCPOLYLOOP((#4230,#4401,#4231));
#9077=IFCFACEOUTERBOUND(#9076,.T.);
#9078=IFCFACE((#9077));
#9079=IFCPOLYLOOP((#4400,#4397,#4411));
#9080=IFCFACEOUTERBOUND(#9079,.T.);
#9081=IFCFACE((#9080));
#9082=IFCPOLYLOOP((#4400,#4399,#4211));
#9083=IFCFACEOUTERBOUND(#9082,.T.);
#9084=IFCFACE((#9083));
#9085=IFCPOLYLOOP((#4394,#4402,#4401));
#9086=IFCFACEOUTERBOUND(#9085,.T.);
#9087=IFCFACE((#9086));
#9088=IFCPOLYLOOP((#4412,#4307,#4306));
#9089=IFCFACEOUTERBOUND(#9088,.T.);
#9090=IFCFACE((#9089));
#9091=IFCPOLYLOOP((#4232,#4403,#4398));
#9092=IFCFACEOUTERBOUND(#9091,.T.);
#9093=IFCFACE((#9092));
#9094=IFCPOLYLOOP((#4404,#4403,#4395));
#9095=IFCFACEOUTERBOUND(#9094,.T.);
#9096=IFCFACE((#9095));
#9097=IFCPOLYLOOP((#4412,#4395,#4402));
#9098=IFCFACEOUTERBOUND(#9097,.T.);
#9099=IFCFACE((#9098));
#9100=IFCPOLYLOOP((#4286,#4404,#4306));
#9101=IFCFACEOUTERBOUND(#9100,.T.);
#9102=IFCFACE((#9101));
#9103=IFCPOLYLOOP((#4405,#4400,#4410));
#9104=IFCFACEOUTERBOUND(#9103,.T.);
#9105=IFCFACE((#9104));
#9106=IFCPOLYLOOP((#4405,#4396,#4409));
#9107=IFCFACEOUTERBOUND(#9106,.T.);
#9108=IFCFACE((#9107));
#9109=IFCPOLYLOOP((#4409,#4216,#4407));
#9110=IFCFACEOUTERBOUND(#9109,.T.);
#9111=IFCFACE((#9110));
#9112=IFCPOLYLOOP((#4406,#4317,#4331));
#9113=IFCFACEOUTERBOUND(#9112,.T.);
#9114=IFCFACE((#9113));
#9115=IFCPOLYLOOP((#4406,#4405,#4409));
#9116=IFCFACEOUTERBOUND(#9115,.T.);
#9117=IFCFACE((#9116));
#9118=IFCPOLYLOOP((#4331,#4310,#4408));
#9119=IFCFACEOUTERBOUND(#9118,.T.);
#9120=IFCFACE((#9119));
#9121=IFCPOLYLOOP((#4331,#4408,#4406));
#9122=IFCFACEOUTERBOUND(#9121,.T.);
#9123=IFCFACE((#9122));
#9124=IFCPOLYLOOP((#4216,#4409,#4396));
#9125=IFCFACEOUTERBOUND(#9124,.T.);
#9126=IFCFACE((#9125));
#9127=IFCPOLYLOOP((#4406,#4409,#4407));
#9128=IFCFACEOUTERBOUND(#9127,.T.);
#9129=IFCFACE((#9128));
#9130=IFCPOLYLOOP((#4400,#4211,#4229,#4410));
#9131=IFCFACEOUTERBOUND(#9130,.T.);
#9132=IFCFACE((#9131));
#9133=IFCPOLYLOOP((#4397,#4308,#4411));
#9134=IFCFACEOUTERBOUND(#9133,.T.);
#9135=IFCFACE((#9134));
#9136=IFCPOLYLOOP((#4307,#4411,#4308));
#9137=IFCFACEOUTERBOUND(#9136,.T.);
#9138=IFCFACE((#9137));
#9139=IFCPOLYLOOP((#4307,#4412,#4402));
#9140=IFCFACEOUTERBOUND(#9139,.T.);
#9141=IFCFACE((#9140));
#9142=IFCPOLYLOOP((#4306,#4404,#4412));
#9143=IFCFACEOUTERBOUND(#9142,.T.);
#9144=IFCFACE((#9143));
#9145=IFCPOLYLOOP((#4087,#4413,#4453));
#9146=IFCFACEOUTERBOUND(#9145,.T.);
#9147=IFCFACE((#9146));
#9148=IFCPOLYLOOP((#4087,#4086,#4165));
#9149=IFCFACEOUTERBOUND(#9148,.T.);
#9150=IFCFACE((#9149));
#9151=IFCPOLYLOOP((#3687,#3944,#4165));
#9152=IFCFACEOUTERBOUND(#9151,.T.);
#9153=IFCFACE((#9152));
#9154=IFCPOLYLOOP((#4165,#4413,#4087));
#9155=IFCFACEOUTERBOUND(#9154,.T.);
#9156=IFCFACE((#9155));
#9157=IFCPOLYLOOP((#3944,#3943,#4449,#4414));
#9158=IFCFACEOUTERBOUND(#9157,.T.);
#9159=IFCFACE((#9158));
#9160=IFCPOLYLOOP((#4165,#4414,#4413));
#9161=IFCFACEOUTERBOUND(#9160,.T.);
#9162=IFCFACE((#9161));
#9163=IFCPOLYLOOP((#3944,#4414,#4165));
#9164=IFCFACEOUTERBOUND(#9163,.T.);
#9165=IFCFACE((#9164));
#9166=IFCPOLYLOOP((#4431,#4432,#4435));
#9167=IFCFACEOUTERBOUND(#9166,.T.);
#9168=IFCFACE((#9167));
#9169=IFCPOLYLOOP((#4206,#4128,#4427));
#9170=IFCFACEOUTERBOUND(#9169,.T.);
#9171=IFCFACE((#9170));
#9172=IFCPOLYLOOP((#4421,#4420,#4426));
#9173=IFCFACEOUTERBOUND(#9172,.T.);
#9174=IFCFACE((#9173));
#9175=IFCPOLYLOOP((#4438,#4436,#4435));
#9176=IFCFACEOUTERBOUND(#9175,.T.);
#9177=IFCFACE((#9176));
#9178=IFCPOLYLOOP((#4438,#4435,#4422));
#9179=IFCFACEOUTERBOUND(#9178,.T.);
#9180=IFCFACE((#9179));
#9181=IFCPOLYLOOP((#4429,#4032,#4210,#4194));
#9182=IFCFACEOUTERBOUND(#9181,.T.);
#9183=IFCFACE((#9182));
#9184=IFCPOLYLOOP((#4423,#4417,#4424));
#9185=IFCFACEOUTERBOUND(#9184,.T.);
#9186=IFCFACE((#9185));
#9187=IFCPOLYLOOP((#4428,#4427,#4442,#4418));
#9188=IFCFACEOUTERBOUND(#9187,.T.);
#9189=IFCFACE((#9188));
#9190=IFCPOLYLOOP((#4425,#3948,#3947));
#9191=IFCFACEOUTERBOUND(#9190,.T.);
#9192=IFCFACE((#9191));
#9193=IFCPOLYLOOP((#3947,#4423,#4424));
#9194=IFCFACEOUTERBOUND(#9193,.T.);
#9195=IFCFACE((#9194));
#9196=IFCPOLYLOOP((#4421,#4437,#4436));
#9197=IFCFACEOUTERBOUND(#9196,.T.);
#9198=IFCFACE((#9197));
#9199=IFCPOLYLOOP((#3947,#4426,#4425));
#9200=IFCFACEOUTERBOUND(#9199,.T.);
#9201=IFCFACE((#9200));
#9202=IFCPOLYLOOP((#4422,#4433,#4441,#4415));
#9203=IFCFACEOUTERBOUND(#9202,.T.);
#9204=IFCFACE((#9203));
#9205=IFCPOLYLOOP((#4432,#4428,#4434));
#9206=IFCFACEOUTERBOUND(#9205,.T.);
#9207=IFCFACE((#9206));
#9208=IFCPOLYLOOP((#4426,#4424,#4421));
#9209=IFCFACEOUTERBOUND(#9208,.T.);
#9210=IFCFACE((#9209));
#9211=IFCPOLYLOOP((#3947,#3946,#4423));
#9212=IFCFACEOUTERBOUND(#9211,.T.);
#9213=IFCFACE((#9212));
#9214=IFCPOLYLOOP((#4424,#4417,#4421));
#9215=IFCFACEOUTERBOUND(#9214,.T.);
#9216=IFCFACE((#9215));
#9217=IFCPOLYLOOP((#4415,#4439,#4438));
#9218=IFCFACEOUTERBOUND(#9217,.T.);
#9219=IFCFACE((#9218));
#9220=IFCPOLYLOOP((#4426,#4420,#4444,#4425));
#9221=IFCFACEOUTERBOUND(#9220,.T.);
#9222=IFCFACE((#9221));
#9223=IFCPOLYLOOP((#4424,#4426,#3947));
#9224=IFCFACEOUTERBOUND(#9223,.T.);
#9225=IFCFACE((#9224));
#9226=IFCPOLYLOOP((#4206,#4428,#4194));
#9227=IFCFACEOUTERBOUND(#9226,.T.);
#9228=IFCFACE((#9227));
#9229=IFCPOLYLOOP((#4194,#4430,#4429));
#9230=IFCFACEOUTERBOUND(#9229,.T.);
#9231=IFCFACE((#9230));
#9232=IFCPOLYLOOP((#4428,#4432,#4430));
#9233=IFCFACEOUTERBOUND(#9232,.T.);
#9234=IFCFACE((#9233));
#9235=IFCPOLYLOOP((#4419,#4432,#4431));
#9236=IFCFACEOUTERBOUND(#9235,.T.);
#9237=IFCFACE((#9236));
#9238=IFCPOLYLOOP((#4428,#4206,#4427));
#9239=IFCFACEOUTERBOUND(#9238,.T.);
#9240=IFCFACE((#9239));
#9241=IFCPOLYLOOP((#4429,#4430,#4419));
#9242=IFCFACEOUTERBOUND(#9241,.T.);
#9243=IFCFACE((#9242));
#9244=IFCPOLYLOOP((#4428,#4430,#4194));
#9245=IFCFACEOUTERBOUND(#9244,.T.);
#9246=IFCFACE((#9245));
#9247=IFCPOLYLOOP((#4416,#4431,#4435));
#9248=IFCFACEOUTERBOUND(#9247,.T.);
#9249=IFCFACE((#9248));
#9250=IFCPOLYLOOP((#4419,#4430,#4432));
#9251=IFCFACEOUTERBOUND(#9250,.T.);
#9252=IFCFACE((#9251));
#9253=IFCPOLYLOOP((#4422,#4434,#4433));
#9254=IFCFACEOUTERBOUND(#9253,.T.);
#9255=IFCFACE((#9254));
#9256=IFCPOLYLOOP((#4432,#4434,#4422));
#9257=IFCFACEOUTERBOUND(#9256,.T.);
#9258=IFCFACE((#9257));
#9259=IFCPOLYLOOP((#4434,#4418,#4446,#4433));
#9260=IFCFACEOUTERBOUND(#9259,.T.);
#9261=IFCFACE((#9260));
#9262=IFCPOLYLOOP((#4418,#4434,#4428));
#9263=IFCFACEOUTERBOUND(#9262,.T.);
#9264=IFCFACE((#9263));
#9265=IFCPOLYLOOP((#4416,#4435,#4436));
#9266=IFCFACEOUTERBOUND(#9265,.T.);
#9267=IFCFACE((#9266));
#9268=IFCPOLYLOOP((#4422,#4435,#4432));
#9269=IFCFACEOUTERBOUND(#9268,.T.);
#9270=IFCFACE((#9269));
#9271=IFCPOLYLOOP((#4421,#4417,#4437));
#9272=IFCFACEOUTERBOUND(#9271,.T.);
#9273=IFCFACE((#9272));
#9274=IFCPOLYLOOP((#4438,#4421,#4436));
#9275=IFCFACEOUTERBOUND(#9274,.T.);
#9276=IFCFACE((#9275));
#9277=IFCPOLYLOOP((#4436,#4437,#4492,#4416));
#9278=IFCFACEOUTERBOUND(#9277,.T.);
#9279=IFCFACE((#9278));
#9280=IFCPOLYLOOP((#4439,#4421,#4438));
#9281=IFCFACEOUTERBOUND(#9280,.T.);
#9282=IFCFACE((#9281));
#9283=IFCPOLYLOOP((#4438,#4422,#4415));
#9284=IFCFACEOUTERBOUND(#9283,.T.);
#9285=IFCFACE((#9284));
#9286=IFCPOLYLOOP((#4421,#4439,#4447,#4420));
#9287=IFCFACEOUTERBOUND(#9286,.T.);
#9288=IFCFACE((#9287));
#9289=IFCPOLYLOOP((#4127,#4442,#4427,#4128));
#9290=IFCFACEOUTERBOUND(#9289,.T.);
#9291=IFCFACE((#9290));
#9292=IFCPOLYLOOP((#4440,#4447,#4439,#4415,#4441,#4433,#4446));
#9293=IFCFACEOUTERBOUND(#9292,.T.);
#9294=IFCFACE((#9293));
#9295=IFCPOLYLOOP((#4446,#4443,#4440));
#9296=IFCFACEOUTERBOUND(#9295,.T.);
#9297=IFCFACE((#9296));
#9298=IFCPOLYLOOP((#4442,#4127,#4443));
#9299=IFCFACEOUTERBOUND(#9298,.T.);
#9300=IFCFACE((#9299));
#9301=IFCPOLYLOOP((#4127,#4126,#4443));
#9302=IFCFACEOUTERBOUND(#9301,.T.);
#9303=IFCFACE((#9302));
#9304=IFCPOLYLOOP((#4445,#4447,#4440));
#9305=IFCFACEOUTERBOUND(#9304,.T.);
#9306=IFCFACE((#9305));
#9307=IFCPOLYLOOP((#4444,#4445,#3974));
#9308=IFCFACEOUTERBOUND(#9307,.T.);
#9309=IFCFACE((#9308));
#9310=IFCPOLYLOOP((#3974,#3948,#4425,#4444));
#9311=IFCFACEOUTERBOUND(#9310,.T.);
#9312=IFCFACE((#9311));
#9313=IFCPOLYLOOP((#4443,#4446,#4418,#4442));
#9314=IFCFACEOUTERBOUND(#9313,.T.);
#9315=IFCFACE((#9314));
#9316=IFCPOLYLOOP((#4445,#3975,#3974));
#9317=IFCFACEOUTERBOUND(#9316,.T.);
#9318=IFCFACE((#9317));
#9319=IFCPOLYLOOP((#4445,#4444,#4420,#4447));
#9320=IFCFACEOUTERBOUND(#9319,.T.);
#9321=IFCFACE((#9320));
#9322=IFCPOLYLOOP((#4166,#4454,#4147));
#9323=IFCFACEOUTERBOUND(#9322,.T.);
#9324=IFCFACE((#9323));
#9325=IFCPOLYLOOP((#4453,#4455,#4088));
#9326=IFCFACEOUTERBOUND(#9325,.T.);
#9327=IFCFACE((#9326));
#9328=IFCPOLYLOOP((#4147,#4454,#4451));
#9329=IFCFACEOUTERBOUND(#9328,.T.);
#9330=IFCFACE((#9329));
#9331=IFCPOLYLOOP((#4455,#4166,#4182));
#9332=IFCFACEOUTERBOUND(#9331,.T.);
#9333=IFCFACE((#9332));
#9334=IFCPOLYLOOP((#4166,#4455,#4454));
#9335=IFCFACEOUTERBOUND(#9334,.T.);
#9336=IFCFACE((#9335));
#9337=IFCPOLYLOOP((#4440,#4148,#4448));
#9338=IFCFACEOUTERBOUND(#9337,.T.);
#9339=IFCFACE((#9338));
#9340=IFCPOLYLOOP((#4148,#4440,#4443,#4126));
#9341=IFCFACEOUTERBOUND(#9340,.T.);
#9342=IFCFACE((#9341));
#9343=IFCPOLYLOOP((#4148,#4147,#4451));
#9344=IFCFACEOUTERBOUND(#9343,.T.);
#9345=IFCFACE((#9344));
#9346=IFCPOLYLOOP((#3999,#4448,#4461,#4459,#3985));
#9347=IFCFACEOUTERBOUND(#9346,.T.);
#9348=IFCFACE((#9347));
#9349=IFCPOLYLOOP((#4462,#4345,#4463));
#9350=IFCFACEOUTERBOUND(#9349,.T.);
#9351=IFCFACE((#9350));
#9352=IFCPOLYLOOP((#4479,#4345,#4356));
#9353=IFCFACEOUTERBOUND(#9352,.T.);
#9354=IFCFACE((#9353));
#9355=IFCPOLYLOOP((#4345,#4462,#4467));
#9356=IFCFACEOUTERBOUND(#9355,.T.);
#9357=IFCFACE((#9356));
#9358=IFCPOLYLOOP((#4001,#4000,#4465));
#9359=IFCFACEOUTERBOUND(#9358,.T.);
#9360=IFCFACE((#9359));
#9361=IFCPOLYLOOP((#4470,#4471,#4375));
#9362=IFCFACEOUTERBOUND(#9361,.T.);
#9363=IFCFACE((#9362));
#9364=IFCPOLYLOOP((#4476,#4000,#4006));
#9365=IFCFACEOUTERBOUND(#9364,.T.);
#9366=IFCFACE((#9365));
#9367=IFCPOLYLOOP((#4375,#4471,#4265));
#9368=IFCFACEOUTERBOUND(#9367,.T.);
#9369=IFCFACE((#9368));
#9370=IFCPOLYLOOP((#4346,#4467,#4470));
#9371=IFCFACEOUTERBOUND(#9370,.T.);
#9372=IFCFACE((#9371));
#9373=IFCPOLYLOOP((#4346,#4470,#4375));
#9374=IFCFACEOUTERBOUND(#9373,.T.);
#9375=IFCFACE((#9374));
#9376=IFCPOLYLOOP((#4471,#4469,#4265));
#9377=IFCFACEOUTERBOUND(#9376,.T.);
#9378=IFCFACE((#9377));
#9379=IFCPOLYLOOP((#4000,#4476,#4465));
#9380=IFCFACEOUTERBOUND(#9379,.T.);
#9381=IFCFACE((#9380));
#9382=IFCPOLYLOOP((#4311,#4310,#4329,#4478));
#9383=IFCFACEOUTERBOUND(#9382,.T.);
#9384=IFCFACE((#9383));
#9385=IFCPOLYLOOP((#4463,#4482,#4336,#4477,#4318,#4342,#4483));
#9386=IFCFACEOUTERBOUND(#9385,.T.);
#9387=IFCFACE((#9386));
#9388=IFCPOLYLOOP((#4463,#4479,#4482));
#9389=IFCFACEOUTERBOUND(#9388,.T.);
#9390=IFCFACE((#9389));
#9391=IFCPOLYLOOP((#4479,#4311,#4478));
#9392=IFCFACEOUTERBOUND(#9391,.T.);
#9393=IFCFACE((#9392));
#9394=IFCPOLYLOOP((#4479,#4301,#4311));
#9395=IFCFACEOUTERBOUND(#9394,.T.);
#9396=IFCFACE((#9395));
#9397=IFCPOLYLOOP((#4463,#4483,#4481));
#9398=IFCFACEOUTERBOUND(#9397,.T.);
#9399=IFCFACE((#9398));
#9400=IFCPOLYLOOP((#4021,#4481,#4480));
#9401=IFCFACEOUTERBOUND(#9400,.T.);
#9402=IFCFACE((#9401));
#9403=IFCPOLYLOOP((#4021,#4480,#4327,#3850));
#9404=IFCFACEOUTERBOUND(#9403,.T.);
#9405=IFCFACE((#9404));
#9406=IFCPOLYLOOP((#4479,#4478,#4320,#4482));
#9407=IFCFACEOUTERBOUND(#9406,.T.);
#9408=IFCFACE((#9407));
#9409=IFCPOLYLOOP((#4021,#4002,#4481));
#9410=IFCFACEOUTERBOUND(#9409,.T.);
#9411=IFCFACE((#9410));
#9412=IFCPOLYLOOP((#4481,#4483,#4322,#4480));
#9413=IFCFACEOUTERBOUND(#9412,.T.);
#9414=IFCFACE((#9413));
#9415=IFCPOLYLOOP((#4266,#4265,#4469));
#9416=IFCFACEOUTERBOUND(#9415,.T.);
#9417=IFCFACE((#9416));
#9418=IFCPOLYLOOP((#4368,#4267,#4266));
#9419=IFCFACEOUTERBOUND(#9418,.T.);
#9420=IFCFACE((#9419));
#9421=IFCPOLYLOOP((#4368,#4029,#3901));
#9422=IFCFACEOUTERBOUND(#9421,.T.);
#9423=IFCFACE((#9422));
#9424=IFCPOLYLOOP((#4266,#4464,#4368));
#9425=IFCFACEOUTERBOUND(#9424,.T.);
#9426=IFCFACE((#9425));
#9427=IFCPOLYLOOP((#4029,#4484,#4472,#4005));
#9428=IFCFACEOUTERBOUND(#9427,.T.);
#9429=IFCFACE((#9428));
#9430=IFCPOLYLOOP((#4464,#4484,#4368));
#9431=IFCFACEOUTERBOUND(#9430,.T.);
#9432=IFCFACE((#9431));
#9433=IFCPOLYLOOP((#4368,#4484,#4029));
#9434=IFCFACEOUTERBOUND(#9433,.T.);
#9435=IFCFACE((#9434));
#9436=IFCPOLYLOOP((#3672,#4486,#3527));
#9437=IFCFACEOUTERBOUND(#9436,.T.);
#9438=IFCFACE((#9437));
#9439=IFCPOLYLOOP((#4487,#4489,#3528));
#9440=IFCFACEOUTERBOUND(#9439,.T.);
#9441=IFCFACE((#9440));
#9442=IFCPOLYLOOP((#4485,#4487,#3672));
#9443=IFCFACEOUTERBOUND(#9442,.T.);
#9444=IFCFACE((#9443));
#9445=IFCPOLYLOOP((#4486,#3672,#4487));
#9446=IFCFACEOUTERBOUND(#9445,.T.);
#9447=IFCFACE((#9446));
#9448=IFCPOLYLOOP((#3679,#4489,#3680));
#9449=IFCFACEOUTERBOUND(#9448,.T.);
#9450=IFCFACE((#9449));
#9451=IFCPOLYLOOP((#3680,#4489,#4487));
#9452=IFCFACEOUTERBOUND(#9451,.T.);
#9453=IFCFACE((#9452));
#9454=IFCPOLYLOOP((#4486,#4487,#3528));
#9455=IFCFACEOUTERBOUND(#9454,.T.);
#9456=IFCFACE((#9455));
#9457=IFCPOLYLOOP((#4487,#4485,#3680));
#9458=IFCFACEOUTERBOUND(#9457,.T.);
#9459=IFCFACE((#9458));
#9460=IFCPOLYLOOP((#4489,#3529,#3528));
#9461=IFCFACEOUTERBOUND(#9460,.T.);
#9462=IFCFACE((#9461));
#9463=IFCPOLYLOOP((#3679,#4488,#3529,#4489));
#9464=IFCFACEOUTERBOUND(#9463,.T.);
#9465=IFCFACE((#9464));
#9466=IFCPOLYLOOP((#3689,#4493,#4490));
#9467=IFCFACEOUTERBOUND(#9466,.T.);
#9468=IFCFACE((#9467));
#9469=IFCPOLYLOOP((#4494,#4032,#4429,#4419,#4431,#4416,#4492,#4437,#4417,#4423,#3946));
#9470=IFCFACEOUTERBOUND(#9469,.T.);
#9471=IFCFACE((#9470));
#9472=IFCPOLYLOOP((#4490,#4494,#3946));
#9473=IFCFACEOUTERBOUND(#9472,.T.);
#9474=IFCFACE((#9473));
#9475=IFCPOLYLOOP((#4490,#4493,#4033,#4494));
#9476=IFCFACEOUTERBOUND(#9475,.T.);
#9477=IFCFACE((#9476));
#9478=IFCPOLYLOOP((#4493,#4034,#4041,#4033));
#9479=IFCFACEOUTERBOUND(#9478,.T.);
#9480=IFCFACE((#9479));
#9481=IFCPOLYLOOP((#4494,#4033,#4038,#4032));
#9482=IFCFACEOUTERBOUND(#9481,.T.);
#9483=IFCFACE((#9482));
#9484=IFCPOLYLOOP((#4493,#3689,#4491,#4034));
#9485=IFCFACEOUTERBOUND(#9484,.T.);
#9486=IFCFACE((#9485));
#9487=IFCPOLYLOOP((#4496,#3950,#4495));
#9488=IFCFACEOUTERBOUND(#9487,.T.);
#9489=IFCFACE((#9488));
#9490=IFCPOLYLOOP((#3540,#3950,#3965,#3953,#3963,#3541,#3543));
#9491=IFCFACEOUTERBOUND(#9490,.T.);
#9492=IFCFACE((#9491));
#9493=IFCPOLYLOOP((#4495,#3540,#3546,#3539));
#9494=IFCFACEOUTERBOUND(#9493,.T.);
#9495=IFCFACE((#9494));
#9496=IFCPOLYLOOP((#3950,#4496,#4490));
#9497=IFCFACEOUTERBOUND(#9496,.T.);
#9498=IFCFACE((#9497));
#9499=IFCPOLYLOOP((#4490,#3946,#3957,#3951,#3971,#3950));
#9500=IFCFACEOUTERBOUND(#9499,.T.);
#9501=IFCFACE((#9500));
#9502=IFCPOLYLOOP((#4495,#3950,#3540));
#9503=IFCFACEOUTERBOUND(#9502,.T.);
#9504=IFCFACE((#9503));
#9505=IFCPOLYLOOP((#4496,#3689,#4490));
#9506=IFCFACEOUTERBOUND(#9505,.T.);
#9507=IFCFACE((#9506));
#9508=IFCPOLYLOOP((#4497,#4498,#3676));
#9509=IFCFACEOUTERBOUND(#9508,.T.);
#9510=IFCFACE((#9509));
#9511=IFCPOLYLOOP((#3677,#3676,#4498));
#9512=IFCFACEOUTERBOUND(#9511,.T.);
#9513=IFCFACE((#9512));
#9514=IFCPOLYLOOP((#3533,#4497,#3675));
#9515=IFCFACEOUTERBOUND(#9514,.T.);
#9516=IFCFACE((#9515));
#9517=IFCPOLYLOOP((#4497,#3676,#3675));
#9518=IFCFACEOUTERBOUND(#9517,.T.);
#9519=IFCFACE((#9518));
#9520=IFCPOLYLOOP((#3531,#4498,#3532));
#9521=IFCFACEOUTERBOUND(#9520,.T.);
#9522=IFCFACE((#9521));
#9523=IFCPOLYLOOP((#3532,#4497,#3533));
#9524=IFCFACEOUTERBOUND(#9523,.T.);
#9525=IFCFACE((#9524));
#9526=IFCPOLYLOOP((#3675,#3674,#3673,#3672,#3535,#3534,#3533));
#9527=IFCFACEOUTERBOUND(#9526,.T.);
#9528=IFCFACE((#9527));
#9529=IFCPOLYLOOP((#3532,#4498,#4497));
#9530=IFCFACEOUTERBOUND(#9529,.T.);
#9531=IFCFACE((#9530));
#9532=IFCPOLYLOOP((#3527,#3535,#3672));
#9533=IFCFACEOUTERBOUND(#9532,.T.);
#9534=IFCFACE((#9533));
#9535=IFCPOLYLOOP((#3530,#4499,#3529,#4488,#3679,#4500,#3678,#4498,#3531));
#9536=IFCFACEOUTERBOUND(#9535,.T.);
#9537=IFCFACE((#9536));
#9538=IFCPOLYLOOP((#3678,#3677,#4498));
#9539=IFCFACEOUTERBOUND(#9538,.T.);
#9540=IFCFACE((#9539));
#9541=IFCPOLYLOOP((#3535,#4499,#3530));
#9542=IFCFACEOUTERBOUND(#9541,.T.);
#9543=IFCFACE((#9542));
#9544=IFCPOLYLOOP((#3598,#3706,#3600));
#9545=IFCFACEOUTERBOUND(#9544,.T.);
#9546=IFCFACE((#9545));
#9547=IFCPOLYLOOP((#3705,#3600,#3706));
#9548=IFCFACEOUTERBOUND(#9547,.T.);
#9549=IFCFACE((#9548));
#9550=IFCPOLYLOOP((#3798,#3918,#3802));
#9551=IFCFACEOUTERBOUND(#9550,.T.);
#9552=IFCFACE((#9551));
#9553=IFCPOLYLOOP((#3868,#3941,#3852));
#9554=IFCFACEOUTERBOUND(#9553,.T.);
#9555=IFCFACE((#9554));
#9556=IFCPOLYLOOP((#3920,#3802,#3918));
#9557=IFCFACEOUTERBOUND(#9556,.T.);
#9558=IFCFACE((#9557));
#9559=IFCPOLYLOOP((#3593,#3991,#3942));
#9560=IFCFACEOUTERBOUND(#9559,.T.);
#9561=IFCFACE((#9560));
#9562=IFCPOLYLOOP((#3649,#3979,#3976));
#9563=IFCFACEOUTERBOUND(#9562,.T.);
#9564=IFCFACE((#9563));
#9565=IFCPOLYLOOP((#3979,#3660,#3631));
#9566=IFCFACEOUTERBOUND(#9565,.T.);
#9567=IFCFACE((#9566));
#9568=IFCPOLYLOOP((#3989,#3650,#3658,#3649));
#9569=IFCFACEOUTERBOUND(#9568,.T.);
#9570=IFCFACE((#9569));
#9571=IFCPOLYLOOP((#4001,#4018,#4000));
#9572=IFCFACEOUTERBOUND(#9571,.T.);
#9573=IFCFACE((#9572));
#9574=IFCPOLYLOOP((#3885,#4010,#4004));
#9575=IFCFACEOUTERBOUND(#9574,.T.);
#9576=IFCFACE((#9575));
#9577=IFCPOLYLOOP((#4014,#3919,#3799));
#9578=IFCFACEOUTERBOUND(#9577,.T.);
#9579=IFCFACE((#9578));
#9580=IFCPOLYLOOP((#3798,#4012,#3799));
#9581=IFCFACEOUTERBOUND(#9580,.T.);
#9582=IFCFACE((#9581));
#9583=IFCPOLYLOOP((#4087,#4181,#4091));
#9584=IFCFACEOUTERBOUND(#9583,.T.);
#9585=IFCFACE((#9584));
#9586=IFCPOLYLOOP((#4183,#4091,#4181));
#9587=IFCFACEOUTERBOUND(#9586,.T.);
#9588=IFCFACE((#9587));
#9589=IFCPOLYLOOP((#4271,#4385,#4273));
#9590=IFCFACEOUTERBOUND(#9589,.T.);
#9591=IFCFACE((#9590));
#9592=IFCPOLYLOOP((#4332,#4407,#4216));
#9593=IFCFACEOUTERBOUND(#9592,.T.);
#9594=IFCFACE((#9593));
#9595=IFCPOLYLOOP((#4384,#4273,#4385));
#9596=IFCFACEOUTERBOUND(#9595,.T.);
#9597=IFCFACE((#9596));
#9598=IFCPOLYLOOP((#4087,#4453,#4088));
#9599=IFCFACEOUTERBOUND(#9598,.T.);
#9600=IFCFACE((#9599));
#9601=IFCPOLYLOOP((#4455,#4182,#4088));
#9602=IFCFACEOUTERBOUND(#9601,.T.);
#9603=IFCFACE((#9602));
#9604=IFCPOLYLOOP((#4148,#4451,#4448));
#9605=IFCFACEOUTERBOUND(#9604,.T.);
#9606=IFCFACE((#9605));
#9607=IFCPOLYLOOP((#4345,#4479,#4463));
#9608=IFCFACEOUTERBOUND(#9607,.T.);
#9609=IFCFACE((#9608));
#9610=IFCPOLYLOOP((#4479,#4356,#4301));
#9611=IFCFACEOUTERBOUND(#9610,.T.);
#9612=IFCFACE((#9611));
#9613=IFCPOLYLOOP((#4467,#4346,#4354,#4345));
#9614=IFCFACEOUTERBOUND(#9613,.T.);
#9615=IFCFACE((#9614));
#9616=IFCPOLYLOOP((#4001,#4465,#4462));
#9617=IFCFACEOUTERBOUND(#9616,.T.);
#9618=IFCFACE((#9617));
#9619=IFCPOLYLOOP((#4266,#4469,#4464));
#9620=IFCFACEOUTERBOUND(#9619,.T.);
#9621=IFCFACE((#9620));
#9622=IFCCARTESIANPOINT((32.457985595712238,-2.2801347651062911,15.));
#9623=IFCCARTESIANPOINT((32.457985595712238,40.719865234893724,15.));
#9624=IFCCARTESIANPOINT((-32.542014404287762,40.719865234893724,15.));
#9625=IFCCARTESIANPOINT((-32.542014404287762,-2.2801347651062911,15.));
#9626=IFCPOLYLOOP((#9622,#9623,#9624,#9625));
#9627=IFCFACEOUTERBOUND(#9626,.T.);
#9628=IFCFACE((#9627));
#9629=IFCCARTESIANPOINT((32.457985595712238,-2.2801347651062911,13.499999999998115));
#9630=IFCCARTESIANPOINT((-32.542014404287762,-2.2801347651062911,13.499999999998115));
#9631=IFCCARTESIANPOINT((-32.542014404287762,40.719865234893724,13.499999999997804));
#9632=IFCCARTESIANPOINT((32.457985595712238,40.719865234893724,13.499999999997804));
#9633=IFCPOLYLOOP((#9629,#9630,#9631,#9632));
#9634=IFCFACEOUTERBOUND(#9633,.T.);
#9635=IFCFACE((#9634));
#9636=IFCPOLYLOOP((#9622,#9625,#9630,#9629));
#9637=IFCFACEOUTERBOUND(#9636,.T.);
#9638=IFCFACE((#9637));
#9639=IFCPOLYLOOP((#9625,#9624,#9631,#9630));
#9640=IFCFACEOUTERBOUND(#9639,.T.);
#9641=IFCFACE((#9640));
#9642=IFCPOLYLOOP((#9624,#9623,#9632,#9631));
#9643=IFCFACEOUTERBOUND(#9642,.T.);
#9644=IFCFACE((#9643));
#9645=IFCPOLYLOOP((#9623,#9622,#9629,#9632));
#9646=IFCFACEOUTERBOUND(#9645,.T.);
#9647=IFCFACE((#9646));
#9648=IFCCARTESIANPOINT((0.,-2.2801347651063106,13.499999999998124));
#9649=IFCCARTESIANPOINT((-32.457985595687617,-2.2801347651063106,13.499999999998117));
#9650=IFCCARTESIANPOINT((-32.457985595687617,-2.2801347651063,15.));
#9651=IFCCARTESIANPOINT((0.,-2.2801347651063,15.));
#9652=IFCCARTESIANPOINT((32.457985595712245,-2.2801347651063,15.));
#9653=IFCCARTESIANPOINT((32.457985595712245,-2.2801347651063106,13.499999999998117));
#9654=IFCCARTESIANPOINT((0.,40.719865234893732,15.));
#9655=IFCCARTESIANPOINT((-32.457985595687617,40.719865234893732,15.));
#9656=IFCCARTESIANPOINT((-32.457985595687617,40.719865234893724,13.499999999997804));
#9657=IFCCARTESIANPOINT((0.,40.719865234893724,13.499999999997812));
#9658=IFCCARTESIANPOINT((32.457985595712245,40.719865234893724,13.499999999997804));
#9659=IFCCARTESIANPOINT((32.457985595712245,40.719865234893732,15.));
#9660=IFCCARTESIANPOINT((41.148907458451511,7.7343209013980292E-007,10.224375119106057));
#9661=IFCCARTESIANPOINT((41.148907458451511,-48.832938584565909,10.224375119106412));
#9662=IFCCARTESIANPOINT((40.899694621889296,-51.008899116756488,10.475240460976098));
#9663=IFCCARTESIANPOINT((40.190426656581351,-53.000361265082041,11.106906632683488));
#9664=IFCCARTESIANPOINT((39.060822522092003,-54.716641747126786,11.910006520915996));
#9665=IFCCARTESIANPOINT((37.525433462148591,-56.092849143744836,12.694045560733382));
#9666=IFCCARTESIANPOINT((35.617406492039208,-57.031366154335295,13.279130534613241));
#9667=IFCCARTESIANPOINT((33.457985565453832,-57.421388331100594,13.499999999998524));
#9668=IFCCARTESIANPOINT((33.457985594945058,57.421388331050217,13.499999999997694));
#9669=IFCCARTESIANPOINT((36.015219208376834,56.88845513632883,13.188927668184657));
#9670=IFCCARTESIANPOINT((38.177656822674692,55.596487681512656,12.399026266265421));
#9671=IFCCARTESIANPOINT((39.782905002510752,53.730701053725689,11.422464388060733));
#9672=IFCCARTESIANPOINT((40.797152756691531,51.412106354361356,10.573772801541395));
#9673=IFCCARTESIANPOINT((41.148907458451511,48.83293858454131,10.224375119105705));
#9674=IFCCARTESIANPOINT((33.457985580199448,-0.,13.499999999998108));
#9675=IFCCARTESIANPOINT((41.148907458451511,-24.416469126581575,10.224375119106234));
#9676=IFCCARTESIANPOINT((38.460929490147933,22.459316197221167,12.253966548085932));
#9677=IFCCARTESIANPOINT((33.457985573574923,-25.796790287981473,13.499999999998293));
#9678=IFCCARTESIANPOINT((37.912293409160739,-27.277625150741489,12.525439383146505));
#9679=IFCCARTESIANPOINT((41.148907458451511,24.416469678986697,10.224375119105881));
#9680=IFCCARTESIANPOINT((33.457985587572253,28.7106941655125,13.499999999997902));
#9681=IFCCARTESIANPOINT((38.746974944643611,39.264818346744498,12.096398130940122));
#9682=IFCCARTESIANPOINT((36.187779037954414,33.439869723932219,13.144783548528229));
#9683=IFCCARTESIANPOINT((33.457985569514371,-41.609089309541019,13.49999999999841));
#9684=IFCCARTESIANPOINT((35.670862881798143,-33.702935296801073,13.267936914422684));
#9685=IFCCARTESIANPOINT((35.873367223952059,-12.219240662221534,13.222929541450243));
#9686=IFCCARTESIANPOINT((35.977201009793838,11.639794118164152,13.198241990683226));
#9687=IFCCARTESIANPOINT((38.553879457402985,-0.93508751079215946,12.204013326170443));
#9688=IFCCARTESIANPOINT((41.410789470423616,8.1484682148413463E-007,12.040976262344518));
#9689=IFCCARTESIANPOINT((41.279058662322761,9.3685391968788192E-007,11.133497362094056));
#9690=IFCCARTESIANPOINT((41.279064839843301,48.870278259101511,11.13353991834628));
#9691=IFCCARTESIANPOINT((41.410789470423566,48.909673559037444,12.040976262343774));
#9692=IFCCARTESIANPOINT((41.410789470423609,24.454837186942136,12.040976262344245));
#9693=IFCCARTESIANPOINT((41.410789470423616,-24.454836382501842,12.040976262344595));
#9694=IFCCARTESIANPOINT((41.410789468546987,-48.909673765920807,12.040976249416808));
#9695=IFCCARTESIANPOINT((41.279064839844189,-48.870278259070204,11.133539918353145));
#9696=IFCCARTESIANPOINT((41.035084814289434,-51.551482162514013,12.352584102823041));
#9697=IFCCARTESIANPOINT((39.964250761008351,-53.896750316230154,13.114193430477631));
#9698=IFCCARTESIANPOINT((38.287506579829547,-55.764529893899109,14.00039288629082));
#9699=IFCCARTESIANPOINT((36.056901667885207,-57.026076707621186,14.719153688260533));
#9700=IFCCARTESIANPOINT((33.457985600746085,-57.499999999865494,14.999999998557803));
#9701=IFCCARTESIANPOINT((33.457985595749427,-57.46069416552514,14.249999999278606));
#9702=IFCCARTESIANPOINT((33.45798559571962,57.499999999974719,15.));
#9703=IFCCARTESIANPOINT((35.651193264329827,57.160538478234983,14.800662538756823));
#9704=IFCCARTESIANPOINT((37.615565856708336,56.251989655688448,14.267571304179064));
#9705=IFCCARTESIANPOINT((39.217047565383723,54.876867629303476,13.55065494695843));
#9706=IFCCARTESIANPOINT((40.404844751564006,53.137079250169265,12.821766853440906));
#9707=IFCCARTESIANPOINT((41.151096552476403,51.113572535921605,12.259079432100307));
#9708=IFCCARTESIANPOINT((33.457985595735828,57.460694165512628,14.249999999999496));
#9709=IFCCARTESIANPOINT((37.700712039485879,-4.9651694117099386E-006,14.236273726128312));
#9710=IFCCARTESIANPOINT((33.457985595715449,-0.,15.));
#9711=IFCCARTESIANPOINT((33.457985595714639,-28.750000000025182,15.));
#9712=IFCCARTESIANPOINT((38.456455290305648,-27.929824638243769,13.894727818113674));
#9713=IFCCARTESIANPOINT((39.000083869282996,-2.6554569527474544E-006,13.46741977750742));
#9714=IFCCARTESIANPOINT((40.422793137645634,-33.573541696289141,12.786506400445605));
#9715=IFCCARTESIANPOINT((33.457985595714639,28.749999999974889,15.));
#9716=IFCCARTESIANPOINT((39.121208858364895,27.021122024476423,13.568790708848649));
#9717=IFCCARTESIANPOINT((36.214791870637569,-3.2262660826971512E-006,14.503751807838539));
#9718=IFCCARTESIANPOINT((36.675441001390077,34.040933170686564,14.551137780794914));
#9719=IFCCARTESIANPOINT((0.,-57.421388331100552,13.499999999998545));
#9720=IFCCARTESIANPOINT((0.,-43.636074939601997,13.499999999998446));
#9721=IFCCARTESIANPOINT((0.,-29.850761548103417,13.499999999998346));
#9722=IFCCARTESIANPOINT((0.,-16.065448156604852,13.499999999998247));
#9723=IFCCARTESIANPOINT((0.,44.895246008932872,13.499999999997806));
#9724=IFCCARTESIANPOINT((0.,49.070626782971985,13.499999999997774));
#9725=IFCCARTESIANPOINT((0.,53.246007557011119,13.499999999997746));
#9726=IFCCARTESIANPOINT((0.,57.421388331050231,13.499999999997716));
#9727=IFCCARTESIANPOINT((0.,57.460694165512535,14.249999999997716));
#9728=IFCCARTESIANPOINT((0.,57.499999999974825,15.));
#9729=IFCCARTESIANPOINT((0.,-57.500000000025139,15.));
#9730=IFCCARTESIANPOINT((0.,-57.460694165562863,14.249999999998487));
#9731=IFCCARTESIANPOINT((0.,53.304966308704515,15.));
#9732=IFCCARTESIANPOINT((0.,49.109932617434254,15.));
#9733=IFCCARTESIANPOINT((0.,44.914898926163993,15.));
#9734=IFCCARTESIANPOINT((0.,-16.085101073836022,15.));
#9735=IFCCARTESIANPOINT((0.,-29.890067382565711,15.));
#9736=IFCCARTESIANPOINT((0.,-43.695033691295421,15.));
#9737=IFCCARTESIANPOINT((-41.148907458426876,7.7343210705960177E-007,10.224375119106057));
#9738=IFCCARTESIANPOINT((-41.148907458426876,48.83293858454131,10.224375119105705));
#9739=IFCCARTESIANPOINT((-40.797164231990934,51.412065083319789,10.573761921093761));
#9740=IFCCARTESIANPOINT((-39.782949617295714,53.73062957339841,11.422431534142438));
#9741=IFCCARTESIANPOINT((-38.177780927774265,55.596382383964354,12.39896503233666));
#9742=IFCCARTESIANPOINT((-36.016399891910417,56.887993914785966,13.188636036133923));
#9743=IFCCARTESIANPOINT((-33.45798559492043,57.421388331050217,13.499999999997694));
#9744=IFCCARTESIANPOINT((-33.457985565429205,-57.421388331100594,13.499999999998524));
#9745=IFCCARTESIANPOINT((-35.319994076639624,-57.122579672809465,13.336223516260191));
#9746=IFCCARTESIANPOINT((-37.016584953966365,-56.410453535306836,12.888886445173014));
#9747=IFCCARTESIANPOINT((-38.453379232630773,-55.351059293360144,12.257972328529357));
#9748=IFCCARTESIANPOINT((-39.596539172489749,-54.016182177000481,11.556631893082432));
#9749=IFCCARTESIANPOINT((-40.437982265012998,-52.455559196806298,10.899151597713244));
#9750=IFCCARTESIANPOINT((-40.964281340457752,-50.707091180426993,10.411809563410753));
#9751=IFCCARTESIANPOINT((-41.148907458426876,-48.832938584565909,10.224375119106412));
#9752=IFCCARTESIANPOINT((-33.457985580174814,-0.,13.499999999998106));
#9753=IFCCARTESIANPOINT((-41.148907458426876,-24.416469126581568,10.224375119106234));
#9754=IFCCARTESIANPOINT((-37.345718659548346,-23.273991340317806,12.766273955421669));
#9755=IFCCARTESIANPOINT((-38.461006093104885,22.459510547610581,12.253925866724948));
#9756=IFCCARTESIANPOINT((-38.74938456387374,-37.486012658803688,12.095021880097393));
#9757=IFCCARTESIANPOINT((-33.457985572802009,-28.710694165562902,13.499999999998314));
#9758=IFCCARTESIANPOINT((-41.148907458426876,24.416469678986708,10.224375119105881));
#9759=IFCCARTESIANPOINT((-33.457985587547626,28.710694165512511,13.499999999997902));
#9760=IFCCARTESIANPOINT((-36.040273585064966,-39.198232595888811,13.18270850856389));
#9761=IFCCARTESIANPOINT((-38.74705404120553,39.264816272711741,12.096352968225514));
#9762=IFCCARTESIANPOINT((-36.187814983224754,33.440082371863461,13.144774032512561));
#9763=IFCCARTESIANPOINT((-35.977260008336302,11.639684204546814,13.198227650764968));
#9764=IFCCARTESIANPOINT((-38.568917124353227,-1.1481007913656767,12.195820005530367));
#9765=IFCCARTESIANPOINT((-39.412843029843216,-21.691406341604647,11.683048058490691));
#9766=IFCCARTESIANPOINT((-35.864927797942777,-7.5641930330142086,13.224887933717156));
#9767=IFCCARTESIANPOINT((-41.410789470398981,8.1484683840393761E-007,12.040976262344522));
#9768=IFCCARTESIANPOINT((-41.410789470398974,24.454837186942136,12.040976262344245));
#9769=IFCCARTESIANPOINT((-41.410789468521386,48.909673765869954,12.040976249409532));
#9770=IFCCARTESIANPOINT((-41.279064839818666,48.870278259101504,11.13353991834628));
#9771=IFCCARTESIANPOINT((-41.279058662298127,9.3685391968788192E-007,11.133497362094056));
#9772=IFCCARTESIANPOINT((-41.279064839819554,-48.870278259070211,11.133539918353145));
#9773=IFCCARTESIANPOINT((-41.410789470398974,-48.909673579850512,12.040976262344719));
#9774=IFCCARTESIANPOINT((-41.410789470398981,-24.454836382501842,12.040976262344595));
#9775=IFCCARTESIANPOINT((-33.457985595724764,-57.460694165525133,14.249999999278604));
#9776=IFCCARTESIANPOINT((-33.457985600721464,-57.499999999865494,14.999999998557797));
#9777=IFCCARTESIANPOINT((-36.057581271653618,-57.025830542188224,14.719005094330388));
#9778=IFCCARTESIANPOINT((-38.287713667596201,-55.764362162132372,14.000303306953789));
#9779=IFCCARTESIANPOINT((-39.96424080761313,-53.896765609318912,13.114199728829506));
#9780=IFCCARTESIANPOINT((-41.035078788497451,-51.551502849197057,12.352588897604038));
#9781=IFCCARTESIANPOINT((-33.457985595694986,57.499999999974719,15.));
#9782=IFCCARTESIANPOINT((-33.457985595711193,57.460694165512621,14.24999999999949));
#9783=IFCCARTESIANPOINT((-41.219637783268368,50.803779669209632,12.202691162758997));
#9784=IFCCARTESIANPOINT((-40.666207380347885,52.581602647803741,12.634825040244868));
#9785=IFCCARTESIANPOINT((-39.77954962999214,54.168754395009508,13.228775471032501));
#9786=IFCCARTESIANPOINT((-38.580768777294132,55.514858581437899,13.868920786230412));
#9787=IFCCARTESIANPOINT((-37.088839547448451,56.563905587144745,14.445575646572175));
#9788=IFCCARTESIANPOINT((-35.348196906115035,57.245282733366025,14.852262119891112));
#9789=IFCCARTESIANPOINT((-33.457985595690012,-28.750000000025182,15.));
#9790=IFCCARTESIANPOINT((-33.457985595690822,-0.,15.));
#9791=IFCCARTESIANPOINT((-37.700712039461251,-4.9651694117099386E-006,14.236273726128312));
#9792=IFCCARTESIANPOINT((-38.456533544805637,-27.92967117519823,13.894692160101444));
#9793=IFCCARTESIANPOINT((-39.00008386925829,-3.7970199253280542E-006,13.467419777507473));
#9794=IFCCARTESIANPOINT((-40.422822398865094,-33.573663206535663,12.786486469001463));
#9795=IFCCARTESIANPOINT((-33.457985595690012,28.749999999974889,15.));
#9796=IFCCARTESIANPOINT((-38.468252134095714,27.685590150894342,13.889317860923573));
#9797=IFCCARTESIANPOINT((-36.214791870612935,-3.2262660826971449E-006,14.503751807838539));
#9798=IFCCARTESIANPOINT((-36.280054277766908,36.45082906527022,14.656468907489877));
#9799=IFCPOLYLOOP((#9651,#9652,#9653,#9648,#9649,#9650));
#9800=IFCFACEOUTERBOUND(#9799,.T.);
#9801=IFCFACE((#9800));
#9802=IFCPOLYLOOP((#9654,#9655,#9656,#9657,#9658,#9659));
#9803=IFCFACEOUTERBOUND(#9802,.T.);
#9804=IFCFACE((#9803));
#9805=IFCPOLYLOOP((#9684,#9677,#9685));
#9806=IFCFACEOUTERBOUND(#9805,.T.);
#9807=IFCFACE((#9806));
#9808=IFCPOLYLOOP((#9674,#9680,#9686));
#9809=IFCFACEOUTERBOUND(#9808,.T.);
#9810=IFCFACE((#9809));
#9811=IFCPOLYLOOP((#9670,#9681,#9682));
#9812=IFCFACEOUTERBOUND(#9811,.T.);
#9813=IFCFACE((#9812));
#9814=IFCPOLYLOOP((#9687,#9686,#9676));
#9815=IFCFACEOUTERBOUND(#9814,.T.);
#9816=IFCFACE((#9815));
#9817=IFCPOLYLOOP((#9665,#9678,#9664));
#9818=IFCFACEOUTERBOUND(#9817,.T.);
#9819=IFCFACE((#9818));
#9820=IFCPOLYLOOP((#9675,#9661,#9663));
#9821=IFCFACEOUTERBOUND(#9820,.T.);
#9822=IFCFACE((#9821));
#9823=IFCPOLYLOOP((#9669,#9670,#9682));
#9824=IFCFACEOUTERBOUND(#9823,.T.);
#9825=IFCFACE((#9824));
#9826=IFCPOLYLOOP((#9668,#9669,#9682));
#9827=IFCFACEOUTERBOUND(#9826,.T.);
#9828=IFCFACE((#9827));
#9829=IFCPOLYLOOP((#9663,#9678,#9675));
#9830=IFCFACEOUTERBOUND(#9829,.T.);
#9831=IFCFACE((#9830));
#9832=IFCPOLYLOOP((#9668,#9682,#9680));
#9833=IFCFACEOUTERBOUND(#9832,.T.);
#9834=IFCFACE((#9833));
#9835=IFCPOLYLOOP((#9676,#9681,#9679));
#9836=IFCFACEOUTERBOUND(#9835,.T.);
#9837=IFCFACE((#9836));
#9838=IFCPOLYLOOP((#9684,#9678,#9665));
#9839=IFCFACEOUTERBOUND(#9838,.T.);
#9840=IFCFACE((#9839));
#9841=IFCPOLYLOOP((#9661,#9662,#9663));
#9842=IFCFACEOUTERBOUND(#9841,.T.);
#9843=IFCFACE((#9842));
#9844=IFCPOLYLOOP((#9671,#9672,#9681));
#9845=IFCFACEOUTERBOUND(#9844,.T.);
#9846=IFCFACE((#9845));
#9847=IFCPOLYLOOP((#9672,#9673,#9681));
#9848=IFCFACEOUTERBOUND(#9847,.T.);
#9849=IFCFACE((#9848));
#9850=IFCPOLYLOOP((#9684,#9665,#9666));
#9851=IFCFACEOUTERBOUND(#9850,.T.);
#9852=IFCFACE((#9851));
#9853=IFCPOLYLOOP((#9678,#9663,#9664));
#9854=IFCFACEOUTERBOUND(#9853,.T.);
#9855=IFCFACE((#9854));
#9856=IFCPOLYLOOP((#9681,#9670,#9671));
#9857=IFCFACEOUTERBOUND(#9856,.T.);
#9858=IFCFACE((#9857));
#9859=IFCPOLYLOOP((#9681,#9673,#9679));
#9860=IFCFACEOUTERBOUND(#9859,.T.);
#9861=IFCFACE((#9860));
#9862=IFCPOLYLOOP((#9681,#9676,#9682));
#9863=IFCFACEOUTERBOUND(#9862,.T.);
#9864=IFCFACE((#9863));
#9865=IFCPOLYLOOP((#9679,#9660,#9676));
#9866=IFCFACEOUTERBOUND(#9865,.T.);
#9867=IFCFACE((#9866));
#9868=IFCPOLYLOOP((#9684,#9683,#9677));
#9869=IFCFACEOUTERBOUND(#9868,.T.);
#9870=IFCFACE((#9869));
#9871=IFCPOLYLOOP((#9683,#9684,#9666));
#9872=IFCFACEOUTERBOUND(#9871,.T.);
#9873=IFCFACE((#9872));
#9874=IFCPOLYLOOP((#9687,#9660,#9675));
#9875=IFCFACEOUTERBOUND(#9874,.T.);
#9876=IFCFACE((#9875));
#9877=IFCPOLYLOOP((#9686,#9682,#9676));
#9878=IFCFACEOUTERBOUND(#9877,.T.);
#9879=IFCFACE((#9878));
#9880=IFCPOLYLOOP((#9674,#9685,#9677));
#9881=IFCFACEOUTERBOUND(#9880,.T.);
#9882=IFCFACE((#9881));
#9883=IFCPOLYLOOP((#9666,#9667,#9683));
#9884=IFCFACEOUTERBOUND(#9883,.T.);
#9885=IFCFACE((#9884));
#9886=IFCPOLYLOOP((#9685,#9678,#9684));
#9887=IFCFACEOUTERBOUND(#9886,.T.);
#9888=IFCFACE((#9887));
#9889=IFCPOLYLOOP((#9687,#9675,#9678));
#9890=IFCFACEOUTERBOUND(#9889,.T.);
#9891=IFCFACE((#9890));
#9892=IFCPOLYLOOP((#9686,#9687,#9685));
#9893=IFCFACEOUTERBOUND(#9892,.T.);
#9894=IFCFACE((#9893));
#9895=IFCPOLYLOOP((#9682,#9686,#9680));
#9896=IFCFACEOUTERBOUND(#9895,.T.);
#9897=IFCFACE((#9896));
#9898=IFCPOLYLOOP((#9674,#9686,#9685));
#9899=IFCFACEOUTERBOUND(#9898,.T.);
#9900=IFCFACE((#9899));
#9901=IFCPOLYLOOP((#9685,#9687,#9678));
#9902=IFCFACEOUTERBOUND(#9901,.T.);
#9903=IFCFACE((#9902));
#9904=IFCPOLYLOOP((#9687,#9676,#9660));
#9905=IFCFACEOUTERBOUND(#9904,.T.);
#9906=IFCFACE((#9905));
#9907=IFCPOLYLOOP((#9692,#9660,#9679,#9673));
#9908=IFCFACEOUTERBOUND(#9907,.T.);
#9909=IFCFACE((#9908));
#9910=IFCPOLYLOOP((#9693,#9661,#9675,#9660));
#9911=IFCFACEOUTERBOUND(#9910,.T.);
#9912=IFCFACE((#9911));
#9913=IFCPOLYLOOP((#9689,#9660,#9692));
#9914=IFCFACEOUTERBOUND(#9913,.T.);
#9915=IFCFACE((#9914));
#9916=IFCPOLYLOOP((#9673,#9690,#9692));
#9917=IFCFACEOUTERBOUND(#9916,.T.);
#9918=IFCFACE((#9917));
#9919=IFCPOLYLOOP((#9692,#9690,#9691));
#9920=IFCFACEOUTERBOUND(#9919,.T.);
#9921=IFCFACE((#9920));
#9922=IFCPOLYLOOP((#9688,#9693,#9689,#9692));
#9923=IFCFACEOUTERBOUND(#9922,.T.);
#9924=IFCFACE((#9923));
#9925=IFCPOLYLOOP((#9693,#9694,#9695));
#9926=IFCFACEOUTERBOUND(#9925,.T.);
#9927=IFCFACE((#9926));
#9928=IFCPOLYLOOP((#9693,#9660,#9689));
#9929=IFCFACEOUTERBOUND(#9928,.T.);
#9930=IFCFACE((#9929));
#9931=IFCPOLYLOOP((#9695,#9661,#9693));
#9932=IFCFACEOUTERBOUND(#9931,.T.);
#9933=IFCFACE((#9932));
#9934=IFCPOLYLOOP((#9699,#9700,#9701));
#9935=IFCFACEOUTERBOUND(#9934,.T.);
#9936=IFCFACE((#9935));
#9937=IFCPOLYLOOP((#9666,#9701,#9667));
#9938=IFCFACEOUTERBOUND(#9937,.T.);
#9939=IFCFACE((#9938));
#9940=IFCPOLYLOOP((#9698,#9699,#9666));
#9941=IFCFACEOUTERBOUND(#9940,.T.);
#9942=IFCFACE((#9941));
#9943=IFCPOLYLOOP((#9665,#9698,#9666));
#9944=IFCFACEOUTERBOUND(#9943,.T.);
#9945=IFCFACE((#9944));
#9946=IFCPOLYLOOP((#9698,#9665,#9697));
#9947=IFCFACEOUTERBOUND(#9946,.T.);
#9948=IFCFACE((#9947));
#9949=IFCPOLYLOOP((#9699,#9701,#9666));
#9950=IFCFACEOUTERBOUND(#9949,.T.);
#9951=IFCFACE((#9950));
#9952=IFCPOLYLOOP((#9664,#9697,#9665));
#9953=IFCFACEOUTERBOUND(#9952,.T.);
#9954=IFCFACE((#9953));
#9955=IFCPOLYLOOP((#9697,#9664,#9696));
#9956=IFCFACEOUTERBOUND(#9955,.T.);
#9957=IFCFACE((#9956));
#9958=IFCPOLYLOOP((#9664,#9663,#9696));
#9959=IFCFACEOUTERBOUND(#9958,.T.);
#9960=IFCFACE((#9959));
#9961=IFCPOLYLOOP((#9696,#9663,#9694));
#9962=IFCFACEOUTERBOUND(#9961,.T.);
#9963=IFCFACE((#9962));
#9964=IFCPOLYLOOP((#9694,#9663,#9695));
#9965=IFCFACEOUTERBOUND(#9964,.T.);
#9966=IFCFACE((#9965));
#9967=IFCPOLYLOOP((#9662,#9661,#9695));
#9968=IFCFACEOUTERBOUND(#9967,.T.);
#9969=IFCFACE((#9968));
#9970=IFCPOLYLOOP((#9663,#9662,#9695));
#9971=IFCFACEOUTERBOUND(#9970,.T.);
#9972=IFCFACE((#9971));
#9973=IFCPOLYLOOP((#9669,#9704,#9705));
#9974=IFCFACEOUTERBOUND(#9973,.T.);
#9975=IFCFACE((#9974));
#9976=IFCPOLYLOOP((#9670,#9669,#9705));
#9977=IFCFACEOUTERBOUND(#9976,.T.);
#9978=IFCFACE((#9977));
#9979=IFCPOLYLOOP((#9702,#9703,#9708));
#9980=IFCFACEOUTERBOUND(#9979,.T.);
#9981=IFCFACE((#9980));
#9982=IFCPOLYLOOP((#9708,#9669,#9668));
#9983=IFCFACEOUTERBOUND(#9982,.T.);
#9984=IFCFACE((#9983));
#9985=IFCPOLYLOOP((#9708,#9703,#9704));
#9986=IFCFACEOUTERBOUND(#9985,.T.);
#9987=IFCFACE((#9986));
#9988=IFCPOLYLOOP((#9704,#9669,#9708));
#9989=IFCFACEOUTERBOUND(#9988,.T.);
#9990=IFCFACE((#9989));
#9991=IFCPOLYLOOP((#9705,#9706,#9670));
#9992=IFCFACEOUTERBOUND(#9991,.T.);
#9993=IFCFACE((#9992));
#9994=IFCPOLYLOOP((#9707,#9691,#9690));
#9995=IFCFACEOUTERBOUND(#9994,.T.);
#9996=IFCFACE((#9995));
#9997=IFCPOLYLOOP((#9707,#9690,#9672));
#9998=IFCFACEOUTERBOUND(#9997,.T.);
#9999=IFCFACE((#9998));
#10000=IFCPOLYLOOP((#9672,#9690,#9673));
#10001=IFCFACEOUTERBOUND(#10000,.T.);
#10002=IFCFACE((#10001));
#10003=IFCPOLYLOOP((#9670,#9706,#9671));
#10004=IFCFACEOUTERBOUND(#10003,.T.);
#10005=IFCFACE((#10004));
#10006=IFCPOLYLOOP((#9707,#9672,#9671));
#10007=IFCFACEOUTERBOUND(#10006,.T.);
#10008=IFCFACE((#10007));
#10009=IFCPOLYLOOP((#9706,#9707,#9671));
#10010=IFCFACEOUTERBOUND(#10009,.T.);
#10011=IFCFACE((#10010));
#10012=IFCPOLYLOOP((#9699,#9698,#9712));
#10013=IFCFACEOUTERBOUND(#10012,.T.);
#10014=IFCFACE((#10013));
#10015=IFCPOLYLOOP((#9696,#9714,#9697));
#10016=IFCFACEOUTERBOUND(#10015,.T.);
#10017=IFCFACE((#10016));
#10018=IFCPOLYLOOP((#9714,#9712,#9697));
#10019=IFCFACEOUTERBOUND(#10018,.T.);
#10020=IFCFACE((#10019));
#10021=IFCPOLYLOOP((#9696,#9694,#9714));
#10022=IFCFACEOUTERBOUND(#10021,.T.);
#10023=IFCFACE((#10022));
#10024=IFCPOLYLOOP((#9714,#9693,#9713));
#10025=IFCFACEOUTERBOUND(#10024,.T.);
#10026=IFCFACE((#10025));
#10027=IFCPOLYLOOP((#9714,#9694,#9693));
#10028=IFCFACEOUTERBOUND(#10027,.T.);
#10029=IFCFACE((#10028));
#10030=IFCPOLYLOOP((#9709,#9712,#9713));
#10031=IFCFACEOUTERBOUND(#10030,.T.);
#10032=IFCFACE((#10031));
#10033=IFCPOLYLOOP((#9711,#9700,#9699));
#10034=IFCFACEOUTERBOUND(#10033,.T.);
#10035=IFCFACE((#10034));
#10036=IFCPOLYLOOP((#9712,#9711,#9699));
#10037=IFCFACEOUTERBOUND(#10036,.T.);
#10038=IFCFACE((#10037));
#10039=IFCPOLYLOOP((#9711,#9709,#9717));
#10040=IFCFACEOUTERBOUND(#10039,.T.);
#10041=IFCFACE((#10040));
#10042=IFCPOLYLOOP((#9711,#9712,#9709));
#10043=IFCFACEOUTERBOUND(#10042,.T.);
#10044=IFCFACE((#10043));
#10045=IFCPOLYLOOP((#9712,#9714,#9713));
#10046=IFCFACEOUTERBOUND(#10045,.T.);
#10047=IFCFACE((#10046));
#10048=IFCPOLYLOOP((#9693,#9688,#9713));
#10049=IFCFACEOUTERBOUND(#10048,.T.);
#10050=IFCFACE((#10049));
#10051=IFCPOLYLOOP((#9697,#9712,#9698));
#10052=IFCFACEOUTERBOUND(#10051,.T.);
#10053=IFCFACE((#10052));
#10054=IFCPOLYLOOP((#9703,#9718,#9704));
#10055=IFCFACEOUTERBOUND(#10054,.T.);
#10056=IFCFACE((#10055));
#10057=IFCPOLYLOOP((#9706,#9705,#9716));
#10058=IFCFACEOUTERBOUND(#10057,.T.);
#10059=IFCFACE((#10058));
#10060=IFCPOLYLOOP((#9707,#9716,#9692));
#10061=IFCFACEOUTERBOUND(#10060,.T.);
#10062=IFCFACE((#10061));
#10063=IFCPOLYLOOP((#9707,#9706,#9716));
#10064=IFCFACEOUTERBOUND(#10063,.T.);
#10065=IFCFACE((#10064));
#10066=IFCPOLYLOOP((#9707,#9692,#9691));
#10067=IFCFACEOUTERBOUND(#10066,.T.);
#10068=IFCFACE((#10067));
#10069=IFCPOLYLOOP((#9692,#9716,#9688));
#10070=IFCFACEOUTERBOUND(#10069,.T.);
#10071=IFCFACE((#10070));
#10072=IFCPOLYLOOP((#9704,#9718,#9705));
#10073=IFCFACEOUTERBOUND(#10072,.T.);
#10074=IFCFACE((#10073));
#10075=IFCPOLYLOOP((#9716,#9709,#9713));
#10076=IFCFACEOUTERBOUND(#10075,.T.);
#10077=IFCFACE((#10076));
#10078=IFCPOLYLOOP((#9716,#9705,#9718));
#10079=IFCFACEOUTERBOUND(#10078,.T.);
#10080=IFCFACE((#10079));
#10081=IFCPOLYLOOP((#9703,#9702,#9715));
#10082=IFCFACEOUTERBOUND(#10081,.T.);
#10083=IFCFACE((#10082));
#10084=IFCPOLYLOOP((#9715,#9710,#9711,#9717));
#10085=IFCFACEOUTERBOUND(#10084,.T.);
#10086=IFCFACE((#10085));
#10087=IFCPOLYLOOP((#9717,#9709,#9716));
#10088=IFCFACEOUTERBOUND(#10087,.T.);
#10089=IFCFACE((#10088));
#10090=IFCPOLYLOOP((#9717,#9716,#9718));
#10091=IFCFACEOUTERBOUND(#10090,.T.);
#10092=IFCFACE((#10091));
#10093=IFCPOLYLOOP((#9717,#9718,#9715));
#10094=IFCFACEOUTERBOUND(#10093,.T.);
#10095=IFCFACE((#10094));
#10096=IFCPOLYLOOP((#9718,#9703,#9715));
#10097=IFCFACEOUTERBOUND(#10096,.T.);
#10098=IFCFACE((#10097));
#10099=IFCPOLYLOOP((#9725,#9726,#9668));
#10100=IFCFACEOUTERBOUND(#10099,.T.);
#10101=IFCFACE((#10100));
#10102=IFCPOLYLOOP((#9724,#9725,#9668));
#10103=IFCFACEOUTERBOUND(#10102,.T.);
#10104=IFCFACE((#10103));
#10105=IFCPOLYLOOP((#9725,#9743,#9726));
#10106=IFCFACEOUTERBOUND(#10105,.T.);
#10107=IFCFACE((#10106));
#10108=IFCPOLYLOOP((#9743,#9725,#9724));
#10109=IFCFACEOUTERBOUND(#10108,.T.);
#10110=IFCFACE((#10109));
#10111=IFCPOLYLOOP((#9668,#9658,#9724));
#10112=IFCFACEOUTERBOUND(#10111,.T.);
#10113=IFCFACE((#10112));
#10114=IFCPOLYLOOP((#9723,#9724,#9658));
#10115=IFCFACEOUTERBOUND(#10114,.T.);
#10116=IFCFACE((#10115));
#10117=IFCPOLYLOOP((#9656,#9743,#9724));
#10118=IFCFACEOUTERBOUND(#10117,.T.);
#10119=IFCFACE((#10118));
#10120=IFCPOLYLOOP((#9656,#9724,#9723));
#10121=IFCFACEOUTERBOUND(#10120,.T.);
#10122=IFCFACE((#10121));
#10123=IFCPOLYLOOP((#9723,#9658,#9657));
#10124=IFCFACEOUTERBOUND(#10123,.T.);
#10125=IFCFACE((#10124));
#10126=IFCPOLYLOOP((#9657,#9656,#9723));
#10127=IFCFACEOUTERBOUND(#10126,.T.);
#10128=IFCFACE((#10127));
#10129=IFCPOLYLOOP((#9649,#9743,#9656));
#10130=IFCFACEOUTERBOUND(#10129,.T.);
#10131=IFCFACE((#10130));
#10132=IFCPOLYLOOP((#9649,#9759,#9743));
#10133=IFCFACEOUTERBOUND(#10132,.T.);
#10134=IFCFACE((#10133));
#10135=IFCPOLYLOOP((#9649,#9752,#9759));
#10136=IFCFACEOUTERBOUND(#10135,.T.);
#10137=IFCFACE((#10136));
#10138=IFCPOLYLOOP((#9649,#9757,#9752));
#10139=IFCFACEOUTERBOUND(#10138,.T.);
#10140=IFCFACE((#10139));
#10141=IFCPOLYLOOP((#9649,#9744,#9757));
#10142=IFCFACEOUTERBOUND(#10141,.T.);
#10143=IFCFACE((#10142));
#10144=IFCPOLYLOOP((#9744,#9649,#9721));
#10145=IFCFACEOUTERBOUND(#10144,.T.);
#10146=IFCFACE((#10145));
#10147=IFCPOLYLOOP((#9721,#9649,#9722));
#10148=IFCFACEOUTERBOUND(#10147,.T.);
#10149=IFCFACE((#10148));
#10150=IFCPOLYLOOP((#9722,#9649,#9648));
#10151=IFCFACEOUTERBOUND(#10150,.T.);
#10152=IFCFACE((#10151));
#10153=IFCPOLYLOOP((#9722,#9648,#9653));
#10154=IFCFACEOUTERBOUND(#10153,.T.);
#10155=IFCFACE((#10154));
#10156=IFCPOLYLOOP((#9653,#9658,#9668));
#10157=IFCFACEOUTERBOUND(#10156,.T.);
#10158=IFCFACE((#10157));
#10159=IFCPOLYLOOP((#9722,#9653,#9721));
#10160=IFCFACEOUTERBOUND(#10159,.T.);
#10161=IFCFACE((#10160));
#10162=IFCPOLYLOOP((#9667,#9721,#9653));
#10163=IFCFACEOUTERBOUND(#10162,.T.);
#10164=IFCFACE((#10163));
#10165=IFCPOLYLOOP((#9653,#9668,#9680));
#10166=IFCFACEOUTERBOUND(#10165,.T.);
#10167=IFCFACE((#10166));
#10168=IFCPOLYLOOP((#9653,#9680,#9674));
#10169=IFCFACEOUTERBOUND(#10168,.T.);
#10170=IFCFACE((#10169));
#10171=IFCPOLYLOOP((#9653,#9674,#9677));
#10172=IFCFACEOUTERBOUND(#10171,.T.);
#10173=IFCFACE((#10172));
#10174=IFCPOLYLOOP((#9653,#9677,#9683));
#10175=IFCFACEOUTERBOUND(#10174,.T.);
#10176=IFCFACE((#10175));
#10177=IFCPOLYLOOP((#9653,#9683,#9667));
#10178=IFCFACEOUTERBOUND(#10177,.T.);
#10179=IFCFACE((#10178));
#10180=IFCPOLYLOOP((#9720,#9721,#9667));
#10181=IFCFACEOUTERBOUND(#10180,.T.);
#10182=IFCFACE((#10181));
#10183=IFCPOLYLOOP((#9719,#9720,#9667));
#10184=IFCFACEOUTERBOUND(#10183,.T.);
#10185=IFCFACE((#10184));
#10186=IFCPOLYLOOP((#9720,#9719,#9744));
#10187=IFCFACEOUTERBOUND(#10186,.T.);
#10188=IFCFACE((#10187));
#10189=IFCPOLYLOOP((#9720,#9744,#9721));
#10190=IFCFACEOUTERBOUND(#10189,.T.);
#10191=IFCFACE((#10190));
#10192=IFCPOLYLOOP((#9708,#9726,#9727));
#10193=IFCFACEOUTERBOUND(#10192,.T.);
#10194=IFCFACE((#10193));
#10195=IFCPOLYLOOP((#9708,#9727,#9728));
#10196=IFCFACEOUTERBOUND(#10195,.T.);
#10197=IFCFACE((#10196));
#10198=IFCPOLYLOOP((#9726,#9708,#9668));
#10199=IFCFACEOUTERBOUND(#10198,.T.);
#10200=IFCFACE((#10199));
#10201=IFCPOLYLOOP((#9728,#9702,#9708));
#10202=IFCFACEOUTERBOUND(#10201,.T.);
#10203=IFCFACE((#10202));
#10204=IFCPOLYLOOP((#9782,#9727,#9726));
#10205=IFCFACEOUTERBOUND(#10204,.T.);
#10206=IFCFACE((#10205));
#10207=IFCPOLYLOOP((#9726,#9743,#9782));
#10208=IFCFACEOUTERBOUND(#10207,.T.);
#10209=IFCFACE((#10208));
#10210=IFCPOLYLOOP((#9728,#9782,#9781));
#10211=IFCFACEOUTERBOUND(#10210,.T.);
#10212=IFCFACE((#10211));
#10213=IFCPOLYLOOP((#9782,#9728,#9727));
#10214=IFCFACEOUTERBOUND(#10213,.T.);
#10215=IFCFACE((#10214));
#10216=IFCPOLYLOOP((#9701,#9729,#9730));
#10217=IFCFACEOUTERBOUND(#10216,.T.);
#10218=IFCFACE((#10217));
#10219=IFCPOLYLOOP((#9729,#9701,#9700));
#10220=IFCFACEOUTERBOUND(#10219,.T.);
#10221=IFCFACE((#10220));
#10222=IFCPOLYLOOP((#9730,#9667,#9701));
#10223=IFCFACEOUTERBOUND(#10222,.T.);
#10224=IFCFACE((#10223));
#10225=IFCPOLYLOOP((#9775,#9730,#9729));
#10226=IFCFACEOUTERBOUND(#10225,.T.);
#10227=IFCFACE((#10226));
#10228=IFCPOLYLOOP((#9729,#9776,#9775));
#10229=IFCFACEOUTERBOUND(#10228,.T.);
#10230=IFCFACE((#10229));
#10231=IFCPOLYLOOP((#9730,#9775,#9744));
#10232=IFCFACEOUTERBOUND(#10231,.T.);
#10233=IFCFACE((#10232));
#10234=IFCPOLYLOOP((#9744,#9719,#9730));
#10235=IFCFACEOUTERBOUND(#10234,.T.);
#10236=IFCFACE((#10235));
#10237=IFCPOLYLOOP((#9667,#9730,#9719));
#10238=IFCFACEOUTERBOUND(#10237,.T.);
#10239=IFCFACE((#10238));
#10240=IFCPOLYLOOP((#9736,#9729,#9700));
#10241=IFCFACEOUTERBOUND(#10240,.T.);
#10242=IFCFACE((#10241));
#10243=IFCPOLYLOOP((#9711,#9736,#9700));
#10244=IFCFACEOUTERBOUND(#10243,.T.);
#10245=IFCFACE((#10244));
#10246=IFCPOLYLOOP((#9711,#9735,#9736));
#10247=IFCFACEOUTERBOUND(#10246,.T.);
#10248=IFCFACE((#10247));
#10249=IFCPOLYLOOP((#9736,#9776,#9729));
#10250=IFCFACEOUTERBOUND(#10249,.T.);
#10251=IFCFACE((#10250));
#10252=IFCPOLYLOOP((#9789,#9776,#9736));
#10253=IFCFACEOUTERBOUND(#10252,.T.);
#10254=IFCFACE((#10253));
#10255=IFCPOLYLOOP((#9789,#9736,#9735));
#10256=IFCFACEOUTERBOUND(#10255,.T.);
#10257=IFCFACE((#10256));
#10258=IFCPOLYLOOP((#9735,#9711,#9734));
#10259=IFCFACEOUTERBOUND(#10258,.T.);
#10260=IFCFACE((#10259));
#10261=IFCPOLYLOOP((#9789,#9735,#9734));
#10262=IFCFACEOUTERBOUND(#10261,.T.);
#10263=IFCFACE((#10262));
#10264=IFCPOLYLOOP((#9734,#9711,#9652));
#10265=IFCFACEOUTERBOUND(#10264,.T.);
#10266=IFCFACE((#10265));
#10267=IFCPOLYLOOP((#9734,#9652,#9651));
#10268=IFCFACEOUTERBOUND(#10267,.T.);
#10269=IFCFACE((#10268));
#10270=IFCPOLYLOOP((#9734,#9650,#9789));
#10271=IFCFACEOUTERBOUND(#10270,.T.);
#10272=IFCFACE((#10271));
#10273=IFCPOLYLOOP((#9650,#9734,#9651));
#10274=IFCFACEOUTERBOUND(#10273,.T.);
#10275=IFCFACE((#10274));
#10276=IFCPOLYLOOP((#9650,#9790,#9789));
#10277=IFCFACEOUTERBOUND(#10276,.T.);
#10278=IFCFACE((#10277));
#10279=IFCPOLYLOOP((#9795,#9790,#9650));
#10280=IFCFACEOUTERBOUND(#10279,.T.);
#10281=IFCFACE((#10280));
#10282=IFCPOLYLOOP((#9650,#9655,#9795));
#10283=IFCFACEOUTERBOUND(#10282,.T.);
#10284=IFCFACE((#10283));
#10285=IFCPOLYLOOP((#9795,#9655,#9781));
#10286=IFCFACEOUTERBOUND(#10285,.T.);
#10287=IFCFACE((#10286));
#10288=IFCPOLYLOOP((#9732,#9781,#9655));
#10289=IFCFACEOUTERBOUND(#10288,.T.);
#10290=IFCFACE((#10289));
#10291=IFCPOLYLOOP((#9655,#9733,#9732));
#10292=IFCFACEOUTERBOUND(#10291,.T.);
#10293=IFCFACE((#10292));
#10294=IFCPOLYLOOP((#9733,#9655,#9654));
#10295=IFCFACEOUTERBOUND(#10294,.T.);
#10296=IFCFACE((#10295));
#10297=IFCPOLYLOOP((#9659,#9733,#9654));
#10298=IFCFACEOUTERBOUND(#10297,.T.);
#10299=IFCFACE((#10298));
#10300=IFCPOLYLOOP((#9732,#9733,#9659));
#10301=IFCFACEOUTERBOUND(#10300,.T.);
#10302=IFCFACE((#10301));
#10303=IFCPOLYLOOP((#9659,#9652,#9715));
#10304=IFCFACEOUTERBOUND(#10303,.T.);
#10305=IFCFACE((#10304));
#10306=IFCPOLYLOOP((#9702,#9732,#9659));
#10307=IFCFACEOUTERBOUND(#10306,.T.);
#10308=IFCFACE((#10307));
#10309=IFCPOLYLOOP((#9715,#9702,#9659));
#10310=IFCFACEOUTERBOUND(#10309,.T.);
#10311=IFCFACE((#10310));
#10312=IFCPOLYLOOP((#9731,#9732,#9702));
#10313=IFCFACEOUTERBOUND(#10312,.T.);
#10314=IFCFACE((#10313));
#10315=IFCPOLYLOOP((#9728,#9731,#9702));
#10316=IFCFACEOUTERBOUND(#10315,.T.);
#10317=IFCFACE((#10316));
#10318=IFCPOLYLOOP((#9731,#9728,#9781));
#10319=IFCFACEOUTERBOUND(#10318,.T.);
#10320=IFCFACE((#10319));
#10321=IFCPOLYLOOP((#9732,#9731,#9781));
#10322=IFCFACEOUTERBOUND(#10321,.T.);
#10323=IFCFACE((#10322));
#10324=IFCPOLYLOOP((#9710,#9652,#9711));
#10325=IFCFACEOUTERBOUND(#10324,.T.);
#10326=IFCFACE((#10325));
#10327=IFCPOLYLOOP((#9715,#9652,#9710));
#10328=IFCFACEOUTERBOUND(#10327,.T.);
#10329=IFCFACE((#10328));
#10330=IFCPOLYLOOP((#9765,#9737,#9764));
#10331=IFCFACEOUTERBOUND(#10330,.T.);
#10332=IFCFACE((#10331));
#10333=IFCPOLYLOOP((#9762,#9741,#9742));
#10334=IFCFACEOUTERBOUND(#10333,.T.);
#10335=IFCFACE((#10334));
#10336=IFCPOLYLOOP((#9744,#9760,#9757));
#10337=IFCFACEOUTERBOUND(#10336,.T.);
#10338=IFCFACE((#10337));
#10339=IFCPOLYLOOP((#9748,#9756,#9747));
#10340=IFCFACEOUTERBOUND(#10339,.T.);
#10341=IFCFACE((#10340));
#10342=IFCPOLYLOOP((#9756,#9760,#9746));
#10343=IFCFACEOUTERBOUND(#10342,.T.);
#10344=IFCFACE((#10343));
#10345=IFCPOLYLOOP((#9751,#9753,#9756));
#10346=IFCFACEOUTERBOUND(#10345,.T.);
#10347=IFCFACE((#10346));
#10348=IFCPOLYLOOP((#9754,#9757,#9760));
#10349=IFCFACEOUTERBOUND(#10348,.T.);
#10350=IFCFACE((#10349));
#10351=IFCPOLYLOOP((#9762,#9742,#9743));
#10352=IFCFACEOUTERBOUND(#10351,.T.);
#10353=IFCFACE((#10352));
#10354=IFCPOLYLOOP((#9756,#9754,#9760));
#10355=IFCFACEOUTERBOUND(#10354,.T.);
#10356=IFCFACE((#10355));
#10357=IFCPOLYLOOP((#9766,#9757,#9754));
#10358=IFCFACEOUTERBOUND(#10357,.T.);
#10359=IFCFACE((#10358));
#10360=IFCPOLYLOOP((#9755,#9762,#9763));
#10361=IFCFACEOUTERBOUND(#10360,.T.);
#10362=IFCFACE((#10361));
#10363=IFCPOLYLOOP((#9758,#9761,#9755));
#10364=IFCFACEOUTERBOUND(#10363,.T.);
#10365=IFCFACE((#10364));
#10366=IFCPOLYLOOP((#9764,#9755,#9763));
#10367=IFCFACEOUTERBOUND(#10366,.T.);
#10368=IFCFACE((#10367));
#10369=IFCPOLYLOOP((#9745,#9760,#9744));
#10370=IFCFACEOUTERBOUND(#10369,.T.);
#10371=IFCFACE((#10370));
#10372=IFCPOLYLOOP((#9750,#9751,#9749));
#10373=IFCFACEOUTERBOUND(#10372,.T.);
#10374=IFCFACE((#10373));
#10375=IFCPOLYLOOP((#9765,#9756,#9753));
#10376=IFCFACEOUTERBOUND(#10375,.T.);
#10377=IFCFACE((#10376));
#10378=IFCPOLYLOOP((#9761,#9738,#9739));
#10379=IFCFACEOUTERBOUND(#10378,.T.);
#10380=IFCFACE((#10379));
#10381=IFCPOLYLOOP((#9747,#9756,#9746));
#10382=IFCFACEOUTERBOUND(#10381,.T.);
#10383=IFCFACE((#10382));
#10384=IFCPOLYLOOP((#9759,#9762,#9743));
#10385=IFCFACEOUTERBOUND(#10384,.T.);
#10386=IFCFACE((#10385));
#10387=IFCPOLYLOOP((#9740,#9741,#9761));
#10388=IFCFACEOUTERBOUND(#10387,.T.);
#10389=IFCFACE((#10388));
#10390=IFCPOLYLOOP((#9758,#9738,#9761));
#10391=IFCFACEOUTERBOUND(#10390,.T.);
#10392=IFCFACE((#10391));
#10393=IFCPOLYLOOP((#9762,#9755,#9761));
#10394=IFCFACEOUTERBOUND(#10393,.T.);
#10395=IFCFACE((#10394));
#10396=IFCPOLYLOOP((#9755,#9737,#9758));
#10397=IFCFACEOUTERBOUND(#10396,.T.);
#10398=IFCFACE((#10397));
#10399=IFCPOLYLOOP((#9764,#9737,#9755));
#10400=IFCFACEOUTERBOUND(#10399,.T.);
#10401=IFCFACE((#10400));
#10402=IFCPOLYLOOP((#9749,#9756,#9748));
#10403=IFCFACEOUTERBOUND(#10402,.T.);
#10404=IFCFACE((#10403));
#10405=IFCPOLYLOOP((#9749,#9751,#9756));
#10406=IFCFACEOUTERBOUND(#10405,.T.);
#10407=IFCFACE((#10406));
#10408=IFCPOLYLOOP((#9761,#9739,#9740));
#10409=IFCFACEOUTERBOUND(#10408,.T.);
#10410=IFCFACE((#10409));
#10411=IFCPOLYLOOP((#9746,#9760,#9745));
#10412=IFCFACEOUTERBOUND(#10411,.T.);
#10413=IFCFACE((#10412));
#10414=IFCPOLYLOOP((#9762,#9761,#9741));
#10415=IFCFACEOUTERBOUND(#10414,.T.);
#10416=IFCFACE((#10415));
#10417=IFCPOLYLOOP((#9763,#9759,#9752));
#10418=IFCFACEOUTERBOUND(#10417,.T.);
#10419=IFCFACE((#10418));
#10420=IFCPOLYLOOP((#9759,#9763,#9762));
#10421=IFCFACEOUTERBOUND(#10420,.T.);
#10422=IFCFACE((#10421));
#10423=IFCPOLYLOOP((#9766,#9763,#9752));
#10424=IFCFACEOUTERBOUND(#10423,.T.);
#10425=IFCFACE((#10424));
#10426=IFCPOLYLOOP((#9766,#9764,#9763));
#10427=IFCFACEOUTERBOUND(#10426,.T.);
#10428=IFCFACE((#10427));
#10429=IFCPOLYLOOP((#9765,#9754,#9756));
#10430=IFCFACEOUTERBOUND(#10429,.T.);
#10431=IFCFACE((#10430));
#10432=IFCPOLYLOOP((#9737,#9765,#9753));
#10433=IFCFACEOUTERBOUND(#10432,.T.);
#10434=IFCFACE((#10433));
#10435=IFCPOLYLOOP((#9764,#9754,#9765));
#10436=IFCFACEOUTERBOUND(#10435,.T.);
#10437=IFCFACE((#10436));
#10438=IFCPOLYLOOP((#9757,#9766,#9752));
#10439=IFCFACEOUTERBOUND(#10438,.T.);
#10440=IFCFACE((#10439));
#10441=IFCPOLYLOOP((#9764,#9766,#9754));
#10442=IFCFACEOUTERBOUND(#10441,.T.);
#10443=IFCFACE((#10442));
#10444=IFCPOLYLOOP((#9771,#9774,#9767,#9768));
#10445=IFCFACEOUTERBOUND(#10444,.T.);
#10446=IFCFACE((#10445));
#10447=IFCPOLYLOOP((#9770,#9768,#9769));
#10448=IFCFACEOUTERBOUND(#10447,.T.);
#10449=IFCFACE((#10448));
#10450=IFCPOLYLOOP((#9772,#9773,#9774));
#10451=IFCFACEOUTERBOUND(#10450,.T.);
#10452=IFCFACE((#10451));
#10453=IFCPOLYLOOP((#9768,#9738,#9758,#9737));
#10454=IFCFACEOUTERBOUND(#10453,.T.);
#10455=IFCFACE((#10454));
#10456=IFCPOLYLOOP((#9774,#9737,#9753,#9751));
#10457=IFCFACEOUTERBOUND(#10456,.T.);
#10458=IFCFACE((#10457));
#10459=IFCPOLYLOOP((#9738,#9768,#9770));
#10460=IFCFACEOUTERBOUND(#10459,.T.);
#10461=IFCFACE((#10460));
#10462=IFCPOLYLOOP((#9737,#9771,#9768));
#10463=IFCFACEOUTERBOUND(#10462,.T.);
#10464=IFCFACE((#10463));
#10465=IFCPOLYLOOP((#9737,#9774,#9771));
#10466=IFCFACEOUTERBOUND(#10465,.T.);
#10467=IFCFACE((#10466));
#10468=IFCPOLYLOOP((#9772,#9774,#9751));
#10469=IFCFACEOUTERBOUND(#10468,.T.);
#10470=IFCFACE((#10469));
#10471=IFCPOLYLOOP((#9775,#9776,#9777));
#10472=IFCFACEOUTERBOUND(#10471,.T.);
#10473=IFCFACE((#10472));
#10474=IFCPOLYLOOP((#9775,#9777,#9745));
#10475=IFCFACEOUTERBOUND(#10474,.T.);
#10476=IFCFACE((#10475));
#10477=IFCPOLYLOOP((#9745,#9777,#9778));
#10478=IFCFACEOUTERBOUND(#10477,.T.);
#10479=IFCFACE((#10478));
#10480=IFCPOLYLOOP((#9745,#9744,#9775));
#10481=IFCFACEOUTERBOUND(#10480,.T.);
#10482=IFCFACE((#10481));
#10483=IFCPOLYLOOP((#9779,#9747,#9746));
#10484=IFCFACEOUTERBOUND(#10483,.T.);
#10485=IFCFACE((#10484));
#10486=IFCPOLYLOOP((#9745,#9778,#9746));
#10487=IFCFACEOUTERBOUND(#10486,.T.);
#10488=IFCFACE((#10487));
#10489=IFCPOLYLOOP((#9746,#9778,#9779));
#10490=IFCFACEOUTERBOUND(#10489,.T.);
#10491=IFCFACE((#10490));
#10492=IFCPOLYLOOP((#9747,#9780,#9748));
#10493=IFCFACEOUTERBOUND(#10492,.T.);
#10494=IFCFACE((#10493));
#10495=IFCPOLYLOOP((#9780,#9747,#9779));
#10496=IFCFACEOUTERBOUND(#10495,.T.);
#10497=IFCFACE((#10496));
#10498=IFCPOLYLOOP((#9748,#9780,#9749));
#10499=IFCFACEOUTERBOUND(#10498,.T.);
#10500=IFCFACE((#10499));
#10501=IFCPOLYLOOP((#9772,#9780,#9773));
#10502=IFCFACEOUTERBOUND(#10501,.T.);
#10503=IFCFACE((#10502));
#10504=IFCPOLYLOOP((#9750,#9749,#9772));
#10505=IFCFACEOUTERBOUND(#10504,.T.);
#10506=IFCFACE((#10505));
#10507=IFCPOLYLOOP((#9772,#9751,#9750));
#10508=IFCFACEOUTERBOUND(#10507,.T.);
#10509=IFCFACE((#10508));
#10510=IFCPOLYLOOP((#9749,#9780,#9772));
#10511=IFCFACEOUTERBOUND(#10510,.T.);
#10512=IFCFACE((#10511));
#10513=IFCPOLYLOOP((#9769,#9783,#9770));
#10514=IFCFACEOUTERBOUND(#10513,.T.);
#10515=IFCFACE((#10514));
#10516=IFCPOLYLOOP((#9740,#9784,#9741));
#10517=IFCFACEOUTERBOUND(#10516,.T.);
#10518=IFCFACE((#10517));
#10519=IFCPOLYLOOP((#9783,#9784,#9740));
#10520=IFCFACEOUTERBOUND(#10519,.T.);
#10521=IFCFACE((#10520));
#10522=IFCPOLYLOOP((#9738,#9770,#9739));
#10523=IFCFACEOUTERBOUND(#10522,.T.);
#10524=IFCFACE((#10523));
#10525=IFCPOLYLOOP((#9739,#9770,#9783));
#10526=IFCFACEOUTERBOUND(#10525,.T.);
#10527=IFCFACE((#10526));
#10528=IFCPOLYLOOP((#9783,#9740,#9739));
#10529=IFCFACEOUTERBOUND(#10528,.T.);
#10530=IFCFACE((#10529));
#10531=IFCPOLYLOOP((#9784,#9785,#9741));
#10532=IFCFACEOUTERBOUND(#10531,.T.);
#10533=IFCFACE((#10532));
#10534=IFCPOLYLOOP((#9742,#9786,#9787));
#10535=IFCFACEOUTERBOUND(#10534,.T.);
#10536=IFCFACE((#10535));
#10537=IFCPOLYLOOP((#9787,#9788,#9782));
#10538=IFCFACEOUTERBOUND(#10537,.T.);
#10539=IFCFACE((#10538));
#10540=IFCPOLYLOOP((#9781,#9782,#9788));
#10541=IFCFACEOUTERBOUND(#10540,.T.);
#10542=IFCFACE((#10541));
#10543=IFCPOLYLOOP((#9741,#9786,#9742));
#10544=IFCFACEOUTERBOUND(#10543,.T.);
#10545=IFCFACE((#10544));
#10546=IFCPOLYLOOP((#9782,#9743,#9742));
#10547=IFCFACEOUTERBOUND(#10546,.T.);
#10548=IFCFACE((#10547));
#10549=IFCPOLYLOOP((#9787,#9782,#9742));
#10550=IFCFACEOUTERBOUND(#10549,.T.);
#10551=IFCFACE((#10550));
#10552=IFCPOLYLOOP((#9786,#9741,#9785));
#10553=IFCFACEOUTERBOUND(#10552,.T.);
#10554=IFCFACE((#10553));
#10555=IFCPOLYLOOP((#9792,#9778,#9777));
#10556=IFCFACEOUTERBOUND(#10555,.T.);
#10557=IFCFACE((#10556));
#10558=IFCPOLYLOOP((#9779,#9794,#9780));
#10559=IFCFACEOUTERBOUND(#10558,.T.);
#10560=IFCFACE((#10559));
#10561=IFCPOLYLOOP((#9779,#9792,#9794));
#10562=IFCFACEOUTERBOUND(#10561,.T.);
#10563=IFCFACE((#10562));
#10564=IFCPOLYLOOP((#9794,#9773,#9780));
#10565=IFCFACEOUTERBOUND(#10564,.T.);
#10566=IFCFACE((#10565));
#10567=IFCPOLYLOOP((#9793,#9774,#9794));
#10568=IFCFACEOUTERBOUND(#10567,.T.);
#10569=IFCFACE((#10568));
#10570=IFCPOLYLOOP((#9774,#9773,#9794));
#10571=IFCFACEOUTERBOUND(#10570,.T.);
#10572=IFCFACE((#10571));
#10573=IFCPOLYLOOP((#9793,#9792,#9791));
#10574=IFCFACEOUTERBOUND(#10573,.T.);
#10575=IFCFACE((#10574));
#10576=IFCPOLYLOOP((#9777,#9776,#9789));
#10577=IFCFACEOUTERBOUND(#10576,.T.);
#10578=IFCFACE((#10577));
#10579=IFCPOLYLOOP((#9777,#9789,#9792));
#10580=IFCFACEOUTERBOUND(#10579,.T.);
#10581=IFCFACE((#10580));
#10582=IFCPOLYLOOP((#9789,#9790,#9795,#9797));
#10583=IFCFACEOUTERBOUND(#10582,.T.);
#10584=IFCFACE((#10583));
#10585=IFCPOLYLOOP((#9791,#9792,#9789));
#10586=IFCFACEOUTERBOUND(#10585,.T.);
#10587=IFCFACE((#10586));
#10588=IFCPOLYLOOP((#9793,#9794,#9792));
#10589=IFCFACEOUTERBOUND(#10588,.T.);
#10590=IFCFACE((#10589));
#10591=IFCPOLYLOOP((#9793,#9791,#9768,#9767,#9774));
#10592=IFCFACEOUTERBOUND(#10591,.T.);
#10593=IFCFACE((#10592));
#10594=IFCPOLYLOOP((#9778,#9792,#9779));
#10595=IFCFACEOUTERBOUND(#10594,.T.);
#10596=IFCFACE((#10595));
#10597=IFCPOLYLOOP((#9795,#9798,#9797));
#10598=IFCFACEOUTERBOUND(#10597,.T.);
#10599=IFCFACE((#10598));
#10600=IFCPOLYLOOP((#9784,#9796,#9785));
#10601=IFCFACEOUTERBOUND(#10600,.T.);
#10602=IFCFACE((#10601));
#10603=IFCPOLYLOOP((#9784,#9783,#9768));
#10604=IFCFACEOUTERBOUND(#10603,.T.);
#10605=IFCFACE((#10604));
#10606=IFCPOLYLOOP((#9769,#9768,#9783));
#10607=IFCFACEOUTERBOUND(#10606,.T.);
#10608=IFCFACE((#10607));
#10609=IFCPOLYLOOP((#9784,#9768,#9796));
#10610=IFCFACEOUTERBOUND(#10609,.T.);
#10611=IFCFACE((#10610));
#10612=IFCPOLYLOOP((#9791,#9796,#9768));
#10613=IFCFACEOUTERBOUND(#10612,.T.);
#10614=IFCFACE((#10613));
#10615=IFCPOLYLOOP((#9798,#9787,#9786));
#10616=IFCFACEOUTERBOUND(#10615,.T.);
#10617=IFCFACE((#10616));
#10618=IFCPOLYLOOP((#9798,#9795,#9781));
#10619=IFCFACEOUTERBOUND(#10618,.T.);
#10620=IFCFACE((#10619));
#10621=IFCPOLYLOOP((#9788,#9798,#9781));
#10622=IFCFACEOUTERBOUND(#10621,.T.);
#10623=IFCFACE((#10622));
#10624=IFCPOLYLOOP((#9797,#9798,#9796));
#10625=IFCFACEOUTERBOUND(#10624,.T.);
#10626=IFCFACE((#10625));
#10627=IFCPOLYLOOP((#9785,#9796,#9786));
#10628=IFCFACEOUTERBOUND(#10627,.T.);
#10629=IFCFACE((#10628));
#10630=IFCPOLYLOOP((#9797,#9796,#9791));
#10631=IFCFACEOUTERBOUND(#10630,.T.);
#10632=IFCFACE((#10631));
#10633=IFCPOLYLOOP((#9786,#9796,#9798));
#10634=IFCFACEOUTERBOUND(#10633,.T.);
#10635=IFCFACE((#10634));
#10636=IFCPOLYLOOP((#9787,#9798,#9788));
#10637=IFCFACEOUTERBOUND(#10636,.T.);
#10638=IFCFACE((#10637));
#10639=IFCPOLYLOOP((#9650,#9649,#9656,#9655));
#10640=IFCFACEOUTERBOUND(#10639,.T.);
#10641=IFCFACE((#10640));
#10642=IFCPOLYLOOP((#9653,#9652,#9659,#9658));
#10643=IFCFACEOUTERBOUND(#10642,.T.);
#10644=IFCFACE((#10643));
#10645=IFCPOLYLOOP((#9716,#9713,#9688));
#10646=IFCFACEOUTERBOUND(#10645,.T.);
#10647=IFCFACE((#10646));
#10648=IFCPOLYLOOP((#9789,#9797,#9791));
#10649=IFCFACEOUTERBOUND(#10648,.T.);
#10650=IFCFACE((#10649));
#10651=IFCCONNECTEDFACESET((#61,#66,#71,#74,#77,#80));
#10652=IFCCONNECTEDFACESET((#97,#100,#103,#106,#109,#112,#115,#118,#121,#124,#127,#130,#133,#136,#139,#142,#145,#148,#151));
#10653=IFCCONNECTEDFACESET((#168,#171,#174,#177,#180,#183,#186,#189,#192,#195,#198,#201,#204,#207,#210,#213,#216,#219,#222));
#10654=IFCCONNECTEDFACESET((#239,#242,#245,#248,#251,#254,#257,#260,#263,#266,#269,#272,#275,#278,#281,#284,#287));
#10655=IFCCONNECTEDFACESET((#304,#307,#310,#313,#316,#319,#322,#325,#328,#331,#334,#337,#340,#343,#346,#349,#352));
#10656=IFCCONNECTEDFACESET((#369,#372,#375,#378,#381,#384,#387,#390,#393,#396,#399,#402,#405,#408,#411,#414,#417));
#10657=IFCCONNECTEDFACESET((#434,#437,#440,#443,#446,#449,#452,#455,#458,#461,#464,#467,#470,#473,#476,#479,#482,#485,#488));
#10658=IFCCONNECTEDFACESET((#505,#508,#511,#514,#517,#520,#523,#526,#529,#532,#535,#538,#541,#544,#547,#550,#553,#556,#559));
#10659=IFCCONNECTEDFACESET((#756,#759,#762,#765,#768,#771,#774,#777,#780,#783,#786,#789,#792,#795,#798,#801,#804,#807,#810,#813,#816,#819,#822,#825,#828,#831,#834,#837,#840,#843,#846,#849,#852,#855,#858,#861,#864,#867,#870,#873,#876,#879,#882,#885,#888,#891,#894,#897,#900,#903,#906,#909,#912,#915,#918,#921,#924,#927,#930,#933,#936,#939,#942,#945,#948,#951,#954,#957,#960,#963,#966,#969,#972,#975,#978,#981,#984,#987,#990,#993,#996,#999,#1002,#1005,#1008,#1011,#1014,#1017,#1020,#1023,#1026,#1029,#1032,#1035,#1038,#1041,#1044,#1047,#1050,#1053,#1056,#1059,#1062,#1065,#1068,#1071,#1074,#1077,#1080,#1083,#1086,#1089,#1092,#1095,#1098,#1101,#1104,#1107,#1110,#1113,#1116,#1119,#1122,#1125,#1128,#1131,#1134,#1137,#1140,#1143,#1146,#1149,#1152,#1155,#1158,#1161,#1164,#1167,#1170,#1173,#1176,#1179,#1182,#1185,#1188,#1191,#1194,#1197,#1200,#1203,#1206,#1209,#1212,#1215,#1218,#1221,#1224,#1227,#1230,#1233,#1236,#1239,#1242,#1245,#1248,#1251,#1254,#1257,#1260,#1263,#1266,#1269,#1272,#1275,#1278,#1281,#1284,#1287,#1290,#1293,#1296,#1299,#1302,#1305,#1308,#1311,#1314,#1317,#1320,#1323,#1326,#1329,#1332,#1335,#1338,#1341,#1344,#1347,#1350,#1353,#1356,#1359,#1362,#1365,#1368,#1371,#1374,#1377,#1380,#1383,#1386,#1389,#1392,#1395,#1398,#1401,#1404,#1407,#1410,#1413,#1416,#1419,#1422,#1425,#1428,#1431,#1434,#1437,#1440,#1443,#1446,#1449,#1452,#1455,#1458,#1461,#1464,#1467,#1470,#1473,#1476,#1479,#1482,#1485,#1488,#1491,#1494,#1497,#1500,#1503,#1506,#1509,#1512,#1515,#1518,#1521,#1524,#1527,#1530,#1533,#1536,#1539,#1542,#1545,#1548,#1551,#1554));
#10660=IFCCONNECTEDFACESET((#1561,#1566,#1571,#1574,#1577,#1580));
#10661=IFCCONNECTEDFACESET((#1615,#1618,#1621,#1624,#1627,#1630,#1633,#1636,#1639,#1642,#1645,#1648,#1651,#1654,#1657,#1660,#1663,#1666,#1669,#1672,#1675,#1678,#1681,#1684,#1687,#1690,#1693,#1696,#1699,#1702,#1705,#1708,#1711,#1714,#1717));
#10662=IFCCONNECTEDFACESET((#1724,#1729,#1734,#1737,#1740,#1743));
#10663=IFCCONNECTEDFACESET((#1750,#1755,#1760,#1763,#1766,#1769));
#10664=IFCCONNECTEDFACESET((#1824,#1827,#1830,#1833,#1836,#1839,#1842,#1845,#1848,#1851,#1854,#1857,#1860,#1863,#1866,#1869,#1872,#1875,#1878,#1881,#1884,#1887,#1890,#1893,#1896,#1899,#1902,#1905,#1908,#1911,#1914,#1917,#1920,#1923,#1926,#1929,#1932,#1935,#1938,#1941,#1944,#1947,#1950,#1953,#1956,#1959,#1962,#1965,#1968,#1971,#1974,#1977,#1980,#1983,#1986,#1989,#1992,#1995,#1998,#2001,#2004,#2007,#2010,#2013,#2016,#2019,#2022,#2025,#2028,#2031,#2034,#2037,#2040,#2043,#2046,#2049,#2052,#2055));
#10665=IFCCONNECTEDFACESET((#2110,#2113,#2116,#2119,#2122,#2125,#2128,#2131,#2134,#2137,#2140,#2143,#2146,#2149,#2152,#2155,#2158,#2161,#2164,#2167,#2170,#2173,#2176,#2179,#2182,#2185,#2188,#2191,#2194,#2197,#2200,#2203,#2206,#2209,#2212,#2215,#2218,#2221,#2224,#2227,#2230,#2233,#2236,#2239,#2242,#2245,#2248,#2251,#2254,#2257,#2260,#2263,#2266,#2269,#2272,#2275,#2278,#2281,#2284,#2287,#2290,#2293,#2296,#2299,#2302,#2305,#2308,#2311,#2314,#2317,#2320,#2323,#2326,#2329,#2332,#2335,#2338,#2341));
#10666=IFCCONNECTEDFACESET((#2565,#2568,#2571,#2574,#2577,#2580,#2583,#2586,#2589,#2592,#2595,#2598,#2601,#2604,#2607,#2610,#2613,#2616,#2619,#2622,#2625,#2628,#2631,#2634,#2637,#2640,#2643,#2646,#2649,#2652,#2655,#2658,#2661,#2664,#2667,#2670,#2673,#2676,#2679,#2682,#2685,#2688,#2691,#2694,#2697,#2700,#2703,#2706,#2709,#2712,#2715,#2718,#2721,#2724,#2727,#2730,#2733,#2736,#2739,#2742,#2745,#2748,#2751,#2754,#2757,#2760,#2763,#2766,#2769,#2772,#2775,#2778,#2781,#2784,#2787,#2790,#2793,#2796,#2799,#2802,#2805,#2808,#2811,#2814,#2817,#2820,#2823,#2826,#2829,#2832,#2835,#2838,#2841,#2844,#2847,#2850,#2853,#2856,#2859,#2862,#2865,#2868,#2871,#2874,#2877,#2880,#2883,#2886,#2889,#2892,#2895,#2898,#2901,#2904,#2907,#2910,#2913,#2916,#2919,#2922,#2925,#2928,#2931,#2934,#2937,#2940,#2943,#2946,#2949,#2952,#2955,#2958,#2961,#2964,#2967,#2970,#2973,#2976,#2979,#2982,#2985,#2988,#2991,#2994,#2997,#3000,#3003,#3006,#3009,#3012,#3015,#3018,#3021,#3024,#3027,#3030,#3033,#3036,#3039,#3042,#3045,#3048,#3051,#3054,#3057,#3060,#3063,#3066,#3069,#3072,#3075,#3078,#3081,#3084,#3087,#3090,#3093,#3096,#3099,#3102,#3105,#3108,#3111,#3114,#3117,#3120,#3123,#3126,#3129,#3132,#3135,#3138,#3141,#3144,#3147,#3150,#3153,#3156,#3159,#3162,#3165,#3168,#3171,#3174,#3177,#3180,#3183,#3186,#3189,#3192,#3195,#3198,#3201,#3204,#3207,#3210,#3213,#3216,#3219,#3222,#3225,#3228,#3231,#3234,#3237,#3240,#3243,#3246,#3249,#3252,#3255,#3258,#3261,#3264,#3267,#3270,#3273,#3276,#3279,#3282,#3285,#3288,#3291,#3294,#3297,#3300,#3303,#3306,#3309,#3312,#3315,#3318,#3321,#3324,#3327,#3330,#3333,#3336,#3339,#3342,#3345,#3348,#3351,#3354,#3357,#3360,#3363,#3366,#3369,#3372,#3375,#3378,#3381,#3384,#3387,#3390,#3393,#3396,#3399,#3402,#3405,#3408,#3411,#3414,#3417,#3420,#3423,#3426,#3429,#3432,#3435,#3438,#3441,#3444,#3447,#3450,#3453,#3456,#3459,#3462,#3465,#3468,#3471,#3474));
#10667=IFCCONNECTEDFACESET((#3481,#3486,#3491,#3494,#3497,#3500));
#10668=IFCCONNECTEDFACESET((#3507,#3512,#3517,#3520,#3523,#3526));
#10669=IFCCONNECTEDFACESET((#4503,#4506,#4509,#4512,#4515,#4518,#4521,#4524,#4527,#4530,#4533,#4536,#4539,#4542,#4545,#4548,#4551,#4554,#4557,#4560,#4563,#4566,#4569,#4572,#4575,#4578,#4581,#4584,#4587,#4590,#4593,#4596,#4599,#4602,#4605,#4608,#4611,#4614,#4617,#4620,#4623,#4626,#4629,#4632,#4635,#4638,#4641,#4644,#4647,#4650,#4653,#4656,#4659,#4662,#4665,#4668,#4671,#4674,#4677,#4680,#4683,#4686,#4689,#4692,#4695,#4698,#4701,#4704,#4707,#4710,#4713,#4716,#4719,#4722,#4725,#4728,#4731,#4734,#4737,#4740,#4743,#4746,#4749,#4752,#4755,#4758,#4761,#4764,#4767,#4770,#4773,#4776,#4779,#4782,#4785,#4788,#4791,#4794,#4797,#4800,#4803,#4806,#4809,#4812,#4815,#4818,#4821,#4824,#4827,#4830,#4833,#4836,#4839,#4842,#4845,#4848,#4851,#4854,#4857,#4860,#4863,#4866,#4869,#4872,#4875,#4878,#4881,#4884,#4887,#4890,#4893,#4896,#4899,#4902,#4905,#4908,#4911,#4914,#4917,#4920,#4923,#4926,#4929,#4932,#4935,#4938,#4941,#4944,#4947,#4950,#4953,#4956,#4959,#4962,#4965,#4968,#4971,#4974,#4977,#4980,#4983,#4986,#4989,#4992,#4995,#4998,#5001,#5004,#5007,#5010,#5013,#5016,#5019,#5022,#5025,#5028,#5031,#5034,#5037,#5040,#5043,#5046,#5049,#5052,#5055,#5058,#5061,#5064,#5067,#5070,#5073,#5076,#5079,#5082,#5085,#5088,#5091,#5094,#5097,#5100,#5103,#5106,#5109,#5112,#5115,#5118,#5121,#5124,#5127,#5130,#5133,#5136,#5139,#5142,#5145,#5148,#5151,#5154,#5157,#5160,#5163,#5166,#5169,#5172,#5175,#5178,#5181,#5184,#5187,#5190,#5193,#5196,#5199,#5202,#5205,#5208,#5211,#5214,#5217,#5220,#5223,#5226,#5229,#5232,#5235,#5238,#5241,#5244,#5247,#5250,#5253,#5256,#5259,#5262,#5265,#5268,#5271,#5274,#5277,#5280,#5283,#5286,#5289,#5292,#5295,#5298,#5301,#5304,#5307,#5310,#5313,#5316,#5319,#5322,#5325,#5328,#5331,#5334,#5337,#5340,#5343,#5346,#5349,#5352,#5355,#5358,#5361,#5364,#5367,#5370,#5373,#5376,#5379,#5382,#5385,#5388,#5391,#5394,#5397,#5400,#5403,#5406,#5409,#5412,#5415,#5418,#5421,#5424,#5427,#5430,#5433,#5436,#5439,#5442,#5445,#5448,#5451,#5454,#5457,#5460,#5463,#5466,#5469,#5472,#5475,#5478,#5481,#5484,#5487,#5490,#5493,#5496,#5499,#5502,#5505,#5508,#5511,#5514,#5517,#5520,#5523,#5526,#5529,#5532,#5535,#5538,#5541,#5544,#5547,#5550,#5553,#5556,#5559,#5562,#5565,#5568,#5571,#5574,#5577,#5580,#5583,#5586,#5589,#5592,#5595,#5598,#5601,#5604,#5607,#5610,#5613,#5616,#5619,#5622,#5625,#5628,#5631,#5634,#5637,#5640,#5643,#5646,#5649,#5652,#5655,#5658,#5661,#5664,#5667,#5670,#5673,#5676,#5679,#5682,#5685,#5688,#5691,#5694,#5697,#5700,#5703,#5706,#5709,#5712,#5715,#5718,#5721,#5724,#5727,#5730,#5733,#5736,#5739,#5742,#5745,#5748,#5751,#5754,#5757,#5760,#5763,#5766,#5769,#5772,#5775,#5778,#5781,#5784,#5787,#5790,#5793,#5796,#5799,#5802,#5805,#5808,#5811,#5814,#5817,#5820,#5823,#5826,#5829,#5832,#5835,#5838,#5841,#5844,#5847,#5850,#5853,#5856,#5859,#5862,#5865,#5868,#5871,#5874,#5877,#5880,#5883,#5886,#5889,#5892,#5895,#5898,#5901,#5904,#5907,#5910,#5913,#5916,#5919,#5922,#5925,#5928,#5931,#5934,#5937,#5940,#5943,#5946,#5949,#5952,#5955,#5958,#5961,#5964,#5967,#5970,#5973,#5976,#5979,#5982,#5985,#5988,#5991,#5994,#5997,#6000,#6003,#6006,#6009,#6012,#6015,#6018,#6021,#6024,#6027,#6030,#6033,#6036,#6039,#6042,#6045,#6048,#6051,#6054,#6057,#6060,#6063,#6066,#6069,#6072,#6075,#6078,#6081,#6084,#6087,#6090,#6093,#6096,#6099,#6102,#6105,#6108,#6111,#6114,#6117,#6120,#6123,#6126,#6129,#6132,#6135,#6138,#6141,#6144,#6147,#6150,#6153,#6156,#6159,#6162,#6165,#6168,#6171,#6174,#6177,#6180,#6183,#6186,#6189,#6192,#6195,#6198,#6201,#6204,#6207,#6210,#6213,#6216,#6219,#6222,#6225,#6228,#6231,#6234,#6237,#6240,#6243,#6246,#6249,#6252,#6255,#6258,#6261,#6264,#6267,#6270,#6273,#6276,#6279,#6282,#6285,#6288,#6291,#6294,#6297,#6300,#6303,#6306,#6309,#6312,#6315,#6318,#6321,#6324,#6327,#6330,#6333,#6336,#6339,#6342,#6345,#6348,#6351,#6354,#6357,#6360,#6363,#6366,#6369,#6372,#6375,#6378,#6381,#6384,#6387,#6390,#6393,#6396,#6399,#6402,#6405,#6408,#6411,#6414,#6417,#6420,#6423,#6426,#6429,#6432,#6435,#6438,#6441,#6444,#6447,#6450,#6453,#6456,#6459,#6462,#6465,#6468,#6471,#6474,#6477,#6480,#6483,#6486,#6489,#6492,#6495,#6498,#6501,#6504,#6507,#6510,#6513,#6516,#6519,#6522,#6525,#6528,#6531,#6534,#6537,#6540,#6543,#6546,#6549,#6552,#6555,#6558,#6561,#6564,#6567,#6570,#6573,#6576,#6579,#6582,#6585,#6588,#6591,#6594,#6597,#6600,#6603,#6606,#6609,#6612,#6615,#6618,#6621,#6624,#6627,#6630,#6633,#6636,#6639,#6642,#6645,#6648,#6651,#6654,#6657,#6660,#6663,#6666,#6669,#6672,#6675,#6678,#6681,#6684,#6687,#6690,#6693,#6696,#6699,#6702,#6705,#6708,#6711,#6714,#6717,#6720,#6723,#6726,#6729,#6732,#6735,#6738,#6741,#6744,#6747,#6750,#6753,#6756,#6759,#6762,#6765,#6768,#6771,#6774,#6777,#6780,#6783,#6786,#6789,#6792,#6795,#6798,#6801,#6804,#6807,#6810,#6813,#6816,#6819,#6822,#6825,#6828,#6831,#6834,#6837,#6840,#6843,#6846,#6849,#6852,#6855,#6858,#6861,#6864,#6867,#6870,#6873,#6876,#6879,#6882,#6885,#6888,#6891,#6894,#6897,#6900,#6903,#6906,#6909,#6912,#6915,#6918,#6921,#6924,#6927,#6930,#6933,#6936,#6939,#6942,#6945,#6948,#6951,#6954,#6957,#6960,#6963,#6966,#6969,#6972,#6975,#6978,#6981,#6984,#6987,#6990,#6993,#6996,#6999,#7002,#7005,#7008,#7011,#7014,#7017,#7020,#7023,#7026,#7029,#7032,#7035,#7038,#7041,#7044,#7047,#7050,#7053,#7056,#7059,#7062,#7065,#7068,#7071,#7074,#7077,#7080,#7083,#7086,#7089,#7092,#7095,#7098,#7101,#7104,#7107,#7110,#7113,#7116,#7119,#7122,#7125,#7128,#7131,#7134,#7137,#7140,#7143,#7146,#7149,#7152,#7155,#7158,#7161,#7164,#7167,#7170,#7173,#7176,#7179,#7182,#7185,#7188,#7191,#7194,#7197,#7200,#7203,#7206,#7209,#7212,#7215,#7218,#7221,#7224,#7227,#7230,#7233,#7236,#7239,#7242,#7245,#7248,#7251,#7254,#7257,#7260,#7263,#7266,#7269,#7272,#7275,#7278,#7281,#7284,#7287,#7290,#7293,#7296,#7299,#7302,#7305,#7308,#7311,#7314,#7317,#7320,#7323,#7326,#7329,#7332,#7335,#7338,#7341,#7344,#7347,#7350,#7353,#7356,#7359,#7362,#7365,#7368,#7371,#7374,#7377,#7380,#7383,#7386,#7389,#7392,#7395,#7398,#7401,#7404,#7407,#7410,#7413,#7416,#7419,#7422,#7425,#7428,#7431,#7434,#7437,#7440,#7443,#7446,#7449,#7452,#7455,#7458,#7461,#7464,#7467,#7470,#7473,#7476,#7479,#7482,#7485,#7488,#7491,#7494,#7497,#7500,#7503,#7506,#7509,#7512,#7515,#7518,#7521,#7524,#7527,#7530,#7533,#7536,#7539,#7542,#7545,#7548,#7551,#7554,#7557,#7560,#7563,#7566,#7569,#7572,#7575,#7578,#7581,#7584,#7587,#7590,#7593,#7596,#7599,#7602,#7605,#7608,#7611,#7614,#7617,#7620,#7623,#7626,#7629,#7632,#7635,#7638,#7641,#7644,#7647,#7650,#7653,#7656,#7659,#7662,#7665,#7668,#7671,#7674,#7677,#7680,#7683,#7686,#7689,#7692,#7695,#7698,#7701,#7704,#7707,#7710,#7713,#7716,#7719,#7722,#7725,#7728,#7731,#7734,#7737,#7740,#7743,#7746,#7749,#7752,#7755,#7758,#7761,#7764,#7767,#7770,#7773,#7776,#7779,#7782,#7785,#7788,#7791,#7794,#7797,#7800,#7803,#7806,#7809,#7812,#7815,#7818,#7821,#7824,#7827,#7830,#7833,#7836,#7839,#7842,#7845,#7848,#7851,#7854,#7857,#7860,#7863,#7866,#7869,#7872,#7875,#7878,#7881,#7884,#7887,#7890,#7893,#7896,#7899,#7902,#7905,#7908,#7911,#7914,#7917,#7920,#7923,#7926,#7929,#7932,#7935,#7938,#7941,#7944,#7947,#7950,#7953,#7956,#7959,#7962,#7965,#7968,#7971,#7974,#7977,#7980,#7983,#7986,#7989,#7992,#7995,#7998,#8001,#8004,#8007,#8010,#8013,#8016,#8019,#8022,#8025,#8028,#8031,#8034,#8037,#8040,#8043,#8046,#8049,#8052,#8055,#8058,#8061,#8064,#8067,#8070,#8073,#8076,#8079,#8082,#8085,#8088,#8091,#8094,#8097,#8100,#8103,#8106,#8109,#8112,#8115,#8118,#8121,#8124,#8127,#8130,#8133,#8136,#8139,#8142,#8145,#8148,#8151,#8154,#8157,#8160,#8163,#8166,#8169,#8172,#8175,#8178,#8181,#8184,#8187,#8190,#8193,#8196,#8199,#8202,#8205,#8208,#8211,#8214,#8217,#8220,#8223,#8226,#8229,#8232,#8235,#8238,#8241,#8244,#8247,#8250,#8253,#8256,#8259,#8262,#8265,#8268,#8271,#8274,#8277,#8280,#8283,#8286,#8289,#8292,#8295,#8298,#8301,#8304,#8307,#8310,#8313,#8316,#8319,#8322,#8325,#8328,#8331,#8334,#8337,#8340,#8343,#8346,#8349,#8352,#8355,#8358,#8361,#8364,#8367,#8370,#8373,#8376,#8379,#8382,#8385,#8388,#8391,#8394,#8397,#8400,#8403,#8406,#8409,#8412,#8415,#8418,#8421,#8424,#8427,#8430,#8433,#8436,#8439,#8442,#8445,#8448,#8451,#8454,#8457,#8460,#8463,#8466,#8469,#8472,#8475,#8478,#8481,#8484,#8487,#8490,#8493,#8496,#8499,#8502,#8505,#8508,#8511,#8514,#8517,#8520,#8523,#8526,#8529,#8532,#8535,#8538,#8541,#8544,#8547,#8550,#8553,#8556,#8559,#8562,#8565,#8568,#8571,#8574,#8577,#8580,#8583,#8586,#8589,#8592,#8595,#8598,#8601,#8604,#8607,#8610,#8613,#8616,#8619,#8622,#8625,#8628,#8631,#8634,#8637,#8640,#8643,#8646,#8649,#8652,#8655,#8658,#8661,#8664,#8667,#8670,#8673,#8676,#8679,#8682,#8685,#8688,#8691,#8694,#8697,#8700,#8703,#8706,#8709,#8712,#8715,#8718,#8721,#8724,#8727,#8730,#8733,#8736,#8739,#8742,#8745,#8748,#8751,#8754,#8757,#8760,#8763,#8766,#8769,#8772,#8775,#8778,#8781,#8784,#8787,#8790,#8793,#8796,#8799,#8802,#8805,#8808,#8811,#8814,#8817,#8820,#8823,#8826,#8829,#8832,#8835,#8838,#8841,#8844,#8847,#8850,#8853,#8856,#8859,#8862,#8865,#8868,#8871,#8874,#8877,#8880,#8883,#8886,#8889,#8892,#8895,#8898,#8901,#8904,#8907,#8910,#8913,#8916,#8919,#8922,#8925,#8928,#8931,#8934,#8937,#8940,#8943,#8946,#8949,#8952,#8955,#8958,#8961,#8964,#8967,#8970,#8973,#8976,#8979,#8982,#8985,#8988,#8991,#8994,#8997,#9000,#9003,#9006,#9009,#9012,#9015,#9018,#9021,#9024,#9027,#9030,#9033,#9036,#9039,#9042,#9045,#9048,#9051,#9054,#9057,#9060,#9063,#9066,#9069,#9072,#9075,#9078,#9081,#9084,#9087,#9090,#9093,#9096,#9099,#9102,#9105,#9108,#9111,#9114,#9117,#9120,#9123,#9126,#9129,#9132,#9135,#9138,#9141,#9144,#9147,#9150,#9153,#9156,#9159,#9162,#9165,#9168,#9171,#9174,#9177,#9180,#9183,#9186,#9189,#9192,#9195,#9198,#9201,#9204,#9207,#9210,#9213,#9216,#9219,#9222,#9225,#9228,#9231,#9234,#9237,#9240,#9243,#9246,#9249,#9252,#9255,#9258,#9261,#9264,#9267,#9270,#9273,#9276,#9279,#9282,#9285,#9288,#9291,#9294,#9297,#9300,#9303,#9306,#9309,#9312,#9315,#9318,#9321,#9324,#9327,#9330,#9333,#9336,#9339,#9342,#9345,#9348,#9351,#9354,#9357,#9360,#9363,#9366,#9369,#9372,#9375,#9378,#9381,#9384,#9387,#9390,#9393,#9396,#9399,#9402,#9405,#9408,#9411,#9414,#9417,#9420,#9423,#9426,#9429,#9432,#9435,#9438,#9441,#9444,#9447,#9450,#9453,#9456,#9459,#9462,#9465,#9468,#9471,#9474,#9477,#9480,#9483,#9486,#9489,#9492,#9495,#9498,#9501,#9504,#9507,#9510,#9513,#9516,#9519,#9522,#9525,#9528,#9531,#9534,#9537,#9540,#9543,#9546,#9549,#9552,#9555,#9558,#9561,#9564,#9567,#9570,#9573,#9576,#9579,#9582,#9585,#9588,#9591,#9594,#9597,#9600,#9603,#9606,#9609,#9612,#9615,#9618,#9621));
#10670=IFCCONNECTEDFACESET((#9628,#9635,#9638,#9641,#9644,#9647));
#10671=IFCCONNECTEDFACESET((#9801,#9804,#9807,#9810,#9813,#9816,#9819,#9822,#9825,#9828,#9831,#9834,#9837,#9840,#9843,#9846,#9849,#9852,#9855,#9858,#9861,#9864,#9867,#9870,#9873,#9876,#9879,#9882,#9885,#9888,#9891,#9894,#9897,#9900,#9903,#9906,#9909,#9912,#9915,#9918,#9921,#9924,#9927,#9930,#9933,#9936,#9939,#9942,#9945,#9948,#9951,#9954,#9957,#9960,#9963,#9966,#9969,#9972,#9975,#9978,#9981,#9984,#9987,#9990,#9993,#9996,#9999,#10002,#10005,#10008,#10011,#10014,#10017,#10020,#10023,#10026,#10029,#10032,#10035,#10038,#10041,#10044,#10047,#10050,#10053,#10056,#10059,#10062,#10065,#10068,#10071,#10074,#10077,#10080,#10083,#10086,#10089,#10092,#10095,#10098,#10101,#10104,#10107,#10110,#10113,#10116,#10119,#10122,#10125,#10128,#10131,#10134,#10137,#10140,#10143,#10146,#10149,#10152,#10155,#10158,#10161,#10164,#10167,#10170,#10173,#10176,#10179,#10182,#10185,#10188,#10191,#10194,#10197,#10200,#10203,#10206,#10209,#10212,#10215,#10218,#10221,#10224,#10227,#10230,#10233,#10236,#10239,#10242,#10245,#10248,#10251,#10254,#10257,#10260,#10263,#10266,#10269,#10272,#10275,#10278,#10281,#10284,#10287,#10290,#10293,#10296,#10299,#10302,#10305,#10308,#10311,#10314,#10317,#10320,#10323,#10326,#10329,#10332,#10335,#10338,#10341,#10344,#10347,#10350,#10353,#10356,#10359,#10362,#10365,#10368,#10371,#10374,#10377,#10380,#10383,#10386,#10389,#10392,#10395,#10398,#10401,#10404,#10407,#10410,#10413,#10416,#10419,#10422,#10425,#10428,#10431,#10434,#10437,#10440,#10443,#10446,#10449,#10452,#10455,#10458,#10461,#10464,#10467,#10470,#10473,#10476,#10479,#10482,#10485,#10488,#10491,#10494,#10497,#10500,#10503,#10506,#10509,#10512,#10515,#10518,#10521,#10524,#10527,#10530,#10533,#10536,#10539,#10542,#10545,#10548,#10551,#10554,#10557,#10560,#10563,#10566,#10569,#10572,#10575,#10578,#10581,#10584,#10587,#10590,#10593,#10596,#10599,#10602,#10605,#10608,#10611,#10614,#10617,#10620,#10623,#10626,#10629,#10632,#10635,#10638,#10641,#10644,#10647,#10650));
#10672=IFCFACEBASEDSURFACEMODEL((#10651,#10652,#10653,#10654,#10655,#10656,#10657,#10658,#10659,#10660,#10661,#10662,#10663,#10666,#10667,#10668,#10669,#10671));
#10673=IFCCOLOURRGB($,0.98039215686274506,0.98039215686274506,0.98039215686274506);
#10674=IFCSURFACESTYLERENDERING(#10673,0.,$,$,$,$,IFCNORMALISEDRATIOMEASURE(0.5),IFCSPECULAREXPONENT(64.),.NOTDEFINED.);
#10675=IFCSURFACESTYLE('ABB - Plastic - White',.BOTH.,(#10674));
#10676=IFCPRESENTATIONSTYLEASSIGNMENT((#10675));
#10677=IFCSTYLEDITEM(#10672,(#10676),$);
#10678=IFCFACEBASEDSURFACEMODEL((#10664,#10665));
#10679=IFCCOLOURRGB($,0.98039215686274506,0.98039215686274506,0.98039215686274506);
#10680=IFCSURFACESTYLERENDERING(#10679,0.,$,$,$,$,IFCNORMALISEDRATIOMEASURE(0.5),IFCSPECULAREXPONENT(64.),.NOTDEFINED.);
#10681=IFCSURFACESTYLE('ABB - Light - LED',.BOTH.,(#10680));
#10682=IFCPRESENTATIONSTYLEASSIGNMENT((#10681));
#10683=IFCSTYLEDITEM(#10678,(#10682),$);
#10684=IFCFACEBASEDSURFACEMODEL((#10670));
#10685=IFCCOLOURRGB($,0.078431372549019607,0.078431372549019607,0.078431372549019607);
#10686=IFCSURFACESTYLERENDERING(#10685,0.,$,$,$,$,IFCNORMALISEDRATIOMEASURE(0.5),IFCSPECULAREXPONENT(64.),.NOTDEFINED.);
#10687=IFCSURFACESTYLE('ABB - Glass - Black',.BOTH.,(#10686));
#10688=IFCPRESENTATIONSTYLEASSIGNMENT((#10687));
#10689=IFCSTYLEDITEM(#10684,(#10688),$);
#10690=IFCSHAPEREPRESENTATION(#26,'Body','SurfaceModel',(#10672,#10678,#10684));
#10691=IFCAXIS2PLACEMENT3D(#3,$,$);
#10692=IFCREPRESENTATIONMAP(#10691,#10690);
#10693=IFCBUILDINGELEMENTPROXYTYPE('22cHeEQV9Ccwk$gYcfob6M',#18,'Electrical_Sensors_ABB_Fusion-Smart:Type - (Fusion Smart Sensor-T)',$,$,(#10805,#10806,#10807,#10808,#10809,#10810,#10811,#10813),(#10692),'317449',$,.NOTDEFINED.);
#10694=IFCMATERIAL('ABB - Plastic - White');
#10695=IFCPRESENTATIONSTYLEASSIGNMENT((#10675));
#10696=IFCSTYLEDITEM($,(#10695),$);
#10697=IFCSTYLEDREPRESENTATION(#24,'Style','Material',(#10696));
#10698=IFCMATERIALDEFINITIONREPRESENTATION($,$,(#10697),#10694);
#10699=IFCMATERIAL('ABB - Light - LED');
#10700=IFCPRESENTATIONSTYLEASSIGNMENT((#10681));
#10701=IFCSTYLEDITEM($,(#10700),$);
#10702=IFCSTYLEDREPRESENTATION(#24,'Style','Material',(#10701));
#10703=IFCMATERIALDEFINITIONREPRESENTATION($,$,(#10702),#10699);
#10704=IFCMATERIAL('ABB - Glass - Black');
#10705=IFCPRESENTATIONSTYLEASSIGNMENT((#10687));
#10706=IFCSTYLEDITEM($,(#10705),$);
#10707=IFCSTYLEDREPRESENTATION(#24,'Style','Material',(#10706));
#10708=IFCMATERIALDEFINITIONREPRESENTATION($,$,(#10707),#10704);
#10709=IFCMATERIALLIST((#10694,#10699,#10704));
#10710=IFCCARTESIANTRANSFORMATIONOPERATOR3D($,$,#3,1.,$);
#10711=IFCMAPPEDITEM(#10692,#10710);
#10712=IFCSHAPEREPRESENTATION(#26,'Body','MappedRepresentation',(#10711));
#10713=IFCPRODUCTDEFINITIONSHAPE($,$,(#10712));
#10714=IFCCARTESIANPOINT((536.90041006209481,2696.4535751080884,880.07825660707238));
#10715=IFCAXIS2PLACEMENT3D(#10714,$,$);
#10716=IFCLOCALPLACEMENT(#36,#10715);
#10717=IFCBUILDINGELEMENTPROXY('22cHeEQV9Ccwk$gYcfob7f',#18,'Electrical_Sensors_ABB_Fusion-Smart:Type - (Fusion Smart Sensor-T), 0 V, Single Phase, 2 Wires:317558',$,'Electrical_Sensors_ABB_Fusion-Smart:Type - (Fusion Smart Sensor-T)',#10716,#10713,'317558',$);
#10718=IFCPROPERTYSINGLEVALUE('Reference',$,IFCIDENTIFIER('Type - (Fusion Smart Sensor-T)'),$);
#10719=IFCPROPERTYSET('0qwy1aC5fpH$oEas1Uyo2w',#18,'Pset_BuildingElementProxyCommon',$,(#10718));
#10720=IFCPROPERTYSET('1acTdEMIOD9s7LoWu56Wes',#18,'Pset_QuantityTakeOff',$,(#10718));
#10721=IFCRELDEFINESBYPROPERTIES('04xIH7f4VLvDcVJxYkiH3e',#18,$,$,(#10717),#10719);
#10722=IFCRELDEFINESBYPROPERTIES('3lb2oaPPdlmlDyGM86SbNp',#18,$,$,(#10717),#10720);
#10723=IFCPROPERTYSINGLEVALUE('Category',$,IFCLABEL('Electrical Equipment'),$);
#10724=IFCPROPERTYSINGLEVALUE('Family',$,IFCLABEL('Electrical_Sensors_ABB_Fusion-Smart'),$);
#10725=IFCPROPERTYSINGLEVALUE('Family and Type',$,IFCLABEL('Electrical_Sensors_ABB_Fusion-Smart: Type - (Fusion Smart Sensor-T)'),$);
#10726=IFCPROPERTYSINGLEVALUE('Type',$,IFCLABEL('Type - (Fusion Smart Sensor-T)'),$);
#10727=IFCPROPERTYSINGLEVALUE('Type Id',$,IFCLABEL('317449'),$);
#10728=IFCPROPERTYSINGLEVALUE('Elevation from Level',$,IFCLENGTHMEASURE(880.07825660707238),$);
#10729=IFCPROPERTYSINGLEVALUE('Host',$,IFCTEXT('Linked Revit Model : lab archi.rvt'),$);
#10730=IFCPROPERTYSINGLEVALUE('Level',$,IFCLABEL('Level 0'),$);
#10731=IFCPROPERTYSINGLEVALUE('Schedule Level',$,IFCLABEL('Level 0'),$);
#10732=IFCPROPERTYSINGLEVALUE('Area',$,IFCAREAMEASURE(0.037436793272045354),$);
#10733=IFCPROPERTYSINGLEVALUE('Volume',$,IFCVOLUMEMEASURE(0.00011781681126712661),$);
#10734=IFCPROPERTYSINGLEVALUE('Circuit Numbering Option',$,IFCIDENTIFIER('Default'),$);
#10735=IFCPROPERTYSINGLEVALUE('Distribution System',$,IFCLABEL('Default'),$);
#10736=IFCPROPERTYSINGLEVALUE('Electrical Data',$,IFCTEXT('COM 0 V/1-0 VA-+ V 24 V/1-0 VA'),$);
#10737=IFCPROPERTYSINGLEVALUE('Feed Through Lugs',$,IFCBOOLEAN(.T.),$);
#10738=IFCSIUNIT(*,.ELECTRICCURRENTUNIT.,$,.AMPERE.);
#10739=IFCPROPERTYSINGLEVALUE('MCB Rating',$,IFCELECTRICCURRENTMEASURE(1.),$);
#10740=IFCPROPERTYSINGLEVALUE('Number of Phases',$,IFCINTEGER(1),$);
#10741=IFCPROPERTYSINGLEVALUE('Number of Wires',$,IFCINTEGER(2),$);
#10742=IFCPROPERTYSINGLEVALUE('SubFeed Lugs',$,IFCBOOLEAN(.T.),$);
#10743=IFCSIUNIT(*,.POWERUNIT.,$,.WATT.);
#10744=IFCPROPERTYSINGLEVALUE('Apparent Power Phase A',$,IFCPOWERMEASURE(0.),$);
#10745=IFCPROPERTYSINGLEVALUE('Apparent Power Phase B',$,IFCPOWERMEASURE(0.),$);
#10746=IFCPROPERTYSINGLEVALUE('Apparent Power Phase C',$,IFCPOWERMEASURE(0.),$);
#10747=IFCPROPERTYSINGLEVALUE('Branch Circuit Apparent Power Phase A',$,IFCPOWERMEASURE(0.),$);
#10748=IFCPROPERTYSINGLEVALUE('Branch Circuit Apparent Power Phase B',$,IFCPOWERMEASURE(0.),$);
#10749=IFCPROPERTYSINGLEVALUE('Branch Circuit Apparent Power Phase C',$,IFCPOWERMEASURE(0.),$);
#10750=IFCPROPERTYSINGLEVALUE('Branch Circuit Current Phase A',$,IFCELECTRICCURRENTMEASURE(0.),$);
#10751=IFCPROPERTYSINGLEVALUE('Branch Circuit Current Phase B',$,IFCELECTRICCURRENTMEASURE(0.),$);
#10752=IFCPROPERTYSINGLEVALUE('Branch Circuit Current Phase C',$,IFCELECTRICCURRENTMEASURE(0.),$);
#10753=IFCPROPERTYSINGLEVALUE('Current Phase A',$,IFCELECTRICCURRENTMEASURE(0.),$);
#10754=IFCPROPERTYSINGLEVALUE('Current Phase B',$,IFCELECTRICCURRENTMEASURE(0.),$);
#10755=IFCPROPERTYSINGLEVALUE('Current Phase C',$,IFCELECTRICCURRENTMEASURE(0.),$);
#10756=IFCPROPERTYSINGLEVALUE('Feed Through Lugs Apparent Power Phase A',$,IFCPOWERMEASURE(0.),$);
#10757=IFCPROPERTYSINGLEVALUE('Feed Through Lugs Apparent Power Phase B',$,IFCPOWERMEASURE(0.),$);
#10758=IFCPROPERTYSINGLEVALUE('Feed Through Lugs Apparent Power Phase C',$,IFCPOWERMEASURE(0.),$);
#10759=IFCPROPERTYSINGLEVALUE('Feed Through Lugs Current Phase A',$,IFCELECTRICCURRENTMEASURE(0.),$);
#10760=IFCPROPERTYSINGLEVALUE('Feed Through Lugs Current Phase B',$,IFCELECTRICCURRENTMEASURE(0.),$);
#10761=IFCPROPERTYSINGLEVALUE('Feed Through Lugs Current Phase C',$,IFCELECTRICCURRENTMEASURE(0.),$);
#10762=IFCPROPERTYSINGLEVALUE('Total Connected Apparent Power',$,IFCPOWERMEASURE(0.),$);
#10763=IFCPROPERTYSINGLEVALUE('Total Demand Apparent Power',$,IFCPOWERMEASURE(0.),$);
#10764=IFCPROPERTYSINGLEVALUE('Total Demand Factor',$,IFCPOSITIVERATIOMEASURE(1.),$);
#10765=IFCPROPERTYSINGLEVALUE('Display_Name',$,IFCTEXT('Indoor Environment Sensor'),$);
#10766=IFCPROPERTYSINGLEVALUE('Install_Location',$,IFCTEXT('Position 5'),$);
#10767=IFCPROPERTYSINGLEVALUE('Sensor_Function',$,IFCTEXT('3-in-1'),$);
#10768=IFCPROPERTYSINGLEVALUE('Sensor_ID',$,IFCTEXT('AM103-05'),$);
#10769=IFCPROPERTYSINGLEVALUE('Sensor_Model',$,IFCTEXT('AM103'),$);
#10770=IFCPROPERTYSINGLEVALUE('Phase Created',$,IFCLABEL('New Construction'),$);
#10771=IFCPROPERTYSINGLEVALUE('Family Name',$,IFCTEXT('Electrical_Sensors_ABB_Fusion-Smart'),$);
#10772=IFCPROPERTYSINGLEVALUE('Type',$,IFCLABEL('ABB_Fusion-Smart : Type - (Fusion Smart Sensor-T)'),$);
#10773=IFCPROPERTYSINGLEVALUE('Default Elevation',$,IFCLENGTHMEASURE(1500.),$);
#10774=IFCPROPERTYSINGLEVALUE('Number of Poles',$,IFCINTEGER(1),$);
#10775=IFCSIUNIT(*,.ELECTRICVOLTAGEUNIT.,$,.VOLT.);
#10776=IFCPROPERTYSINGLEVALUE('Voltage [V]',$,IFCELECTRICVOLTAGEMEASURE(24.),$);
#10777=IFCPROPERTYSINGLEVALUE('Edition number',$,IFCINTEGER(1),$);
#10778=IFCPROPERTYSINGLEVALUE('Manufacturer name',$,IFCTEXT('ABB'),$);
#10779=IFCPROPERTYSINGLEVALUE('Product family',$,IFCTEXT('Fusion Air Series'),$);
#10780=IFCPROPERTYSINGLEVALUE('Product group',$,IFCTEXT('Sensor'),$);
#10781=IFCPROPERTYSINGLEVALUE('Product name',$,IFCTEXT('Fusion Smart'),$);
#10782=IFCPROPERTYSINGLEVALUE('Product SKU',$,IFCTEXT('FusionAirSeries'),$);
#10783=IFCPROPERTYSINGLEVALUE('Classification Number',$,IFCTEXT('23.27.11.11.23'),$);
#10784=IFCPROPERTYSINGLEVALUE('Description',$,IFCTEXT('The ABB FusionAir Smart Sensor series provides a slim, compact, and visually appealing room control display with a high-definition capacitive touch backlit LCD display for use with ABB\X2\2019\X0\s Cylon\X\AE FLXeon and CB Line BACnet\X\AE field controllers. The intelligent temperature and humidity sensor allow users to view and adjust selected parameters within the field controller to which it is connected. Other sensing options available for integration with the CXpro\X2\1D341D30\X0\ control strategy are CO\X2\2082\X0\ or Volatile Organic Compound (VOC) sensing, and contacts for the addition of Passive Infra-Red (PIR) occupancy detection.\X\0D\X\0A\X\0D\X\0AThe ABB FusionAir Smart Sensor display can be used to view control parameters and adjust HVAC, lighting and sunblind set points for the connected controller.\X\0D\X\0A\X\0D\X\0AThe ABB FusionAir Smart Sensor can be installed as part of a multi sensor application for larger spaces or multiple room connection. The system can also provide a Safe Indoor Environment against pandemic-causing viruses (such as Covid-19) through offering a patented* safe touch-free user interaction with the sensor which gives clear feedback of the safety status in a room.'),$);
#10785=IFCPROPERTYSINGLEVALUE('Installation instructions',$,IFCTEXT('https://library.e.abb.com/public/26f4871dbfcc4b23916aee0e6c1a9036/BDS0032_ABB%20FusionAir%20Smart%20Sensor.pdf?x-sign=WdQ6GBKXIcf+dKRHV/r5GHinRPTBquMYw7ujfPgAhtUYxYAT5sfMBiw/iRR+qNDV'),$);
#10786=IFCPROPERTYSINGLEVALUE('Manufacturer',$,IFCTEXT('ABB'),$);
#10787=IFCPROPERTYSINGLEVALUE('Model',$,IFCTEXT('Fusion Smart Sensor-T'),$);
#10788=IFCPROPERTYSINGLEVALUE('Product data url',$,IFCTEXT('https://bimobject.com/abb/product/fusionairseries'),$);
#10789=IFCPROPERTYSINGLEVALUE('Product Guid',$,IFCTEXT('feea0443-ee9d-492f-af4a-fe504e28808e'),$);
#10790=IFCPROPERTYSINGLEVALUE('Product url',$,IFCTEXT('https://new.abb.com/low-voltage/products/building-automation/product-range/abb-cylon/products/visualization/abb-fusionair-smart-sensor'),$);
#10791=IFCPROPERTYSINGLEVALUE('Technical description',$,IFCTEXT('https://library.e.abb.com/public/c546752cc1b04516a55b114f7d717209/DS0135_ABB_FusionAir_Smart_Sensor.pdf?x-sign=TrGfpxPCvZnNaHv7ACbHMRkD8WeY/oYzUSLHfdh7G3wXLeyUVgdyJnt/xovkeWRf'),$);
#10792=IFCPROPERTYSINGLEVALUE('Type Name',$,IFCTEXT('Type - (Fusion Smart Sensor-T)'),$);
#10793=IFCPROPERTYSINGLEVALUE('URL',$,IFCTEXT('http://www.abb.com/'),$);
#10794=IFCPROPERTYSINGLEVALUE('Body Material',$,IFCLABEL('ABB - Plastic - White'),$);
#10795=IFCPROPERTYSINGLEVALUE('Display Material',$,IFCLABEL('ABB - Glass - Black'),$);
#10796=IFCPROPERTYSINGLEVALUE('Light Material',$,IFCLABEL('ABB - Light - LED'),$);
#10797=IFCPROPERTYSINGLEVALUE('Part Type',$,IFCIDENTIFIER('Panelboard'),$);
#10798=IFCPROPERTYSET('2h22SYnVeypd_KzVfkuirs',#18,'Other',$,(#10723,#10724,#10725,#10726,#10727));
#10799=IFCPROPERTYSET('26Yn1Q0kHrT1fzi7$x63js',#18,'Constraints',$,(#10728,#10729,#10730,#10731));
#10800=IFCPROPERTYSET('14cPxrBEmmdZiUVbRlWPO3',#18,'Dimensions',$,(#10732,#10733));
#10801=IFCPROPERTYSET('1auLvTzaYjnW3$QMSfgx6j',#18,'Electrical - Circuiting',$,(#10734,#10735,#10736,#10737,#10739,#10740,#10741,#10742));
#10802=IFCPROPERTYSET('1KQ4eBmJZsM5jm77Szexd5',#18,'Electrical - Loads',$,(#10744,#10745,#10746,#10747,#10748,#10749,#10750,#10751,#10752,#10753,#10754,#10755,#10756,#10757,#10758,#10759,#10760,#10761,#10762,#10763,#10764));
#10803=IFCPROPERTYSET('3g4PEuXb077MrAkC57_Y6N',#18,'Identity Data',$,(#10765,#10766,#10767,#10768,#10769));
#10804=IFCPROPERTYSET('2hpWDJxdk8yIWx8dw5ZbcR',#18,'Phasing',$,(#10770));
#10805=IFCPROPERTYSET('2zTfz7NJ54gd6SS2Tn9f2c',#18,'Other',$,(#10723,#10771,#10772));
#10806=IFCPROPERTYSET('3mPzVEdguNbNletgvbYdkW',#18,'Constraints',$,(#10773));
#10807=IFCPROPERTYSET('1lX1BporP0sns4zjM82eYR',#18,'Electrical Engineering',$,(#10774,#10776));
#10808=IFCPROPERTYSET('0v62XM1jl627mTwyZEI2sI',#18,'General',$,(#10777,#10778,#10779,#10780,#10781,#10782));
#10809=IFCPROPERTYSET('3E4VZFxfWqOas9fZfYC_Ce',#18,'Identity Data',$,(#10783,#10784,#10785,#10786,#10787,#10788,#10789,#10790,#10791,#10792,#10793));
#10810=IFCPROPERTYSET('1swqwJsTNM4QSdZ6S51Vxx',#18,'Materials and Finishes',$,(#10794,#10795,#10796));
#10811=IFCPROPERTYSET('2vcYeIl5hYo6PNytXKe$iS',#18,'Mechanical',$,(#10797));
#10812=IFCPROPERTYSINGLEVALUE('Manufacturer',$,IFCLABEL('ABB'),$);
#10813=IFCPROPERTYSET('3PStAAEbFlI7WmQZ6ZTP_E',#18,'Pset_ManufacturerTypeInformation',$,(#10812));
#10814=IFCMAPPEDITEM(#10692,#10710);
#10815=IFCSHAPEREPRESENTATION(#26,'Body','MappedRepresentation',(#10814));
#10816=IFCPRODUCTDEFINITIONSHAPE($,$,(#10815));
#10817=IFCCARTESIANPOINT((-113.71643478412153,29.687952607172136,880.07825660708579));
#10818=IFCAXIS2PLACEMENT3D(#10817,$,$);
#10819=IFCLOCALPLACEMENT(#36,#10818);
#10820=IFCBUILDINGELEMENTPROXY('22cHeEQV9Ccwk$gYcfob4M',#18,'Electrical_Sensors_ABB_Fusion-Smart:Type - (Fusion Smart Sensor-T), 0 V, Single Phase, 2 Wires:317577',$,'Electrical_Sensors_ABB_Fusion-Smart:Type - (Fusion Smart Sensor-T)',#10819,#10816,'317577',$);
#10821=IFCPROPERTYSET('1WihQlyQu1Vyv9tIBKYNar',#18,'Pset_BuildingElementProxyCommon',$,(#10718));
#10822=IFCPROPERTYSET('2RbnVyrMbo9tsZHLzyr1M_',#18,'Pset_QuantityTakeOff',$,(#10718));
#10823=IFCRELDEFINESBYPROPERTIES('2i411LmbCh7A9LQbOiz40V',#18,$,$,(#10820),#10821);
#10824=IFCRELDEFINESBYPROPERTIES('34IGtBe9zKdvUDRB4D1zAV',#18,$,$,(#10820),#10822);
#10825=IFCPROPERTYSINGLEVALUE('Elevation from Level',$,IFCLENGTHMEASURE(880.07825660708579),$);
#10826=IFCPROPERTYSINGLEVALUE('Host',$,IFCTEXT('Linked Revit Model : lab archi.rvt'),$);
#10827=IFCPROPERTYSINGLEVALUE('Area',$,IFCAREAMEASURE(0.037436793272045354),$);
#10828=IFCPROPERTYSINGLEVALUE('Volume',$,IFCVOLUMEMEASURE(0.00011781681126712661),$);
#10829=IFCPROPERTYSINGLEVALUE('Electrical Data',$,IFCTEXT('COM 0 V/1-0 VA-+ V 24 V/1-0 VA'),$);
#10830=IFCPROPERTYSINGLEVALUE('Display_Name',$,IFCTEXT('Indoor Environment Sensor'),$);
#10831=IFCPROPERTYSINGLEVALUE('Install_Location',$,IFCTEXT('Position 308'),$);
#10832=IFCPROPERTYSINGLEVALUE('Sensor_Function',$,IFCTEXT('8-in-1'),$);
#10833=IFCPROPERTYSINGLEVALUE('Sensor_ID',$,IFCTEXT('AM308-01'),$);
#10834=IFCPROPERTYSINGLEVALUE('Sensor_Model',$,IFCTEXT('AM308'),$);
#10835=IFCPROPERTYSET('0Zj0l07PN9Wvu2VVvcrhh8',#18,'Other',$,(#10723,#10724,#10725,#10726,#10727));
#10836=IFCPROPERTYSET('11uKzKimYamHHFnH7rFLCL',#18,'Constraints',$,(#10730,#10731,#10825,#10826));
#10837=IFCPROPERTYSET('0hTB4ym3_WggGHc0YLM20l',#18,'Dimensions',$,(#10827,#10828));
#10838=IFCPROPERTYSET('0ORp9iDQ09myy9LRqlPThC',#18,'Electrical - Circuiting',$,(#10734,#10735,#10737,#10739,#10740,#10741,#10742,#10829));
#10839=IFCPROPERTYSET('1amW$ObwuPPiAJIeBIMEIn',#18,'Electrical - Loads',$,(#10744,#10745,#10746,#10747,#10748,#10749,#10750,#10751,#10752,#10753,#10754,#10755,#10756,#10757,#10758,#10759,#10760,#10761,#10762,#10763,#10764));
#10840=IFCPROPERTYSET('2gFw6pawp3T2nqocMYgbob',#18,'Identity Data',$,(#10830,#10831,#10832,#10833,#10834));
#10841=IFCPROPERTYSET('2vhuX3nBYPel$xjCkTHBYE',#18,'Phasing',$,(#10770));
#10842=IFCMAPPEDITEM(#10692,#10710);
#10843=IFCSHAPEREPRESENTATION(#26,'Body','MappedRepresentation',(#10842));
#10844=IFCPRODUCTDEFINITIONSHAPE($,$,(#10843));
#10845=IFCCARTESIANPOINT((-819.01638365690087,-2596.6438344468088,880.07825660709966));
#10846=IFCAXIS2PLACEMENT3D(#10845,$,$);
#10847=IFCLOCALPLACEMENT(#36,#10846);
#10848=IFCBUILDINGELEMENTPROXY('22cHeEQV9Ccwk$gYcfob44',#18,'Electrical_Sensors_ABB_Fusion-Smart:Type - (Fusion Smart Sensor-T), 0 V, Single Phase, 2 Wires:317595',$,'Electrical_Sensors_ABB_Fusion-Smart:Type - (Fusion Smart Sensor-T)',#10847,#10844,'317595',$);
#10849=IFCPROPERTYSET('1dJYTH82rIRiTDXBtGPk6x',#18,'Pset_BuildingElementProxyCommon',$,(#10718));
#10850=IFCPROPERTYSET('3rekEDEZskQzHACfkwzThQ',#18,'Pset_QuantityTakeOff',$,(#10718));
#10851=IFCRELDEFINESBYPROPERTIES('3Ml3JxlsWFuhy5AaWjhlwt',#18,$,$,(#10848),#10849);
#10852=IFCRELDEFINESBYPROPERTIES('3uXirlYYp2bu7WLHxcwISs',#18,$,$,(#10848),#10850);
#10853=IFCPROPERTYSINGLEVALUE('Elevation from Level',$,IFCLENGTHMEASURE(880.07825660709966),$);
#10854=IFCPROPERTYSINGLEVALUE('Host',$,IFCTEXT('Linked Revit Model : lab archi.rvt'),$);
#10855=IFCPROPERTYSINGLEVALUE('Area',$,IFCAREAMEASURE(0.037436793272045354),$);
#10856=IFCPROPERTYSINGLEVALUE('Volume',$,IFCVOLUMEMEASURE(0.00011781681126712661),$);
#10857=IFCPROPERTYSINGLEVALUE('Electrical Data',$,IFCTEXT('COM 0 V/1-0 VA-+ V 24 V/1-0 VA'),$);
#10858=IFCPROPERTYSINGLEVALUE('Display_Name',$,IFCTEXT('Indoor Environment Sensor'),$);
#10859=IFCPROPERTYSINGLEVALUE('Install_Location',$,IFCTEXT('Position 6'),$);
#10860=IFCPROPERTYSINGLEVALUE('Sensor_Function',$,IFCTEXT('3-in-1'),$);
#10861=IFCPROPERTYSINGLEVALUE('Sensor_ID',$,IFCTEXT('AM103-06'),$);
#10862=IFCPROPERTYSINGLEVALUE('Sensor_Model',$,IFCTEXT('AM103'),$);
#10863=IFCPROPERTYSET('0q3bBdrGpx$oqB0MxZjHY1',#18,'Other',$,(#10723,#10724,#10725,#10726,#10727));
#10864=IFCPROPERTYSET('1e6VcXa6vSOY$V8zA3GTR$',#18,'Constraints',$,(#10730,#10731,#10853,#10854));
#10865=IFCPROPERTYSET('3sNNTkqbkK5Dewm1PATNXq',#18,'Dimensions',$,(#10855,#10856));
#10866=IFCPROPERTYSET('2i_bqLqW6RFADAPNn4y8QF',#18,'Electrical - Circuiting',$,(#10734,#10735,#10737,#10739,#10740,#10741,#10742,#10857));
#10867=IFCPROPERTYSET('3osrMWtKomV08ImrCCXGgY',#18,'Electrical - Loads',$,(#10744,#10745,#10746,#10747,#10748,#10749,#10750,#10751,#10752,#10753,#10754,#10755,#10756,#10757,#10758,#10759,#10760,#10761,#10762,#10763,#10764));
#10868=IFCPROPERTYSET('0NfM92MW8JevQTyRyqgkvL',#18,'Identity Data',$,(#10858,#10859,#10860,#10861,#10862));
#10869=IFCPROPERTYSET('2SU2h7L9Jf3uMp5mrA7u_W',#18,'Phasing',$,(#10770));
#10870=IFCMAPPEDITEM(#10692,#10710);
#10871=IFCSHAPEREPRESENTATION(#26,'Body','MappedRepresentation',(#10870));
#10872=IFCPRODUCTDEFINITIONSHAPE($,$,(#10871));
#10873=IFCCARTESIANPOINT((2485.4030617768008,431.5703381922865,2714.1245759387443));
#10874=IFCAXIS2PLACEMENT3D(#10873,$,$);
#10875=IFCLOCALPLACEMENT(#36,#10874);
#10876=IFCBUILDINGELEMENTPROXY('22cHeEQV9Ccwk$gYcfob4i',#18,'Electrical_Sensors_ABB_Fusion-Smart:Type - (Fusion Smart Sensor-T), 0 V, Single Phase, 2 Wires:317619',$,'Electrical_Sensors_ABB_Fusion-Smart:Type - (Fusion Smart Sensor-T)',#10875,#10872,'317619',$);
#10877=IFCPROPERTYSET('259c99rIs6fRKGznp_l5Qe',#18,'Pset_BuildingElementProxyCommon',$,(#10718));
#10878=IFCPROPERTYSET('1ZAJSdoAtGIC6jMyV4BHWT',#18,'Pset_QuantityTakeOff',$,(#10718));
#10879=IFCRELDEFINESBYPROPERTIES('27pPxGKRGJrr4jlXrDZxqo',#18,$,$,(#10876),#10877);
#10880=IFCRELDEFINESBYPROPERTIES('298LQi5xVvlwuY4iHN99nn',#18,$,$,(#10876),#10878);
#10881=IFCPROPERTYSINGLEVALUE('Elevation from Level',$,IFCLENGTHMEASURE(2714.1245759387443),$);
#10882=IFCPROPERTYSINGLEVALUE('Host',$,IFCTEXT('Linked Revit Model : lab archi.rvt'),$);
#10883=IFCPROPERTYSINGLEVALUE('Area',$,IFCAREAMEASURE(0.037436793272045354),$);
#10884=IFCPROPERTYSINGLEVALUE('Volume',$,IFCVOLUMEMEASURE(0.00011781681126712661),$);
#10885=IFCPROPERTYSINGLEVALUE('Electrical Data',$,IFCTEXT('COM 0 V/1-0 VA-+ V 24 V/1-0 VA'),$);
#10886=IFCPROPERTYSINGLEVALUE('Display_Name',$,IFCTEXT('Indoor Environment Sensor'),$);
#10887=IFCPROPERTYSINGLEVALUE('Install_Location',$,IFCTEXT('Cabinet Top - Position 8'),$);
#10888=IFCPROPERTYSINGLEVALUE('Sensor_Function',$,IFCTEXT('3-in-1'),$);
#10889=IFCPROPERTYSINGLEVALUE('Sensor_ID',$,IFCTEXT('AM103-08'),$);
#10890=IFCPROPERTYSINGLEVALUE('Sensor_Model',$,IFCTEXT('AM103'),$);
#10891=IFCPROPERTYSET('3oifmwjDykVHJvzJzPpkbT',#18,'Other',$,(#10723,#10724,#10725,#10726,#10727));
#10892=IFCPROPERTYSET('1$DN8ry_JU_NuxjZ8Ayo$r',#18,'Constraints',$,(#10730,#10731,#10881,#10882));
#10893=IFCPROPERTYSET('3Uy7aR6sz$InlJ2I0Zyru2',#18,'Dimensions',$,(#10883,#10884));
#10894=IFCPROPERTYSET('29I7HqHu$1BfL4PYhCE27Q',#18,'Electrical - Circuiting',$,(#10734,#10735,#10737,#10739,#10740,#10741,#10742,#10885));
#10895=IFCPROPERTYSET('2$e2YVDrUoNS0YJYrnfObj',#18,'Electrical - Loads',$,(#10744,#10745,#10746,#10747,#10748,#10749,#10750,#10751,#10752,#10753,#10754,#10755,#10756,#10757,#10758,#10759,#10760,#10761,#10762,#10763,#10764));
#10896=IFCPROPERTYSET('0hQQKEi5AYGmgnsRODYfLX',#18,'Identity Data',$,(#10886,#10887,#10888,#10889,#10890));
#10897=IFCPROPERTYSET('1MzDiPBPSurWH7qgXRHJG4',#18,'Phasing',$,(#10770));
#10898=IFCMAPPEDITEM(#10692,#10710);
#10899=IFCSHAPEREPRESENTATION(#26,'Body','MappedRepresentation',(#10898));
#10900=IFCPRODUCTDEFINITIONSHAPE($,$,(#10899));
#10901=IFCCARTESIANPOINT((-3103.7164347841108,350.8707269079456,1800.));
#10902=IFCAXIS2PLACEMENT3D(#10901,#5,#7);
#10903=IFCLOCALPLACEMENT(#36,#10902);
#10904=IFCBUILDINGELEMENTPROXY('22cHeEQV9Ccwk$gYcfob0G',#18,'Electrical_Sensors_ABB_Fusion-Smart:Type - (Fusion Smart Sensor-T), 0 V, Single Phase, 2 Wires:317839',$,'Electrical_Sensors_ABB_Fusion-Smart:Type - (Fusion Smart Sensor-T)',#10903,#10900,'317839',$);
#10905=IFCPROPERTYSET('3_AfO0Xncbob5PBA6erzqU',#18,'Pset_BuildingElementProxyCommon',$,(#10718));
#10906=IFCPROPERTYSET('0zsKHuEZz2gIYT3oaQWIyy',#18,'Pset_QuantityTakeOff',$,(#10718));
#10907=IFCRELDEFINESBYPROPERTIES('2S2_40asfwh0nl0pp6kXO8',#18,$,$,(#10904),#10905);
#10908=IFCRELDEFINESBYPROPERTIES('0BzfBJZ9SxdJle8eRbJCwx',#18,$,$,(#10904),#10906);
#10909=IFCPROPERTYSINGLEVALUE('Elevation from Level',$,IFCLENGTHMEASURE(1800.0000000000009),$);
#10910=IFCPROPERTYSINGLEVALUE('Host',$,IFCTEXT('Linked Revit Model : lab archi.rvt'),$);
#10911=IFCPROPERTYSINGLEVALUE('Area',$,IFCAREAMEASURE(0.037436793272045354),$);
#10912=IFCPROPERTYSINGLEVALUE('Volume',$,IFCVOLUMEMEASURE(0.00011781681126712661),$);
#10913=IFCPROPERTYSINGLEVALUE('Electrical Data',$,IFCTEXT('COM 0 V/1-0 VA-+ V 24 V/1-0 VA'),$);
#10914=IFCPROPERTYSINGLEVALUE('Display_Name',$,IFCTEXT('Indoor Environment Sensor'),$);
#10915=IFCPROPERTYSINGLEVALUE('Install_Location',$,IFCTEXT('Cabinet Top - Position 7'),$);
#10916=IFCPROPERTYSINGLEVALUE('Sensor_Function',$,IFCTEXT('3-in-1'),$);
#10917=IFCPROPERTYSINGLEVALUE('Sensor_ID',$,IFCTEXT('AM103-07'),$);
#10918=IFCPROPERTYSINGLEVALUE('Sensor_Model',$,IFCTEXT('AM103'),$);
#10919=IFCPROPERTYSET('02nAmqaIbA7T0mmAgWidK_',#18,'Other',$,(#10723,#10724,#10725,#10726,#10727));
#10920=IFCPROPERTYSET('17CnGUltlkaJIE86tHwO$A',#18,'Constraints',$,(#10730,#10731,#10909,#10910));
#10921=IFCPROPERTYSET('041fe6_nl5cpFOOAxSgEy1',#18,'Dimensions',$,(#10911,#10912));
#10922=IFCPROPERTYSET('3FgOU3wsG6K_BNTI_UF$$L',#18,'Electrical - Circuiting',$,(#10734,#10735,#10737,#10739,#10740,#10741,#10742,#10913));
#10923=IFCPROPERTYSET('0q4mauEFOXi5sbZ9pHA89Z',#18,'Electrical - Loads',$,(#10744,#10745,#10746,#10747,#10748,#10749,#10750,#10751,#10752,#10753,#10754,#10755,#10756,#10757,#10758,#10759,#10760,#10761,#10762,#10763,#10764));
#10924=IFCPROPERTYSET('1nJAKrRGbOxkRIHikjq3JW',#18,'Identity Data',$,(#10914,#10915,#10916,#10917,#10918));
#10925=IFCPROPERTYSET('0Inuw72UeHi_Mkm8OCHEP_',#18,'Phasing',$,(#10770));
#10926=IFCMAPPEDITEM(#10692,#10710);
#10927=IFCSHAPEREPRESENTATION(#26,'Body','MappedRepresentation',(#10926));
#10928=IFCPRODUCTDEFINITIONSHAPE($,$,(#10927));
#10929=IFCCARTESIANPOINT((398.69885391454898,-1621.6620243426089,868.00057811739612));
#10930=IFCAXIS2PLACEMENT3D(#10929,#10,#7);
#10931=IFCLOCALPLACEMENT(#36,#10930);
#10932=IFCBUILDINGELEMENTPROXY('0a62phbxbD4BqJO95RncHd',#18,'Electrical_Sensors_ABB_Fusion-Smart:Type - (Fusion Smart Sensor-T), 0 V, Single Phase, 2 Wires:323383',$,'Electrical_Sensors_ABB_Fusion-Smart:Type - (Fusion Smart Sensor-T)',#10931,#10928,'323383',$);
#10933=IFCPROPERTYSET('3FIO39R6Big_Xn63LY7uRS',#18,'Pset_BuildingElementProxyCommon',$,(#10718));
#10934=IFCPROPERTYSET('1Rf10bKjJlaVWZhnQfMHvL',#18,'Pset_QuantityTakeOff',$,(#10718));
#10935=IFCRELDEFINESBYPROPERTIES('03LSlmIb89w9qBV1PNrRy6',#18,$,$,(#10932),#10933);
#10936=IFCRELDEFINESBYPROPERTIES('21jQP32hiH_dpacxGSD$MU',#18,$,$,(#10932),#10934);
#10937=IFCPROPERTYSINGLEVALUE('Elevation from Level',$,IFCLENGTHMEASURE(868.00057811739612),$);
#10938=IFCPROPERTYSINGLEVALUE('Host',$,IFCTEXT('Linked Revit Model : lab archi.rvt'),$);
#10939=IFCPROPERTYSINGLEVALUE('Area',$,IFCAREAMEASURE(0.037436793272045354),$);
#10940=IFCPROPERTYSINGLEVALUE('Volume',$,IFCVOLUMEMEASURE(0.00011781681126712661),$);
#10941=IFCPROPERTYSINGLEVALUE('Electrical Data',$,IFCTEXT('COM 0 V/1-0 VA-+ V 24 V/1-0 VA'),$);
#10942=IFCPROPERTYSINGLEVALUE('Sensor_ID',$,IFCTEXT('VS341-10'),$);
#10943=IFCPROPERTYSET('35j1SG1qu5MwV$GSrO_d44',#18,'Other',$,(#10723,#10724,#10725,#10726,#10727));
#10944=IFCPROPERTYSET('20iSH1w4J5cWRfZ8mBBz08',#18,'Constraints',$,(#10730,#10731,#10937,#10938));
#10945=IFCPROPERTYSET('2e2T2ahmiPoYoBYweM7VJF',#18,'Dimensions',$,(#10939,#10940));
#10946=IFCPROPERTYSET('01_r1xwAvsXUvs57kDDLvA',#18,'Electrical - Circuiting',$,(#10734,#10735,#10737,#10739,#10740,#10741,#10742,#10941));
#10947=IFCPROPERTYSET('3MqJH_ivCPYBBKLRVvbqyB',#18,'Electrical - Loads',$,(#10744,#10745,#10746,#10747,#10748,#10749,#10750,#10751,#10752,#10753,#10754,#10755,#10756,#10757,#10758,#10759,#10760,#10761,#10762,#10763,#10764));
#10948=IFCPROPERTYSET('0hmJLfnwXj3ZQ0xhOFFerc',#18,'Identity Data',$,(#10942));
#10949=IFCPROPERTYSET('2fk2IAUm5Bnx2C5KQl9aVo',#18,'Phasing',$,(#10770));
#10950=IFCMAPPEDITEM(#10692,#10710);
#10951=IFCSHAPEREPRESENTATION(#26,'Body','MappedRepresentation',(#10950));
#10952=IFCPRODUCTDEFINITIONSHAPE($,$,(#10951));
#10953=IFCCARTESIANPOINT((398.69885391454937,-1021.6620243426089,868.00057811739316));
#10954=IFCAXIS2PLACEMENT3D(#10953,#10,#7);
#10955=IFCLOCALPLACEMENT(#36,#10954);
#10956=IFCBUILDINGELEMENTPROXY('0a62phbxbD4BqJO95RncJc',#18,'Electrical_Sensors_ABB_Fusion-Smart:Type - (Fusion Smart Sensor-T), 0 V, Single Phase, 2 Wires:323510',$,'Electrical_Sensors_ABB_Fusion-Smart:Type - (Fusion Smart Sensor-T)',#10955,#10952,'323510',$);
#10957=IFCPROPERTYSET('0IHAHOH5h8ZTV9vPVl32pK',#18,'Pset_BuildingElementProxyCommon',$,(#10718));
#10958=IFCPROPERTYSET('3fZ1RZYoeEBXOEJV$hR0ds',#18,'Pset_QuantityTakeOff',$,(#10718));
#10959=IFCRELDEFINESBYPROPERTIES('3Y0RoPjMIkSL9d1DBRRjFr',#18,$,$,(#10956),#10957);
#10960=IFCRELDEFINESBYPROPERTIES('1InBh7nEllTo6HpySLtK3T',#18,$,$,(#10956),#10958);
#10961=IFCPROPERTYSINGLEVALUE('Elevation from Level',$,IFCLENGTHMEASURE(0.),$);
#10962=IFCPROPERTYSINGLEVALUE('Host',$,IFCTEXT('Linked Revit Model : lab archi.rvt'),$);
#10963=IFCPROPERTYSINGLEVALUE('Area',$,IFCAREAMEASURE(0.037436793272045354),$);
#10964=IFCPROPERTYSINGLEVALUE('Volume',$,IFCVOLUMEMEASURE(0.00011781681126712661),$);
#10965=IFCPROPERTYSINGLEVALUE('Electrical Data',$,IFCTEXT('COM 0 V/1-0 VA-+ V 24 V/1-0 VA'),$);
#10966=IFCPROPERTYSINGLEVALUE('Sensor_ID',$,IFCTEXT('VS341-09'),$);
#10967=IFCPROPERTYSET('0JgwGlAHsQuFvxW$LklbGa',#18,'Other',$,(#10723,#10724,#10725,#10726,#10727));
#10968=IFCPROPERTYSET('28eLs5aYQKhzzlRPvamcbK',#18,'Constraints',$,(#10961,#10962));
#10969=IFCPROPERTYSET('2tqwntSXBzFFiWxjLu9lZK',#18,'Dimensions',$,(#10963,#10964));
#10970=IFCPROPERTYSET('3x0Sp0h7uwi$DBcLqvuWip',#18,'Electrical - Circuiting',$,(#10734,#10735,#10737,#10739,#10740,#10741,#10742,#10965));
#10971=IFCPROPERTYSET('1kLgT0gvGV09U_XQNJPdIh',#18,'Electrical - Loads',$,(#10744,#10745,#10746,#10747,#10748,#10749,#10750,#10751,#10752,#10753,#10754,#10755,#10756,#10757,#10758,#10759,#10760,#10761,#10762,#10763,#10764));
#10972=IFCPROPERTYSET('2n5QbEMfGJRdp0ooDcQukK',#18,'Identity Data',$,(#10966));
#10973=IFCPROPERTYSET('10KzvLa$96oWVa7WyDG9J5',#18,'Phasing',$,(#10770));
#10974=IFCMAPPEDITEM(#10692,#10710);
#10975=IFCSHAPEREPRESENTATION(#26,'Body','MappedRepresentation',(#10974));
#10976=IFCPRODUCTDEFINITIONSHAPE($,$,(#10975));
#10977=IFCCARTESIANPOINT((398.69885391454989,-321.66202434260896,868.00057811739157));
#10978=IFCAXIS2PLACEMENT3D(#10977,#10,#7);
#10979=IFCLOCALPLACEMENT(#36,#10978);
#10980=IFCBUILDINGELEMENTPROXY('0a62phbxbD4BqJO95RncJj',#18,'Electrical_Sensors_ABB_Fusion-Smart:Type - (Fusion Smart Sensor-T), 0 V, Single Phase, 2 Wires:323517',$,'Electrical_Sensors_ABB_Fusion-Smart:Type - (Fusion Smart Sensor-T)',#10979,#10976,'323517',$);
#10981=IFCPROPERTYSET('3pvxyMkU1Lwo4UYaRcrKXa',#18,'Pset_BuildingElementProxyCommon',$,(#10718));
#10982=IFCPROPERTYSET('2hsHIP9h916wCWmkkBxPi2',#18,'Pset_QuantityTakeOff',$,(#10718));
#10983=IFCRELDEFINESBYPROPERTIES('2ce5cchvPtMn1xEryKtyZj',#18,$,$,(#10980),#10981);
#10984=IFCRELDEFINESBYPROPERTIES('0u4SBTFS0QHni7_xLVrC$w',#18,$,$,(#10980),#10982);
#10985=IFCPROPERTYSINGLEVALUE('Host',$,IFCTEXT('Linked Revit Model : lab archi.rvt'),$);
#10986=IFCPROPERTYSINGLEVALUE('Area',$,IFCAREAMEASURE(0.037436793272045354),$);
#10987=IFCPROPERTYSINGLEVALUE('Volume',$,IFCVOLUMEMEASURE(0.00011781681126712661),$);
#10988=IFCPROPERTYSINGLEVALUE('Electrical Data',$,IFCTEXT('COM 0 V/1-0 VA-+ V 24 V/1-0 VA'),$);
#10989=IFCPROPERTYSINGLEVALUE('Sensor_ID',$,IFCTEXT('VS341-08'),$);
#10990=IFCPROPERTYSET('2OzxwO7D2Oay9ZhbaS27j0',#18,'Other',$,(#10723,#10724,#10725,#10726,#10727));
#10991=IFCPROPERTYSET('1Ng2hoMlxIBLteG7uOdvvy',#18,'Constraints',$,(#10961,#10985));
#10992=IFCPROPERTYSET('11deNByb7x3DwfGxLPqlkD',#18,'Dimensions',$,(#10986,#10987));
#10993=IFCPROPERTYSET('2lxNAQs$SKRR2oQQjZBzTQ',#18,'Electrical - Circuiting',$,(#10734,#10735,#10737,#10739,#10740,#10741,#10742,#10988));
#10994=IFCPROPERTYSET('1nHD6gCJns6effP2tPEAjT',#18,'Electrical - Loads',$,(#10744,#10745,#10746,#10747,#10748,#10749,#10750,#10751,#10752,#10753,#10754,#10755,#10756,#10757,#10758,#10759,#10760,#10761,#10762,#10763,#10764));
#10995=IFCPROPERTYSET('0FHir3GONxI0CG1LA4Hubc',#18,'Identity Data',$,(#10989));
#10996=IFCPROPERTYSET('1LMMwFxrpqSyfGXpwlniel',#18,'Phasing',$,(#10770));
#10997=IFCMAPPEDITEM(#10692,#10710);
#10998=IFCSHAPEREPRESENTATION(#26,'Body','MappedRepresentation',(#10997));
#10999=IFCPRODUCTDEFINITIONSHAPE($,$,(#10998));
#11000=IFCCARTESIANPOINT((398.69885391455017,558.33797565739076,868.00057811738964));
#11001=IFCAXIS2PLACEMENT3D(#11000,#10,#7);
#11002=IFCLOCALPLACEMENT(#36,#11001);
#11003=IFCBUILDINGELEMENTPROXY('0a62phbxbD4BqJO95RncIJ',#18,'Electrical_Sensors_ABB_Fusion-Smart:Type - (Fusion Smart Sensor-T), 0 V, Single Phase, 2 Wires:323523',$,'Electrical_Sensors_ABB_Fusion-Smart:Type - (Fusion Smart Sensor-T)',#11002,#10999,'323523',$);
#11004=IFCPROPERTYSET('14XcLwprSdBUQYndNqqBDX',#18,'Pset_BuildingElementProxyCommon',$,(#10718));
#11005=IFCPROPERTYSET('1aMYNg9vMaH5qvKQAY0gik',#18,'Pset_QuantityTakeOff',$,(#10718));
#11006=IFCRELDEFINESBYPROPERTIES('0jRn$XIb1bgZLJbqf1dwRf',#18,$,$,(#11003),#11004);
#11007=IFCRELDEFINESBYPROPERTIES('3pzlouCtUOdcNBcoWA_DiD',#18,$,$,(#11003),#11005);
#11008=IFCPROPERTYSINGLEVALUE('Host',$,IFCTEXT('Linked Revit Model : lab archi.rvt'),$);
#11009=IFCPROPERTYSINGLEVALUE('Area',$,IFCAREAMEASURE(0.037436793272045354),$);
#11010=IFCPROPERTYSINGLEVALUE('Volume',$,IFCVOLUMEMEASURE(0.00011781681126712661),$);
#11011=IFCPROPERTYSINGLEVALUE('Electrical Data',$,IFCTEXT('COM 0 V/1-0 VA-+ V 24 V/1-0 VA'),$);
#11012=IFCPROPERTYSINGLEVALUE('Sensor_ID',$,IFCTEXT('VS341-07'),$);
#11013=IFCPROPERTYSET('1Oi3r5hEp72kOwkg2_ICQv',#18,'Other',$,(#10723,#10724,#10725,#10726,#10727));
#11014=IFCPROPERTYSET('2QaVrCjzISlBAL5XELmBtp',#18,'Constraints',$,(#10961,#11008));
#11015=IFCPROPERTYSET('0Yi5hg$AokQZRsBAPausr$',#18,'Dimensions',$,(#11009,#11010));
#11016=IFCPROPERTYSET('0eh$1ffrLFZd5nP3hDWIDU',#18,'Electrical - Circuiting',$,(#10734,#10735,#10737,#10739,#10740,#10741,#10742,#11011));
#11017=IFCPROPERTYSET('2_obuvYOCFOklT47xMx3Ob',#18,'Electrical - Loads',$,(#10744,#10745,#10746,#10747,#10748,#10749,#10750,#10751,#10752,#10753,#10754,#10755,#10756,#10757,#10758,#10759,#10760,#10761,#10762,#10763,#10764));
#11018=IFCPROPERTYSET('04TWBnvTvFMCe8SZ99XbKh',#18,'Identity Data',$,(#11012));
#11019=IFCPROPERTYSET('0hf8i_$wlsu1Fo5OLaapRZ',#18,'Phasing',$,(#10770));
#11020=IFCMAPPEDITEM(#10692,#10710);
#11021=IFCSHAPEREPRESENTATION(#26,'Body','MappedRepresentation',(#11020));
#11022=IFCPRODUCTDEFINITIONSHAPE($,$,(#11021));
#11023=IFCCARTESIANPOINT((398.69885391455085,1598.3379756573902,868.00057811738748));
#11024=IFCAXIS2PLACEMENT3D(#11023,#10,#7);
#11025=IFCLOCALPLACEMENT(#36,#11024);
#11026=IFCBUILDINGELEMENTPROXY('0a62phbxbD4BqJO95RncIP',#18,'Electrical_Sensors_ABB_Fusion-Smart:Type - (Fusion Smart Sensor-T), 0 V, Single Phase, 2 Wires:323529',$,'Electrical_Sensors_ABB_Fusion-Smart:Type - (Fusion Smart Sensor-T)',#11025,#11022,'323529',$);
#11027=IFCPROPERTYSET('2xOEEb5NUes8u1TVUozTCe',#18,'Pset_BuildingElementProxyCommon',$,(#10718));
#11028=IFCPROPERTYSET('2MgaiP6SrL$MDNLE$Jp3Lc',#18,'Pset_QuantityTakeOff',$,(#10718));
#11029=IFCRELDEFINESBYPROPERTIES('3liZ1CELKx5_kob2wSNMIy',#18,$,$,(#11026),#11027);
#11030=IFCRELDEFINESBYPROPERTIES('2xPCPt14EXmkgqZN$SbZ3y',#18,$,$,(#11026),#11028);
#11031=IFCPROPERTYSINGLEVALUE('Host',$,IFCTEXT('Linked Revit Model : lab archi.rvt'),$);
#11032=IFCPROPERTYSINGLEVALUE('Area',$,IFCAREAMEASURE(0.037436793272045354),$);
#11033=IFCPROPERTYSINGLEVALUE('Volume',$,IFCVOLUMEMEASURE(0.00011781681126712661),$);
#11034=IFCPROPERTYSINGLEVALUE('Electrical Data',$,IFCTEXT('COM 0 V/1-0 VA-+ V 24 V/1-0 VA'),$);
#11035=IFCPROPERTYSINGLEVALUE('Sensor_ID',$,IFCTEXT('VS341-06'),$);
#11036=IFCPROPERTYSET('2BWp4FoUu08XL4NBicCFSJ',#18,'Other',$,(#10723,#10724,#10725,#10726,#10727));
#11037=IFCPROPERTYSET('0gZ4tKFczXEsdB0iJY2gQa',#18,'Constraints',$,(#10961,#11031));
#11038=IFCPROPERTYSET('1UeawoMhtsAICYLGzlTF2m',#18,'Dimensions',$,(#11032,#11033));
#11039=IFCPROPERTYSET('35n78InCQU$AgFd7zpyTik',#18,'Electrical - Circuiting',$,(#10734,#10735,#10737,#10739,#10740,#10741,#10742,#11034));
#11040=IFCPROPERTYSET('2RuxaFetBrnnG3yNQmJ0tI',#18,'Electrical - Loads',$,(#10744,#10745,#10746,#10747,#10748,#10749,#10750,#10751,#10752,#10753,#10754,#10755,#10756,#10757,#10758,#10759,#10760,#10761,#10762,#10763,#10764));
#11041=IFCPROPERTYSET('0j7o8LIPbHMSHgMat_U8JL',#18,'Identity Data',$,(#11035));
#11042=IFCPROPERTYSET('3iMV7mBqa6rl$tqFoMJeVb',#18,'Phasing',$,(#10770));
#11043=IFCMAPPEDITEM(#10692,#10710);
#11044=IFCSHAPEREPRESENTATION(#26,'Body','MappedRepresentation',(#11043));
#11045=IFCPRODUCTDEFINITIONSHAPE($,$,(#11044));
#11046=IFCCARTESIANPOINT((-701.30114608545136,-1621.6620243426125,868.00057811741124));
#11047=IFCAXIS2PLACEMENT3D(#11046,#10,#7);
#11048=IFCLOCALPLACEMENT(#36,#11047);
#11049=IFCBUILDINGELEMENTPROXY('0a62phbxbD4BqJO95RncIh',#18,'Electrical_Sensors_ABB_Fusion-Smart:Type - (Fusion Smart Sensor-T), 0 V, Single Phase, 2 Wires:323579',$,'Electrical_Sensors_ABB_Fusion-Smart:Type - (Fusion Smart Sensor-T)',#11048,#11045,'323579',$);
#11050=IFCPROPERTYSET('1pUMvVGY1$q3XHUkKlbVE6',#18,'Pset_BuildingElementProxyCommon',$,(#10718));
#11051=IFCPROPERTYSET('0LVtUymEgwJpLfSvRPEngM',#18,'Pset_QuantityTakeOff',$,(#10718));
#11052=IFCRELDEFINESBYPROPERTIES('0TDKGk3oT$o$qcn52KOTxl',#18,$,$,(#11049),#11050);
#11053=IFCRELDEFINESBYPROPERTIES('3G6LaaReIi6mMtOd8HdufF',#18,$,$,(#11049),#11051);
#11054=IFCPROPERTYSINGLEVALUE('Host',$,IFCTEXT('Linked Revit Model : lab archi.rvt'),$);
#11055=IFCPROPERTYSINGLEVALUE('Area',$,IFCAREAMEASURE(0.037436793272045354),$);
#11056=IFCPROPERTYSINGLEVALUE('Volume',$,IFCVOLUMEMEASURE(0.00011781681126712661),$);
#11057=IFCPROPERTYSINGLEVALUE('Electrical Data',$,IFCTEXT('COM 0 V/1-0 VA-+ V 24 V/1-0 VA'),$);
#11058=IFCPROPERTYSINGLEVALUE('Sensor_ID',$,IFCTEXT('VS341-05'),$);
#11059=IFCPROPERTYSET('39proq640QQJwM4IfQtDjs',#18,'Other',$,(#10723,#10724,#10725,#10726,#10727));
#11060=IFCPROPERTYSET('1Rh8UDiRUywNcq9F5GAJf8',#18,'Constraints',$,(#10961,#11054));
#11061=IFCPROPERTYSET('33AjLzlk4u2cPmvPLX2U7k',#18,'Dimensions',$,(#11055,#11056));
#11062=IFCPROPERTYSET('0XIem4OOPU9AXAI4zbUGG6',#18,'Electrical - Circuiting',$,(#10734,#10735,#10737,#10739,#10740,#10741,#10742,#11057));
#11063=IFCPROPERTYSET('2NgaKOSgqFgFHkp7SPPoH7',#18,'Electrical - Loads',$,(#10744,#10745,#10746,#10747,#10748,#10749,#10750,#10751,#10752,#10753,#10754,#10755,#10756,#10757,#10758,#10759,#10760,#10761,#10762,#10763,#10764));
#11064=IFCPROPERTYSET('3ldN3wBKsnkbUYA_8Nz01O',#18,'Identity Data',$,(#11058));
#11065=IFCPROPERTYSET('1EO4udNCcNVmWPpoisNb7V',#18,'Phasing',$,(#10770));
#11066=IFCMAPPEDITEM(#10692,#10710);
#11067=IFCSHAPEREPRESENTATION(#26,'Body','MappedRepresentation',(#11066));
#11068=IFCPRODUCTDEFINITIONSHAPE($,$,(#11067));
#11069=IFCCARTESIANPOINT((-701.3011460854508,-1021.6620243426124,868.00057811741033));
#11070=IFCAXIS2PLACEMENT3D(#11069,#10,#7);
#11071=IFCLOCALPLACEMENT(#36,#11070);
#11072=IFCBUILDINGELEMENTPROXY('0a62phbxbD4BqJO95RncIj',#18,'Electrical_Sensors_ABB_Fusion-Smart:Type - (Fusion Smart Sensor-T), 0 V, Single Phase, 2 Wires:323581',$,'Electrical_Sensors_ABB_Fusion-Smart:Type - (Fusion Smart Sensor-T)',#11071,#11068,'323581',$);
#11073=IFCPROPERTYSET('3Jdl$OxeGmbnLIDRp5YARx',#18,'Pset_BuildingElementProxyCommon',$,(#10718));
#11074=IFCPROPERTYSET('2W61cg76uC5Ue7Zont3SmF',#18,'Pset_QuantityTakeOff',$,(#10718));
#11075=IFCRELDEFINESBYPROPERTIES('3PDvxG1hE7Rdd_67UjQ6pH',#18,$,$,(#11072),#11073);
#11076=IFCRELDEFINESBYPROPERTIES('3AOCM6d17DfGxRehXLFd27',#18,$,$,(#11072),#11074);
#11077=IFCPROPERTYSINGLEVALUE('Host',$,IFCTEXT('Linked Revit Model : lab archi.rvt'),$);
#11078=IFCPROPERTYSINGLEVALUE('Area',$,IFCAREAMEASURE(0.037436793272045354),$);
#11079=IFCPROPERTYSINGLEVALUE('Volume',$,IFCVOLUMEMEASURE(0.00011781681126712661),$);
#11080=IFCPROPERTYSINGLEVALUE('Electrical Data',$,IFCTEXT('COM 0 V/1-0 VA-+ V 24 V/1-0 VA'),$);
#11081=IFCPROPERTYSINGLEVALUE('Sensor_ID',$,IFCTEXT('VS341-04'),$);
#11082=IFCPROPERTYSET('3QZ0s6iNSJbzUC$brJ0bY_',#18,'Other',$,(#10723,#10724,#10725,#10726,#10727));
#11083=IFCPROPERTYSET('3uCoYGRkJW3Nyqx9GS8LKC',#18,'Constraints',$,(#10961,#11077));
#11084=IFCPROPERTYSET('1G8a65V1Kw8TxJ9whE8KUO',#18,'Dimensions',$,(#11078,#11079));
#11085=IFCPROPERTYSET('0c_DP8IjCJVMECxPHovzyL',#18,'Electrical - Circuiting',$,(#10734,#10735,#10737,#10739,#10740,#10741,#10742,#11080));
#11086=IFCPROPERTYSET('2V9DzEdUyl9PUXnXPAugnw',#18,'Electrical - Loads',$,(#10744,#10745,#10746,#10747,#10748,#10749,#10750,#10751,#10752,#10753,#10754,#10755,#10756,#10757,#10758,#10759,#10760,#10761,#10762,#10763,#10764));
#11087=IFCPROPERTYSET('3d9sxP_fqmsy$OJF5hoDy5',#18,'Identity Data',$,(#11081));
#11088=IFCPROPERTYSET('24VwKN2hD90YpW8q1N0WLS',#18,'Phasing',$,(#10770));
#11089=IFCMAPPEDITEM(#10692,#10710);
#11090=IFCSHAPEREPRESENTATION(#26,'Body','MappedRepresentation',(#11089));
#11091=IFCPRODUCTDEFINITIONSHAPE($,$,(#11090));
#11092=IFCCARTESIANPOINT((-701.30114608545023,-321.66202434261271,868.00057811740919));
#11093=IFCAXIS2PLACEMENT3D(#11092,#10,#7);
#11094=IFCLOCALPLACEMENT(#36,#11093);
#11095=IFCBUILDINGELEMENTPROXY('0a62phbxbD4BqJO95RncIk',#18,'Electrical_Sensors_ABB_Fusion-Smart:Type - (Fusion Smart Sensor-T), 0 V, Single Phase, 2 Wires:323582',$,'Electrical_Sensors_ABB_Fusion-Smart:Type - (Fusion Smart Sensor-T)',#11094,#11091,'323582',$);
#11096=IFCPROPERTYSET('2zPVyi_D$uFXqKM7xtsLkq',#18,'Pset_BuildingElementProxyCommon',$,(#10718));
#11097=IFCPROPERTYSET('33awefKPC459Ak60qCExAO',#18,'Pset_QuantityTakeOff',$,(#10718));
#11098=IFCRELDEFINESBYPROPERTIES('2q$MzRDtPocnH5PDyGu7g4',#18,$,$,(#11095),#11096);
#11099=IFCRELDEFINESBYPROPERTIES('3wC69PvF9o07noccVqjSN5',#18,$,$,(#11095),#11097);
#11100=IFCPROPERTYSINGLEVALUE('Host',$,IFCTEXT('Linked Revit Model : lab archi.rvt'),$);
#11101=IFCPROPERTYSINGLEVALUE('Area',$,IFCAREAMEASURE(0.037436793272045354),$);
#11102=IFCPROPERTYSINGLEVALUE('Volume',$,IFCVOLUMEMEASURE(0.00011781681126712661),$);
#11103=IFCPROPERTYSINGLEVALUE('Electrical Data',$,IFCTEXT('COM 0 V/1-0 VA-+ V 24 V/1-0 VA'),$);
#11104=IFCPROPERTYSINGLEVALUE('Sensor_ID',$,IFCTEXT('VS341-03'),$);
#11105=IFCPROPERTYSET('3GkU2hyDW6fglkeYr9D66j',#18,'Other',$,(#10723,#10724,#10725,#10726,#10727));
#11106=IFCPROPERTYSET('239diyj2cUSkPCpM6ekeic',#18,'Constraints',$,(#10961,#11100));
#11107=IFCPROPERTYSET('0MA54qtRJrWQjXoqQWhS9o',#18,'Dimensions',$,(#11101,#11102));
#11108=IFCPROPERTYSET('1PemGvWdaBbRd3$NJRTRZm',#18,'Electrical - Circuiting',$,(#10734,#10735,#10737,#10739,#10740,#10741,#10742,#11103));
#11109=IFCPROPERTYSET('0lmU04$5ZkwIiyS1lrTctm',#18,'Electrical - Loads',$,(#10744,#10745,#10746,#10747,#10748,#10749,#10750,#10751,#10752,#10753,#10754,#10755,#10756,#10757,#10758,#10759,#10760,#10761,#10762,#10763,#10764));
#11110=IFCPROPERTYSET('20YvFhivw_3cdUzFhZnD4l',#18,'Identity Data',$,(#11104));
#11111=IFCPROPERTYSET('3NV5iPcmLoqGZaC2KKSKao',#18,'Phasing',$,(#10770));
#11112=IFCMAPPEDITEM(#10692,#10710);
#11113=IFCSHAPEREPRESENTATION(#26,'Body','MappedRepresentation',(#11112));
#11114=IFCPRODUCTDEFINITIONSHAPE($,$,(#11113));
#11115=IFCCARTESIANPOINT((-701.30114608544966,558.33797565738678,868.00057811740771));
#11116=IFCAXIS2PLACEMENT3D(#11115,#10,#7);
#11117=IFCLOCALPLACEMENT(#36,#11116);
#11118=IFCBUILDINGELEMENTPROXY('0a62phbxbD4BqJO95RncIl',#18,'Electrical_Sensors_ABB_Fusion-Smart:Type - (Fusion Smart Sensor-T), 0 V, Single Phase, 2 Wires:323583',$,'Electrical_Sensors_ABB_Fusion-Smart:Type - (Fusion Smart Sensor-T)',#11117,#11114,'323583',$);
#11119=IFCPROPERTYSET('2NKSGPXDmyFfiX$iyL1vD4',#18,'Pset_BuildingElementProxyCommon',$,(#10718));
#11120=IFCPROPERTYSET('32QHXQEJU_P75sO7nQgLlA',#18,'Pset_QuantityTakeOff',$,(#10718));
#11121=IFCRELDEFINESBYPROPERTIES('2cl1FSUWR90I6UUS25HBTd',#18,$,$,(#11118),#11119);
#11122=IFCRELDEFINESBYPROPERTIES('1IAM1_iybkjq$IpfdXDcmK',#18,$,$,(#11118),#11120);
#11123=IFCPROPERTYSINGLEVALUE('Host',$,IFCTEXT('Linked Revit Model : lab archi.rvt'),$);
#11124=IFCPROPERTYSINGLEVALUE('Area',$,IFCAREAMEASURE(0.037436793272045354),$);
#11125=IFCPROPERTYSINGLEVALUE('Volume',$,IFCVOLUMEMEASURE(0.00011781681126712661),$);
#11126=IFCPROPERTYSINGLEVALUE('Electrical Data',$,IFCTEXT('COM 0 V/1-0 VA-+ V 24 V/1-0 VA'),$);
#11127=IFCPROPERTYSINGLEVALUE('Sensor_ID',$,IFCTEXT('VS341-02'),$);
#11128=IFCPROPERTYSET('0xnoe6mhuAlpWZooL6193O',#18,'Other',$,(#10723,#10724,#10725,#10726,#10727));
#11129=IFCPROPERTYSET('3u5HWZlF5zNNgr1F7WIv1u',#18,'Constraints',$,(#10961,#11123));
#11130=IFCPROPERTYSET('2hiEFzF7WWijJ0pOLxOEpQ',#18,'Dimensions',$,(#11124,#11125));
#11131=IFCPROPERTYSET('3hWmYfvBU2sIAPhb6U3a_0',#18,'Electrical - Circuiting',$,(#10734,#10735,#10737,#10739,#10740,#10741,#10742,#11126));
#11132=IFCPROPERTYSET('12LChIrP1F1GdGrzTpsDYd',#18,'Electrical - Loads',$,(#10744,#10745,#10746,#10747,#10748,#10749,#10750,#10751,#10752,#10753,#10754,#10755,#10756,#10757,#10758,#10759,#10760,#10761,#10762,#10763,#10764));
#11133=IFCPROPERTYSET('1ByvA8dqaT0RKFxQa5$6UN',#18,'Identity Data',$,(#11127));
#11134=IFCPROPERTYSET('0GMgYGZvrJLdOxkxHBxrTo',#18,'Phasing',$,(#10770));
#11135=IFCMAPPEDITEM(#10692,#10710);
#11136=IFCSHAPEREPRESENTATION(#26,'Body','MappedRepresentation',(#11135));
#11137=IFCPRODUCTDEFINITIONSHAPE($,$,(#11136));
#11138=IFCCARTESIANPOINT((-701.3011460854492,1598.3379756573866,868.00057811740612));
#11139=IFCAXIS2PLACEMENT3D(#11138,#10,#7);
#11140=IFCLOCALPLACEMENT(#36,#11139);
#11141=IFCBUILDINGELEMENTPROXY('0a62phbxbD4BqJO95RndjG',#18,'Electrical_Sensors_ABB_Fusion-Smart:Type - (Fusion Smart Sensor-T), 0 V, Single Phase, 2 Wires:323584',$,'Electrical_Sensors_ABB_Fusion-Smart:Type - (Fusion Smart Sensor-T)',#11140,#11137,'323584',$);
#11142=IFCPROPERTYSET('1PT5xv25ZoIs1LHh$7PCzR',#18,'Pset_BuildingElementProxyCommon',$,(#10718));
#11143=IFCPROPERTYSET('0FvBvkcV4s1vY0smt9xnu_',#18,'Pset_QuantityTakeOff',$,(#10718));
#11144=IFCRELDEFINESBYPROPERTIES('3MwYbBysg2QroW$OVyT4M6',#18,$,$,(#11141),#11142);
#11145=IFCRELDEFINESBYPROPERTIES('09b6kBdc2BNL34mBfM1Q0T',#18,$,$,(#11141),#11143);
#11146=IFCPROPERTYSINGLEVALUE('Host',$,IFCTEXT('Linked Revit Model : lab archi.rvt'),$);
#11147=IFCPROPERTYSINGLEVALUE('Area',$,IFCAREAMEASURE(0.037436793272045354),$);
#11148=IFCPROPERTYSINGLEVALUE('Volume',$,IFCVOLUMEMEASURE(0.00011781681126712661),$);
#11149=IFCPROPERTYSINGLEVALUE('Electrical Data',$,IFCTEXT('COM 0 V/1-0 VA-+ V 24 V/1-0 VA'),$);
#11150=IFCPROPERTYSINGLEVALUE('Sensor_ID',$,IFCTEXT('VS341-01'),$);
#11151=IFCPROPERTYSET('0v14mZU29tmfQJ4RfDCl9d',#18,'Other',$,(#10723,#10724,#10725,#10726,#10727));
#11152=IFCPROPERTYSET('0Yeo3KP7CKAeSuIMJxV9WG',#18,'Constraints',$,(#10961,#11146));
#11153=IFCPROPERTYSET('0zZqOuqJjTkUUKTH$5fFTn',#18,'Dimensions',$,(#11147,#11148));
#11154=IFCPROPERTYSET('0OJthYYd9b2TGq1jGs7thK',#18,'Electrical - Circuiting',$,(#10734,#10735,#10737,#10739,#10740,#10741,#10742,#11149));
#11155=IFCPROPERTYSET('1MCUkZZxpGs2fyLAYWYFP2',#18,'Electrical - Loads',$,(#10744,#10745,#10746,#10747,#10748,#10749,#10750,#10751,#10752,#10753,#10754,#10755,#10756,#10757,#10758,#10759,#10760,#10761,#10762,#10763,#10764));
#11156=IFCPROPERTYSET('1sL3pUw$Wdtr94AM2yjQfv',#18,'Identity Data',$,(#11150));
#11157=IFCPROPERTYSET('3PM2pPM$VWk08e7ApaIqJC',#18,'Phasing',$,(#10770));
#11158=IFCMAPPEDITEM(#10692,#10710);
#11159=IFCSHAPEREPRESENTATION(#26,'Body','MappedRepresentation',(#11158));
#11160=IFCPRODUCTDEFINITIONSHAPE($,$,(#11159));
#11161=IFCCARTESIANPOINT((1199.5168249401115,-3992.2529692097096,220.));
#11162=IFCAXIS2PLACEMENT3D(#11161,#7,#9);
#11163=IFCLOCALPLACEMENT(#36,#11162);
#11164=IFCBUILDINGELEMENTPROXY('0a62phbxbD4BqJO95RndjW',#18,'Electrical_Sensors_ABB_Fusion-Smart:Type - (Fusion Smart Sensor-T), 0 V, Single Phase, 2 Wires:323632',$,'Electrical_Sensors_ABB_Fusion-Smart:Type - (Fusion Smart Sensor-T)',#11163,#11160,'323632',$);
#11165=IFCPROPERTYSET('0IJo1u47quCG9mmKBxQvcO',#18,'Pset_BuildingElementProxyCommon',$,(#10718));
#11166=IFCPROPERTYSET('1uGIvdfIPKwVbWBhTs29eb',#18,'Pset_QuantityTakeOff',$,(#10718));
#11167=IFCRELDEFINESBYPROPERTIES('1ppKUw7R4ziRrYRNrhjiaN',#18,$,$,(#11164),#11165);
#11168=IFCRELDEFINESBYPROPERTIES('160XtSAat8dBz2lomuN2Z5',#18,$,$,(#11164),#11166);
#11169=IFCPROPERTYSINGLEVALUE('Elevation from Level',$,IFCLENGTHMEASURE(220.00000000000034),$);
#11170=IFCPROPERTYSINGLEVALUE('Host',$,IFCTEXT('Linked Revit Model : lab archi.rvt'),$);
#11171=IFCPROPERTYSINGLEVALUE('Area',$,IFCAREAMEASURE(0.037436793272045354),$);
#11172=IFCPROPERTYSINGLEVALUE('Volume',$,IFCVOLUMEMEASURE(0.00011781681126712661),$);
#11173=IFCPROPERTYSINGLEVALUE('Electrical Data',$,IFCTEXT('COM 0 V/1-0 VA-+ V 24 V/1-0 VA'),$);
#11174=IFCPROPERTYSINGLEVALUE('Sensor_ID',$,IFCTEXT('WS303-01'),$);
#11175=IFCPROPERTYSET('2CHi0V6q8BZ5PSJhprjvda',#18,'Other',$,(#10723,#10724,#10725,#10726,#10727));
#11176=IFCPROPERTYSET('0myoO3pxwDyRARVL9Vqag9',#18,'Constraints',$,(#10730,#10731,#11169,#11170));
#11177=IFCPROPERTYSET('2E_5iOlXtmr4HQw9JpW0iR',#18,'Dimensions',$,(#11171,#11172));
#11178=IFCPROPERTYSET('3m9e_mO22Bno7A8TFd8TKC',#18,'Electrical - Circuiting',$,(#10734,#10735,#10737,#10739,#10740,#10741,#10742,#11173));
#11179=IFCPROPERTYSET('14PMqS85XjxsIfvq8ZwM1_',#18,'Electrical - Loads',$,(#10744,#10745,#10746,#10747,#10748,#10749,#10750,#10751,#10752,#10753,#10754,#10755,#10756,#10757,#10758,#10759,#10760,#10761,#10762,#10763,#10764));
#11180=IFCPROPERTYSET('3XK7s9BYzfN4yArwRgScb$',#18,'Identity Data',$,(#11174));
#11181=IFCPROPERTYSET('3WJsE6gfy$VDwLS2gKY8vT',#18,'Phasing',$,(#10770));
#11182=IFCMAPPEDITEM(#10692,#10710);
#11183=IFCSHAPEREPRESENTATION(#26,'Body','MappedRepresentation',(#11182));
#11184=IFCPRODUCTDEFINITIONSHAPE($,$,(#11183));
#11185=IFCCARTESIANPOINT((1232.3543057456495,-3992.2529692097105,1420.));
#11186=IFCAXIS2PLACEMENT3D(#11185,#7,#6);
#11187=IFCLOCALPLACEMENT(#36,#11186);
#11188=IFCBUILDINGELEMENTPROXY('0a62phbxbD4BqJO95Rndkh',#18,'Electrical_Sensors_ABB_Fusion-Smart:Type - (Fusion Smart Sensor-T), 0 V, Single Phase, 2 Wires:323835',$,'Electrical_Sensors_ABB_Fusion-Smart:Type - (Fusion Smart Sensor-T)',#11187,#11184,'323835',$);
#11189=IFCPROPERTYSET('2HVA6gwTvQuWrYMOJMqUIi',#18,'Pset_BuildingElementProxyCommon',$,(#10718));
#11190=IFCPROPERTYSET('2rjHiqP7sy6nwxjwMn6ujs',#18,'Pset_QuantityTakeOff',$,(#10718));
#11191=IFCRELDEFINESBYPROPERTIES('0uNX1XdTdyKTy9u5GBZP9I',#18,$,$,(#11188),#11189);
#11192=IFCRELDEFINESBYPROPERTIES('0g$yQn8gwVTrMeTA7SQoPH',#18,$,$,(#11188),#11190);
#11193=IFCPROPERTYSINGLEVALUE('Elevation from Level',$,IFCLENGTHMEASURE(1420.0000000000002),$);
#11194=IFCPROPERTYSINGLEVALUE('Host',$,IFCTEXT('Linked Revit Model : lab archi.rvt'),$);
#11195=IFCPROPERTYSINGLEVALUE('Area',$,IFCAREAMEASURE(0.037436793272045354),$);
#11196=IFCPROPERTYSINGLEVALUE('Volume',$,IFCVOLUMEMEASURE(0.00011781681126712661),$);
#11197=IFCPROPERTYSINGLEVALUE('Electrical Data',$,IFCTEXT('COM 0 V/1-0 VA-+ V 24 V/1-0 VA'),$);
#11198=IFCPROPERTYSINGLEVALUE('Sensor_ID',$,IFCTEXT('WS301-01'),$);
#11199=IFCPROPERTYSET('20a9wZ8Bwq0d02C1NzJm77',#18,'Other',$,(#10723,#10724,#10725,#10726,#10727));
#11200=IFCPROPERTYSET('1qoaTJlxX4GvhePPfNTtIQ',#18,'Constraints',$,(#10730,#10731,#11193,#11194));
#11201=IFCPROPERTYSET('2ii4MGAuGb_aQxqnI0VKu1',#18,'Dimensions',$,(#11195,#11196));
#11202=IFCPROPERTYSET('0LQ7OsRR23Pjv0SGF3RLQw',#18,'Electrical - Circuiting',$,(#10734,#10735,#10737,#10739,#10740,#10741,#10742,#11197));
#11203=IFCPROPERTYSET('3LxRm60q6V1lCE0Y6HYEfi',#18,'Electrical - Loads',$,(#10744,#10745,#10746,#10747,#10748,#10749,#10750,#10751,#10752,#10753,#10754,#10755,#10756,#10757,#10758,#10759,#10760,#10761,#10762,#10763,#10764));
#11204=IFCPROPERTYSET('2EAFXaxID5naJRfduP7M7_',#18,'Identity Data',$,(#11198));
#11205=IFCPROPERTYSET('3YPcsjN1x3r08AMRn$tZRU',#18,'Phasing',$,(#10770));
#11206=IFCMAPPEDITEM(#10692,#10710);
#11207=IFCSHAPEREPRESENTATION(#26,'Body','MappedRepresentation',(#11206));
#11208=IFCPRODUCTDEFINITIONSHAPE($,$,(#11207));
#11209=IFCCARTESIANPOINT((-391.04429572811455,-3967.2529692097055,400.));
#11210=IFCAXIS2PLACEMENT3D(#11209,#7,#6);
#11211=IFCLOCALPLACEMENT(#36,#11210);
#11212=IFCBUILDINGELEMENTPROXY('0a62phbxbD4BqJO95Rndb6',#18,'Electrical_Sensors_ABB_Fusion-Smart:Type - (Fusion Smart Sensor-T), 0 V, Single Phase, 2 Wires:324118',$,'Electrical_Sensors_ABB_Fusion-Smart:Type - (Fusion Smart Sensor-T)',#11211,#11208,'324118',$);
#11213=IFCPROPERTYSET('2CZme67qkmyKNVsibKdREN',#18,'Pset_BuildingElementProxyCommon',$,(#10718));
#11214=IFCPROPERTYSET('28Up2T0klcpCjq2QaBzOAZ',#18,'Pset_QuantityTakeOff',$,(#10718));
#11215=IFCRELDEFINESBYPROPERTIES('1$zRrYly3ji$zBqRTZ0btH',#18,$,$,(#11212),#11213);
#11216=IFCRELDEFINESBYPROPERTIES('00YWQQzOXv9lKeGDlHhmTY',#18,$,$,(#11212),#11214);
#11217=IFCPROPERTYSINGLEVALUE('Elevation from Level',$,IFCLENGTHMEASURE(399.99999999999989),$);
#11218=IFCPROPERTYSINGLEVALUE('Host',$,IFCTEXT('Linked Revit Model : lab archi.rvt'),$);
#11219=IFCPROPERTYSINGLEVALUE('Area',$,IFCAREAMEASURE(0.037436793272045354),$);
#11220=IFCPROPERTYSINGLEVALUE('Volume',$,IFCVOLUMEMEASURE(0.00011781681126712661),$);
#11221=IFCPROPERTYSINGLEVALUE('Electrical Data',$,IFCTEXT('COM 0 V/1-0 VA-+ V 24 V/1-0 VA'),$);
#11222=IFCPROPERTYSINGLEVALUE('Sensor_ID',$,IFCTEXT('WS523-02'),$);
#11223=IFCPROPERTYSET('0lqfHsXKFZKtv607CRONXF',#18,'Other',$,(#10723,#10724,#10725,#10726,#10727));
#11224=IFCPROPERTYSET('0fBxfXhgNYw7WQfv3rcWn7',#18,'Constraints',$,(#10730,#10731,#11217,#11218));
#11225=IFCPROPERTYSET('0GRw5yvMeAzqy9aI40Oypd',#18,'Dimensions',$,(#11219,#11220));
#11226=IFCPROPERTYSET('1aYs2$Sq5t1G8DL1cuXMEY',#18,'Electrical - Circuiting',$,(#10734,#10735,#10737,#10739,#10740,#10741,#10742,#11221));
#11227=IFCPROPERTYSET('0OLgGdObzE5WjPdtfpOoPX',#18,'Electrical - Loads',$,(#10744,#10745,#10746,#10747,#10748,#10749,#10750,#10751,#10752,#10753,#10754,#10755,#10756,#10757,#10758,#10759,#10760,#10761,#10762,#10763,#10764));
#11228=IFCPROPERTYSET('2kQFyhh4Lz7EIOBb7jmHnF',#18,'Identity Data',$,(#11222));
#11229=IFCPROPERTYSET('1Wy20gNAhJ1gC3VGlXUxN2',#18,'Phasing',$,(#10770));
#11230=IFCMAPPEDITEM(#10692,#10710);
#11231=IFCSHAPEREPRESENTATION(#26,'Body','MappedRepresentation',(#11230));
#11232=IFCPRODUCTDEFINITIONSHAPE($,$,(#11231));
#11233=IFCCARTESIANPOINT((-3103.7164347841153,-2346.4446440284041,600.));
#11234=IFCAXIS2PLACEMENT3D(#11233,#5,#7);
#11235=IFCLOCALPLACEMENT(#36,#11234);
#11236=IFCBUILDINGELEMENTPROXY('0a62phbxbD4BqJO95Rnddm',#18,'Electrical_Sensors_ABB_Fusion-Smart:Type - (Fusion Smart Sensor-T), 0 V, Single Phase, 2 Wires:324256',$,'Electrical_Sensors_ABB_Fusion-Smart:Type - (Fusion Smart Sensor-T)',#11235,#11232,'324256',$);
#11237=IFCPROPERTYSET('1dIVq4DQHE4dTQmJ8jvMDv',#18,'Pset_BuildingElementProxyCommon',$,(#10718));
#11238=IFCPROPERTYSET('0_EOBIk1wM2yQKMNvzAdI8',#18,'Pset_QuantityTakeOff',$,(#10718));
#11239=IFCRELDEFINESBYPROPERTIES('1WGc0bxm$zOZiJSCvfNcLn',#18,$,$,(#11236),#11237);
#11240=IFCRELDEFINESBYPROPERTIES('0bFouA$QU6wQ4VU5P0zIhr',#18,$,$,(#11236),#11238);
#11241=IFCPROPERTYSINGLEVALUE('Elevation from Level',$,IFCLENGTHMEASURE(599.99999999999955),$);
#11242=IFCPROPERTYSINGLEVALUE('Host',$,IFCTEXT('Linked Revit Model : lab archi.rvt'),$);
#11243=IFCPROPERTYSINGLEVALUE('Area',$,IFCAREAMEASURE(0.037436793272045354),$);
#11244=IFCPROPERTYSINGLEVALUE('Volume',$,IFCVOLUMEMEASURE(0.00011781681126712661),$);
#11245=IFCPROPERTYSINGLEVALUE('Electrical Data',$,IFCTEXT('COM 0 V/1-0 VA-+ V 24 V/1-0 VA'),$);
#11246=IFCPROPERTYSINGLEVALUE('Sensor_ID',$,IFCTEXT('WS523-03'),$);
#11247=IFCPROPERTYSET('3Vs8wQCcFoQB_qZISc5MdN',#18,'Other',$,(#10723,#10724,#10725,#10726,#10727));
#11248=IFCPROPERTYSET('2AJ9lq_kjJWceGMaOAKsk9',#18,'Constraints',$,(#10730,#10731,#11241,#11242));
#11249=IFCPROPERTYSET('2U8Gz0oBKREhsYEbpJkC4A',#18,'Dimensions',$,(#11243,#11244));
#11250=IFCPROPERTYSET('3p0D0gNNCEqmp8VkldiVyh',#18,'Electrical - Circuiting',$,(#10734,#10735,#10737,#10739,#10740,#10741,#10742,#11245));
#11251=IFCPROPERTYSET('0qcsKfFZz$vevZOP_t8hhg',#18,'Electrical - Loads',$,(#10744,#10745,#10746,#10747,#10748,#10749,#10750,#10751,#10752,#10753,#10754,#10755,#10756,#10757,#10758,#10759,#10760,#10761,#10762,#10763,#10764));
#11252=IFCPROPERTYSET('255hfKWCeT82Zs_WCgbq2F',#18,'Identity Data',$,(#11246));
#11253=IFCPROPERTYSET('3dbqTESZHRtBIv_HI0SEfU',#18,'Phasing',$,(#10770));
#11254=IFCMAPPEDITEM(#10692,#10710);
#11255=IFCSHAPEREPRESENTATION(#26,'Body','MappedRepresentation',(#11254));
#11256=IFCPRODUCTDEFINITIONSHAPE($,$,(#11255));
#11257=IFCCARTESIANPOINT((-3103.7164347841053,3553.5553559715954,600.));
#11258=IFCAXIS2PLACEMENT3D(#11257,#5,#7);
#11259=IFCLOCALPLACEMENT(#36,#11258);
#11260=IFCBUILDINGELEMENTPROXY('0a62phbxbD4BqJO95RndWz',#18,'Electrical_Sensors_ABB_Fusion-Smart:Type - (Fusion Smart Sensor-T), 0 V, Single Phase, 2 Wires:324461',$,'Electrical_Sensors_ABB_Fusion-Smart:Type - (Fusion Smart Sensor-T)',#11259,#11256,'324461',$);
#11261=IFCPROPERTYSET('1gFF7rrIN5byA7GXCgXYZq',#18,'Pset_BuildingElementProxyCommon',$,(#10718));
#11262=IFCPROPERTYSET('2B62LPypn3Ru3tzlURsoqY',#18,'Pset_QuantityTakeOff',$,(#10718));
#11263=IFCRELDEFINESBYPROPERTIES('2ZnC3H9MzRD47KkeqePRc1',#18,$,$,(#11260),#11261);
#11264=IFCRELDEFINESBYPROPERTIES('1qOaLpn8ljlB74OamZt4yz',#18,$,$,(#11260),#11262);
#11265=IFCPROPERTYSINGLEVALUE('Host',$,IFCTEXT('Linked Revit Model : lab archi.rvt'),$);
#11266=IFCPROPERTYSINGLEVALUE('Area',$,IFCAREAMEASURE(0.037436793272045354),$);
#11267=IFCPROPERTYSINGLEVALUE('Volume',$,IFCVOLUMEMEASURE(0.00011781681126712661),$);
#11268=IFCPROPERTYSINGLEVALUE('Electrical Data',$,IFCTEXT('COM 0 V/1-0 VA-+ V 24 V/1-0 VA'),$);
#11269=IFCPROPERTYSINGLEVALUE('Sensor_ID',$,IFCTEXT('WS523-04'),$);
#11270=IFCPROPERTYSET('1i_4Li_538yBjexeSUi9tM',#18,'Other',$,(#10723,#10724,#10725,#10726,#10727));
#11271=IFCPROPERTYSET('0JHW37IxBiJYbl$hPdpQsb',#18,'Constraints',$,(#10961,#11265));
#11272=IFCPROPERTYSET('2_aeDgEnF3BAVMrcV2KmvY',#18,'Dimensions',$,(#11266,#11267));
#11273=IFCPROPERTYSET('28IgQjm05Ldz61NeRSv299',#18,'Electrical - Circuiting',$,(#10734,#10735,#10737,#10739,#10740,#10741,#10742,#11268));
#11274=IFCPROPERTYSET('1oSPhPiZUT1e5dkaboHwOW',#18,'Electrical - Loads',$,(#10744,#10745,#10746,#10747,#10748,#10749,#10750,#10751,#10752,#10753,#10754,#10755,#10756,#10757,#10758,#10759,#10760,#10761,#10762,#10763,#10764));
#11275=IFCPROPERTYSET('0mk1BXP1UssnFPDbmnADXV',#18,'Identity Data',$,(#11269));
#11276=IFCPROPERTYSET('1ZFw3f34lVgd_gG8AZJwyC',#18,'Phasing',$,(#10770));
#11277=IFCMAPPEDITEM(#10692,#10710);
#11278=IFCSHAPEREPRESENTATION(#26,'Body','MappedRepresentation',(#11277));
#11279=IFCPRODUCTDEFINITIONSHAPE($,$,(#11278));
#11280=IFCCARTESIANPOINT((-188.21866628725081,3932.7470307902963,600.));
#11281=IFCAXIS2PLACEMENT3D(#11280,#8,#5);
#11282=IFCLOCALPLACEMENT(#36,#11281);
#11283=IFCBUILDINGELEMENTPROXY('0a62phbxbD4BqJO95RndYm',#18,'Electrical_Sensors_ABB_Fusion-Smart:Type - (Fusion Smart Sensor-T), 0 V, Single Phase, 2 Wires:324576',$,'Electrical_Sensors_ABB_Fusion-Smart:Type - (Fusion Smart Sensor-T)',#11282,#11279,'324576',$);
#11284=IFCPROPERTYSET('3BudO3nFWW3vysGYg5CqFH',#18,'Pset_BuildingElementProxyCommon',$,(#10718));
#11285=IFCPROPERTYSET('3WHRZyOUIh4D6zebbf6DdE',#18,'Pset_QuantityTakeOff',$,(#10718));
#11286=IFCRELDEFINESBYPROPERTIES('0qr3fyx7ouPqRFb0PDipJN',#18,$,$,(#11283),#11284);
#11287=IFCRELDEFINESBYPROPERTIES('1dilNfEPEWhIcx13_CtRI$',#18,$,$,(#11283),#11285);
#11288=IFCPROPERTYSINGLEVALUE('Elevation from Level',$,IFCLENGTHMEASURE(599.99999999999955),$);
#11289=IFCPROPERTYSINGLEVALUE('Host',$,IFCTEXT('Linked Revit Model : lab archi.rvt'),$);
#11290=IFCPROPERTYSINGLEVALUE('Area',$,IFCAREAMEASURE(0.037436793272045354),$);
#11291=IFCPROPERTYSINGLEVALUE('Volume',$,IFCVOLUMEMEASURE(0.00011781681126712661),$);
#11292=IFCPROPERTYSINGLEVALUE('Electrical Data',$,IFCTEXT('COM 0 V/1-0 VA-+ V 24 V/1-0 VA'),$);
#11293=IFCPROPERTYSINGLEVALUE('Sensor_ID',$,IFCTEXT('WS301-02'),$);
#11294=IFCPROPERTYSET('2DVt3iaexTky0wpaxC2k$M',#18,'Other',$,(#10723,#10724,#10725,#10726,#10727));
#11295=IFCPROPERTYSET('2EPg7TSkhqRz6ZvYHC1LqY',#18,'Constraints',$,(#10730,#10731,#11288,#11289));
#11296=IFCPROPERTYSET('2$aqgp$63lxlb_oftfyToj',#18,'Dimensions',$,(#11290,#11291));
#11297=IFCPROPERTYSET('1NIDCHP5uzahG6eyLGKP16',#18,'Electrical - Circuiting',$,(#10734,#10735,#10737,#10739,#10740,#10741,#10742,#11292));
#11298=IFCPROPERTYSET('1$xJ6DTbJgm3LbtOzrMMli',#18,'Electrical - Loads',$,(#10744,#10745,#10746,#10747,#10748,#10749,#10750,#10751,#10752,#10753,#10754,#10755,#10756,#10757,#10758,#10759,#10760,#10761,#10762,#10763,#10764));
#11299=IFCPROPERTYSET('3es7_w2jymDB4OX_Qo$qp8',#18,'Identity Data',$,(#11293));
#11300=IFCPROPERTYSET('2gQK7Xm043E7UAjwjzmLnb',#18,'Phasing',$,(#10770));
#11301=IFCMAPPEDITEM(#10692,#10710);
#11302=IFCSHAPEREPRESENTATION(#26,'Body','MappedRepresentation',(#11301));
#11303=IFCPRODUCTDEFINITIONSHAPE($,$,(#11302));
#11304=IFCCARTESIANPOINT((-51.719602855520449,3932.7470307902959,600.));
#11305=IFCAXIS2PLACEMENT3D(#11304,#8,#5);
#11306=IFCLOCALPLACEMENT(#36,#11305);
#11307=IFCBUILDINGELEMENTPROXY('0a62phbxbD4BqJO95Rndzx',#18,'Electrical_Sensors_ABB_Fusion-Smart:Type - (Fusion Smart Sensor-T), 0 V, Single Phase, 2 Wires:324651',$,'Electrical_Sensors_ABB_Fusion-Smart:Type - (Fusion Smart Sensor-T)',#11306,#11303,'324651',$);
#11308=IFCPROPERTYSET('2KyO4k33N9S3IMDqyhhjaO',#18,'Pset_BuildingElementProxyCommon',$,(#10718));
#11309=IFCPROPERTYSET('3hK$kk1bUA49yAHWCT$e3V',#18,'Pset_QuantityTakeOff',$,(#10718));
#11310=IFCRELDEFINESBYPROPERTIES('3Trx9jtSrPhiiPyVRCsBaf',#18,$,$,(#11307),#11308);
#11311=IFCRELDEFINESBYPROPERTIES('30y7ryWctH0RDFjgv$npXW',#18,$,$,(#11307),#11309);
#11312=IFCPROPERTYSINGLEVALUE('Elevation from Level',$,IFCLENGTHMEASURE(599.99999999999955),$);
#11313=IFCPROPERTYSINGLEVALUE('Host',$,IFCTEXT('Linked Revit Model : lab archi.rvt'),$);
#11314=IFCPROPERTYSINGLEVALUE('Area',$,IFCAREAMEASURE(0.037436793272045354),$);
#11315=IFCPROPERTYSINGLEVALUE('Volume',$,IFCVOLUMEMEASURE(0.00011781681126712661),$);
#11316=IFCPROPERTYSINGLEVALUE('Electrical Data',$,IFCTEXT('COM 0 V/1-0 VA-+ V 24 V/1-0 VA'),$);
#11317=IFCPROPERTYSINGLEVALUE('Sensor_ID',$,IFCTEXT('WS301-03'),$);
#11318=IFCPROPERTYSET('2oXPoRscYPBc6fcvcIWMVy',#18,'Other',$,(#10723,#10724,#10725,#10726,#10727));
#11319=IFCPROPERTYSET('1b8mt0S32uod5vmEu5kRTY',#18,'Constraints',$,(#10730,#10731,#11312,#11313));
#11320=IFCPROPERTYSET('0z8PKjpz3S03KoMrOBentp',#18,'Dimensions',$,(#11314,#11315));
#11321=IFCPROPERTYSET('3B6M5YQpU93SttnRlkuzCO',#18,'Electrical - Circuiting',$,(#10734,#10735,#10737,#10739,#10740,#10741,#10742,#11316));
#11322=IFCPROPERTYSET('0jzMMg$3E0YmxD0MQaSfde',#18,'Electrical - Loads',$,(#10744,#10745,#10746,#10747,#10748,#10749,#10750,#10751,#10752,#10753,#10754,#10755,#10756,#10757,#10758,#10759,#10760,#10761,#10762,#10763,#10764));
#11323=IFCPROPERTYSET('3siU1tcD3148Sg1PGP0Or5',#18,'Identity Data',$,(#11317));
#11324=IFCPROPERTYSET('3u1gWurkjUYAMOw7Ka_LK8',#18,'Phasing',$,(#10770));
#11325=IFCMAPPEDITEM(#10692,#10710);
#11326=IFCSHAPEREPRESENTATION(#26,'Body','MappedRepresentation',(#11325));
#11327=IFCPRODUCTDEFINITIONSHAPE($,$,(#11326));
#11328=IFCCARTESIANPOINT((2475.9171048321118,701.20608842292609,2714.1245759387443));
#11329=IFCAXIS2PLACEMENT3D(#11328,#9,#6);
#11330=IFCLOCALPLACEMENT(#36,#11329);
#11331=IFCBUILDINGELEMENTPROXY('0a62phbxbD4BqJO95Rndva',#18,'Electrical_Sensors_ABB_Fusion-Smart:Type - (Fusion Smart Sensor-T), 0 V, Single Phase, 2 Wires:324916',$,'Electrical_Sensors_ABB_Fusion-Smart:Type - (Fusion Smart Sensor-T)',#11330,#11327,'324916',$);
#11332=IFCPROPERTYSET('0PIy8j6LtoduQhIpYyaMLd',#18,'Pset_BuildingElementProxyCommon',$,(#10718));
#11333=IFCPROPERTYSET('3diDzb875DqpscSCk9Vqsh',#18,'Pset_QuantityTakeOff',$,(#10718));
#11334=IFCRELDEFINESBYPROPERTIES('17_tWNNMUh4GnTCCzcN8tP',#18,$,$,(#11331),#11332);
#11335=IFCRELDEFINESBYPROPERTIES('10PqDHafOdgdPF1ViAFx3y',#18,$,$,(#11331),#11333);
#11336=IFCPROPERTYSINGLEVALUE('Elevation from Level',$,IFCLENGTHMEASURE(2714.1245759387443),$);
#11337=IFCPROPERTYSINGLEVALUE('Host',$,IFCTEXT('Linked Revit Model : lab archi.rvt'),$);
#11338=IFCPROPERTYSINGLEVALUE('Area',$,IFCAREAMEASURE(0.037436793272045354),$);
#11339=IFCPROPERTYSINGLEVALUE('Volume',$,IFCVOLUMEMEASURE(0.00011781681126712661),$);
#11340=IFCPROPERTYSINGLEVALUE('Electrical Data',$,IFCTEXT('COM 0 V/1-0 VA-+ V 24 V/1-0 VA'),$);
#11341=IFCPROPERTYSINGLEVALUE('Sensor_ID',$,IFCTEXT('WS302-02'),$);
#11342=IFCPROPERTYSET('0DjQ4QLr2bWIzJYBhEfN2H',#18,'Other',$,(#10723,#10724,#10725,#10726,#10727));
#11343=IFCPROPERTYSET('2FsXt5zNAA0E6ZohLQR8fq',#18,'Constraints',$,(#10730,#10731,#11336,#11337));
#11344=IFCPROPERTYSET('1JDJTM0V57MWXzG6rTebeq',#18,'Dimensions',$,(#11338,#11339));
#11345=IFCPROPERTYSET('14D5LFg4MGN3k$LLhrd2ZO',#18,'Electrical - Circuiting',$,(#10734,#10735,#10737,#10739,#10740,#10741,#10742,#11340));
#11346=IFCPROPERTYSET('0DpJA1u9BKDt6WT8Y$tGjm',#18,'Electrical - Loads',$,(#10744,#10745,#10746,#10747,#10748,#10749,#10750,#10751,#10752,#10753,#10754,#10755,#10756,#10757,#10758,#10759,#10760,#10761,#10762,#10763,#10764));
#11347=IFCPROPERTYSET('3hAT8A5Hwp94wkcmzMqIDq',#18,'Identity Data',$,(#11341));
#11348=IFCPROPERTYSET('2ln0mRz01SyrheDIOwcB6m',#18,'Phasing',$,(#10770));
#11349=IFCCARTESIANPOINT((10.457991177311149,-13.800000000035846,-2.2900000004834129));
#11350=IFCAXIS2PLACEMENT3D(#11349,#10,#5);
#11351=IFCLOCALPLACEMENT(#10716,#11350);
#11352=IFCDISTRIBUTIONPORT('0ag2ycOJhyKuRRQX4S67P5',#18,'Port_317558_1','Flow',$,#11351,$,.SOURCEANDSINK.);
#11353=IFCRELCONNECTSPORTTOELEMENT('1gdQhjvkmehZu3XZ7QVKWy',#18,'317558|0ag2ycOJhyKuRRQX4S67P5','Flow',#11352,#10717);
#11354=IFCCARTESIANPOINT((5.4579855957153569,-13.800000000046674,-2.2900000004834129));
#11355=IFCAXIS2PLACEMENT3D(#11354,#10,#5);
#11356=IFCLOCALPLACEMENT(#10716,#11355);
#11357=IFCDISTRIBUTIONPORT('1qCp5NNruHMkw4PFHXsEqx',#18,'Port_317558_2','Flow',$,#11356,$,.SOURCEANDSINK.);
#11358=IFCRELCONNECTSPORTTOELEMENT('2ndz49ZyL$HG6VlUNlzPCI',#18,'317558|1qCp5NNruHMkw4PFHXsEqx','Flow',#11357,#10717);
#11359=IFCCARTESIANPOINT((0.45798001411963407,-13.800000000057503,-2.2900000004832775));
#11360=IFCAXIS2PLACEMENT3D(#11359,#10,#5);
#11361=IFCLOCALPLACEMENT(#10716,#11360);
#11362=IFCDISTRIBUTIONPORT('1NVHPEVCfQYQTUzjeUG9Np',#18,'Port_317558_3','Flow',$,#11361,$,.SOURCEANDSINK.);
#11363=IFCRELCONNECTSPORTTOELEMENT('0722J1ZLJbBADas5ObLcsV',#18,'317558|1NVHPEVCfQYQTUzjeUG9Np','Flow',#11362,#10717);
#11364=IFCCARTESIANPOINT((-4.542025567476089,-13.800000000068332,-2.2900000004832775));
#11365=IFCAXIS2PLACEMENT3D(#11364,#10,#5);
#11366=IFCLOCALPLACEMENT(#10716,#11365);
#11367=IFCDISTRIBUTIONPORT('3gw0WWkdE_oSmYwbPNfb4V',#18,'Port_317558_4','Flow',$,#11366,$,.SOURCEANDSINK.);
#11368=IFCRELCONNECTSPORTTOELEMENT('2p$RUbeW1aAuVmlCBNe9hM',#18,'317558|3gw0WWkdE_oSmYwbPNfb4V','Flow',#11367,#10717);
#11369=IFCCARTESIANPOINT((-9.5420311490718799,-13.800000000079161,-2.290000000483142));
#11370=IFCAXIS2PLACEMENT3D(#11369,#10,#5);
#11371=IFCLOCALPLACEMENT(#10716,#11370);
#11372=IFCDISTRIBUTIONPORT('0U9BzxQPwh1$45Myx3xEba',#18,'Port_317558_5','Flow',$,#11371,$,.SOURCEANDSINK.);
#11373=IFCRELCONNECTSPORTTOELEMENT('1v0bLWHsM9sc16ZNjQppl$',#18,'317558|0U9BzxQPwh1$45Myx3xEba','Flow',#11372,#10717);
#11374=IFCCARTESIANPOINT((-14.542036730667672,-13.800000000089447,-2.290000000483142));
#11375=IFCAXIS2PLACEMENT3D(#11374,#10,#5);
#11376=IFCLOCALPLACEMENT(#10716,#11375);
#11377=IFCDISTRIBUTIONPORT('1lbtn52X_fMRu1auVicPlR',#18,'Port_317558_6','Flow',$,#11376,$,.SOURCEANDSINK.);
#11378=IFCRELCONNECTSPORTTOELEMENT('3g$0ns$VHK92mq0Qn29T6V',#18,'317558|1lbtn52X_fMRu1auVicPlR','Flow',#11377,#10717);
#11379=IFCCARTESIANPOINT((-19.542042312263394,-13.800000000100276,-2.2900000004830066));
#11380=IFCAXIS2PLACEMENT3D(#11379,#10,#5);
#11381=IFCLOCALPLACEMENT(#10716,#11380);
#11382=IFCDISTRIBUTIONPORT('1L7dLppLOXVa1S1O5tFf2o',#18,'Port_317558_7','Flow',$,#11381,$,.SOURCEANDSINK.);
#11383=IFCRELCONNECTSPORTTOELEMENT('28YG9h0ll5cwHM797w6an5',#18,'317558|1L7dLppLOXVa1S1O5tFf2o','Flow',#11382,#10717);
#11384=IFCCARTESIANPOINT((10.457991177311165,-13.800000000036048,-2.2900000004834129));
#11385=IFCAXIS2PLACEMENT3D(#11384,#10,#5);
#11386=IFCLOCALPLACEMENT(#10819,#11385);
#11387=IFCDISTRIBUTIONPORT('227aFnmSzhyVWvNw7sett0',#18,'Port_317577_1','Flow',$,#11386,$,.SOURCEANDSINK.);
#11388=IFCRELCONNECTSPORTTOELEMENT('1qyCzTD9Jx$aT9CvmSgot3',#18,'317577|227aFnmSzhyVWvNw7sett0','Flow',#11387,#10820);
#11389=IFCCARTESIANPOINT((5.4579855957154253,-13.800000000046776,-2.2900000004834129));
#11390=IFCAXIS2PLACEMENT3D(#11389,#10,#5);
#11391=IFCLOCALPLACEMENT(#10819,#11390);
#11392=IFCDISTRIBUTIONPORT('211QCbLHXJ_Z6TpFjgP6pI',#18,'Port_317577_2','Flow',$,#11391,$,.SOURCEANDSINK.);
#11393=IFCRELCONNECTSPORTTOELEMENT('24DBHbsL3ckjGp3eiA9TRQ',#18,'317577|211QCbLHXJ_Z6TpFjgP6pI','Flow',#11392,#10820);
#11394=IFCCARTESIANPOINT((0.457980014119651,-13.800000000057521,-2.2900000004832775));
#11395=IFCAXIS2PLACEMENT3D(#11394,#10,#5);
#11396=IFCLOCALPLACEMENT(#10819,#11395);
#11397=IFCDISTRIBUTIONPORT('1zVbSsYOrzdAukbWWYJ98V',#18,'Port_317577_3','Flow',$,#11396,$,.SOURCEANDSINK.);
#11398=IFCRELCONNECTSPORTTOELEMENT('1e4B4OZtbsvis8xdOKs_Ny',#18,'317577|1zVbSsYOrzdAukbWWYJ98V','Flow',#11397,#10820);
#11399=IFCCARTESIANPOINT((-4.542025567476089,-13.800000000068273,-2.2900000004832775));
#11400=IFCAXIS2PLACEMENT3D(#11399,#10,#5);
#11401=IFCLOCALPLACEMENT(#10819,#11400);
#11402=IFCDISTRIBUTIONPORT('2vMpbhZbQZVk86vyYaXZm9',#18,'Port_317577_4','Flow',$,#11401,$,.SOURCEANDSINK.);
#11403=IFCRELCONNECTSPORTTOELEMENT('2$vc$PkpFo6vhq40DF0L3g',#18,'317577|2vMpbhZbQZVk86vyYaXZm9','Flow',#11402,#10820);
#11404=IFCCARTESIANPOINT((-9.5420311490718639,-13.800000000079001,-2.290000000483142));
#11405=IFCAXIS2PLACEMENT3D(#11404,#10,#5);
#11406=IFCLOCALPLACEMENT(#10819,#11405);
#11407=IFCDISTRIBUTIONPORT('3ZHxXeifB1$SVJysmwWmdc',#18,'Port_317577_5','Flow',$,#11406,$,.SOURCEANDSINK.);
#11408=IFCRELCONNECTSPORTTOELEMENT('2yRHN9M711yxEquxhmmlM6',#18,'317577|3ZHxXeifB1$SVJysmwWmdc','Flow',#11407,#10820);
#11409=IFCCARTESIANPOINT((-14.54203673066762,-13.800000000089701,-2.290000000483142));
#11410=IFCAXIS2PLACEMENT3D(#11409,#10,#5);
#11411=IFCLOCALPLACEMENT(#10819,#11410);
#11412=IFCDISTRIBUTIONPORT('1Zj5_PtJaTDpv4Xftpm_$0',#18,'Port_317577_6','Flow',$,#11411,$,.SOURCEANDSINK.);
#11413=IFCRELCONNECTSPORTTOELEMENT('13l_M$7ZYeIMJi0VW445$h',#18,'317577|1Zj5_PtJaTDpv4Xftpm_$0','Flow',#11412,#10820);
#11414=IFCCARTESIANPOINT((-19.542042312263359,-13.800000000100471,-2.2900000004830066));
#11415=IFCAXIS2PLACEMENT3D(#11414,#10,#5);
#11416=IFCLOCALPLACEMENT(#10819,#11415);
#11417=IFCDISTRIBUTIONPORT('2vIy9HVDJGDg_omZhUqSex',#18,'Port_317577_7','Flow',$,#11416,$,.SOURCEANDSINK.);
#11418=IFCRELCONNECTSPORTTOELEMENT('1nodQu$N1NLXY61nLHmFca',#18,'317577|2vIy9HVDJGDg_omZhUqSex','Flow',#11417,#10820);
#11419=IFCCARTESIANPOINT((10.457991177311216,-13.800000000035846,-2.2900000004834129));
#11420=IFCAXIS2PLACEMENT3D(#11419,#10,#5);
#11421=IFCLOCALPLACEMENT(#10847,#11420);
#11422=IFCDISTRIBUTIONPORT('1R2IPExWkSMjLSZIKFoSQe',#18,'Port_317595_1','Flow',$,#11421,$,.SOURCEANDSINK.);
#11423=IFCRELCONNECTSPORTTOELEMENT('0vwEqaRAthV$B18nAc0Yk4',#18,'317595|1R2IPExWkSMjLSZIKFoSQe','Flow',#11422,#10848);
#11424=IFCCARTESIANPOINT((5.4579855957154253,-13.800000000046674,-2.2900000004834129));
#11425=IFCAXIS2PLACEMENT3D(#11424,#10,#5);
#11426=IFCLOCALPLACEMENT(#10847,#11425);
#11427=IFCDISTRIBUTIONPORT('39Eh5fux4biqqvN4a29zRx',#18,'Port_317595_2','Flow',$,#11426,$,.SOURCEANDSINK.);
#11428=IFCRELCONNECTSPORTTOELEMENT('3vkIdkXqdki1ZRLij$R7vO',#18,'317595|39Eh5fux4biqqvN4a29zRx','Flow',#11427,#10848);
#11429=IFCCARTESIANPOINT((0.45798001411963407,-13.800000000057503,-2.2900000004832775));
#11430=IFCAXIS2PLACEMENT3D(#11429,#10,#5);
#11431=IFCLOCALPLACEMENT(#10847,#11430);
#11432=IFCDISTRIBUTIONPORT('0AZfnuBt68qqQRVYYiTmMU',#18,'Port_317595_3','Flow',$,#11431,$,.SOURCEANDSINK.);
#11433=IFCRELCONNECTSPORTTOELEMENT('03RphnpccCLWVlpcenk_aa',#18,'317595|0AZfnuBt68qqQRVYYiTmMU','Flow',#11432,#10848);
#11434=IFCCARTESIANPOINT((-4.5420255674760215,-13.800000000068332,-2.2900000004832775));
#11435=IFCAXIS2PLACEMENT3D(#11434,#10,#5);
#11436=IFCLOCALPLACEMENT(#10847,#11435);
#11437=IFCDISTRIBUTIONPORT('1kWzNMfifBjETkQ6lRTWVp',#18,'Port_317595_4','Flow',$,#11436,$,.SOURCEANDSINK.);
#11438=IFCRELCONNECTSPORTTOELEMENT('1tBD9ZpKzhwWq1PKW3VW2V',#18,'317595|1kWzNMfifBjETkQ6lRTWVp','Flow',#11437,#10848);
#11439=IFCCARTESIANPOINT((-9.5420311490718124,-13.800000000079161,-2.290000000483142));
#11440=IFCAXIS2PLACEMENT3D(#11439,#10,#5);
#11441=IFCLOCALPLACEMENT(#10847,#11440);
#11442=IFCDISTRIBUTIONPORT('1EvDJUnBiTH7Sd8W5d0OpN',#18,'Port_317595_5','Flow',$,#11441,$,.SOURCEANDSINK.);
#11443=IFCRELCONNECTSPORTTOELEMENT('1rliuYYHOWoUrFj59FPuUS',#18,'317595|1EvDJUnBiTH7Sd8W5d0OpN','Flow',#11442,#10848);
#11444=IFCCARTESIANPOINT((-14.542036730667604,-13.800000000089447,-2.290000000483142));
#11445=IFCAXIS2PLACEMENT3D(#11444,#10,#5);
#11446=IFCLOCALPLACEMENT(#10847,#11445);
#11447=IFCDISTRIBUTIONPORT('0ClxoeDcebWlRn8QY5fZs8',#18,'Port_317595_6','Flow',$,#11446,$,.SOURCEANDSINK.);
#11448=IFCRELCONNECTSPORTTOELEMENT('1Pinhz4ZbNWP_Qjqfmpi9t',#18,'317595|0ClxoeDcebWlRn8QY5fZs8','Flow',#11447,#10848);
#11449=IFCCARTESIANPOINT((-19.542042312263259,-13.800000000100276,-2.2900000004830066));
#11450=IFCAXIS2PLACEMENT3D(#11449,#10,#5);
#11451=IFCLOCALPLACEMENT(#10847,#11450);
#11452=IFCDISTRIBUTIONPORT('1aCoiKts8jPx4Pa1YeRmHa',#18,'Port_317595_7','Flow',$,#11451,$,.SOURCEANDSINK.);
#11453=IFCRELCONNECTSPORTTOELEMENT('0o9WxyzENK550b10noHJ8f',#18,'317595|1aCoiKts8jPx4Pa1YeRmHa','Flow',#11452,#10848);
#11454=IFCCARTESIANPOINT((10.457991177311351,-13.800000000036048,-2.2900000004834129));
#11455=IFCAXIS2PLACEMENT3D(#11454,#10,#5);
#11456=IFCLOCALPLACEMENT(#10875,#11455);
#11457=IFCDISTRIBUTIONPORT('0GqMIWzqyX7Fzys6kfWBIo',#18,'Port_317619_1','Flow',$,#11456,$,.SOURCEANDSINK.);
#11458=IFCRELCONNECTSPORTTOELEMENT('1ZO$OAfGaZsOZm$rkElf7h',#18,'317619|0GqMIWzqyX7Fzys6kfWBIo','Flow',#11457,#10876);
#11459=IFCCARTESIANPOINT((5.4579855957155603,-13.800000000046742,-2.2900000004834129));
#11460=IFCAXIS2PLACEMENT3D(#11459,#10,#5);
#11461=IFCLOCALPLACEMENT(#10875,#11460);
#11462=IFCDISTRIBUTIONPORT('0f2n4_tbavz64jTBMKRLTm',#18,'Port_317619_2','Flow',$,#11461,$,.SOURCEANDSINK.);
#11463=IFCRELCONNECTSPORTTOELEMENT('1VtwNw254lCxSP2scA2C7d',#18,'317619|0f2n4_tbavz64jTBMKRLTm','Flow',#11462,#10876);
#11464=IFCCARTESIANPOINT((0.45798001411976941,-13.800000000057503,-2.2900000004834129));
#11465=IFCAXIS2PLACEMENT3D(#11464,#10,#5);
#11466=IFCLOCALPLACEMENT(#10875,#11465);
#11467=IFCDISTRIBUTIONPORT('0gvCXAL3bou6NcVE553c3L',#18,'Port_317619_3','Flow',$,#11466,$,.SOURCEANDSINK.);
#11468=IFCRELCONNECTSPORTTOELEMENT('3N_sR$PFrM3UFq8KvFcSXC',#18,'317619|0gvCXAL3bou6NcVE553c3L','Flow',#11467,#10876);
#11469=IFCCARTESIANPOINT((-4.5420255674760215,-13.800000000068264,-2.2900000004834129));
#11470=IFCAXIS2PLACEMENT3D(#11469,#10,#5);
#11471=IFCLOCALPLACEMENT(#10875,#11470);
#11472=IFCDISTRIBUTIONPORT('0CEsNDbucBkicT4$vAc$YL',#18,'Port_317619_4','Flow',$,#11471,$,.SOURCEANDSINK.);
#11473=IFCRELCONNECTSPORTTOELEMENT('0tllmSzbGm6XueEGS21sSl',#18,'317619|0CEsNDbucBkicT4$vAc$YL','Flow',#11472,#10876);
#11474=IFCCARTESIANPOINT((-9.5420311490718124,-13.800000000079025,-2.2900000004834129));
#11475=IFCAXIS2PLACEMENT3D(#11474,#10,#5);
#11476=IFCLOCALPLACEMENT(#10875,#11475);
#11477=IFCDISTRIBUTIONPORT('3qkNIm$Apci1p_6oxgBs5k',#18,'Port_317619_5','Flow',$,#11476,$,.SOURCEANDSINK.);
#11478=IFCRELCONNECTSPORTTOELEMENT('1sRFVnkjka1_dc1jeTysvq',#18,'317619|3qkNIm$Apci1p_6oxgBs5k','Flow',#11477,#10876);
#11479=IFCCARTESIANPOINT((-14.542036730667604,-13.800000000089719,-2.2900000004834129));
#11480=IFCAXIS2PLACEMENT3D(#11479,#10,#5);
#11481=IFCLOCALPLACEMENT(#10875,#11480);
#11482=IFCDISTRIBUTIONPORT('20V$IVI5YbZ81MvA$34N1e',#18,'Port_317619_6','Flow',$,#11481,$,.SOURCEANDSINK.);
#11483=IFCRELCONNECTSPORTTOELEMENT('3ZtkbFKwQ4cFDDKSB3ZjW6',#18,'317619|20V$IVI5YbZ81MvA$34N1e','Flow',#11482,#10876);
#11484=IFCCARTESIANPOINT((-19.542042312263394,-13.80000000010048,-2.2900000004834129));
#11485=IFCAXIS2PLACEMENT3D(#11484,#10,#5);
#11486=IFCLOCALPLACEMENT(#10875,#11485);
#11487=IFCDISTRIBUTIONPORT('1h6vSsgxqceZo$1NgU$9xr',#18,'Port_317619_7','Flow',$,#11486,$,.SOURCEANDSINK.);
#11488=IFCRELCONNECTSPORTTOELEMENT('2AGSim1YPx3_P$BrnwPbG0',#18,'317619|1h6vSsgxqceZo$1NgU$9xr','Flow',#11487,#10876);
#11489=IFCCARTESIANPOINT((10.457991177311216,-13.800000000026913,-2.2900000004834129));
#11490=IFCAXIS2PLACEMENT3D(#11489,#10,#5);
#11491=IFCLOCALPLACEMENT(#10903,#11490);
#11492=IFCDISTRIBUTIONPORT('3RimvUoPOsjxDecAXdwoic',#18,'Port_317839_1','Flow',$,#11491,$,.SOURCEANDSINK.);
#11493=IFCRELCONNECTSPORTTOELEMENT('2IyzteQQ80Ez7PrNndhZ3A',#18,'317839|3RimvUoPOsjxDecAXdwoic','Flow',#11492,#10904);
#11494=IFCCARTESIANPOINT((5.4579855957154253,-13.800000000037469,-2.2900000004834129));
#11495=IFCAXIS2PLACEMENT3D(#11494,#10,#5);
#11496=IFCLOCALPLACEMENT(#10903,#11495);
#11497=IFCDISTRIBUTIONPORT('1TJ7WXlFKIFc4y6dwwvDiT',#18,'Port_317839_2','Flow',$,#11496,$,.SOURCEANDSINK.);
#11498=IFCRELCONNECTSPORTTOELEMENT('1YffHvi80AabzHrPgFOmqz',#18,'317839|1TJ7WXlFKIFc4y6dwwvDiT','Flow',#11497,#10904);
#11499=IFCCARTESIANPOINT((0.45798001411970174,-13.800000000048298,-2.2900000004834129));
#11500=IFCAXIS2PLACEMENT3D(#11499,#10,#5);
#11501=IFCLOCALPLACEMENT(#10903,#11500);
#11502=IFCDISTRIBUTIONPORT('3jrANqgKTyKhZ8sPt1aQ$0',#18,'Port_317839_3','Flow',$,#11501,$,.SOURCEANDSINK.);
#11503=IFCRELCONNECTSPORTTOELEMENT('0wislR7oKMBZpGHdd$gw2F',#18,'317839|3jrANqgKTyKhZ8sPt1aQ$0','Flow',#11502,#10904);
#11504=IFCCARTESIANPOINT((-4.5420255674760215,-13.800000000059127,-2.2900000004834129));
#11505=IFCAXIS2PLACEMENT3D(#11504,#10,#5);
#11506=IFCLOCALPLACEMENT(#10903,#11505);
#11507=IFCDISTRIBUTIONPORT('2VEvMHoA82YeHHKvmavB08',#18,'Port_317839_4','Flow',$,#11506,$,.SOURCEANDSINK.);
#11508=IFCRELCONNECTSPORTTOELEMENT('19G1PTzf2urfKGg2KM$PRp',#18,'317839|2VEvMHoA82YeHHKvmavB08','Flow',#11507,#10904);
#11509=IFCCARTESIANPOINT((-9.5420311490718124,-13.800000000069685,-2.2900000004834129));
#11510=IFCAXIS2PLACEMENT3D(#11509,#10,#5);
#11511=IFCLOCALPLACEMENT(#10903,#11510);
#11512=IFCDISTRIBUTIONPORT('088WnGL0_Uo2CXQgRbbDC4',#18,'Port_317839_5','Flow',$,#11511,$,.SOURCEANDSINK.);
#11513=IFCRELCONNECTSPORTTOELEMENT('14wIEf7GKihFHliRFaccDp',#18,'317839|088WnGL0_Uo2CXQgRbbDC4','Flow',#11512,#10904);
#11514=IFCCARTESIANPOINT((-14.542036730667604,-13.800000000080514,-2.2900000004834129));
#11515=IFCAXIS2PLACEMENT3D(#11514,#10,#5);
#11516=IFCLOCALPLACEMENT(#10903,#11515);
#11517=IFCDISTRIBUTIONPORT('3NePBIkF$UQV7vt_SzVMAk',#18,'Port_317839_6','Flow',$,#11516,$,.SOURCEANDSINK.);
#11518=IFCRELCONNECTSPORTTOELEMENT('2Uk4XRbM4ehlbm034PyUK1',#18,'317839|3NePBIkF$UQV7vt_SzVMAk','Flow',#11517,#10904);
#11519=IFCCARTESIANPOINT((-19.542042312263327,-13.800000000091343,-2.2900000004834129));
#11520=IFCAXIS2PLACEMENT3D(#11519,#10,#5);
#11521=IFCLOCALPLACEMENT(#10903,#11520);
#11522=IFCDISTRIBUTIONPORT('0epIJ1cG3UVvIRj$5Ea6iO',#18,'Port_317839_7','Flow',$,#11521,$,.SOURCEANDSINK.);
#11523=IFCRELCONNECTSPORTTOELEMENT('0n7G3Kq6sTimLNai0566Y4',#18,'317839|0epIJ1cG3UVvIRj$5Ea6iO','Flow',#11522,#10904);
#11524=IFCCARTESIANPOINT((10.457991177311081,-13.800000000036116,-2.2900000004834129));
#11525=IFCAXIS2PLACEMENT3D(#11524,#10,#5);
#11526=IFCLOCALPLACEMENT(#10931,#11525);
#11527=IFCDISTRIBUTIONPORT('2bB3nIGLjhZU__xKtrgUfk',#18,'Port_323383_1','Flow',$,#11526,$,.SOURCEANDSINK.);
#11528=IFCRELCONNECTSPORTTOELEMENT('0KNw4D6dHfJR5aVng_UTtg',#18,'323383|2bB3nIGLjhZU__xKtrgUfk','Flow',#11527,#10932);
#11529=IFCCARTESIANPOINT((5.4579855957155603,-13.800000000046809,-2.2900000004834129));
#11530=IFCAXIS2PLACEMENT3D(#11529,#10,#5);
#11531=IFCLOCALPLACEMENT(#10931,#11530);
#11532=IFCDISTRIBUTIONPORT('03rbajuzPfw6FUoCovcoA0',#18,'Port_323383_2','Flow',$,#11531,$,.SOURCEANDSINK.);
#11533=IFCRELCONNECTSPORTTOELEMENT('1wadGT32VqdGUJunRcqyrL',#18,'323383|03rbajuzPfw6FUoCovcoA0','Flow',#11532,#10932);
#11534=IFCCARTESIANPOINT((0.45798001411976941,-13.800000000057571,-2.2900000004834129));
#11535=IFCAXIS2PLACEMENT3D(#11534,#10,#5);
#11536=IFCLOCALPLACEMENT(#10931,#11535);
#11537=IFCDISTRIBUTIONPORT('33cDWP0Ch$YcVF7u0OAhJE',#18,'Port_323383_3','Flow',$,#11536,$,.SOURCEANDSINK.);
#11538=IFCRELCONNECTSPORTTOELEMENT('3hPgM5Xn7fklCdOpTwf6VL',#18,'323383|33cDWP0Ch$YcVF7u0OAhJE','Flow',#11537,#10932);
#11539=IFCCARTESIANPOINT((-4.5420255674760215,-13.800000000068332,-2.2900000004834129));
#11540=IFCAXIS2PLACEMENT3D(#11539,#10,#5);
#11541=IFCLOCALPLACEMENT(#10931,#11540);
#11542=IFCDISTRIBUTIONPORT('138QFFhQ15xhTSK3UVPkz3',#18,'Port_323383_4','Flow',$,#11541,$,.SOURCEANDSINK.);
#11543=IFCRELCONNECTSPORTTOELEMENT('3XHzMqdoMM0joKdwBRPdzT',#18,'323383|138QFFhQ15xhTSK3UVPkz3','Flow',#11542,#10932);
#11544=IFCCARTESIANPOINT((-9.5420311490718124,-13.800000000079025,-2.2900000004834129));
#11545=IFCAXIS2PLACEMENT3D(#11544,#10,#5);
#11546=IFCLOCALPLACEMENT(#10931,#11545);
#11547=IFCDISTRIBUTIONPORT('0Ss8_tZlFkY_jWosKCbsO9',#18,'Port_323383_5','Flow',$,#11546,$,.SOURCEANDSINK.);
#11548=IFCRELCONNECTSPORTTOELEMENT('0egBh$K8DcjtK1oY4ASZ0U',#18,'323383|0Ss8_tZlFkY_jWosKCbsO9','Flow',#11547,#10932);
#11549=IFCCARTESIANPOINT((-14.542036730667604,-13.800000000089787,-2.2900000004834129));
#11550=IFCAXIS2PLACEMENT3D(#11549,#10,#5);
#11551=IFCLOCALPLACEMENT(#10931,#11550);
#11552=IFCDISTRIBUTIONPORT('09nt3b_paxGGzyX06OzrHr',#18,'Port_323383_6','Flow',$,#11551,$,.SOURCEANDSINK.);
#11553=IFCRELCONNECTSPORTTOELEMENT('20RuyQotjjNbvNSqWgUW8Q',#18,'323383|09nt3b_paxGGzyX06OzrHr','Flow',#11552,#10932);
#11554=IFCCARTESIANPOINT((-19.542042312263394,-13.800000000100615,-2.2900000004834129));
#11555=IFCAXIS2PLACEMENT3D(#11554,#10,#5);
#11556=IFCLOCALPLACEMENT(#10931,#11555);
#11557=IFCDISTRIBUTIONPORT('14SBhctaifuMKxfgB2Kij4',#18,'Port_323383_7','Flow',$,#11556,$,.SOURCEANDSINK.);
#11558=IFCRELCONNECTSPORTTOELEMENT('1eJm6Pe1Y2zbU57MH48E4_',#18,'323383|14SBhctaifuMKxfgB2Kij4','Flow',#11557,#10932);
#11559=IFCCARTESIANPOINT((10.457991177311216,-13.800000000036048,-2.2900000004832775));
#11560=IFCAXIS2PLACEMENT3D(#11559,#10,#5);
#11561=IFCLOCALPLACEMENT(#10955,#11560);
#11562=IFCDISTRIBUTIONPORT('0U9nXT$$uHEWuGYM0jQJ$s',#18,'Port_323510_1','Flow',$,#11561,$,.SOURCEANDSINK.);
#11563=IFCRELCONNECTSPORTTOELEMENT('2GPDAV$Frxk_PmpluSJlzJ',#18,'323510|0U9nXT$$uHEWuGYM0jQJ$s','Flow',#11562,#10956);
#11564=IFCCARTESIANPOINT((5.4579855957154253,-13.800000000046742,-2.2900000004832775));
#11565=IFCAXIS2PLACEMENT3D(#11564,#10,#5);
#11566=IFCLOCALPLACEMENT(#10955,#11565);
#11567=IFCDISTRIBUTIONPORT('3X49TYA1Kwc0Kik$YNpwNJ',#18,'Port_323510_2','Flow',$,#11566,$,.SOURCEANDSINK.);
#11568=IFCRELCONNECTSPORTTOELEMENT('1FwF$l2uNbJUoAVzBP7ycs',#18,'323510|3X49TYA1Kwc0Kik$YNpwNJ','Flow',#11567,#10956);
#11569=IFCCARTESIANPOINT((0.45798001411963407,-13.800000000057503,-2.2900000004832775));
#11570=IFCAXIS2PLACEMENT3D(#11569,#10,#5);
#11571=IFCLOCALPLACEMENT(#10955,#11570);
#11572=IFCDISTRIBUTIONPORT('2Pxff7TrqDQ_fpjSLWWXI4',#18,'Port_323510_3','Flow',$,#11571,$,.SOURCEANDSINK.);
#11573=IFCRELCONNECTSPORTTOELEMENT('0$Y6X92uqifiGdYl9YpuUx',#18,'323510|2Pxff7TrqDQ_fpjSLWWXI4','Flow',#11572,#10956);
#11574=IFCCARTESIANPOINT((-4.5420255674760215,-13.800000000068264,-2.2900000004832775));
#11575=IFCAXIS2PLACEMENT3D(#11574,#10,#5);
#11576=IFCLOCALPLACEMENT(#10955,#11575);
#11577=IFCDISTRIBUTIONPORT('0JjUrSamflu_KAKuxSbBxD',#18,'Port_323510_4','Flow',$,#11576,$,.SOURCEANDSINK.);
#11578=IFCRELCONNECTSPORTTOELEMENT('0Y2Rg0AOgbwckSUt4Nr7bK',#18,'323510|0JjUrSamflu_KAKuxSbBxD','Flow',#11577,#10956);
#11579=IFCCARTESIANPOINT((-9.5420311490718124,-13.800000000078958,-2.2900000004832775));
#11580=IFCAXIS2PLACEMENT3D(#11579,#10,#5);
#11581=IFCLOCALPLACEMENT(#10955,#11580);
#11582=IFCDISTRIBUTIONPORT('2B0syO4C0p9N61pjeMRTgd',#18,'Port_323510_5','Flow',$,#11581,$,.SOURCEANDSINK.);
#11583=IFCRELCONNECTSPORTTOELEMENT('31C$rlaVdgBWm8AwuD_WZO',#18,'323510|2B0syO4C0p9N61pjeMRTgd','Flow',#11582,#10956);
#11584=IFCCARTESIANPOINT((-14.542036730667604,-13.800000000089719,-2.2900000004832775));
#11585=IFCAXIS2PLACEMENT3D(#11584,#10,#5);
#11586=IFCLOCALPLACEMENT(#10955,#11585);
#11587=IFCDISTRIBUTIONPORT('1Rh7kxMqEpeY5yuO7etYPW',#18,'Port_323510_6','Flow',$,#11586,$,.SOURCEANDSINK.);
#11588=IFCRELCONNECTSPORTTOELEMENT('3MdWZcE5SPU7y2994xkGIh',#18,'323510|1Rh7kxMqEpeY5yuO7etYPW','Flow',#11587,#10956);
#11589=IFCCARTESIANPOINT((-19.542042312263259,-13.800000000100548,-2.2900000004832775));
#11590=IFCAXIS2PLACEMENT3D(#11589,#10,#5);
#11591=IFCLOCALPLACEMENT(#10955,#11590);
#11592=IFCDISTRIBUTIONPORT('3XrBux8DBGDxlZRmGpnyBA',#18,'Port_323510_7','Flow',$,#11591,$,.SOURCEANDSINK.);
#11593=IFCRELCONNECTSPORTTOELEMENT('1veEDm_KtZHNOGL82QAO5T',#18,'323510|3XrBux8DBGDxlZRmGpnyBA','Flow',#11592,#10956);
#11594=IFCCARTESIANPOINT((10.457991177311216,-13.800000000036048,-2.2900000004834129));
#11595=IFCAXIS2PLACEMENT3D(#11594,#10,#5);
#11596=IFCLOCALPLACEMENT(#10979,#11595);
#11597=IFCDISTRIBUTIONPORT('31iq1cSoBr9RoxSvEPC6A3',#18,'Port_323517_1','Flow',$,#11596,$,.SOURCEANDSINK.);
#11598=IFCRELCONNECTSPORTTOELEMENT('17QtT4c2tzrLOfBrwWkPrS',#18,'323517|31iq1cSoBr9RoxSvEPC6A3','Flow',#11597,#10980);
#11599=IFCCARTESIANPOINT((5.4579855957154253,-13.800000000046742,-2.2900000004834129));
#11600=IFCAXIS2PLACEMENT3D(#11599,#10,#5);
#11601=IFCLOCALPLACEMENT(#10979,#11600);
#11602=IFCDISTRIBUTIONPORT('0JVPLDIjxBPN7GEJoiCoA9',#18,'Port_323517_2','Flow',$,#11601,$,.SOURCEANDSINK.);
#11603=IFCRELCONNECTSPORTTOELEMENT('0c_5MK62Mtuc4y6NFOvrHF',#18,'323517|0JVPLDIjxBPN7GEJoiCoA9','Flow',#11602,#10980);
#11604=IFCCARTESIANPOINT((0.45798001411970174,-13.800000000057503,-2.2900000004834129));
#11605=IFCAXIS2PLACEMENT3D(#11604,#10,#5);
#11606=IFCLOCALPLACEMENT(#10979,#11605);
#11607=IFCDISTRIBUTIONPORT('1eZHDMutNoSI71RZIoCIpQ',#18,'Port_323517_3','Flow',$,#11606,$,.SOURCEANDSINK.);
#11608=IFCRELCONNECTSPORTTOELEMENT('3EZsizn$EVBrgEtw7y10RS',#18,'323517|1eZHDMutNoSI71RZIoCIpQ','Flow',#11607,#10980);
#11609=IFCCARTESIANPOINT((-4.5420255674760215,-13.800000000068264,-2.2900000004834129));
#11610=IFCAXIS2PLACEMENT3D(#11609,#10,#5);
#11611=IFCLOCALPLACEMENT(#10979,#11610);
#11612=IFCDISTRIBUTIONPORT('01Qxw7jj5lw5_4Bp6PFc_k',#18,'Port_323517_4','Flow',$,#11611,$,.SOURCEANDSINK.);
#11613=IFCRELCONNECTSPORTTOELEMENT('2$aimgjnj_kWjujPjlFxqf',#18,'323517|01Qxw7jj5lw5_4Bp6PFc_k','Flow',#11612,#10980);
#11614=IFCCARTESIANPOINT((-9.5420311490718124,-13.800000000078958,-2.2900000004834129));
#11615=IFCAXIS2PLACEMENT3D(#11614,#10,#5);
#11616=IFCLOCALPLACEMENT(#10979,#11615);
#11617=IFCDISTRIBUTIONPORT('21J7pHLP_4OIDNm6wQgcV1',#18,'Port_323517_5','Flow',$,#11616,$,.SOURCEANDSINK.);
#11618=IFCRELCONNECTSPORTTOELEMENT('0CL5qTGCwN$2oVGATQm6hp',#18,'323517|21J7pHLP_4OIDNm6wQgcV1','Flow',#11617,#10980);
#11619=IFCCARTESIANPOINT((-14.542036730667604,-13.800000000089719,-2.2900000004834129));
#11620=IFCAXIS2PLACEMENT3D(#11619,#10,#5);
#11621=IFCLOCALPLACEMENT(#10979,#11620);
#11622=IFCDISTRIBUTIONPORT('0nuJfIK0D4e5$7N5oL7dvc',#18,'Port_323517_6','Flow',$,#11621,$,.SOURCEANDSINK.);
#11623=IFCRELCONNECTSPORTTOELEMENT('39gkQ2M$Z4uzArrO9BPmhe',#18,'323517|0nuJfIK0D4e5$7N5oL7dvc','Flow',#11622,#10980);
#11624=IFCCARTESIANPOINT((-19.542042312263327,-13.800000000100548,-2.2900000004834129));
#11625=IFCAXIS2PLACEMENT3D(#11624,#10,#5);
#11626=IFCLOCALPLACEMENT(#10979,#11625);
#11627=IFCDISTRIBUTIONPORT('2wuDJ$lhFrktxRoA$Adrm9',#18,'Port_323517_7','Flow',$,#11626,$,.SOURCEANDSINK.);
#11628=IFCRELCONNECTSPORTTOELEMENT('30Mx5KHLiRfpLS8wqT66y8',#18,'323517|2wuDJ$lhFrktxRoA$Adrm9','Flow',#11627,#10980);
#11629=IFCCARTESIANPOINT((10.457991177311216,-13.800000000036048,-2.2900000004834129));
#11630=IFCAXIS2PLACEMENT3D(#11629,#10,#5);
#11631=IFCLOCALPLACEMENT(#11002,#11630);
#11632=IFCDISTRIBUTIONPORT('2NoRL5oNbfczLdtcKvkFAz',#18,'Port_323523_1','Flow',$,#11631,$,.SOURCEANDSINK.);
#11633=IFCRELCONNECTSPORTTOELEMENT('1WHIN2l4DJI$L9DtR7QrjP',#18,'323523|2NoRL5oNbfczLdtcKvkFAz','Flow',#11632,#11003);
#11634=IFCCARTESIANPOINT((5.4579855957154253,-13.800000000046742,-2.2900000004834129));
#11635=IFCAXIS2PLACEMENT3D(#11634,#10,#5);
#11636=IFCLOCALPLACEMENT(#11002,#11635);
#11637=IFCDISTRIBUTIONPORT('3_vut7KHjoKxfDdAEvHBfd',#18,'Port_323523_2','Flow',$,#11636,$,.SOURCEANDSINK.);
#11638=IFCRELCONNECTSPORTTOELEMENT('3Noz4Y8MvVGPrev$4Jw_TD',#18,'323523|3_vut7KHjoKxfDdAEvHBfd','Flow',#11637,#11003);
#11639=IFCCARTESIANPOINT((0.45798001411970174,-13.800000000057503,-2.2900000004834129));
#11640=IFCAXIS2PLACEMENT3D(#11639,#10,#5);
#11641=IFCLOCALPLACEMENT(#11002,#11640);
#11642=IFCDISTRIBUTIONPORT('0bG81VNEgUtIvMnzpihUdE',#18,'Port_323523_3','Flow',$,#11641,$,.SOURCEANDSINK.);
#11643=IFCRELCONNECTSPORTTOELEMENT('31lL6vkuuoWumVB3Tu5qU0',#18,'323523|0bG81VNEgUtIvMnzpihUdE','Flow',#11642,#11003);
#11644=IFCCARTESIANPOINT((-4.5420255674760215,-13.800000000068264,-2.2900000004834129));
#11645=IFCAXIS2PLACEMENT3D(#11644,#10,#5);
#11646=IFCLOCALPLACEMENT(#11002,#11645);
#11647=IFCDISTRIBUTIONPORT('2EkvZWYlBxDiAVzAcdsgo3',#18,'Port_323523_4','Flow',$,#11646,$,.SOURCEANDSINK.);
#11648=IFCRELCONNECTSPORTTOELEMENT('3912pT1v1FtxygSS9KLbKZ',#18,'323523|2EkvZWYlBxDiAVzAcdsgo3','Flow',#11647,#11003);
#11649=IFCCARTESIANPOINT((-9.5420311490718124,-13.800000000078958,-2.2900000004834129));
#11650=IFCAXIS2PLACEMENT3D(#11649,#10,#5);
#11651=IFCLOCALPLACEMENT(#11002,#11650);
#11652=IFCDISTRIBUTIONPORT('0JhVe5EwthLRsw$uRTZs5h',#18,'Port_323523_5','Flow',$,#11651,$,.SOURCEANDSINK.);
#11653=IFCRELCONNECTSPORTTOELEMENT('0MVySNV33vuEIEVvm_CXNJ',#18,'323523|0JhVe5EwthLRsw$uRTZs5h','Flow',#11652,#11003);
#11654=IFCCARTESIANPOINT((-14.542036730667604,-13.800000000089719,-2.2900000004834129));
#11655=IFCAXIS2PLACEMENT3D(#11654,#10,#5);
#11656=IFCLOCALPLACEMENT(#11002,#11655);
#11657=IFCDISTRIBUTIONPORT('3RZ1It$NJkCA4eUCK7GOFt',#18,'Port_323523_6','Flow',$,#11656,$,.SOURCEANDSINK.);
#11658=IFCRELCONNECTSPORTTOELEMENT('0EQuAV4Jb_QtNH5rf$jb0b',#18,'323523|3RZ1It$NJkCA4eUCK7GOFt','Flow',#11657,#11003);
#11659=IFCCARTESIANPOINT((-19.542042312263327,-13.800000000100548,-2.2900000004834129));
#11660=IFCAXIS2PLACEMENT3D(#11659,#10,#5);
#11661=IFCLOCALPLACEMENT(#11002,#11660);
#11662=IFCDISTRIBUTIONPORT('1EA6uw$2mEOsqMRqftPPzz',#18,'Port_323523_7','Flow',$,#11661,$,.SOURCEANDSINK.);
#11663=IFCRELCONNECTSPORTTOELEMENT('1p6BUpuoe3YcSQNT3ME8ga',#18,'323523|1EA6uw$2mEOsqMRqftPPzz','Flow',#11662,#11003);
#11664=IFCCARTESIANPOINT((10.457991177311081,-13.800000000036048,-2.2900000004832775));
#11665=IFCAXIS2PLACEMENT3D(#11664,#10,#5);
#11666=IFCLOCALPLACEMENT(#11025,#11665);
#11667=IFCDISTRIBUTIONPORT('0LqO2BwbUI_nTmZXhujEFa',#18,'Port_323529_1','Flow',$,#11666,$,.SOURCEANDSINK.);
#11668=IFCRELCONNECTSPORTTOELEMENT('3HpnsHlMS_WncgV6fMB2FX',#18,'323529|0LqO2BwbUI_nTmZXhujEFa','Flow',#11667,#11026);
#11669=IFCCARTESIANPOINT((5.4579855957155603,-13.800000000046742,-2.2900000004832775));
#11670=IFCAXIS2PLACEMENT3D(#11669,#10,#5);
#11671=IFCLOCALPLACEMENT(#11025,#11670);
#11672=IFCDISTRIBUTIONPORT('21$5HbtTqUHm5dhBa1qoVU',#18,'Port_323529_2','Flow',$,#11671,$,.SOURCEANDSINK.);
#11673=IFCRELCONNECTSPORTTOELEMENT('2Ito_45KUgbSKB2KHwXhCp',#18,'323529|21$5HbtTqUHm5dhBa1qoVU','Flow',#11672,#11026);
#11674=IFCCARTESIANPOINT((0.45798001411976941,-13.800000000057503,-2.2900000004832775));
#11675=IFCAXIS2PLACEMENT3D(#11674,#10,#5);
#11676=IFCLOCALPLACEMENT(#11025,#11675);
#11677=IFCDISTRIBUTIONPORT('2zV8h_zJx9SN1Pb5rN1ziK',#18,'Port_323529_3','Flow',$,#11676,$,.SOURCEANDSINK.);
#11678=IFCRELCONNECTSPORTTOELEMENT('1R1RdImcyNwnMx5$C1B8$$',#18,'323529|2zV8h_zJx9SN1Pb5rN1ziK','Flow',#11677,#11026);
#11679=IFCCARTESIANPOINT((-4.5420255674760215,-13.800000000068264,-2.2900000004832775));
#11680=IFCAXIS2PLACEMENT3D(#11679,#10,#5);
#11681=IFCLOCALPLACEMENT(#11025,#11680);
#11682=IFCDISTRIBUTIONPORT('1XgCanenJlVMjT9WpzyS_h',#18,'Port_323529_4','Flow',$,#11681,$,.SOURCEANDSINK.);
#11683=IFCRELCONNECTSPORTTOELEMENT('31HBJVoF$NfPJF1SGFztpr',#18,'323529|1XgCanenJlVMjT9WpzyS_h','Flow',#11682,#11026);
#11684=IFCCARTESIANPOINT((-9.5420311490718124,-13.800000000078958,-2.2900000004832775));
#11685=IFCAXIS2PLACEMENT3D(#11684,#10,#5);
#11686=IFCLOCALPLACEMENT(#11025,#11685);
#11687=IFCDISTRIBUTIONPORT('2JjW7yEX8zqhfgmZZd1RPl',#18,'Port_323529_5','Flow',$,#11686,$,.SOURCEANDSINK.);
#11688=IFCRELCONNECTSPORTTOELEMENT('36USV5IALrMsv5bCs3EC_i',#18,'323529|2JjW7yEX8zqhfgmZZd1RPl','Flow',#11687,#11026);
#11689=IFCCARTESIANPOINT((-14.542036730667604,-13.800000000089719,-2.2900000004832775));
#11690=IFCAXIS2PLACEMENT3D(#11689,#10,#5);
#11691=IFCLOCALPLACEMENT(#11025,#11690);
#11692=IFCDISTRIBUTIONPORT('2EDeP78oUhA15fE9ZKBIpA',#18,'Port_323529_6','Flow',$,#11691,$,.SOURCEANDSINK.);
#11693=IFCRELCONNECTSPORTTOELEMENT('0gn$b_XQTWI$EBW2uD8tRu',#18,'323529|2EDeP78oUhA15fE9ZKBIpA','Flow',#11692,#11026);
#11694=IFCCARTESIANPOINT((-19.542042312263394,-13.800000000100548,-2.2900000004832775));
#11695=IFCAXIS2PLACEMENT3D(#11694,#10,#5);
#11696=IFCLOCALPLACEMENT(#11025,#11695);
#11697=IFCDISTRIBUTIONPORT('2Ib4JzCxwINIzx_e_fy5Wd',#18,'Port_323529_7','Flow',$,#11696,$,.SOURCEANDSINK.);
#11698=IFCRELCONNECTSPORTTOELEMENT('0JO8vimfh73FIVOQdNxZmN',#18,'323529|2Ib4JzCxwINIzx_e_fy5Wd','Flow',#11697,#11026);
#11699=IFCCARTESIANPOINT((10.457991177311081,-13.800000000035981,-2.2900000004834129));
#11700=IFCAXIS2PLACEMENT3D(#11699,#10,#5);
#11701=IFCLOCALPLACEMENT(#11048,#11700);
#11702=IFCDISTRIBUTIONPORT('1Hqpm4cg5uzCX5tPkhBrF9',#18,'Port_323579_1','Flow',$,#11701,$,.SOURCEANDSINK.);
#11703=IFCRELCONNECTSPORTTOELEMENT('0bvZzCALQF9iPfBLjYyIme',#18,'323579|1Hqpm4cg5uzCX5tPkhBrF9','Flow',#11702,#11049);
#11704=IFCCARTESIANPOINT((5.4579855957155603,-13.800000000046809,-2.2900000004834129));
#11705=IFCAXIS2PLACEMENT3D(#11704,#10,#5);
#11706=IFCLOCALPLACEMENT(#11048,#11705);
#11707=IFCDISTRIBUTIONPORT('2O3zqvX8F09Wja$87$7C6X',#18,'Port_323579_2','Flow',$,#11706,$,.SOURCEANDSINK.);
#11708=IFCRELCONNECTSPORTTOELEMENT('3kOpRs4d1Vmrvsn1XcY5mc',#18,'323579|2O3zqvX8F09Wja$87$7C6X','Flow',#11707,#11049);
#11709=IFCCARTESIANPOINT((0.45798001411976941,-13.800000000057503,-2.2900000004834129));
#11710=IFCAXIS2PLACEMENT3D(#11709,#10,#5);
#11711=IFCLOCALPLACEMENT(#11048,#11710);
#11712=IFCDISTRIBUTIONPORT('3mR4DkaizdEmpTZfnrC_d_',#18,'Port_323579_3','Flow',$,#11711,$,.SOURCEANDSINK.);
#11713=IFCRELCONNECTSPORTTOELEMENT('11wlOjTuzCbPFaElgjY$8O',#18,'323579|3mR4DkaizdEmpTZfnrC_d_','Flow',#11712,#11049);
#11714=IFCCARTESIANPOINT((-4.5420255674760215,-13.800000000068332,-2.2900000004834129));
#11715=IFCAXIS2PLACEMENT3D(#11714,#10,#5);
#11716=IFCLOCALPLACEMENT(#11048,#11715);
#11717=IFCDISTRIBUTIONPORT('2GlgbmsklA9uWQk4nZG$n_',#18,'Port_323579_4','Flow',$,#11716,$,.SOURCEANDSINK.);
#11718=IFCRELCONNECTSPORTTOELEMENT('3lJDL2LENiuvzU0x9CMUCM',#18,'323579|2GlgbmsklA9uWQk4nZG$n_','Flow',#11717,#11049);
#11719=IFCCARTESIANPOINT((-9.5420311490718124,-13.800000000079025,-2.2900000004834129));
#11720=IFCAXIS2PLACEMENT3D(#11719,#10,#5);
#11721=IFCLOCALPLACEMENT(#11048,#11720);
#11722=IFCDISTRIBUTIONPORT('0b5kgtRLV$vYRc0LK6lvUI',#18,'Port_323579_5','Flow',$,#11721,$,.SOURCEANDSINK.);
#11723=IFCRELCONNECTSPORTTOELEMENT('2WevCoSGKcarnDG180yGab',#18,'323579|0b5kgtRLV$vYRc0LK6lvUI','Flow',#11722,#11049);
#11724=IFCCARTESIANPOINT((-14.542036730667604,-13.800000000089719,-2.2900000004834129));
#11725=IFCAXIS2PLACEMENT3D(#11724,#10,#5);
#11726=IFCLOCALPLACEMENT(#11048,#11725);
#11727=IFCDISTRIBUTIONPORT('1Y4IOYmUF037umZp_ztP2g',#18,'Port_323579_6','Flow',$,#11726,$,.SOURCEANDSINK.);
#11728=IFCRELCONNECTSPORTTOELEMENT('3NIzfZrg4YUX_mlUi2AiyB',#18,'323579|1Y4IOYmUF037umZp_ztP2g','Flow',#11727,#11049);
#11729=IFCCARTESIANPOINT((-19.542042312263394,-13.800000000100411,-2.2900000004834129));
#11730=IFCAXIS2PLACEMENT3D(#11729,#10,#5);
#11731=IFCLOCALPLACEMENT(#11048,#11730);
#11732=IFCDISTRIBUTIONPORT('2Lm$MvuHEjF2tiVfXHNOP6',#18,'Port_323579_7','Flow',$,#11731,$,.SOURCEANDSINK.);
#11733=IFCRELCONNECTSPORTTOELEMENT('1iOpEjBXS0Zv685DRgEPj_',#18,'323579|2Lm$MvuHEjF2tiVfXHNOP6','Flow',#11732,#11049);
#11734=IFCCARTESIANPOINT((10.457991177311216,-13.800000000035981,-2.2900000004834129));
#11735=IFCAXIS2PLACEMENT3D(#11734,#10,#5);
#11736=IFCLOCALPLACEMENT(#11071,#11735);
#11737=IFCDISTRIBUTIONPORT('0okOf4KLp13w8BThwClXor',#18,'Port_323581_1','Flow',$,#11736,$,.SOURCEANDSINK.);
#11738=IFCRELCONNECTSPORTTOELEMENT('23IevgErGCypQKd_SxfnwJ',#18,'323581|0okOf4KLp13w8BThwClXor','Flow',#11737,#11072);
#11739=IFCCARTESIANPOINT((5.4579855957154253,-13.800000000046809,-2.2900000004834129));
#11740=IFCAXIS2PLACEMENT3D(#11739,#10,#5);
#11741=IFCLOCALPLACEMENT(#11071,#11740);
#11742=IFCDISTRIBUTIONPORT('1X2kq4PfGGgCzHxt0pvC6I',#18,'Port_323581_2','Flow',$,#11741,$,.SOURCEANDSINK.);
#11743=IFCRELCONNECTSPORTTOELEMENT('1zoB0SAoqhDJdiEcV1JmTX',#18,'323581|1X2kq4PfGGgCzHxt0pvC6I','Flow',#11742,#11072);
#11744=IFCCARTESIANPOINT((0.45798001411963407,-13.800000000057503,-2.2900000004834129));
#11745=IFCAXIS2PLACEMENT3D(#11744,#10,#5);
#11746=IFCLOCALPLACEMENT(#11071,#11745);
#11747=IFCDISTRIBUTIONPORT('2F_zXgDAfjYqxD05IQZTjb',#18,'Port_323581_3','Flow',$,#11746,$,.SOURCEANDSINK.);
#11748=IFCRELCONNECTSPORTTOELEMENT('3MqRV__fNPGyu5FW48xXGS',#18,'323581|2F_zXgDAfjYqxD05IQZTjb','Flow',#11747,#11072);
#11749=IFCCARTESIANPOINT((-4.5420255674760215,-13.800000000068332,-2.2900000004834129));
#11750=IFCAXIS2PLACEMENT3D(#11749,#10,#5);
#11751=IFCLOCALPLACEMENT(#11071,#11750);
#11752=IFCDISTRIBUTIONPORT('0LF2pfn0VmoaeqFHX1F1By',#18,'Port_323581_4','Flow',$,#11751,$,.SOURCEANDSINK.);
#11753=IFCRELCONNECTSPORTTOELEMENT('1ZpK6D87qNSagWGk$EFwWo',#18,'323581|0LF2pfn0VmoaeqFHX1F1By','Flow',#11752,#11072);
#11754=IFCCARTESIANPOINT((-9.5420311490718124,-13.800000000079025,-2.2900000004834129));
#11755=IFCAXIS2PLACEMENT3D(#11754,#10,#5);
#11756=IFCLOCALPLACEMENT(#11071,#11755);
#11757=IFCDISTRIBUTIONPORT('2CBzF9F_gnFZRaZ1YzUUVn',#18,'Port_323581_5','Flow',$,#11756,$,.SOURCEANDSINK.);
#11758=IFCRELCONNECTSPORTTOELEMENT('0FW9lus2qv357Q34PlFsLd',#18,'323581|2CBzF9F_gnFZRaZ1YzUUVn','Flow',#11757,#11072);
#11759=IFCCARTESIANPOINT((-14.542036730667604,-13.800000000089719,-2.2900000004834129));
#11760=IFCAXIS2PLACEMENT3D(#11759,#10,#5);
#11761=IFCLOCALPLACEMENT(#11071,#11760);
#11762=IFCDISTRIBUTIONPORT('2NkuBBjf55oNMOpg76lmvu',#18,'Port_323581_6','Flow',$,#11761,$,.SOURCEANDSINK.);
#11763=IFCRELCONNECTSPORTTOELEMENT('1kQtSK9NFmGXn5mLZy31J7',#18,'323581|2NkuBBjf55oNMOpg76lmvu','Flow',#11762,#11072);
#11764=IFCCARTESIANPOINT((-19.542042312263259,-13.800000000100411,-2.2900000004834129));
#11765=IFCAXIS2PLACEMENT3D(#11764,#10,#5);
#11766=IFCLOCALPLACEMENT(#11071,#11765);
#11767=IFCDISTRIBUTIONPORT('2cEdxNEsXawAyP9pwgk9C6',#18,'Port_323581_7','Flow',$,#11766,$,.SOURCEANDSINK.);
#11768=IFCRELCONNECTSPORTTOELEMENT('12cv0_ebjJDJi$$3JXwX37',#18,'323581|2cEdxNEsXawAyP9pwgk9C6','Flow',#11767,#11072);
#11769=IFCCARTESIANPOINT((10.457991177311216,-13.800000000035981,-2.2900000004834129));
#11770=IFCAXIS2PLACEMENT3D(#11769,#10,#5);
#11771=IFCLOCALPLACEMENT(#11094,#11770);
#11772=IFCDISTRIBUTIONPORT('1dP9WRQeU0tjeBnHPxKy2B',#18,'Port_323582_1','Flow',$,#11771,$,.SOURCEANDSINK.);
#11773=IFCRELCONNECTSPORTTOELEMENT('3_GrDyIFEt1BKFEID5f8vM',#18,'323582|1dP9WRQeU0tjeBnHPxKy2B','Flow',#11772,#11095);
#11774=IFCCARTESIANPOINT((5.4579855957154253,-13.800000000046809,-2.2900000004834129));
#11775=IFCAXIS2PLACEMENT3D(#11774,#10,#5);
#11776=IFCLOCALPLACEMENT(#11094,#11775);
#11777=IFCDISTRIBUTIONPORT('3uelHluxnoopixweB_93Uy',#18,'Port_323582_2','Flow',$,#11776,$,.SOURCEANDSINK.);
#11778=IFCRELCONNECTSPORTTOELEMENT('2XJ_xYh5lYxiLabb7N6qqZ',#18,'323582|3uelHluxnoopixweB_93Uy','Flow',#11777,#11095);
#11779=IFCCARTESIANPOINT((0.45798001411970174,-13.800000000057503,-2.2900000004834129));
#11780=IFCAXIS2PLACEMENT3D(#11779,#10,#5);
#11781=IFCLOCALPLACEMENT(#11094,#11780);
#11782=IFCDISTRIBUTIONPORT('0kH0eHshLo_DXAyne5ndNQ',#18,'Port_323582_3','Flow',$,#11781,$,.SOURCEANDSINK.);
#11783=IFCRELCONNECTSPORTTOELEMENT('1UyjflR7R0lZW$6$o3anyV',#18,'323582|0kH0eHshLo_DXAyne5ndNQ','Flow',#11782,#11095);
#11784=IFCCARTESIANPOINT((-4.5420255674760215,-13.800000000068332,-2.2900000004834129));
#11785=IFCAXIS2PLACEMENT3D(#11784,#10,#5);
#11786=IFCLOCALPLACEMENT(#11094,#11785);
#11787=IFCDISTRIBUTIONPORT('0qZVaGJ$PIXlSQjSr6iGPB',#18,'Port_323582_4','Flow',$,#11786,$,.SOURCEANDSINK.);
#11788=IFCRELCONNECTSPORTTOELEMENT('08ESVxqjOsqQhW_OosUfqa',#18,'323582|0qZVaGJ$PIXlSQjSr6iGPB','Flow',#11787,#11095);
#11789=IFCCARTESIANPOINT((-9.5420311490718124,-13.800000000079025,-2.2900000004834129));
#11790=IFCAXIS2PLACEMENT3D(#11789,#10,#5);
#11791=IFCLOCALPLACEMENT(#11094,#11790);
#11792=IFCDISTRIBUTIONPORT('2lqpnHlqGBBAKwzDbH04Uf',#18,'Port_323582_5','Flow',$,#11791,$,.SOURCEANDSINK.);
#11793=IFCRELCONNECTSPORTTOELEMENT('14trZfWmosG3fX1TPYZw5v',#18,'323582|2lqpnHlqGBBAKwzDbH04Uf','Flow',#11792,#11095);
#11794=IFCCARTESIANPOINT((-14.542036730667604,-13.800000000089719,-2.2900000004834129));
#11795=IFCAXIS2PLACEMENT3D(#11794,#10,#5);
#11796=IFCLOCALPLACEMENT(#11094,#11795);
#11797=IFCDISTRIBUTIONPORT('0CUQUfsXP3Dw9mn58rYAO_',#18,'Port_323582_6','Flow',$,#11796,$,.SOURCEANDSINK.);
#11798=IFCRELCONNECTSPORTTOELEMENT('0r_J2ceThSMsi28GFTm_nV',#18,'323582|0CUQUfsXP3Dw9mn58rYAO_','Flow',#11797,#11095);
#11799=IFCCARTESIANPOINT((-19.542042312263327,-13.800000000100411,-2.2900000004834129));
#11800=IFCAXIS2PLACEMENT3D(#11799,#10,#5);
#11801=IFCLOCALPLACEMENT(#11094,#11800);
#11802=IFCDISTRIBUTIONPORT('18NMpWQMyN_33xjCrZzHC_',#18,'Port_323582_7','Flow',$,#11801,$,.SOURCEANDSINK.);
#11803=IFCRELCONNECTSPORTTOELEMENT('0yu7jxjQ21lXxVSFGtwx_2',#18,'323582|18NMpWQMyN_33xjCrZzHC_','Flow',#11802,#11095);
#11804=IFCCARTESIANPOINT((10.457991177311149,-13.800000000035981,-2.2900000004834129));
#11805=IFCAXIS2PLACEMENT3D(#11804,#10,#5);
#11806=IFCLOCALPLACEMENT(#11117,#11805);
#11807=IFCDISTRIBUTIONPORT('0MTdiDB$Jhnb9OlqmGtiqQ',#18,'Port_323583_1','Flow',$,#11806,$,.SOURCEANDSINK.);
#11808=IFCRELCONNECTSPORTTOELEMENT('2fugC3qyn_Y7OwtNyy1J2O',#18,'323583|0MTdiDB$Jhnb9OlqmGtiqQ','Flow',#11807,#11118);
#11809=IFCCARTESIANPOINT((5.4579855957153569,-13.800000000046809,-2.2900000004834129));
#11810=IFCAXIS2PLACEMENT3D(#11809,#10,#5);
#11811=IFCLOCALPLACEMENT(#11117,#11810);
#11812=IFCDISTRIBUTIONPORT('0jhkhqvAZqakB$lBPb3KKG',#18,'Port_323583_2','Flow',$,#11811,$,.SOURCEANDSINK.);
#11813=IFCRELCONNECTSPORTTOELEMENT('0UkNEsnNKpbaFerKR5mcwd',#18,'323583|0jhkhqvAZqakB$lBPb3KKG','Flow',#11812,#11118);
#11814=IFCCARTESIANPOINT((0.45798001411963407,-13.800000000057503,-2.2900000004834129));
#11815=IFCAXIS2PLACEMENT3D(#11814,#10,#5);
#11816=IFCLOCALPLACEMENT(#11117,#11815);
#11817=IFCDISTRIBUTIONPORT('0pEzpNDyTAehiHvh3oNiia',#18,'Port_323583_3','Flow',$,#11816,$,.SOURCEANDSINK.);
#11818=IFCRELCONNECTSPORTTOELEMENT('39S6spPsAFefT2VhA25Iim',#18,'323583|0pEzpNDyTAehiHvh3oNiia','Flow',#11817,#11118);
#11819=IFCCARTESIANPOINT((-4.542025567476089,-13.800000000068332,-2.2900000004834129));
#11820=IFCAXIS2PLACEMENT3D(#11819,#10,#5);
#11821=IFCLOCALPLACEMENT(#11117,#11820);
#11822=IFCDISTRIBUTIONPORT('2ALZdRtt7xv2ZayAan4Pwn',#18,'Port_323583_4','Flow',$,#11821,$,.SOURCEANDSINK.);
#11823=IFCRELCONNECTSPORTTOELEMENT('28YgG7mZqCvWTF10mdoeCG',#18,'323583|2ALZdRtt7xv2ZayAan4Pwn','Flow',#11822,#11118);
#11824=IFCCARTESIANPOINT((-9.5420311490718799,-13.800000000079025,-2.2900000004834129));
#11825=IFCAXIS2PLACEMENT3D(#11824,#10,#5);
#11826=IFCLOCALPLACEMENT(#11117,#11825);
#11827=IFCDISTRIBUTIONPORT('3R3sYkGkh7LfAKVM5cdnnP',#18,'Port_323583_5','Flow',$,#11826,$,.SOURCEANDSINK.);
#11828=IFCRELCONNECTSPORTTOELEMENT('2vNxposJBriGoSU5E7o2e9',#18,'323583|3R3sYkGkh7LfAKVM5cdnnP','Flow',#11827,#11118);
#11829=IFCCARTESIANPOINT((-14.542036730667672,-13.800000000089719,-2.2900000004834129));
#11830=IFCAXIS2PLACEMENT3D(#11829,#10,#5);
#11831=IFCLOCALPLACEMENT(#11117,#11830);
#11832=IFCDISTRIBUTIONPORT('22_jOE6bG5vglh0zk2qdyu',#18,'Port_323583_6','Flow',$,#11831,$,.SOURCEANDSINK.);
#11833=IFCRELCONNECTSPORTTOELEMENT('0pJ1ao_WNwQex0AHvshE_n',#18,'323583|22_jOE6bG5vglh0zk2qdyu','Flow',#11832,#11118);
#11834=IFCCARTESIANPOINT((-19.542042312263394,-13.800000000100411,-2.2900000004834129));
#11835=IFCAXIS2PLACEMENT3D(#11834,#10,#5);
#11836=IFCLOCALPLACEMENT(#11117,#11835);
#11837=IFCDISTRIBUTIONPORT('27CAy6C42omMQXE9Yec_MH',#18,'Port_323583_7','Flow',$,#11836,$,.SOURCEANDSINK.);
#11838=IFCRELCONNECTSPORTTOELEMENT('2RO7JrOPtsFPLEvKvcLHzr',#18,'323583|27CAy6C42omMQXE9Yec_MH','Flow',#11837,#11118);
#11839=IFCCARTESIANPOINT((10.457991177310809,-13.800000000035981,-2.2900000004834129));
#11840=IFCAXIS2PLACEMENT3D(#11839,#10,#5);
#11841=IFCLOCALPLACEMENT(#11140,#11840);
#11842=IFCDISTRIBUTIONPORT('2ppPecv5a4Qy_W4aMi_Hz6',#18,'Port_323584_1','Flow',$,#11841,$,.SOURCEANDSINK.);
#11843=IFCRELCONNECTSPORTTOELEMENT('1LRSO1cWZIE$CSPHtH8knC',#18,'323584|2ppPecv5a4Qy_W4aMi_Hz6','Flow',#11842,#11141);
#11844=IFCCARTESIANPOINT((5.4579855957152894,-13.800000000046809,-2.2900000004834129));
#11845=IFCAXIS2PLACEMENT3D(#11844,#10,#5);
#11846=IFCLOCALPLACEMENT(#11140,#11845);
#11847=IFCDISTRIBUTIONPORT('0K5Y7Rs2pO6Q9Wg9WKWfMX',#18,'Port_323584_2','Flow',$,#11846,$,.SOURCEANDSINK.);
#11848=IFCRELCONNECTSPORTTOELEMENT('1ZfC5rklFdAOEmoPN57ULB',#18,'323584|0K5Y7Rs2pO6Q9Wg9WKWfMX','Flow',#11847,#11141);
#11849=IFCCARTESIANPOINT((0.45798001411949874,-13.800000000057503,-2.2900000004834129));
#11850=IFCAXIS2PLACEMENT3D(#11849,#10,#5);
#11851=IFCLOCALPLACEMENT(#11140,#11850);
#11852=IFCDISTRIBUTIONPORT('2DkabLfcK1R9$3oSmyqj8u',#18,'Port_323584_3','Flow',$,#11851,$,.SOURCEANDSINK.);
#11853=IFCRELCONNECTSPORTTOELEMENT('0fAqytoV$EDk$OkUMRaDTq',#18,'323584|2DkabLfcK1R9$3oSmyqj8u','Flow',#11852,#11141);
#11854=IFCCARTESIANPOINT((-4.5420255674762924,-13.800000000068332,-2.2900000004834129));
#11855=IFCAXIS2PLACEMENT3D(#11854,#10,#5);
#11856=IFCLOCALPLACEMENT(#11140,#11855);
#11857=IFCDISTRIBUTIONPORT('0AxJv8TQ_dn8PiAUJjWYWO',#18,'Port_323584_4','Flow',$,#11856,$,.SOURCEANDSINK.);
#11858=IFCRELCONNECTSPORTTOELEMENT('1OKoJUjKIbxcXm576gxtmI',#18,'323584|0AxJv8TQ_dn8PiAUJjWYWO','Flow',#11857,#11141);
#11859=IFCCARTESIANPOINT((-9.5420311490720824,-13.800000000079025,-2.2900000004834129));
#11860=IFCAXIS2PLACEMENT3D(#11859,#10,#5);
#11861=IFCLOCALPLACEMENT(#11140,#11860);
#11862=IFCDISTRIBUTIONPORT('2m5ZyMF_4DU7HHR_saULIk',#18,'Port_323584_5','Flow',$,#11861,$,.SOURCEANDSINK.);
#11863=IFCRELCONNECTSPORTTOELEMENT('2jaI8Z6mDTgwEzQKoeAegU',#18,'323584|2m5ZyMF_4DU7HHR_saULIk','Flow',#11862,#11141);
#11864=IFCCARTESIANPOINT((-14.542036730667874,-13.800000000089719,-2.2900000004834129));
#11865=IFCAXIS2PLACEMENT3D(#11864,#10,#5);
#11866=IFCLOCALPLACEMENT(#11140,#11865);
#11867=IFCDISTRIBUTIONPORT('3c8inms_MaQ9H_FPkf2wzk',#18,'Port_323584_6','Flow',$,#11866,$,.SOURCEANDSINK.);
#11868=IFCRELCONNECTSPORTTOELEMENT('0OXiOpiI7CzWrXearznzpb',#18,'323584|3c8inms_MaQ9H_FPkf2wzk','Flow',#11867,#11141);
#11869=IFCCARTESIANPOINT((-19.542042312263664,-13.800000000100411,-2.2900000004834129));
#11870=IFCAXIS2PLACEMENT3D(#11869,#10,#5);
#11871=IFCLOCALPLACEMENT(#11140,#11870);
#11872=IFCDISTRIBUTIONPORT('1itZ6CNwqNM2DNfB3rnAwG',#18,'Port_323584_7','Flow',$,#11871,$,.SOURCEANDSINK.);
#11873=IFCRELCONNECTSPORTTOELEMENT('06RX96uC3i0WpIKOzW$Jz$',#18,'323584|1itZ6CNwqNM2DNfB3rnAwG','Flow',#11872,#11141);
#11874=IFCCARTESIANPOINT((10.457991177305226,-13.800000000035981,-2.2900000004834129));
#11875=IFCAXIS2PLACEMENT3D(#11874,#10,#5);
#11876=IFCLOCALPLACEMENT(#11163,#11875);
#11877=IFCDISTRIBUTIONPORT('3usYaTnsyB_evPXJjsCEyQ',#18,'Port_323632_1','Flow',$,#11876,$,.SOURCEANDSINK.);
#11878=IFCRELCONNECTSPORTTOELEMENT('1BtnE0cEOtY9m3ecTublhL',#18,'323632|3usYaTnsyB_evPXJjsCEyQ','Flow',#11877,#11164);
#11879=IFCCARTESIANPOINT((5.4579855957095029,-13.800000000046809,-2.2900000004834129));
#11880=IFCAXIS2PLACEMENT3D(#11879,#10,#5);
#11881=IFCLOCALPLACEMENT(#11163,#11880);
#11882=IFCDISTRIBUTIONPORT('1WFNQ5Md1afcokhQPPwfDb',#18,'Port_323632_2','Flow',$,#11881,$,.SOURCEANDSINK.);
#11883=IFCRELCONNECTSPORTTOELEMENT('1CCuUpCohlgQsjf$Siil4q',#18,'323632|1WFNQ5Md1afcokhQPPwfDb','Flow',#11882,#11164);
#11884=IFCCARTESIANPOINT((0.457980014113746,-13.800000000057503,-2.2900000004834129));
#11885=IFCAXIS2PLACEMENT3D(#11884,#10,#5);
#11886=IFCLOCALPLACEMENT(#11163,#11885);
#11887=IFCDISTRIBUTIONPORT('1J4RGL2wJdXHqx050ipJA6',#18,'Port_323632_3','Flow',$,#11886,$,.SOURCEANDSINK.);
#11888=IFCRELCONNECTSPORTTOELEMENT('3ZgtuSeQAyWweY7JauiRqX',#18,'323632|1J4RGL2wJdXHqx050ipJA6','Flow',#11887,#11164);
#11889=IFCCARTESIANPOINT((-4.5420255674820114,-13.800000000068332,-2.2900000004834129));
#11890=IFCAXIS2PLACEMENT3D(#11889,#10,#5);
#11891=IFCLOCALPLACEMENT(#11163,#11890);
#11892=IFCDISTRIBUTIONPORT('2fwOiMq9RUT75vAhIl$qUT',#18,'Port_323632_4','Flow',$,#11891,$,.SOURCEANDSINK.);
#11893=IFCRELCONNECTSPORTTOELEMENT('0j_S6IA2w5c3uQR2pD2IF0',#18,'323632|2fwOiMq9RUT75vAhIl$qUT','Flow',#11892,#11164);
#11894=IFCCARTESIANPOINT((-9.5420311490778023,-13.800000000079025,-2.2900000004834129));
#11895=IFCAXIS2PLACEMENT3D(#11894,#10,#5);
#11896=IFCLOCALPLACEMENT(#11163,#11895);
#11897=IFCDISTRIBUTIONPORT('3mTL$QM0ezgOIdjUNajTBb',#18,'Port_323632_5','Flow',$,#11896,$,.SOURCEANDSINK.);
#11898=IFCRELCONNECTSPORTTOELEMENT('2orFVOY33M9YfusntUqzzo',#18,'323632|3mTL$QM0ezgOIdjUNajTBb','Flow',#11897,#11164);
#11899=IFCCARTESIANPOINT((-14.542036730673525,-13.800000000089719,-2.2900000004834129));
#11900=IFCAXIS2PLACEMENT3D(#11899,#10,#5);
#11901=IFCLOCALPLACEMENT(#11163,#11900);
#11902=IFCDISTRIBUTIONPORT('0C3eFjdDyruWYM6Cxj02eB',#18,'Port_323632_6','Flow',$,#11901,$,.SOURCEANDSINK.);
#11903=IFCRELCONNECTSPORTTOELEMENT('2P9XDdhIkKlHeGmi0vmzT7',#18,'323632|0C3eFjdDyruWYM6Cxj02eB','Flow',#11902,#11164);
#11904=IFCCARTESIANPOINT((-19.542042312269281,-13.800000000100411,-2.2900000004834129));
#11905=IFCAXIS2PLACEMENT3D(#11904,#10,#5);
#11906=IFCLOCALPLACEMENT(#11163,#11905);
#11907=IFCDISTRIBUTIONPORT('0Sh4V3xi440wrS1xxECAif',#18,'Port_323632_7','Flow',$,#11906,$,.SOURCEANDSINK.);
#11908=IFCRELCONNECTSPORTTOELEMENT('1$Yo73kCgajGcxwvGrM_rT',#18,'323632|0Sh4V3xi440wrS1xxECAif','Flow',#11907,#11164);
#11909=IFCCARTESIANPOINT((10.457991177311081,-13.800000000027724,-2.2900000004828711));
#11910=IFCAXIS2PLACEMENT3D(#11909,#10,#5);
#11911=IFCLOCALPLACEMENT(#11187,#11910);
#11912=IFCDISTRIBUTIONPORT('2WAzsdOTwdK4QVBOzf18o7',#18,'Port_323835_1','Flow',$,#11911,$,.SOURCEANDSINK.);
#11913=IFCRELCONNECTSPORTTOELEMENT('2$H_jq3NTZuhFrz9VKAs$K',#18,'323835|2WAzsdOTwdK4QVBOzf18o7','Flow',#11912,#11188);
#11914=IFCCARTESIANPOINT((5.4579855957155603,-13.800000000038283,-2.2900000004828711));
#11915=IFCAXIS2PLACEMENT3D(#11914,#10,#5);
#11916=IFCLOCALPLACEMENT(#11187,#11915);
#11917=IFCDISTRIBUTIONPORT('1JcnTSFkGLayS9ohM4Uete',#18,'Port_323835_2','Flow',$,#11916,$,.SOURCEANDSINK.);
#11918=IFCRELCONNECTSPORTTOELEMENT('3sCqspWNEIs41nOyGOPo2X',#18,'323835|1JcnTSFkGLayS9ohM4Uete','Flow',#11917,#11188);
#11919=IFCCARTESIANPOINT((0.45798001411976941,-13.800000000049112,-2.2900000004828711));
#11920=IFCAXIS2PLACEMENT3D(#11919,#10,#5);
#11921=IFCLOCALPLACEMENT(#11187,#11920);
#11922=IFCDISTRIBUTIONPORT('3u47HHpSWDcGDUXUF$WFgA',#18,'Port_323835_3','Flow',$,#11921,$,.SOURCEANDSINK.);
#11923=IFCRELCONNECTSPORTTOELEMENT('1dNN1BpDTkKH8O_$dMwyvN',#18,'323835|3u47HHpSWDcGDUXUF$WFgA','Flow',#11922,#11188);
#11924=IFCCARTESIANPOINT((-4.5420255674760215,-13.80000000005994,-2.2900000004828711));
#11925=IFCAXIS2PLACEMENT3D(#11924,#10,#5);
#11926=IFCLOCALPLACEMENT(#11187,#11925);
#11927=IFCDISTRIBUTIONPORT('3xIntjN4MueeAXzHXcs8_4',#18,'Port_323835_4','Flow',$,#11926,$,.SOURCEANDSINK.);
#11928=IFCRELCONNECTSPORTTOELEMENT('1ojXlA5D$CKToQQG$Vg5g_',#18,'323835|3xIntjN4MueeAXzHXcs8_4','Flow',#11927,#11188);
#11929=IFCCARTESIANPOINT((-9.5420311490718124,-13.800000000070497,-2.2900000004828711));
#11930=IFCAXIS2PLACEMENT3D(#11929,#10,#5);
#11931=IFCLOCALPLACEMENT(#11187,#11930);
#11932=IFCDISTRIBUTIONPORT('1eKjqIcdjfGyP1fZNRUFx9',#18,'Port_323835_5','Flow',$,#11931,$,.SOURCEANDSINK.);
#11933=IFCRELCONNECTSPORTTOELEMENT('38EK2ISVV$$aRDyT$E6TuL',#18,'323835|1eKjqIcdjfGyP1fZNRUFx9','Flow',#11932,#11188);
#11934=IFCCARTESIANPOINT((-14.542036730667604,-13.800000000081326,-2.2900000004828711));
#11935=IFCAXIS2PLACEMENT3D(#11934,#10,#5);
#11936=IFCLOCALPLACEMENT(#11187,#11935);
#11937=IFCDISTRIBUTIONPORT('3dSEebRCvHl8V0qpdxCc2c',#18,'Port_323835_6','Flow',$,#11936,$,.SOURCEANDSINK.);
#11938=IFCRELCONNECTSPORTTOELEMENT('15ToOv8eX1_LZ5oKAlFE99',#18,'323835|3dSEebRCvHl8V0qpdxCc2c','Flow',#11937,#11188);
#11939=IFCCARTESIANPOINT((-19.542042312263394,-13.800000000092155,-2.2900000004828711));
#11940=IFCAXIS2PLACEMENT3D(#11939,#10,#5);
#11941=IFCLOCALPLACEMENT(#11187,#11940);
#11942=IFCDISTRIBUTIONPORT('1KmKe4pXaICew4oFCt3gGM',#18,'Port_323835_7','Flow',$,#11941,$,.SOURCEANDSINK.);
#11943=IFCRELCONNECTSPORTTOELEMENT('14TbfEL3$74UPZaUwD1Nep',#18,'323835|1KmKe4pXaICew4oFCt3gGM','Flow',#11942,#11188);
#11944=IFCCARTESIANPOINT((10.457991177311216,-13.800000000027724,-2.2900000004834129));
#11945=IFCAXIS2PLACEMENT3D(#11944,#10,#5);
#11946=IFCLOCALPLACEMENT(#11211,#11945);
#11947=IFCDISTRIBUTIONPORT('3Zxx69CX0YeRSErL3s9_Ox',#18,'Port_324118_1','Flow',$,#11946,$,.SOURCEANDSINK.);
#11948=IFCRELCONNECTSPORTTOELEMENT('0hVVgsntzKlhxQX1P0Ko3T',#18,'324118|3Zxx69CX0YeRSErL3s9_Ox','Flow',#11947,#11212);
#11949=IFCCARTESIANPOINT((5.4579855957154253,-13.800000000038418,-2.2900000004834129));
#11950=IFCAXIS2PLACEMENT3D(#11949,#10,#5);
#11951=IFCLOCALPLACEMENT(#11211,#11950);
#11952=IFCDISTRIBUTIONPORT('0NXx1gAHGa5fEEpbcPXCOG',#18,'Port_324118_2','Flow',$,#11951,$,.SOURCEANDSINK.);
#11953=IFCRELCONNECTSPORTTOELEMENT('399N2Vq1Yk_53k6XPpdB0c',#18,'324118|0NXx1gAHGa5fEEpbcPXCOG','Flow',#11952,#11212);
#11954=IFCCARTESIANPOINT((0.45798001411970174,-13.800000000049179,-2.2900000004834129));
#11955=IFCAXIS2PLACEMENT3D(#11954,#10,#5);
#11956=IFCLOCALPLACEMENT(#11211,#11955);
#11957=IFCDISTRIBUTIONPORT('1B55Nf08IdB_ignFvAQJWg',#18,'Port_324118_3','Flow',$,#11956,$,.SOURCEANDSINK.);
#11958=IFCRELCONNECTSPORTTOELEMENT('2JNhPxGhdVqFwx_9LPbMwz',#18,'324118|1B55Nf08IdB_ignFvAQJWg','Flow',#11957,#11212);
#11959=IFCCARTESIANPOINT((-4.5420255674760215,-13.80000000005994,-2.2900000004834129));
#11960=IFCAXIS2PLACEMENT3D(#11959,#10,#5);
#11961=IFCLOCALPLACEMENT(#11211,#11960);
#11962=IFCDISTRIBUTIONPORT('3k7LnBq5oxYKjfGmlR8fFz',#18,'Port_324118_4','Flow',$,#11961,$,.SOURCEANDSINK.);
#11963=IFCRELCONNECTSPORTTOELEMENT('0cOEBwIuoB_UocHqiotl9c',#18,'324118|3k7LnBq5oxYKjfGmlR8fFz','Flow',#11962,#11212);
#11964=IFCCARTESIANPOINT((-9.5420311490718124,-13.800000000070632,-2.2900000004834129));
#11965=IFCAXIS2PLACEMENT3D(#11964,#10,#5);
#11966=IFCLOCALPLACEMENT(#11211,#11965);
#11967=IFCDISTRIBUTIONPORT('0xj_HSKeFAJKmPSe2$y1$q',#18,'Port_324118_5','Flow',$,#11966,$,.SOURCEANDSINK.);
#11968=IFCRELCONNECTSPORTTOELEMENT('0mb4FVmI99iQtlebdAUSXk',#18,'324118|0xj_HSKeFAJKmPSe2$y1$q','Flow',#11967,#11212);
#11969=IFCCARTESIANPOINT((-14.542036730667604,-13.800000000081393,-2.2900000004834129));
#11970=IFCAXIS2PLACEMENT3D(#11969,#10,#5);
#11971=IFCLOCALPLACEMENT(#11211,#11970);
#11972=IFCDISTRIBUTIONPORT('14RAosekl6s2n8FzhTO6Np',#18,'Port_324118_6','Flow',$,#11971,$,.SOURCEANDSINK.);
#11973=IFCRELCONNECTSPORTTOELEMENT('1VS9jwLuY$vUqZoSAm36Vs',#18,'324118|14RAosekl6s2n8FzhTO6Np','Flow',#11972,#11212);
#11974=IFCCARTESIANPOINT((-19.542042312263327,-13.800000000092155,-2.2900000004834129));
#11975=IFCAXIS2PLACEMENT3D(#11974,#10,#5);
#11976=IFCLOCALPLACEMENT(#11211,#11975);
#11977=IFCDISTRIBUTIONPORT('0X6ZdAK6IoCb12dfv6HxZc',#18,'Port_324118_7','Flow',$,#11976,$,.SOURCEANDSINK.);
#11978=IFCRELCONNECTSPORTTOELEMENT('1zEUFG_RxlOxXFyX$kE9G6',#18,'324118|0X6ZdAK6IoCb12dfv6HxZc','Flow',#11977,#11212);
#11979=IFCCARTESIANPOINT((10.457991177311351,-13.800000000028131,-2.2900000004834129));
#11980=IFCAXIS2PLACEMENT3D(#11979,#10,#5);
#11981=IFCLOCALPLACEMENT(#11235,#11980);
#11982=IFCDISTRIBUTIONPORT('1KdK3Q5gdlh5b8Vj4FYXh5',#18,'Port_324256_1','Flow',$,#11981,$,.SOURCEANDSINK.);
#11983=IFCRELCONNECTSPORTTOELEMENT('37iWLecIqfrxayJCngdBI3',#18,'324256|1KdK3Q5gdlh5b8Vj4FYXh5','Flow',#11982,#11236);
#11984=IFCCARTESIANPOINT((5.4579855957158312,-13.800000000038823,-2.2900000004834129));
#11985=IFCAXIS2PLACEMENT3D(#11984,#10,#5);
#11986=IFCLOCALPLACEMENT(#11235,#11985);
#11987=IFCDISTRIBUTIONPORT('3RtFwlVAubGsB5OmLkV3BS',#18,'Port_324256_2','Flow',$,#11986,$,.SOURCEANDSINK.);
#11988=IFCRELCONNECTSPORTTOELEMENT('0iIvv0cbIVi4laV$Ohou4v',#18,'324256|3RtFwlVAubGsB5OmLkV3BS','Flow',#11987,#11236);
#11989=IFCCARTESIANPOINT((0.45798001412004014,-13.800000000049584,-2.2900000004834129));
#11990=IFCAXIS2PLACEMENT3D(#11989,#10,#5);
#11991=IFCLOCALPLACEMENT(#11235,#11990);
#11992=IFCDISTRIBUTIONPORT('1_XPiu7kqsuVLtyluJoVNO',#18,'Port_324256_3','Flow',$,#11991,$,.SOURCEANDSINK.);
#11993=IFCRELCONNECTSPORTTOELEMENT('2y8l0zSSFqcLQR8DX9gQvo',#18,'324256|1_XPiu7kqsuVLtyluJoVNO','Flow',#11992,#11236);
#11994=IFCCARTESIANPOINT((-4.5420255674757506,-13.800000000060345,-2.2900000004834129));
#11995=IFCAXIS2PLACEMENT3D(#11994,#10,#5);
#11996=IFCLOCALPLACEMENT(#11235,#11995);
#11997=IFCDISTRIBUTIONPORT('0pdObaoJETbxP7vOy6s6kB',#18,'Port_324256_4','Flow',$,#11996,$,.SOURCEANDSINK.);
#11998=IFCRELCONNECTSPORTTOELEMENT('2UJbV6rQfPL1Xzq9rJtSPZ',#18,'324256|0pdObaoJETbxP7vOy6s6kB','Flow',#11997,#11236);
#11999=IFCCARTESIANPOINT((-9.5420311490715424,-13.800000000071039,-2.2900000004834129));
#12000=IFCAXIS2PLACEMENT3D(#11999,#10,#5);
#12001=IFCLOCALPLACEMENT(#11235,#12000);
#12002=IFCDISTRIBUTIONPORT('26dsVJcfpkjmjiPeOyeAoe',#18,'Port_324256_5','Flow',$,#12001,$,.SOURCEANDSINK.);
#12003=IFCRELCONNECTSPORTTOELEMENT('0VHiYxaiQhePZrUdgpU9i4',#18,'324256|26dsVJcfpkjmjiPeOyeAoe','Flow',#12002,#11236);
#12004=IFCCARTESIANPOINT((-14.542036730667332,-13.8000000000818,-2.2900000004834129));
#12005=IFCAXIS2PLACEMENT3D(#12004,#10,#5);
#12006=IFCLOCALPLACEMENT(#11235,#12005);
#12007=IFCDISTRIBUTIONPORT('1$xHwAi2KiF6MPWFGi$xx1',#18,'Port_324256_6','Flow',$,#12006,$,.SOURCEANDSINK.);
#12008=IFCRELCONNECTSPORTTOELEMENT('0RggAwhAb0K3UoMqOr4nmz',#18,'324256|1$xHwAi2KiF6MPWFGi$xx1','Flow',#12007,#11236);
#12009=IFCCARTESIANPOINT((-19.542042312263124,-13.800000000092561,-2.2900000004834129));
#12010=IFCAXIS2PLACEMENT3D(#12009,#10,#5);
#12011=IFCLOCALPLACEMENT(#11235,#12010);
#12012=IFCDISTRIBUTIONPORT('3XckK6rsdJOi2nCHrEt14T',#18,'Port_324256_7','Flow',$,#12011,$,.SOURCEANDSINK.);
#12013=IFCRELCONNECTSPORTTOELEMENT('256iZQ3lWWLE86gIAT0sGg',#18,'324256|3XckK6rsdJOi2nCHrEt14T','Flow',#12012,#11236);
#12014=IFCCARTESIANPOINT((10.457991177311351,-13.800000000047216,-2.2900000004834129));
#12015=IFCAXIS2PLACEMENT3D(#12014,#10,#5);
#12016=IFCLOCALPLACEMENT(#11259,#12015);
#12017=IFCDISTRIBUTIONPORT('3WOFlZwZdPu7A74_DLPOv6',#18,'Port_324461_1','Flow',$,#12016,$,.SOURCEANDSINK.);
#12018=IFCRELCONNECTSPORTTOELEMENT('0VzSmLQG8K$omxqycwRso6',#18,'324461|3WOFlZwZdPu7A74_DLPOv6','Flow',#12017,#11260);
#12019=IFCCARTESIANPOINT((5.4579855957155603,-13.80000000005791,-2.2900000004834129));
#12020=IFCAXIS2PLACEMENT3D(#12019,#10,#5);
#12021=IFCLOCALPLACEMENT(#11259,#12020);
#12022=IFCDISTRIBUTIONPORT('0oWr7XHK__dqWbHgbt_fp_',#18,'Port_324461_2','Flow',$,#12021,$,.SOURCEANDSINK.);
#12023=IFCRELCONNECTSPORTTOELEMENT('3k1OP6crhe6RzFRvHBfcrB',#18,'324461|0oWr7XHK__dqWbHgbt_fp_','Flow',#12022,#11260);
#12024=IFCCARTESIANPOINT((0.45798001411976941,-13.800000000068671,-2.2900000004834129));
#12025=IFCAXIS2PLACEMENT3D(#12024,#10,#5);
#12026=IFCLOCALPLACEMENT(#11259,#12025);
#12027=IFCDISTRIBUTIONPORT('0zcbwTW9Iiu0UShNHItrBG',#18,'Port_324461_3','Flow',$,#12026,$,.SOURCEANDSINK.);
#12028=IFCRELCONNECTSPORTTOELEMENT('17YQVQDYMuKKiCXm1Bmlnj',#18,'324461|0zcbwTW9Iiu0UShNHItrBG','Flow',#12027,#11260);
#12029=IFCCARTESIANPOINT((-4.5420255674760215,-13.800000000079431,-2.2900000004834129));
#12030=IFCAXIS2PLACEMENT3D(#12029,#10,#5);
#12031=IFCLOCALPLACEMENT(#11259,#12030);
#12032=IFCDISTRIBUTIONPORT('3k4$HVDyhHqqdbQ5CxjYZI',#18,'Port_324461_4','Flow',$,#12031,$,.SOURCEANDSINK.);
#12033=IFCRELCONNECTSPORTTOELEMENT('2oHvzT5w4PZJzyJZK92zYz',#18,'324461|3k4$HVDyhHqqdbQ5CxjYZI','Flow',#12032,#11260);
#12034=IFCCARTESIANPOINT((-9.5420311490718124,-13.800000000090124,-2.2900000004834129));
#12035=IFCAXIS2PLACEMENT3D(#12034,#10,#5);
#12036=IFCLOCALPLACEMENT(#11259,#12035);
#12037=IFCDISTRIBUTIONPORT('3s9M2c9Gx1i6ZxTOnuZ0By',#18,'Port_324461_5','Flow',$,#12036,$,.SOURCEANDSINK.);
#12038=IFCRELCONNECTSPORTTOELEMENT('0JY4PaYUFLyjewXrqz2NPW',#18,'324461|3s9M2c9Gx1i6ZxTOnuZ0By','Flow',#12037,#11260);
#12039=IFCCARTESIANPOINT((-14.542036730667604,-13.800000000100885,-2.2900000004834129));
#12040=IFCAXIS2PLACEMENT3D(#12039,#10,#5);
#12041=IFCLOCALPLACEMENT(#11259,#12040);
#12042=IFCDISTRIBUTIONPORT('3jOCpOUa7w80b$42LM9_Fk',#18,'Port_324461_6','Flow',$,#12041,$,.SOURCEANDSINK.);
#12043=IFCRELCONNECTSPORTTOELEMENT('39lNQb1vI3EovfXeWVk72b',#18,'324461|3jOCpOUa7w80b$42LM9_Fk','Flow',#12042,#11260);
#12044=IFCCARTESIANPOINT((-19.542042312263394,-13.800000000111647,-2.2900000004834129));
#12045=IFCAXIS2PLACEMENT3D(#12044,#10,#5);
#12046=IFCLOCALPLACEMENT(#11259,#12045);
#12047=IFCDISTRIBUTIONPORT('0AbY_2Z$pCGquO2r_kBs6m',#18,'Port_324461_7','Flow',$,#12046,$,.SOURCEANDSINK.);
#12048=IFCRELCONNECTSPORTTOELEMENT('3XRbS8uK0wvnymRMwYH1uH',#18,'324461|0AbY_2Z$pCGquO2r_kBs6m','Flow',#12047,#11260);
#12049=IFCCARTESIANPOINT((10.457991177311182,-13.800000000028131,-2.2900000004834129));
#12050=IFCAXIS2PLACEMENT3D(#12049,#10,#5);
#12051=IFCLOCALPLACEMENT(#11282,#12050);
#12052=IFCDISTRIBUTIONPORT('1ko2b3KHN0WcOBG2z7DuUC',#18,'Port_324576_1','Flow',$,#12051,$,.SOURCEANDSINK.);
#12053=IFCRELCONNECTSPORTTOELEMENT('3fG0f7a3vHKhs_KjYr78dq',#18,'324576|1ko2b3KHN0WcOBG2z7DuUC','Flow',#12052,#11283);
#12054=IFCCARTESIANPOINT((5.457985595715459,-13.800000000038823,-2.2900000004834129));
#12055=IFCAXIS2PLACEMENT3D(#12054,#10,#5);
#12056=IFCLOCALPLACEMENT(#11282,#12055);
#12057=IFCDISTRIBUTIONPORT('25uSav0wNdXAnIZlx2qGG1',#18,'Port_324576_2','Flow',$,#12056,$,.SOURCEANDSINK.);
#12058=IFCRELCONNECTSPORTTOELEMENT('0CFNW4JDy$nEyHvuDSaCKU',#18,'324576|25uSav0wNdXAnIZlx2qGG1','Flow',#12057,#11283);
#12059=IFCCARTESIANPOINT((0.45798001411970174,-13.800000000049584,-2.2900000004834129));
#12060=IFCAXIS2PLACEMENT3D(#12059,#10,#5);
#12061=IFCLOCALPLACEMENT(#11282,#12060);
#12062=IFCDISTRIBUTIONPORT('2Lzn0_HZf$2UdktUhoxWwo',#18,'Port_324576_3','Flow',$,#12061,$,.SOURCEANDSINK.);
#12063=IFCRELCONNECTSPORTTOELEMENT('2f38hQ2UK$9EqIN3I5EJsR',#18,'324576|2Lzn0_HZf$2UdktUhoxWwo','Flow',#12062,#11283);
#12064=IFCCARTESIANPOINT((-4.5420255674760552,-13.800000000060345,-2.2900000004834129));
#12065=IFCAXIS2PLACEMENT3D(#12064,#10,#5);
#12066=IFCLOCALPLACEMENT(#11282,#12065);
#12067=IFCDISTRIBUTIONPORT('0zTvkpmMovZ0z6CRt_4KSt',#18,'Port_324576_4','Flow',$,#12066,$,.SOURCEANDSINK.);
#12068=IFCRELCONNECTSPORTTOELEMENT('1Rs_bEdIyV7cy080XK7j3v',#18,'324576|0zTvkpmMovZ0z6CRt_4KSt','Flow',#12067,#11283);
#12069=IFCCARTESIANPOINT((-9.5420311490718461,-13.800000000071039,-2.2900000004834129));
#12070=IFCAXIS2PLACEMENT3D(#12069,#10,#5);
#12071=IFCLOCALPLACEMENT(#11282,#12070);
#12072=IFCDISTRIBUTIONPORT('3CkA0tduwEDLgrq3Nd32sk',#18,'Port_324576_5','Flow',$,#12071,$,.SOURCEANDSINK.);
#12073=IFCRELCONNECTSPORTTOELEMENT('0Ite3_JzD$KPdSzQiN3yVT',#18,'324576|3CkA0tduwEDLgrq3Nd32sk','Flow',#12072,#11283);
#12074=IFCCARTESIANPOINT((-14.542036730667569,-13.8000000000818,-2.2900000004834129));
#12075=IFCAXIS2PLACEMENT3D(#12074,#10,#5);
#12076=IFCLOCALPLACEMENT(#11282,#12075);
#12077=IFCDISTRIBUTIONPORT('3sn2ba3FnTa33GPvOKd4UQ',#18,'Port_324576_6','Flow',$,#12076,$,.SOURCEANDSINK.);
#12078=IFCRELCONNECTSPORTTOELEMENT('00PPL5dE4Z6BzW7fIlszod',#18,'324576|3sn2ba3FnTa33GPvOKd4UQ','Flow',#12077,#11283);
#12079=IFCCARTESIANPOINT((-19.542042312263327,-13.800000000092561,-2.2900000004834129));
#12080=IFCAXIS2PLACEMENT3D(#12079,#10,#5);
#12081=IFCLOCALPLACEMENT(#11282,#12080);
#12082=IFCDISTRIBUTIONPORT('03_CYh5_IHwTneHviEj0i1',#18,'Port_324576_7','Flow',$,#12081,$,.SOURCEANDSINK.);
#12083=IFCRELCONNECTSPORTTOELEMENT('0rRoi5igxSXFEhiSDeuDCX',#18,'324576|03_CYh5_IHwTneHviEj0i1','Flow',#12082,#11283);
#12084=IFCCARTESIANPOINT((10.457991177311216,-13.800000000028131,-2.2900000004834129));
#12085=IFCAXIS2PLACEMENT3D(#12084,#10,#5);
#12086=IFCLOCALPLACEMENT(#11306,#12085);
#12087=IFCDISTRIBUTIONPORT('2hgIjCzX0w82TjImaoUayT',#18,'Port_324651_1','Flow',$,#12086,$,.SOURCEANDSINK.);
#12088=IFCRELCONNECTSPORTTOELEMENT('23e07BKLLwGfRrzVcRypvZ',#18,'324651|2hgIjCzX0w82TjImaoUayT','Flow',#12087,#11307);
#12089=IFCCARTESIANPOINT((5.457985595715467,-13.800000000038823,-2.2900000004834129));
#12090=IFCAXIS2PLACEMENT3D(#12089,#10,#5);
#12091=IFCLOCALPLACEMENT(#11306,#12090);
#12092=IFCDISTRIBUTIONPORT('2lm7t8wXtaCj9wDmyQUVob',#18,'Port_324651_2','Flow',$,#12091,$,.SOURCEANDSINK.);
#12093=IFCRELCONNECTSPORTTOELEMENT('2bxeT0ODKYeKtOvKiSktga',#18,'324651|2lm7t8wXtaCj9wDmyQUVob','Flow',#12092,#11307);
#12094=IFCCARTESIANPOINT((0.45798001411971023,-13.800000000049584,-2.2900000004834129));
#12095=IFCAXIS2PLACEMENT3D(#12094,#10,#5);
#12096=IFCLOCALPLACEMENT(#11306,#12095);
#12097=IFCDISTRIBUTIONPORT('3CciORAg7BGi6cL1QP04k3',#18,'Port_324651_3','Flow',$,#12096,$,.SOURCEANDSINK.);
#12098=IFCRELCONNECTSPORTTOELEMENT('0PWXGsTI8jKbMVmAZuatfD',#18,'324651|3CciORAg7BGi6cL1QP04k3','Flow',#12097,#11307);
#12099=IFCCARTESIANPOINT((-4.5420255674760304,-13.800000000060345,-2.2900000004834129));
#12100=IFCAXIS2PLACEMENT3D(#12099,#10,#5);
#12101=IFCLOCALPLACEMENT(#11306,#12100);
#12102=IFCDISTRIBUTIONPORT('2ZKll$vMvKLrQzXj6LdkDM',#18,'Port_324651_4','Flow',$,#12101,$,.SOURCEANDSINK.);
#12103=IFCRELCONNECTSPORTTOELEMENT('1FxFAnh3HVp4QkKqtMiZxF',#18,'324651|2ZKll$vMvKLrQzXj6LdkDM','Flow',#12102,#11307);
#12104=IFCCARTESIANPOINT((-9.5420311490718124,-13.800000000071039,-2.2900000004834129));
#12105=IFCAXIS2PLACEMENT3D(#12104,#10,#5);
#12106=IFCLOCALPLACEMENT(#11306,#12105);
#12107=IFCDISTRIBUTIONPORT('1bApAprPsJ44ldbnwaeuAy',#18,'Port_324651_5','Flow',$,#12106,$,.SOURCEANDSINK.);
#12108=IFCRELCONNECTSPORTTOELEMENT('0B96yYenhmBG01LuILCgiP',#18,'324651|1bApAprPsJ44ldbnwaeuAy','Flow',#12107,#11307);
#12109=IFCCARTESIANPOINT((-14.542036730667569,-13.8000000000818,-2.2900000004834129));
#12110=IFCAXIS2PLACEMENT3D(#12109,#10,#5);
#12111=IFCLOCALPLACEMENT(#11306,#12110);
#12112=IFCDISTRIBUTIONPORT('2gSmXytsvCiSFVX8zpiqfs',#18,'Port_324651_6','Flow',$,#12111,$,.SOURCEANDSINK.);
#12113=IFCRELCONNECTSPORTTOELEMENT('2BAg1sWklVzACVGUQF2m6i',#18,'324651|2gSmXytsvCiSFVX8zpiqfs','Flow',#12112,#11307);
#12114=IFCCARTESIANPOINT((-19.542042312263309,-13.800000000092561,-2.2900000004834129));
#12115=IFCAXIS2PLACEMENT3D(#12114,#10,#5);
#12116=IFCLOCALPLACEMENT(#11306,#12115);
#12117=IFCDISTRIBUTIONPORT('04L1$9QlCNwY18jOxwZHSQ',#18,'Port_324651_7','Flow',$,#12116,$,.SOURCEANDSINK.);
#12118=IFCRELCONNECTSPORTTOELEMENT('0qwKo2PlAXcDWNuS6jalFd',#18,'324651|04L1$9QlCNwY18jOxwZHSQ','Flow',#12117,#11307);
#12119=IFCCARTESIANPOINT((10.457991177311351,-13.800000000036116,-2.2900000004834129));
#12120=IFCAXIS2PLACEMENT3D(#12119,#10,#5);
#12121=IFCLOCALPLACEMENT(#11330,#12120);
#12122=IFCDISTRIBUTIONPORT('1LMNMKT6vHjeqRZkDjOpWO',#18,'Port_324916_1','Flow',$,#12121,$,.SOURCEANDSINK.);
#12123=IFCRELCONNECTSPORTTOELEMENT('1SUzIyNeP2IBtpzEvDAyyt',#18,'324916|1LMNMKT6vHjeqRZkDjOpWO','Flow',#12122,#11331);
#12124=IFCCARTESIANPOINT((5.4579855957155603,-13.800000000046809,-2.2900000004834129));
#12125=IFCAXIS2PLACEMENT3D(#12124,#10,#5);
#12126=IFCLOCALPLACEMENT(#11330,#12125);
#12127=IFCDISTRIBUTIONPORT('0EkHwXHFkS19m5zdVrzAp4',#18,'Port_324916_2','Flow',$,#12126,$,.SOURCEANDSINK.);
#12128=IFCRELCONNECTSPORTTOELEMENT('3U1rfy2qE_wY79VZvNN7ry',#18,'324916|0EkHwXHFkS19m5zdVrzAp4','Flow',#12127,#11331);
#12129=IFCCARTESIANPOINT((0.45798001411976941,-13.800000000057503,-2.2900000004834129));
#12130=IFCAXIS2PLACEMENT3D(#12129,#10,#5);
#12131=IFCLOCALPLACEMENT(#11330,#12130);
#12132=IFCDISTRIBUTIONPORT('07eGfdOijguyka3ch3bBkF',#18,'Port_324916_3','Flow',$,#12131,$,.SOURCEANDSINK.);
#12133=IFCRELCONNECTSPORTTOELEMENT('3lEpxOa5xGM4vbmNG0KjyN',#18,'324916|07eGfdOijguyka3ch3bBkF','Flow',#12132,#11331);
#12134=IFCCARTESIANPOINT((-4.5420255674760215,-13.800000000068197,-2.2900000004834129));
#12135=IFCAXIS2PLACEMENT3D(#12134,#10,#5);
#12136=IFCLOCALPLACEMENT(#11330,#12135);
#12137=IFCDISTRIBUTIONPORT('3Q7XNturJAAZOX_vJf9dzQ',#18,'Port_324916_4','Flow',$,#12136,$,.SOURCEANDSINK.);
#12138=IFCRELCONNECTSPORTTOELEMENT('3ujlmbwPG2piApf$FU2KTC',#18,'324916|3Q7XNturJAAZOX_vJf9dzQ','Flow',#12137,#11331);
#12139=IFCCARTESIANPOINT((-9.5420311490718124,-13.80000000007889,-2.2900000004834129));
#12140=IFCAXIS2PLACEMENT3D(#12139,#10,#5);
#12141=IFCLOCALPLACEMENT(#11330,#12140);
#12142=IFCDISTRIBUTIONPORT('0CRf2MNNh75VQSQFPEmSkZ',#18,'Port_324916_5','Flow',$,#12141,$,.SOURCEANDSINK.);
#12143=IFCRELCONNECTSPORTTOELEMENT('1tVPOf177ng_yCBnb9aWia',#18,'324916|0CRf2MNNh75VQSQFPEmSkZ','Flow',#12142,#11331);
#12144=IFCCARTESIANPOINT((-14.542036730667604,-13.800000000089582,-2.2900000004834129));
#12145=IFCAXIS2PLACEMENT3D(#12144,#10,#5);
#12146=IFCLOCALPLACEMENT(#11330,#12145);
#12147=IFCDISTRIBUTIONPORT('33Lmr0juwX0pzJK04qzhBK',#18,'Port_324916_6','Flow',$,#12146,$,.SOURCEANDSINK.);
#12148=IFCRELCONNECTSPORTTOELEMENT('06TZgQUFwWr7lDViua$mp2',#18,'324916|33Lmr0juwX0pzJK04qzhBK','Flow',#12147,#11331);
#12149=IFCCARTESIANPOINT((-19.542042312263394,-13.800000000100141,-2.2900000004834129));
#12150=IFCAXIS2PLACEMENT3D(#12149,#10,#5);
#12151=IFCLOCALPLACEMENT(#11330,#12150);
#12152=IFCDISTRIBUTIONPORT('0THu2kB4ALWAoByB4VlsvP',#18,'Port_324916_7','Flow',$,#12151,$,.SOURCEANDSINK.);
#12153=IFCRELCONNECTSPORTTOELEMENT('3vE3CYX_p7xaKxDPVy63a8',#18,'324916|0THu2kB4ALWAoByB4VlsvP','Flow',#12152,#11331);
#12154=IFCPROPERTYSINGLEVALUE('Name',$,IFCLABEL('Level 0'),$);
#12155=IFCPROPERTYSET('3pajDo1QSo$Zr5kcJ7WZvz',#18,'Pset_AirSideSystemInformation',$,(#12154));
#12156=IFCPROPERTYSINGLEVALUE('AboveGround',$,IFCLOGICAL(.U.),$);
#12157=IFCPROPERTYSET('2QFFSloDKLdASEirlNrsWG',#18,'Pset_BuildingStoreyCommon',$,(#12156));
#12158=IFCPROPERTYSINGLEVALUE('Name',$,IFCLABEL('Level 0'),$);
#12159=IFCPROPERTYSET('0Jn3ZcoXbsSExgN1KMPBrd',#18,'Pset_ProductRequirements',$,(#12158));
#12160=IFCRELDEFINESBYPROPERTIES('1Da_uB3ifLZAiBs8ApqL8T',#18,$,$,(#37),#12155);
#12161=IFCRELDEFINESBYPROPERTIES('24vWbHxUvnwTMhwrnGQFQP',#18,$,$,(#37),#12157);
#12162=IFCRELDEFINESBYPROPERTIES('3dNMqG5qInx8MCGyv3CU_c',#18,$,$,(#37),#12159);
#12163=IFCPROPERTYSINGLEVALUE('Category',$,IFCLABEL('Levels'),$);
#12164=IFCPROPERTYSINGLEVALUE('Family',$,IFCLABEL('Level'),$);
#12165=IFCPROPERTYSINGLEVALUE('Family and Type',$,IFCLABEL('Level: Circle Head - Project Datum'),$);
#12166=IFCPROPERTYSINGLEVALUE('Type',$,IFCLABEL('Circle Head - Project Datum'),$);
#12167=IFCPROPERTYSINGLEVALUE('Type Id',$,IFCLABEL('305'),$);
#12168=IFCPROPERTYSINGLEVALUE('Elevation',$,IFCLENGTHMEASURE(0.),$);
#12169=IFCPROPERTYSINGLEVALUE('Computation Height',$,IFCLENGTHMEASURE(0.),$);
#12170=IFCPROPERTYSINGLEVALUE('Building Story',$,IFCBOOLEAN(.T.),$);
#12171=IFCPROPERTYSINGLEVALUE('Name',$,IFCTEXT('Level 0'),$);
#12172=IFCPROPERTYSINGLEVALUE('Structural',$,IFCBOOLEAN(.F.),$);
#12173=IFCPROPERTYSINGLEVALUE('Family Name',$,IFCTEXT('Level'),$);
#12174=IFCPROPERTYSINGLEVALUE('Elevation Base',$,IFCIDENTIFIER('Project Base Point'),$);
#12175=IFCPROPERTYSINGLEVALUE('Color',$,IFCINTEGER(0),$);
#12176=IFCPROPERTYSINGLEVALUE('Line Pattern',$,IFCLABEL('Centre'),$);
#12177=IFCPROPERTYSINGLEVALUE('Line Weight',$,IFCIDENTIFIER('1'),$);
#12178=IFCPROPERTYSINGLEVALUE('Symbol',$,IFCLABEL('Anno_Level_Head_Circle : Standard'),$);
#12179=IFCPROPERTYSINGLEVALUE('Symbol at End 1 Default',$,IFCBOOLEAN(.T.),$);
#12180=IFCPROPERTYSINGLEVALUE('Symbol at End 2 Default',$,IFCBOOLEAN(.F.),$);
#12181=IFCPROPERTYSINGLEVALUE('Type Name',$,IFCTEXT('Circle Head - Project Datum'),$);
#12182=IFCPROPERTYSET('0HHtaL1rG40J8hYllmlo2X',#18,'Other',$,(#12163,#12164,#12165,#12166,#12167));
#12183=IFCPROPERTYSET('0jW5y7yS9DBz2dx2sPeSIr',#18,'Constraints',$,(#12168));
#12184=IFCPROPERTYSET('0xBbxa3AM6sCv6QOiUfv_q',#18,'Dimensions',$,(#12169));
#12185=IFCPROPERTYSET('3epwOoF5smDrBDyAaD3_7q',#18,'Identity Data',$,(#12170,#12171,#12172));
#12186=IFCPROPERTYSET('0RebOt7$8TnRMn9KtqamA_',#18,'Other(Type)',$,(#12163,#12173));
#12187=IFCPROPERTYSET('0S3CFhDI5J0$qg$oGL0KnP',#18,'Constraints(Type)',$,(#12174));
#12188=IFCPROPERTYSET('3m99yqLvx3CSiObwBDgW2h',#18,'Graphics(Type)',$,(#12175,#12176,#12177,#12178,#12179,#12180));
#12189=IFCPROPERTYSET('3LJlar30C_0K7oBcb8$a0g',#18,'Identity Data(Type)',$,(#12181));
#12190=IFCRELCONTAINEDINSPATIALSTRUCTURE('3Zu5Bv0LOHrPC10066FoQQ',#18,$,$,(#10717,#10820,#10848,#10876,#10904,#10932,#10956,#10980,#11003,#11026,#11049,#11072,#11095,#11118,#11141,#11164,#11188,#11212,#11236,#11260,#11283,#11307,#11331),#37);
#12191=IFCPROPERTYSINGLEVALUE('Name',$,IFCLABEL('Level 1'),$);
#12192=IFCPROPERTYSET('2mTLlmyrfKDEBBLtdwqw7L',#18,'Pset_AirSideSystemInformation',$,(#12191));
#12193=IFCPROPERTYSET('2y6jqut2mGsxPM5c1zUPr2',#18,'Pset_BuildingStoreyCommon',$,(#12156));
#12194=IFCPROPERTYSINGLEVALUE('Name',$,IFCLABEL('Level 1'),$);
#12195=IFCPROPERTYSET('1NhGbMdWc6$OcOXv1TJ_Wu',#18,'Pset_ProductRequirements',$,(#12194));
#12196=IFCRELDEFINESBYPROPERTIES('16d15dL922K3ec_Ua5xAkw',#18,$,$,(#41),#12192);
#12197=IFCRELDEFINESBYPROPERTIES('03h9WtlPXy$ENv9AiS5UZC',#18,$,$,(#41),#12193);
#12198=IFCRELDEFINESBYPROPERTIES('0ZduuN29N$9gX6yyEYBAf0',#18,$,$,(#41),#12195);
#12199=IFCPROPERTYSINGLEVALUE('Elevation',$,IFCLENGTHMEASURE(3999.9999999999995),$);
#12200=IFCPROPERTYSINGLEVALUE('Name',$,IFCTEXT('Level 1'),$);
#12201=IFCPROPERTYSET('3qDK9WhR9e4D3_PlqIJ19r',#18,'Other',$,(#12163,#12164,#12165,#12166,#12167));
#12202=IFCPROPERTYSET('0iUz_nPodmYNcychWky3pN',#18,'Constraints',$,(#12199));
#12203=IFCPROPERTYSET('0$i1dxTB7pN8LElYkEbWrL',#18,'Dimensions',$,(#12169));
#12204=IFCPROPERTYSET('2Eq08$eC1$FjhTfa4cOqA2',#18,'Identity Data',$,(#12170,#12172,#12200));
#12205=IFCRELAGGREGATES('2sE9H45VD_Fy3pPIVbfURo',#18,$,$,#29,(#44));
#12206=IFCRELAGGREGATES('3J4kn4pkJgOe0BNvunu255',#18,$,$,#44,(#34));
#12207=IFCRELAGGREGATES('2$1LAsj$T3CPRLiPj39tWH',#18,$,$,#34,(#37,#41));
#12208=IFCPROPERTYSINGLEVALUE('NumberOfStoreys',$,IFCINTEGER(2),$);
#12209=IFCPROPERTYSINGLEVALUE('IsLandmarked',$,IFCLOGICAL(.U.),$);
#12210=IFCPROPERTYSET('2cYBaRyhBuh$xVAg_eTx7H',#18,'Pset_BuildingCommon',$,(#12208,#12209));
#12211=IFCRELDEFINESBYPROPERTIES('3tQekxONQWz5DLuueGl7nr',#18,$,$,(#34),#12210);
#12212=IFCRELASSOCIATESMATERIAL('0YUSA9sgAVh6NcEqWDX6yp',#18,$,$,(#10693,#10717,#10820,#10848,#10876,#10904,#10932,#10956,#10980,#11003,#11026,#11049,#11072,#11095,#11118,#11141,#11164,#11188,#11212,#11236,#11260,#11283,#11307,#11331),#10709);
#12213=IFCRELDEFINESBYTYPE('2FMesH42eGaFvlQQ$hUho7',#18,$,$,(#10717,#10820,#10848,#10876,#10904,#10932,#10956,#10980,#11003,#11026,#11049,#11072,#11095,#11118,#11141,#11164,#11188,#11212,#11236,#11260,#11283,#11307,#11331),#10693);
#12214=IFCRELDEFINESBYPROPERTIES('1ot4rHqK5o$wW2l7RSWxy3',#18,$,$,(#37),#12182);
#12215=IFCRELDEFINESBYPROPERTIES('23pvebO10L2pN61nscx0hD',#18,$,$,(#37),#12183);
#12216=IFCRELDEFINESBYPROPERTIES('0reYnWeGdfPVYu53Mkt9SZ',#18,$,$,(#37),#12184);
#12217=IFCRELDEFINESBYPROPERTIES('0u3s4hBzAtHy7VuhF9SwBY',#18,$,$,(#37),#12185);
#12218=IFCRELDEFINESBYPROPERTIES('1QGoLNBKV7o2DPx5FyHpe5',#18,$,$,(#41),#12201);
#12219=IFCRELDEFINESBYPROPERTIES('3OMUESa4nO86XjMtOxR94N',#18,$,$,(#41),#12202);
#12220=IFCRELDEFINESBYPROPERTIES('2K5g0iEpvAXxn08vZ2LYO_',#18,$,$,(#41),#12203);
#12221=IFCRELDEFINESBYPROPERTIES('1f4hV9DOqMew6PFRwMfvih',#18,$,$,(#41),#12204);
#12222=IFCRELDEFINESBYPROPERTIES('3ZMoz96vizNz9i$I_vhJOC',#18,$,$,(#34,#44),#52);
#12223=IFCRELDEFINESBYPROPERTIES('2Ft1fBLnkMZkJAtB9vbh_g',#18,$,$,(#10717),#10798);
#12224=IFCRELDEFINESBYPROPERTIES('0a0NbmiUCSX$m$DA7LWwW4',#18,$,$,(#10717),#10799);
#12225=IFCRELDEFINESBYPROPERTIES('29t76GT0Q21ea04l_gxRKV',#18,$,$,(#10717),#10800);
#12226=IFCRELDEFINESBYPROPERTIES('37qkW8_zMxDDCHigD7rPK5',#18,$,$,(#10717),#10801);
#12227=IFCRELDEFINESBYPROPERTIES('2si_NsBObpYsZUVETbIk4i',#18,$,$,(#10717),#10802);
#12228=IFCRELDEFINESBYPROPERTIES('2SPKOQIBS7dchdSIhmWJfw',#18,$,$,(#10717),#10803);
#12229=IFCRELDEFINESBYPROPERTIES('2ARZmAHie4nLLqz$0myg_k',#18,$,$,(#10717),#10804);
#12230=IFCRELDEFINESBYPROPERTIES('2bygUbKKsFHTsmgnvqPKhl',#18,$,$,(#10820),#10835);
#12231=IFCRELDEFINESBYPROPERTIES('3sQH25cpmUqJAIt3Seb$OO',#18,$,$,(#10820),#10836);
#12232=IFCRELDEFINESBYPROPERTIES('03DE6xzKlNuuPi9p5TKcNN',#18,$,$,(#10820),#10837);
#12233=IFCRELDEFINESBYPROPERTIES('0ZJB$4NOP5IvFiZpWvOlNg',#18,$,$,(#10820),#10838);
#12234=IFCRELDEFINESBYPROPERTIES('1lCjiI_SaKlsM$vElsGN8q',#18,$,$,(#10820),#10839);
#12235=IFCRELDEFINESBYPROPERTIES('3KkRwv3YBLfecFjh5BlLxa',#18,$,$,(#10820),#10840);
#12236=IFCRELDEFINESBYPROPERTIES('0G_yJn8j9tqHvy6AFrrK0B',#18,$,$,(#10820),#10841);
#12237=IFCRELDEFINESBYPROPERTIES('0IbOqyxm8x45ImhQPCYA2p',#18,$,$,(#10848),#10863);
#12238=IFCRELDEFINESBYPROPERTIES('26z5BZjfsnd5ql18$Pxke$',#18,$,$,(#10848),#10864);
#12239=IFCRELDEFINESBYPROPERTIES('2XgAto3ay7h6FMpD4WwU5Y',#18,$,$,(#10848),#10865);
#12240=IFCRELDEFINESBYPROPERTIES('1uwvY$7khZkSoh__Rlj3aR',#18,$,$,(#10848),#10866);
#12241=IFCRELDEFINESBYPROPERTIES('2EZSyz$HkXFVm6OizHzaMK',#18,$,$,(#10848),#10867);
#12242=IFCRELDEFINESBYPROPERTIES('1T8nWojoOf8CdPSEXCWDve',#18,$,$,(#10848),#10868);
#12243=IFCRELDEFINESBYPROPERTIES('06l_pEj0Dkl70qn6rPFQGh',#18,$,$,(#10848),#10869);
#12244=IFCRELDEFINESBYPROPERTIES('1Y2oFRvQ2PJhEU$gk0jvGf',#18,$,$,(#10876),#10891);
#12245=IFCRELDEFINESBYPROPERTIES('28bcXWnqXlaU$nNG9oRcLs',#18,$,$,(#10876),#10892);
#12246=IFCRELDEFINESBYPROPERTIES('3HFf_LcFxANyeUxEwX82Z6',#18,$,$,(#10876),#10893);
#12247=IFCRELDEFINESBYPROPERTIES('0aI$vou5kwnTYCKYu7LbIQ',#18,$,$,(#10876),#10894);
#12248=IFCRELDEFINESBYPROPERTIES('27Nh5RsIXhOeD$vGpBS9UP',#18,$,$,(#10876),#10895);
#12249=IFCRELDEFINESBYPROPERTIES('2SUfDm260raAgU35GsogmZ',#18,$,$,(#10876),#10896);
#12250=IFCRELDEFINESBYPROPERTIES('2DVKi7WEFvtbS59_7yGRSy',#18,$,$,(#10876),#10897);
#12251=IFCRELDEFINESBYPROPERTIES('297N4F_xRqUH21P9gQC_S$',#18,$,$,(#10904),#10919);
#12252=IFCRELDEFINESBYPROPERTIES('1Z1nGcXK15gLiKk_WlrR6u',#18,$,$,(#10904),#10920);
#12253=IFCRELDEFINESBYPROPERTIES('2WGnC8NrErDnuhTYbSwZAT',#18,$,$,(#10904),#10921);
#12254=IFCRELDEFINESBYPROPERTIES('1w7snQfio_KXhw5hLX3p8i',#18,$,$,(#10904),#10922);
#12255=IFCRELDEFINESBYPROPERTIES('02nqqvaWw6wihwpiBnscKx',#18,$,$,(#10904),#10923);
#12256=IFCRELDEFINESBYPROPERTIES('3wc4XtpkPzMz0vsabRyVC6',#18,$,$,(#10904),#10924);
#12257=IFCRELDEFINESBYPROPERTIES('1wGdnK7MIjBf42CATMr$19',#18,$,$,(#10904),#10925);
#12258=IFCRELDEFINESBYPROPERTIES('0MwfIV2Cy6qhPrm1VVRUlw',#18,$,$,(#10932),#10943);
#12259=IFCRELDEFINESBYPROPERTIES('1yjYjP33rcVOJOuP5LDofO',#18,$,$,(#10932),#10944);
#12260=IFCRELDEFINESBYPROPERTIES('0u_4rM$qNSV9Kf$erLuUCV',#18,$,$,(#10932),#10945);
#12261=IFCRELDEFINESBYPROPERTIES('3n4SFLvngxkr5YJQBmegsW',#18,$,$,(#10932),#10946);
#12262=IFCRELDEFINESBYPROPERTIES('2DXB1uqjMUZz23lBk0C4hk',#18,$,$,(#10932),#10947);
#12263=IFCRELDEFINESBYPROPERTIES('2GSGBuea5Rl1z28y5iYSWy',#18,$,$,(#10932),#10948);
#12264=IFCRELDEFINESBYPROPERTIES('314BapdAAw7Y18KCg4YEFM',#18,$,$,(#10932),#10949);
#12265=IFCRELDEFINESBYPROPERTIES('1raBGcZYVpvwP7mcGL$VD5',#18,$,$,(#10956),#10967);
#12266=IFCRELDEFINESBYPROPERTIES('0pdTxyJCsp1PW3X$ic8atG',#18,$,$,(#10956),#10968);
#12267=IFCRELDEFINESBYPROPERTIES('0fwTVnjH0aRtpEnOTRous4',#18,$,$,(#10956),#10969);
#12268=IFCRELDEFINESBYPROPERTIES('0NudjpTZcXkcgmVr9IqcLG',#18,$,$,(#10956),#10970);
#12269=IFCRELDEFINESBYPROPERTIES('0Esk7OUb2g_HTPR4eZev_f',#18,$,$,(#10956),#10971);
#12270=IFCRELDEFINESBYPROPERTIES('2HLomffsU4bUDppt0lH3Iz',#18,$,$,(#10956),#10972);
#12271=IFCRELDEFINESBYPROPERTIES('2RLIl1khLUuz_ysA$59HYY',#18,$,$,(#10956),#10973);
#12272=IFCRELDEFINESBYPROPERTIES('3JIgfcHnD5d7V44r2TvRDz',#18,$,$,(#10980),#10990);
#12273=IFCRELDEFINESBYPROPERTIES('20MrmWAPgK0bUYyxp_zPOL',#18,$,$,(#10980),#10991);
#12274=IFCRELDEFINESBYPROPERTIES('1CV2T30xfgmwsnxX5tAKST',#18,$,$,(#10980),#10992);
#12275=IFCRELDEFINESBYPROPERTIES('3dFO7XnLsOKKZkhsaHHmxD',#18,$,$,(#10980),#10993);
#12276=IFCRELDEFINESBYPROPERTIES('0Q0uBoLU0IfAszYQ9zC566',#18,$,$,(#10980),#10994);
#12277=IFCRELDEFINESBYPROPERTIES('07r62zYWPZc5yDvQ3Pczgt',#18,$,$,(#10980),#10995);
#12278=IFCRELDEFINESBYPROPERTIES('3zKy8pf_0fW3FJ$KpydtbG',#18,$,$,(#10980),#10996);
#12279=IFCRELDEFINESBYPROPERTIES('30jUu6jGnay8YdLQa2N7bD',#18,$,$,(#11003),#11013);
#12280=IFCRELDEFINESBYPROPERTIES('2t0r3Bykabgrfa5R0B9KEr',#18,$,$,(#11003),#11014);
#12281=IFCRELDEFINESBYPROPERTIES('0KhKUxvCKlFVm2W9imhjGY',#18,$,$,(#11003),#11015);
#12282=IFCRELDEFINESBYPROPERTIES('3BpsTHbGvcb0el6wVqJSJD',#18,$,$,(#11003),#11016);
#12283=IFCRELDEFINESBYPROPERTIES('3PHYCGS7BfToYgD_F8_MRm',#18,$,$,(#11003),#11017);
#12284=IFCRELDEFINESBYPROPERTIES('1q5FhRrWd4d$12B4Y079wY',#18,$,$,(#11003),#11018);
#12285=IFCRELDEFINESBYPROPERTIES('1QUJBFsBg8sXad7_56GANS',#18,$,$,(#11003),#11019);
#12286=IFCRELDEFINESBYPROPERTIES('3GoJI2dEkr9_TDbmoeDeoS',#18,$,$,(#11026),#11036);
#12287=IFCRELDEFINESBYPROPERTIES('2vsCPBb8cYM4Ck13M1ixPF',#18,$,$,(#11026),#11037);
#12288=IFCRELDEFINESBYPROPERTIES('3Cuyu6GFJKtVW4lFV_kVs2',#18,$,$,(#11026),#11038);
#12289=IFCRELDEFINESBYPROPERTIES('3tN3f2zC0mMymzp$yf03_t',#18,$,$,(#11026),#11039);
#12290=IFCRELDEFINESBYPROPERTIES('2nJnwEAHIc8uE99Zj6NgbA',#18,$,$,(#11026),#11040);
#12291=IFCRELDEFINESBYPROPERTIES('1ez_9EQwdxrn3v6boyskJ_',#18,$,$,(#11026),#11041);
#12292=IFCRELDEFINESBYPROPERTIES('3TNRNQnizyX51toeCyYlIs',#18,$,$,(#11026),#11042);
#12293=IFCRELDEFINESBYPROPERTIES('2OKoSeUddhS3dGVEux4ixu',#18,$,$,(#11049),#11059);
#12294=IFCRELDEFINESBYPROPERTIES('2wJ3nAgCMbMKFQR9PsKL6T',#18,$,$,(#11049),#11060);
#12295=IFCRELDEFINESBYPROPERTIES('3JuqBWY2Nj93ho6HqoJKeG',#18,$,$,(#11049),#11061);
#12296=IFCRELDEFINESBYPROPERTIES('0oN$EDcWT58GhOYN3iAKtF',#18,$,$,(#11049),#11062);
#12297=IFCRELDEFINESBYPROPERTIES('2ksTjQmHTxD_cVK70opRky',#18,$,$,(#11049),#11063);
#12298=IFCRELDEFINESBYPROPERTIES('2N0NFKNFSVkZ2KnSPxH74l',#18,$,$,(#11049),#11064);
#12299=IFCRELDEFINESBYPROPERTIES('1gUmXcsybAEBmiowXeKnmc',#18,$,$,(#11049),#11065);
#12300=IFCRELDEFINESBYPROPERTIES('0p38lzXNXdC2irCEIrFQ5Y',#18,$,$,(#11072),#11082);
#12301=IFCRELDEFINESBYPROPERTIES('1svNKHGnaEQ7aaTFn$24XX',#18,$,$,(#11072),#11083);
#12302=IFCRELDEFINESBYPROPERTIES('0m39KI44PT4ofS6q$Ciqx2',#18,$,$,(#11072),#11084);
#12303=IFCRELDEFINESBYPROPERTIES('2Uww278Xq5Ymax1zupmxMn',#18,$,$,(#11072),#11085);
#12304=IFCRELDEFINESBYPROPERTIES('0K50lNUN9ACXYNK8$1B9cP',#18,$,$,(#11072),#11086);
#12305=IFCRELDEFINESBYPROPERTIES('1u3qCmtBg_0WSg1zS0bs_L',#18,$,$,(#11072),#11087);
#12306=IFCRELDEFINESBYPROPERTIES('3CGQA3oiIpJLIy6aoniAqM',#18,$,$,(#11072),#11088);
#12307=IFCRELDEFINESBYPROPERTIES('0FlQiZXEHBFVuU9pfRMFHX',#18,$,$,(#11095),#11105);
#12308=IFCRELDEFINESBYPROPERTIES('2AfAoAue2MXmRezeKMxMSD',#18,$,$,(#11095),#11106);
#12309=IFCRELDEFINESBYPROPERTIES('3bCnqj5oNNkmqYAeSZ3Hxv',#18,$,$,(#11095),#11107);
#12310=IFCRELDEFINESBYPROPERTIES('1xjV2kBBbg1Yk37kcLktQz',#18,$,$,(#11095),#11108);
#12311=IFCRELDEFINESBYPROPERTIES('2$H2OWxCFrcWKrb7AS4N$V',#18,$,$,(#11095),#11109);
#12312=IFCRELDEFINESBYPROPERTIES('0mTvjoWvDGD98hceOgLlGz',#18,$,$,(#11095),#11110);
#12313=IFCRELDEFINESBYPROPERTIES('23FFKjHvKF9tRmGZ4ZHfbk',#18,$,$,(#11095),#11111);
#12314=IFCRELDEFINESBYPROPERTIES('0TWtOUiUeZ_R$mqis$I2aj',#18,$,$,(#11118),#11128);
#12315=IFCRELDEFINESBYPROPERTIES('15_gXFLmkXEZm2GOnFARcM',#18,$,$,(#11118),#11129);
#12316=IFCRELDEFINESBYPROPERTIES('0_2v$Lv9AlPLBuRTYzLAoP',#18,$,$,(#11118),#11130);
#12317=IFCRELDEFINESBYPROPERTIES('08J_bTbSHBf3mPNYXX5cRj',#18,$,$,(#11118),#11131);
#12318=IFCRELDEFINESBYPROPERTIES('3jXkbowFX302y3a8sN3YeN',#18,$,$,(#11118),#11132);
#12319=IFCRELDEFINESBYPROPERTIES('3MHdvcRWIiGpj97Kqne1xk',#18,$,$,(#11118),#11133);
#12320=IFCRELDEFINESBYPROPERTIES('22aW3vlrTRrXwL6nrYzYsX',#18,$,$,(#11118),#11134);
#12321=IFCRELDEFINESBYPROPERTIES('1KTyYjHQBSnWpPXC9SFLGy',#18,$,$,(#11141),#11151);
#12322=IFCRELDEFINESBYPROPERTIES('21nxrJKJVwkQUFN188gfei',#18,$,$,(#11141),#11152);
#12323=IFCRELDEFINESBYPROPERTIES('1WmRELxylwucfDwkcwfRgl',#18,$,$,(#11141),#11153);
#12324=IFCRELDEFINESBYPROPERTIES('1rDdEi9xnfBbZLS2wyAfEy',#18,$,$,(#11141),#11154);
#12325=IFCRELDEFINESBYPROPERTIES('2_AgwPzgZiF6F80RqrpJIx',#18,$,$,(#11141),#11155);
#12326=IFCRELDEFINESBYPROPERTIES('28thHGzLDcY55VVBHVZafY',#18,$,$,(#11141),#11156);
#12327=IFCRELDEFINESBYPROPERTIES('3E9CZ5PBuLTm81LkVFhtjB',#18,$,$,(#11141),#11157);
#12328=IFCRELDEFINESBYPROPERTIES('0MFrlfBWzq2Kyy7lFPNhj4',#18,$,$,(#11164),#11175);
#12329=IFCRELDEFINESBYPROPERTIES('3V_FUoQwA0W7g9F0Ucwzdl',#18,$,$,(#11164),#11176);
#12330=IFCRELDEFINESBYPROPERTIES('0$qzFydNMMzxdWGoUntllj',#18,$,$,(#11164),#11177);
#12331=IFCRELDEFINESBYPROPERTIES('1JY1BB28s$4aGY6w9evcOO',#18,$,$,(#11164),#11178);
#12332=IFCRELDEFINESBYPROPERTIES('36uNp3QwO9uGbWqpXNXqty',#18,$,$,(#11164),#11179);
#12333=IFCRELDEFINESBYPROPERTIES('1wybwY8uBqlwBL09j1k5MF',#18,$,$,(#11164),#11180);
#12334=IFCRELDEFINESBYPROPERTIES('2Z3lc54e05uea5ojGli2Xr',#18,$,$,(#11164),#11181);
#12335=IFCRELDEFINESBYPROPERTIES('344SdV1Wcmw1rKej1fHODh',#18,$,$,(#11188),#11199);
#12336=IFCRELDEFINESBYPROPERTIES('1kZApqWP98g4Jvd6B5DRKo',#18,$,$,(#11188),#11200);
#12337=IFCRELDEFINESBYPROPERTIES('0ZQeWTCzS4NSvE_NRiSn$_',#18,$,$,(#11188),#11201);
#12338=IFCRELDEFINESBYPROPERTIES('2SXctjwCV6faCZB6io7$np',#18,$,$,(#11188),#11202);
#12339=IFCRELDEFINESBYPROPERTIES('22uJGu_NJccSOpq1cDBroP',#18,$,$,(#11188),#11203);
#12340=IFCRELDEFINESBYPROPERTIES('3z9yJQ$GmqE$c2suDmgE04',#18,$,$,(#11188),#11204);
#12341=IFCRELDEFINESBYPROPERTIES('2R_PGwA4JxE4HI_f9Vj5hZ',#18,$,$,(#11188),#11205);
#12342=IFCRELDEFINESBYPROPERTIES('0N022QF01CKHMETutpVMHC',#18,$,$,(#11212),#11223);
#12343=IFCRELDEFINESBYPROPERTIES('3a69o2fXLHRf0zLvHarIVx',#18,$,$,(#11212),#11224);
#12344=IFCRELDEFINESBYPROPERTIES('1G2lMaZSpP4VeEb1CMOKDR',#18,$,$,(#11212),#11225);
#12345=IFCRELDEFINESBYPROPERTIES('1nQVqDuec$cif3AMbWhH8P',#18,$,$,(#11212),#11226);
#12346=IFCRELDEFINESBYPROPERTIES('2FseXYr1fPiNtqIBO2Lssq',#18,$,$,(#11212),#11227);
#12347=IFCRELDEFINESBYPROPERTIES('0uFrMbxVMVABJFWdZCaVmR',#18,$,$,(#11212),#11228);
#12348=IFCRELDEFINESBYPROPERTIES('1BQTY4iZBGGZ7di43gcVBG',#18,$,$,(#11212),#11229);
#12349=IFCRELDEFINESBYPROPERTIES('1TVy3sO3fYPSkM8_AXl6Ms',#18,$,$,(#11236),#11247);
#12350=IFCRELDEFINESBYPROPERTIES('3$6dtnSaz4oHpZqH_RzRWe',#18,$,$,(#11236),#11248);
#12351=IFCRELDEFINESBYPROPERTIES('1k6iTQPn7DxAgjW8Zz6ONU',#18,$,$,(#11236),#11249);
#12352=IFCRELDEFINESBYPROPERTIES('2Ym5zjez_t3EVeOieZrvvr',#18,$,$,(#11236),#11250);
#12353=IFCRELDEFINESBYPROPERTIES('1T3dbqfcOq23fK9t$iyDBG',#18,$,$,(#11236),#11251);
#12354=IFCRELDEFINESBYPROPERTIES('1w1D8b6GqoFOLIMq0W8EMp',#18,$,$,(#11236),#11252);
#12355=IFCRELDEFINESBYPROPERTIES('0_tWNmS8EnMdeW0cFbsa1O',#18,$,$,(#11236),#11253);
#12356=IFCRELDEFINESBYPROPERTIES('32g5CQju_lmkYxteiGgNVP',#18,$,$,(#11260),#11270);
#12357=IFCRELDEFINESBYPROPERTIES('0mLP_sWQr$1Q701JpkK0fo',#18,$,$,(#11260),#11271);
#12358=IFCRELDEFINESBYPROPERTIES('06RJwaoz0DQDIHTgAwMyL5',#18,$,$,(#11260),#11272);
#12359=IFCRELDEFINESBYPROPERTIES('2CPJyTdOLYDAil$bvo3oCX',#18,$,$,(#11260),#11273);
#12360=IFCRELDEFINESBYPROPERTIES('2h6MeVSiT1_LJj4aAx744c',#18,$,$,(#11260),#11274);
#12361=IFCRELDEFINESBYPROPERTIES('0MIv50az_vjt_ljxcNsz6D',#18,$,$,(#11260),#11275);
#12362=IFCRELDEFINESBYPROPERTIES('29G1ptAAc0KnN36jnGvAPJ',#18,$,$,(#11260),#11276);
#12363=IFCRELDEFINESBYPROPERTIES('2Jx_B9d5ui_ghmYpUyZX8i',#18,$,$,(#11283),#11294);
#12364=IFCRELDEFINESBYPROPERTIES('0piVTqEM4FH0Sa$X4IN7HB',#18,$,$,(#11283),#11295);
#12365=IFCRELDEFINESBYPROPERTIES('0KixSVNNmYZOkF9fuRBSEb',#18,$,$,(#11283),#11296);
#12366=IFCRELDEFINESBYPROPERTIES('32p9cHfavQSZHx_SkN$FKv',#18,$,$,(#11283),#11297);
#12367=IFCRELDEFINESBYPROPERTIES('1Y1p1hfCZVafwthaKkRecV',#18,$,$,(#11283),#11298);
#12368=IFCRELDEFINESBYPROPERTIES('0T5golvrXPFt4wx2DfMuXY',#18,$,$,(#11283),#11299);
#12369=IFCRELDEFINESBYPROPERTIES('37lRtQ__bS$U_OrRSw5kAc',#18,$,$,(#11283),#11300);
#12370=IFCRELDEFINESBYPROPERTIES('1nZy6cub136xZU5YPZEYtx',#18,$,$,(#11307),#11318);
#12371=IFCRELDEFINESBYPROPERTIES('1ahkXlx$3k9Yu8RWWgc8rP',#18,$,$,(#11307),#11319);
#12372=IFCRELDEFINESBYPROPERTIES('19UdNfCenVkpaWktMsnGT3',#18,$,$,(#11307),#11320);
#12373=IFCRELDEFINESBYPROPERTIES('2KRfAEe2LrpMN8f3dh3pKR',#18,$,$,(#11307),#11321);
#12374=IFCRELDEFINESBYPROPERTIES('3fGnhPA5qgGNSWBWEXFD4X',#18,$,$,(#11307),#11322);
#12375=IFCRELDEFINESBYPROPERTIES('2OIlGaOdHV8Huh9h_Deptm',#18,$,$,(#11307),#11323);
#12376=IFCRELDEFINESBYPROPERTIES('0pi$fQy19izQGXu0et0zap',#18,$,$,(#11307),#11324);
#12377=IFCRELDEFINESBYPROPERTIES('3UhkeNSR9mHEBwt_$JoWSi',#18,$,$,(#11331),#11342);
#12378=IFCRELDEFINESBYPROPERTIES('1leXBZjqwCH5iw6nBUdY7G',#18,$,$,(#11331),#11343);
#12379=IFCRELDEFINESBYPROPERTIES('3n3GEO3endpOnw3LovWu2T',#18,$,$,(#11331),#11344);
#12380=IFCRELDEFINESBYPROPERTIES('2awFDJ4CWwQ_aKyQ8k0m5z',#18,$,$,(#11331),#11345);
#12381=IFCRELDEFINESBYPROPERTIES('20KK2Z$dSbbRNNAQ8Wa2KW',#18,$,$,(#11331),#11346);
#12382=IFCRELDEFINESBYPROPERTIES('1CennOLkonJX58siDOKIIh',#18,$,$,(#11331),#11347);
#12383=IFCRELDEFINESBYPROPERTIES('0$mn9cwu_2fMutSDIY3moB',#18,$,$,(#11331),#11348);
#12384=IFCRELDEFINESBYPROPERTIES('1YbdlahgqIYD0TFGVYPQjB',#18,$,$,(#37,#41),#12186);
#12385=IFCRELDEFINESBYPROPERTIES('1edevBTiIkusLo8p2QTcoi',#18,$,$,(#37,#41),#12187);
#12386=IFCRELDEFINESBYPROPERTIES('1GT0CZ$P94uVYOnvnMlfzg',#18,$,$,(#37,#41),#12188);
#12387=IFCRELDEFINESBYPROPERTIES('35sqGsjCyUtvdKtmpJcRvg',#18,$,$,(#37,#41),#12189);
#12388=IFCPRESENTATIONLAYERASSIGNMENT('E-ELEC-EQPM-OTLN',$,(#10690,#10712,#10815,#10843,#10871,#10899,#10927,#10951,#10975,#10998,#11021,#11044,#11067,#11090,#11113,#11136,#11159,#11183,#11207,#11231,#11255,#11278,#11302,#11326),$);
#12389=IFCUNITASSIGNMENT((#19,#20,#21,#10738,#10743,#10775));
ENDSEC;

END-ISO-10303-21;