ISO-10303-21;
HEADER;
FILE_DESCRIPTION(('ViewDefinition [CoordinationView_V2.0]','RevitIdentifiers [ContentGUID: 4a62ab4f-0e81-4b15-ab8d-2e06483b5bac, VersionGUID: e8d402b8-e70a-410a-963e-775e576a2d08, NumberOfSaves: 36]','CoordinateReference [CoordinateBase: Shared Coordinates]'),'2;1');
FILE_NAME('Lab mep.ifc','2026-09-29T11:19:33+08:00',(''),(''),'ODA SDAI 25.12','Autodesk Revit 26.0.4.409 (ENG) - IFC 26.0.4.409','');
FILE_SCHEMA(('IFC2X3'));
ENDSEC;

DATA;
#1=IFCORGANIZATION($,'Autodesk Revit 2026 (ENG)',$,$,$);
#2=IFCAPPLICATION(#1,'2026','Autodesk Revit 2026 (ENG)','Revit');
#3=IFCCARTESIANPOINT((0.,0.,0.));
#4=IFCCARTESIANPOINT((0.,0.));
#5=IFCDIRECTION((1.,0.,0.));
#6=IFCDIRECTION((-1.,0.,0.));
#7=IFCDIRECTION((0.,1.,0.));
#8=IFCDIRECTION((0.,-1.,0.));
#9=IFCDIRECTION((0.,0.,1.));
#10=IFCDIRECTION((0.,0.,-1.));
#11=IFCDIRECTION((1.,0.));
#12=IFCDIRECTION((-1.,0.));
#13=IFCDIRECTION((0.,1.));
#14=IFCDIRECTION((0.,-1.));
#15=IFCPERSON($,'','24110957d',$,$,$,$,$);
#16=IFCORGANIZATION($,'','',$,$);
#17=IFCPERSONANDORGANIZATION(#15,#16,$);
#18=IFCOWNERHISTORY(#17,#2,$,.NOCHANGE.,$,$,$,1785188226);
#19=IFCSIUNIT(*,.LENGTHUNIT.,.MILLI.,.METRE.);
#20=IFCSIUNIT(*,.AREAUNIT.,$,.SQUARE_METRE.);
#21=IFCSIUNIT(*,.VOLUMEUNIT.,$,.CUBIC_METRE.);
#22=IFCAXIS2PLACEMENT3D(#3,$,$);
#23=IFCDIRECTION((6.123233995736766E-017,1.));
#24=IFCGEOMETRICREPRESENTATIONCONTEXT($,'Model',3,0.01,#22,#23);
#25=IFCGEOMETRICREPRESENTATIONSUBCONTEXT('Axis','Model',*,*,*,*,#24,$,.GRAPH_VIEW.,$);
#26=IFCGEOMETRICREPRESENTATIONSUBCONTEXT('Body','Model',*,*,*,*,#24,$,.MODEL_VIEW.,$);
#27=IFCGEOMETRICREPRESENTATIONSUBCONTEXT('Box','Model',*,*,*,*,#24,$,.MODEL_VIEW.,$);
#28=IFCGEOMETRICREPRESENTATIONSUBCONTEXT('FootPrint','Model',*,*,*,*,#24,$,.MODEL_VIEW.,$);
#29=IFCPROJECT('1AOgjF3e5B5QkDBWQtnAHS',#18,'Project Number',$,$,'Project Name','Project Status',(#24),#7640);
#30=IFCCLASSIFICATION('CSI (Construction Specifications Institute)','1998',$,'Uniformat');
#31=IFCAXIS2PLACEMENT3D(#3,$,$);
#32=IFCLOCALPLACEMENT(#58,#31);
#33=IFCPOSTALADDRESS($,$,$,$,('Enter address here'),$,'London','London','','United Kingdom');
#34=IFCBUILDING('1AOgjF3e5B5QkDBWQtnAHT',#18,'',$,$,#32,$,'',.ELEMENT.,$,$,#33);
#35=IFCAXIS2PLACEMENT3D(#3,$,$);
#36=IFCLOCALPLACEMENT(#32,#35);
#37=IFCBUILDINGSTOREY('3Zu5Bv0LOHrPC10026FoQQ',#18,'Level 0',$,'Level:8mm Head',#36,$,'Level 0',.ELEMENT.,0.);
#38=IFCAXIS2PLACEMENT3D(#3,$,$);
#39=IFCLOCALPLACEMENT(#32,#38);
#40=IFCBUILDINGSTOREY('0b$DGLaGr1u94eMcMfszYo',#18,'Ground 0.00m',$,'Level:8mm Head',#39,$,'Ground 0.00m',.ELEMENT.,0.);
#41=IFCCARTESIANPOINT((0.,0.,150.));
#42=IFCAXIS2PLACEMENT3D(#41,$,$);
#43=IFCLOCALPLACEMENT(#32,#42);
#44=IFCBUILDINGSTOREY('0b$DGLaGr1u94eMcMfszYm',#18,'Floor 0.15m',$,'Level:8mm Head',#43,$,'Floor 0.15m',.ELEMENT.,150.);
#45=IFCCARTESIANPOINT((0.,0.,4000.));
#46=IFCAXIS2PLACEMENT3D(#45,$,$);
#47=IFCLOCALPLACEMENT(#32,#46);
#48=IFCBUILDINGSTOREY('0wHLoaqw50FB4tOphLuJdN',#18,'1st Floor 6.40m',$,'Level:8mm Head',#47,$,'1st Floor 6.40m',.ELEMENT.,4000.0000000000005);
#49=IFCCARTESIANPOINT((0.,0.,4000.));
#50=IFCAXIS2PLACEMENT3D(#49,$,$);
#51=IFCLOCALPLACEMENT(#32,#50);
#52=IFCBUILDINGSTOREY('15Z0v90RiHrPC20026FoKR',#18,'Level 1',$,'Level:8mm Head',#51,$,'Level 1',.ELEMENT.,4000.0000000001983);
#53=IFCCARTESIANPOINT((0.,0.,6100.));
#54=IFCAXIS2PLACEMENT3D(#53,$,$);
#55=IFCLOCALPLACEMENT(#32,#54);
#56=IFCBUILDINGSTOREY('0b$DGLaGr1u94eMcMfszju',#18,'C.F. 6.10m',$,'Level:8mm Head',#55,$,'C.F. 6.10m',.ELEMENT.,6100.);
#57=IFCAXIS2PLACEMENT3D(#3,$,$);
#58=IFCLOCALPLACEMENT($,#57);
#59=IFCSITE('1AOgjF3e5B5QkDBWQtnAHU',#18,'Default',$,$,#58,$,$,.ELEMENT.,(51,30,23,112487),(0,-7,-37,-956022),0.,$,$);
#60=IFCAXIS2PLACEMENT3D(#3,$,$);
#62=IFCCARTESIANPOINT((-141.42135623730695,-70.71067811865403));
#63=IFCCARTESIANPOINT((70.71067811865737,-70.710678118654002));
#64=IFCCARTESIANPOINT((70.710678118651941,141.42135623730488));
#65=IFCPOLYLINE((#62,#63,#64,#62));
#66=IFCARBITRARYCLOSEDPROFILEDEF(.AREA.,'300x1200 - 230',#65);
#67=IFCCARTESIANPOINT((0.,-150.,-50.));
#68=IFCDIRECTION((-0.,0.70710678118654768,-0.70710678118654735));
#69=IFCAXIS2PLACEMENT3D(#67,#5,#68);
#70=IFCEXTRUDEDAREASOLID(#66,#69,#9,1200.0000000000005);
#71=IFCSIUNIT(*,.PLANEANGLEUNIT.,$,.RADIAN.);
#72=IFCDIMENSIONALEXPONENTS(0,0,0,0,0,0,0);
#73=IFCMEASUREWITHUNIT(IFCPLANEANGLEMEASURE(0.017453292519943278),#71);
#74=IFCCONVERSIONBASEDUNIT(#72,.PLANEANGLEUNIT.,'DEGREE',#73);
#75=IFCSHAPEREPRESENTATION(#26,'Body','SweptSolid',(#70));
#76=IFCAXIS2PLACEMENT3D(#3,$,$);
#77=IFCREPRESENTATIONMAP(#76,#75);
#78=IFCLIGHTFIXTURETYPE('2gcge4fNb7L95arnYCUIeC',#18,'Plain Recessed Lighting Fixture:300x1200 - 230',$,$,$,(#77),'533867',$,.NOTDEFINED.);
#79=IFCMATERIAL('<Unnamed>');
#80=IFCCARTESIANTRANSFORMATIONOPERATOR3D($,$,#3,1.,$);
#81=IFCMAPPEDITEM(#77,#80);
#82=IFCSHAPEREPRESENTATION(#26,'Body','MappedRepresentation',(#81));
#83=IFCPRODUCTDEFINITIONSHAPE($,$,(#82));
#84=IFCCARTESIANPOINT((-2537.25513339897,1782.7470307902813,3963.823631589159));
#85=IFCAXIS2PLACEMENT3D(#84,#10,#5);
#86=IFCLOCALPLACEMENT(#36,#85);
#87=IFCFLOWTERMINAL('2dnDDsLNr7b9gDAg5cpJSV',#18,'Plain Recessed Lighting Fixture:300x1200 - 230:1388577',$,'Plain Recessed Lighting Fixture:300x1200 - 230',#86,#83,'1388577');
#88=IFCPROPERTYSINGLEVALUE('Reference',$,IFCIDENTIFIER('300x1200 - 230'),$);
#89=IFCPROPERTYSET('0MJUG2kFADkPro2Z7PmlJF',#18,'Pset_DistributionFlowElementCommon',$,(#88));
#90=IFCPROPERTYSET('2YMeHuRbg0PuKjdafCtfAz',#18,'Pset_QuantityTakeOff',$,(#88));
#91=IFCRELDEFINESBYPROPERTIES('2rgpMBWZf$JG9yKG4jrPAA',#18,$,$,(#87),#89);
#92=IFCRELDEFINESBYPROPERTIES('0hV2xRZgvqjjZJHJd7o6KK',#18,$,$,(#87),#90);
#93=IFCMAPPEDITEM(#77,#80);
#94=IFCSHAPEREPRESENTATION(#26,'Body','MappedRepresentation',(#93));
#95=IFCPRODUCTDEFINITIONSHAPE($,$,(#94));
#96=IFCCARTESIANPOINT((-2537.25513339897,-17.252969209718326,3963.823631589159));
#97=IFCAXIS2PLACEMENT3D(#96,#10,#5);
#98=IFCLOCALPLACEMENT(#36,#97);
#99=IFCFLOWTERMINAL('2dnDDsLNr7b9gDAg5cpJSK',#18,'Plain Recessed Lighting Fixture:300x1200 - 230:1388586',$,'Plain Recessed Lighting Fixture:300x1200 - 230',#98,#95,'1388586');
#100=IFCPROPERTYSET('0HW3aF6CHL$E9smNvzzNPh',#18,'Pset_DistributionFlowElementCommon',$,(#88));
#101=IFCPROPERTYSET('3l8DpSyvfXrIYsriIvDW_Y',#18,'Pset_QuantityTakeOff',$,(#88));
#102=IFCRELDEFINESBYPROPERTIES('1BRQzrzgJyfsRH$67OKNg1',#18,$,$,(#99),#100);
#103=IFCRELDEFINESBYPROPERTIES('2NTNLVNgA5YU5DGSJ9XLmK',#18,$,$,(#99),#101);
#104=IFCMAPPEDITEM(#77,#80);
#105=IFCSHAPEREPRESENTATION(#26,'Body','MappedRepresentation',(#104));
#106=IFCPRODUCTDEFINITIONSHAPE($,$,(#105));
#107=IFCCARTESIANPOINT((-2537.25513339897,-1817.2529692097175,3963.823631589159));
#108=IFCAXIS2PLACEMENT3D(#107,#10,#5);
#109=IFCLOCALPLACEMENT(#36,#108);
#110=IFCFLOWTERMINAL('2dnDDsLNr7b9gDAg5cpJSC',#18,'Plain Recessed Lighting Fixture:300x1200 - 230:1388594',$,'Plain Recessed Lighting Fixture:300x1200 - 230',#109,#106,'1388594');
#111=IFCPROPERTYSET('3TptlDNnGYOkrGd3tqLjhE',#18,'Pset_DistributionFlowElementCommon',$,(#88));
#112=IFCPROPERTYSET('1WzscJgWas0NDZgZPMBAM6',#18,'Pset_QuantityTakeOff',$,(#88));
#113=IFCRELDEFINESBYPROPERTIES('16tF0ETo_xqysLSeTIKWr9',#18,$,$,(#110),#111);
#114=IFCRELDEFINESBYPROPERTIES('388wEAGPawSCRmwT_2jkxC',#18,$,$,(#110),#112);
#115=IFCMAPPEDITEM(#77,#80);
#116=IFCSHAPEREPRESENTATION(#26,'Body','MappedRepresentation',(#115));
#117=IFCPRODUCTDEFINITIONSHAPE($,$,(#116));
#118=IFCCARTESIANPOINT((462.74486660103037,-1817.2529692097175,3963.823631589159));
#119=IFCAXIS2PLACEMENT3D(#118,#10,#5);
#120=IFCLOCALPLACEMENT(#36,#119);
#121=IFCFLOWTERMINAL('2dnDDsLNr7b9gDAg5cpJS4',#18,'Plain Recessed Lighting Fixture:300x1200 - 230:1388602',$,'Plain Recessed Lighting Fixture:300x1200 - 230',#120,#117,'1388602');
#122=IFCPROPERTYSET('18L$NiQJw03O_XeyakyUH6',#18,'Pset_DistributionFlowElementCommon',$,(#88));
#123=IFCPROPERTYSET('3bDlhKKjkvYeh34cUmUW27',#18,'Pset_QuantityTakeOff',$,(#88));
#124=IFCRELDEFINESBYPROPERTIES('0XpGYXZmFseayCNV90O_FM',#18,$,$,(#121),#122);
#125=IFCRELDEFINESBYPROPERTIES('2moZfwFHStXU0e$9xRQOLw',#18,$,$,(#121),#123);
#126=IFCMAPPEDITEM(#77,#80);
#127=IFCSHAPEREPRESENTATION(#26,'Body','MappedRepresentation',(#126));
#128=IFCPRODUCTDEFINITIONSHAPE($,$,(#127));
#129=IFCCARTESIANPOINT((462.74486660103037,-17.252969209718326,3963.823631589159));
#130=IFCAXIS2PLACEMENT3D(#129,#10,#5);
#131=IFCLOCALPLACEMENT(#36,#130);
#132=IFCFLOWTERMINAL('2dnDDsLNr7b9gDAg5cpJTy',#18,'Plain Recessed Lighting Fixture:300x1200 - 230:1388610',$,'Plain Recessed Lighting Fixture:300x1200 - 230',#131,#128,'1388610');
#133=IFCPROPERTYSET('0SM2J5$RMgoEBRjGyZThug',#18,'Pset_DistributionFlowElementCommon',$,(#88));
#134=IFCPROPERTYSET('3kCImLmBLFZu8_Se2vk6K$',#18,'Pset_QuantityTakeOff',$,(#88));
#135=IFCRELDEFINESBYPROPERTIES('31sSpMnkLjuw8bYFNJY6E2',#18,$,$,(#132),#133);
#136=IFCRELDEFINESBYPROPERTIES('1ki5LaaCgxTg4Ur8LkUNdM',#18,$,$,(#132),#134);
#137=IFCMAPPEDITEM(#77,#80);
#138=IFCSHAPEREPRESENTATION(#26,'Body','MappedRepresentation',(#137));
#139=IFCPRODUCTDEFINITIONSHAPE($,$,(#138));
#140=IFCCARTESIANPOINT((462.74486660103037,1782.7470307902813,3963.823631589159));
#141=IFCAXIS2PLACEMENT3D(#140,#10,#5);
#142=IFCLOCALPLACEMENT(#36,#141);
#143=IFCFLOWTERMINAL('2dnDDsLNr7b9gDAg5cpJTq',#18,'Plain Recessed Lighting Fixture:300x1200 - 230:1388618',$,'Plain Recessed Lighting Fixture:300x1200 - 230',#142,#139,'1388618');
#144=IFCPROPERTYSET('3kA3uOzdOsL$KxgmoS$30G',#18,'Pset_DistributionFlowElementCommon',$,(#88));
#145=IFCPROPERTYSET('0Y7xFcg2$MHnVc0w4WDNBH',#18,'Pset_QuantityTakeOff',$,(#88));
#146=IFCRELDEFINESBYPROPERTIES('3TByCeaCCoe7QDT$X6zpWS',#18,$,$,(#143),#144);
#147=IFCRELDEFINESBYPROPERTIES('2Lk_yhDb25WlygK8Dl58ju',#18,$,$,(#143),#145);
#148=IFCAXIS2PLACEMENT3D(#3,$,$);
#150=IFCCARTESIANPOINT((0.,0.));
#151=IFCAXIS2PLACEMENT2D(#150,#11);
#152=IFCRECTANGLEPROFILEDEF(.AREA.,'Unit Size 72',#151,1244.5999999999997,1219.2000000000003);
#153=IFCCARTESIANPOINT((622.30000000000609,609.59999999999172,-0.));
#154=IFCAXIS2PLACEMENT3D(#153,#9,#6);
#155=IFCEXTRUDEDAREASOLID(#152,#154,#9,558.80000000000018);
#156=IFCCARTESIANPOINT((0.,-4.2299497238218464E-014));
#157=IFCAXIS2PLACEMENT2D(#156,#11);
#158=IFCCIRCLEPROFILEDEF(.AREA.,'Unit Size 72',#157,9.5250000000000004);
#159=IFCCARTESIANPOINT((919.73400000000606,-50.800000000008986,38.100000000060838));
#160=IFCAXIS2PLACEMENT3D(#159,#7,#5);
#161=IFCEXTRUDEDAREASOLID(#158,#160,#9,50.800000000000026);
#162=IFCCARTESIANPOINT((0.,-1.6919798895287386E-014));
#163=IFCAXIS2PLACEMENT2D(#162,#11);
#164=IFCCIRCLEPROFILEDEF(.AREA.,'Unit Size 72',#163,6.3500000000000005);
#165=IFCCARTESIANPOINT((868.93400000000497,-50.800000000010144,122.13828125005948));
#166=IFCAXIS2PLACEMENT3D(#165,#7,#5);
#167=IFCEXTRUDEDAREASOLID(#164,#166,#9,50.800000000000026);
#168=IFCCARTESIANPOINT((0.,-6.7679195581149545E-014));
#169=IFCAXIS2PLACEMENT2D(#168,#11);
#170=IFCCIRCLEPROFILEDEF(.AREA.,'Unit Size 72',#169,6.3500000000000005);
#171=IFCCARTESIANPOINT((868.93400000000327,-50.800000000013803,387.05234375005949));
#172=IFCAXIS2PLACEMENT3D(#171,#7,#5);
#173=IFCEXTRUDEDAREASOLID(#170,#172,#9,50.800000000000026);
#174=IFCCARTESIANPOINT((3.5527136788005009E-015,-1.7763568394002505E-014));
#175=IFCAXIS2PLACEMENT2D(#174,#11);
#176=IFCRECTANGLEPROFILEDEF(.AREA.,'Unit Size 72',#175,50.799999999999955,101.59999999999894);
#177=IFCCARTESIANPOINT((132.080000000008,-25.400000000010053,118.87200000002908));
#178=IFCAXIS2PLACEMENT3D(#177,#9,#7);
#179=IFCEXTRUDEDAREASOLID(#176,#178,#9,101.59999999999933);
#180=IFCCARTESIANPOINT((0.,0.));
#181=IFCAXIS2PLACEMENT2D(#180,#11);
#182=IFCRECTANGLEPROFILEDEF(.AREA.,'Unit Size 72',#181,25.400000000000723,1016.);
#183=IFCCARTESIANPOINT((1257.300000000007,609.5999999999915,25.399999999975073));
#184=IFCAXIS2PLACEMENT3D(#183,#9,#6);
#185=IFCEXTRUDEDAREASOLID(#182,#184,#9,508.000000000005);
#186=IFCCARTESIANPOINT((-1.7763568394002505E-015,0.));
#187=IFCAXIS2PLACEMENT2D(#186,#11);
#188=IFCRECTANGLEPROFILEDEF(.AREA.,'Unit Size 72',#187,25.400000000000013,304.80000000000001);
#189=IFCCARTESIANPOINT((-12.699999999992533,609.5999999999915,114.29999999998822));
#190=IFCAXIS2PLACEMENT3D(#189,#9,#6);
#191=IFCEXTRUDEDAREASOLID(#188,#190,#9,330.20000000000482);
#192=IFCSHAPEREPRESENTATION(#26,'Body','SweptSolid',(#155,#161,#167,#173,#179,#185,#191));
#193=IFCAXIS2PLACEMENT3D(#3,$,$);
#194=IFCREPRESENTATIONMAP(#193,#192);
#195=IFCBUILDINGELEMENTPROXYTYPE('3aY1uIFgfEVvvRNm1XxepQ',#18,'Indoor AHU - Horizontal - Chilled Water Coil:Unit Size 72',$,$,$,(#194),'1391812',$,.NOTDEFINED.);
#196=IFCMAPPEDITEM(#194,#80);
#197=IFCSHAPEREPRESENTATION(#26,'Body','MappedRepresentation',(#196));
#198=IFCPRODUCTDEFINITIONSHAPE($,$,(#197));
#199=IFCCARTESIANPOINT((518.59486660104028,-17.252969209680291,4275.8236315891581));
#200=IFCAXIS2PLACEMENT3D(#199,#9,#6);
#201=IFCLOCALPLACEMENT(#36,#200);
#202=IFCBUILDINGELEMENTPROXY('3aY1uIFgfEVvvRNm1Xxep4',#18,'Indoor AHU - Horizontal - Chilled Water Coil:Unit Size 72:1391872',$,'Indoor AHU - Horizontal - Chilled Water Coil:Unit Size 72',#201,#198,'1391872',$);
#203=IFCPROPERTYSINGLEVALUE('Reference',$,IFCIDENTIFIER('Unit Size 72'),$);
#204=IFCPROPERTYSET('1OSuq_4LSIzY29y_wHj765',#18,'Pset_BuildingElementProxyCommon',$,(#203));
#205=IFCPROPERTYSET('3aoCFoYgXmdCRV$0UTgst7',#18,'Pset_QuantityTakeOff',$,(#203));
#206=IFCRELDEFINESBYPROPERTIES('0_KLkOooGUmu6TUHszZJ22',#18,$,$,(#202),#204);
#207=IFCRELDEFINESBYPROPERTIES('1CcryYVIaEi1w34$TWVp_f',#18,$,$,(#202),#205);
#208=IFCAXIS2PLACEMENT3D(#3,$,$);
#210=IFCCARTESIANPOINT((150.,150.,100.));
#211=IFCCARTESIANPOINT((-150.,150.,100.));
#212=IFCCARTESIANPOINT((-150.,-150.,100.));
#213=IFCCARTESIANPOINT((150.,-150.,100.));
#214=IFCPOLYLOOP((#210,#211,#212,#213));
#215=IFCFACEOUTERBOUND(#214,.T.);
#216=IFCFACE((#215));
#217=IFCCARTESIANPOINT((200.,200.,0.));
#218=IFCCARTESIANPOINT((200.,-200.,0.));
#219=IFCCARTESIANPOINT((-200.,-200.,0.));
#220=IFCCARTESIANPOINT((-200.,200.,0.));
#221=IFCPOLYLOOP((#217,#218,#219,#220));
#222=IFCFACEOUTERBOUND(#221,.T.);
#223=IFCFACE((#222));
#224=IFCPOLYLOOP((#217,#220,#211,#210));
#225=IFCFACEOUTERBOUND(#224,.T.);
#226=IFCFACE((#225));
#227=IFCPOLYLOOP((#220,#219,#212,#211));
#228=IFCFACEOUTERBOUND(#227,.T.);
#229=IFCFACE((#228));
#230=IFCPOLYLOOP((#219,#218,#213,#212));
#231=IFCFACEOUTERBOUND(#230,.T.);
#232=IFCFACE((#231));
#233=IFCPOLYLOOP((#218,#217,#210,#213));
#234=IFCFACEOUTERBOUND(#233,.T.);
#235=IFCFACE((#234));
#236=IFCCLOSEDSHELL((#216,#223,#226,#229,#232,#235));
#237=IFCFACETEDBREP(#236);
#238=IFCSHAPEREPRESENTATION(#26,'Body','Brep',(#237));
#239=IFCAXIS2PLACEMENT3D(#3,$,$);
#240=IFCREPRESENTATIONMAP(#239,#238);
#241=IFCAIRTERMINALTYPE('0Sathp0mD3TwMjw9RnC538',#18,'Supply Diffuser:450 x 400 Face 300 x 300 Connection 2',$,$,$,(#240),'1395134',$,.NOTDEFINED.);
#242=IFCMAPPEDITEM(#240,#80);
#243=IFCSHAPEREPRESENTATION(#26,'Body','MappedRepresentation',(#242));
#244=IFCPRODUCTDEFINITIONSHAPE($,$,(#243));
#245=IFCCARTESIANPOINT((-2237.2551333989641,1482.7470307902918,4015.823631589159));
#246=IFCAXIS2PLACEMENT3D(#245,$,$);
#247=IFCLOCALPLACEMENT(#36,#246);
#248=IFCFLOWTERMINAL('1mBTphUvP9RxcYiwuWaw1i',#18,'Supply Diffuser:450 x 400 Face 300 x 300 Connection 2:1392016',$,'Supply Diffuser:450 x 400 Face 300 x 300 Connection 2',#247,#244,'1392016');
#249=IFCPROPERTYSINGLEVALUE('Reference',$,IFCIDENTIFIER('450 x 400 Face 300 x 300 Connection 2'),$);
#250=IFCPROPERTYSET('3QSFbZn8fpjDmMyWlFIDhz',#18,'Pset_DistributionFlowElementCommon',$,(#249));
#251=IFCPROPERTYSET('0kGm1yKHsSEvqHxgp5YazV',#18,'Pset_QuantityTakeOff',$,(#249));
#252=IFCRELDEFINESBYPROPERTIES('0fJmMd2U8Ics4z8ekMJ6kP',#18,$,$,(#248),#250);
#253=IFCRELDEFINESBYPROPERTIES('2Ubp$XLiutPePvWK9s_ngi',#18,$,$,(#248),#251);
#254=IFCMAPPEDITEM(#240,#80);
#255=IFCSHAPEREPRESENTATION(#26,'Body','MappedRepresentation',(#254));
#256=IFCPRODUCTDEFINITIONSHAPE($,$,(#255));
#257=IFCCARTESIANPOINT((773.99486660103355,1482.747030790282,4015.823631589159));
#258=IFCAXIS2PLACEMENT3D(#257,$,$);
#259=IFCLOCALPLACEMENT(#36,#258);
#260=IFCFLOWTERMINAL('1mBTphUvP9RxcYiwuWawFa',#18,'Supply Diffuser:450 x 400 Face 300 x 300 Connection 2:1392152',$,'Supply Diffuser:450 x 400 Face 300 x 300 Connection 2',#259,#256,'1392152');
#261=IFCPROPERTYSET('2F0RNog8PXFv04DclE5g1w',#18,'Pset_DistributionFlowElementCommon',$,(#249));
#262=IFCPROPERTYSET('3G8dlUVedQeh$yB5bWW7Es',#18,'Pset_QuantityTakeOff',$,(#249));
#263=IFCRELDEFINESBYPROPERTIES('3LxfQgA3EvRNH$PJCxbM_2',#18,$,$,(#260),#261);
#264=IFCRELDEFINESBYPROPERTIES('0l9Cs4TJf6sr1i6aRD81Al',#18,$,$,(#260),#262);
#265=IFCAXIS2PLACEMENT3D(#3,$,$);
#266=IFCLOCALPLACEMENT(#51,#265);
#267=IFCCARTESIANPOINT((1.1368683772161603E-013,0.));
#268=IFCAXIS2PLACEMENT2D(#267,#11);
#269=IFCRECTANGLEPROFILEDEF(.AREA.,'Flanged Radius Bend / Shoe Branch',#268,2424.2500000000246,300.);
#270=IFCCARTESIANPOINT((-720.13013339896565,1482.7470307902863,413.82363158915882));
#271=IFCAXIS2PLACEMENT3D(#270,$,$);
#272=IFCEXTRUDEDAREASOLID(#269,#271,#9,300.);
#273=IFCSHAPEREPRESENTATION(#26,'Body','SweptSolid',(#272));
#274=IFCPRODUCTDEFINITIONSHAPE($,$,(#273));
#275=IFCDUCTSEGMENTTYPE('2OJPPUoKr5gAzWoGJgni23',#18,'Rectangular Duct:Flanged Radius Bend / Shoe Branch',$,$,$,$,'487704',$,.NOTDEFINED.);
#276=IFCFLOWSEGMENT('1mBTphUvP9RxcYiwuWawFO',#18,'Rectangular Duct:Flanged Radius Bend / Shoe Branch:1392164',$,'Rectangular Duct:Flanged Radius Bend / Shoe Branch',#266,#274,'1392164');
#277=IFCPROPERTYSINGLEVALUE('Reference',$,IFCIDENTIFIER('Flanged Radius Bend / Shoe Branch'),$);
#278=IFCPROPERTYSET('3OG8q9tDC0mQaEEhGck4sB',#18,'Pset_DistributionFlowElementCommon',$,(#277));
#279=IFCPROPERTYENUMERATEDVALUE('Shape',$,(IFCLABEL('RECTANGULAR')),$);
#280=IFCPROPERTYSINGLEVALUE('Length',$,IFCPOSITIVELENGTHMEASURE(2424.250000000025),$);
#281=IFCPROPERTYSET('0YzPINNfJRw10N9O_cXl88',#18,'Pset_DuctSegmentTypeCommon',$,(#279,#280));
#282=IFCPROPERTYSINGLEVALUE('Length',$,IFCPOSITIVELENGTHMEASURE(2424.250000000025),$);
#283=IFCPROPERTYSET('11WB71RRTQKCksgf$lNZRF',#18,'Pset_FlowSegmentDuctSegment',$,(#282));
#284=IFCPROPERTYSINGLEVALUE('Length',$,IFCPOSITIVELENGTHMEASURE(2424.250000000025),$);
#285=IFCPROPERTYSET('2ERRcjwtpw$IEB4NIPbWkm',#18,'Pset_FlowSegmentPipeSegment',$,(#284));
#286=IFCPROPERTYSET('077USvEQyrGisdgInYRu6v',#18,'Pset_QuantityTakeOff',$,(#277));
#287=IFCRELDEFINESBYPROPERTIES('2RiTUeCASWcmCRMvuFelUZ',#18,$,$,(#276),#278);
#288=IFCRELDEFINESBYPROPERTIES('17hgPR4rlyBEuQ8rT_qLTU',#18,$,$,(#276),#281);
#289=IFCRELDEFINESBYPROPERTIES('271a6XGbwZE8_l2aiWpF8m',#18,$,$,(#276),#283);
#290=IFCRELDEFINESBYPROPERTIES('1Z35BAnXbFXRCmaJm1rzam',#18,$,$,(#276),#285);
#291=IFCRELDEFINESBYPROPERTIES('1ZB_PypjFVjvAhKkYSLsQ5',#18,$,$,(#276),#286);
#292=IFCAXIS2PLACEMENT3D(#3,$,$);
#293=IFCLOCALPLACEMENT(#36,#292);
#294=IFCCARTESIANPOINT((0.,0.));
#295=IFCAXIS2PLACEMENT2D(#294,#11);
#296=IFCRECTANGLEPROFILEDEF(.AREA.,'Flanged Radius Bend / Shoe Branch',#295,300.,300.);
#297=IFCCARTESIANPOINT((-2237.2551333989641,1482.7470307902918,4115.8236315891536));
#298=IFCAXIS2PLACEMENT3D(#297,#9,#6);
#299=IFCEXTRUDEDAREASOLID(#296,#298,#9,143.00000000020194);
#300=IFCSHAPEREPRESENTATION(#26,'Body','SweptSolid',(#299));
#301=IFCPRODUCTDEFINITIONSHAPE($,$,(#300));
#302=IFCFLOWSEGMENT('1mBTphUvP9RxcYiwuWawFA',#18,'Rectangular Duct:Flanged Radius Bend / Shoe Branch:1392182',$,'Rectangular Duct:Flanged Radius Bend / Shoe Branch',#293,#301,'1392182');
#303=IFCPROPERTYSET('3zF0KPiBawkp4D5d9NoDUa',#18,'Pset_DistributionFlowElementCommon',$,(#277));
#304=IFCPROPERTYENUMERATEDVALUE('Shape',$,(IFCLABEL('RECTANGULAR')),$);
#305=IFCPROPERTYSINGLEVALUE('Length',$,IFCPOSITIVELENGTHMEASURE(143.),$);
#306=IFCPROPERTYSET('2O3ewo5PE63QMwj7vNGBvR',#18,'Pset_DuctSegmentTypeCommon',$,(#304,#305));
#307=IFCPROPERTYSET('0Lhr0vq3xfAszsHfXakvY3',#18,'Pset_FlowSegmentDuctSegment',$,(#305));
#308=IFCPROPERTYSET('3r4b9LjuxVJHrCVRJy2ckF',#18,'Pset_FlowSegmentPipeSegment',$,(#305));
#309=IFCPROPERTYSET('2qm$V2FBgTK_0NiOQHSiqX',#18,'Pset_QuantityTakeOff',$,(#277));
#310=IFCRELDEFINESBYPROPERTIES('0VlpQn9ZuxnE3TTtCLPZWP',#18,$,$,(#302),#303);
#311=IFCRELDEFINESBYPROPERTIES('1OWrA1gEEDliobZ89OauzJ',#18,$,$,(#302),#306);
#312=IFCRELDEFINESBYPROPERTIES('23gda8dse_dHY9V6OCjAZ3',#18,$,$,(#302),#307);
#313=IFCRELDEFINESBYPROPERTIES('3GbaTgqeqtdgwJu$l0tx8D',#18,$,$,(#302),#308);
#314=IFCRELDEFINESBYPROPERTIES('09os55zCwMx_nz$eQnWPsl',#18,$,$,(#302),#309);
#315=IFCAXIS2PLACEMENT3D(#3,$,$);
#316=IFCLOCALPLACEMENT(#36,#315);
#317=IFCCARTESIANPOINT((0.,0.));
#318=IFCAXIS2PLACEMENT2D(#317,#11);
#319=IFCRECTANGLEPROFILEDEF(.AREA.,'Flanged Radius Bend / Shoe Branch',#318,300.,300.);
#320=IFCCARTESIANPOINT((773.99486660103355,1482.747030790282,4115.8236315891536));
#321=IFCAXIS2PLACEMENT3D(#320,$,$);
#322=IFCEXTRUDEDAREASOLID(#319,#321,#9,143.00000000020464);
#323=IFCSHAPEREPRESENTATION(#26,'Body','SweptSolid',(#322));
#324=IFCPRODUCTDEFINITIONSHAPE($,$,(#323));
#325=IFCFLOWSEGMENT('1mBTphUvP9RxcYiwuWawBc',#18,'Rectangular Duct:Flanged Radius Bend / Shoe Branch:1392410',$,'Rectangular Duct:Flanged Radius Bend / Shoe Branch',#316,#324,'1392410');
#326=IFCPROPERTYSET('2IiG1sSTi2$oGEcNQ_E1Ln',#18,'Pset_DistributionFlowElementCommon',$,(#277));
#327=IFCPROPERTYENUMERATEDVALUE('Shape',$,(IFCLABEL('RECTANGULAR')),$);
#328=IFCPROPERTYSET('0CT60f1jEyykueMFzGsmrm',#18,'Pset_DuctSegmentTypeCommon',$,(#305,#327));
#329=IFCPROPERTYSET('2$s3jIQ5J1KGGG7YVfgL5q',#18,'Pset_FlowSegmentDuctSegment',$,(#305));
#330=IFCPROPERTYSET('3J$NAvbPofWkWatmG8bRYu',#18,'Pset_FlowSegmentPipeSegment',$,(#305));
#331=IFCPROPERTYSET('1sE9DLwOJ6QvbYctBkVMJh',#18,'Pset_QuantityTakeOff',$,(#277));
#332=IFCRELDEFINESBYPROPERTIES('2EKEoF5j7TGeYRXQTa48g$',#18,$,$,(#325),#326);
#333=IFCRELDEFINESBYPROPERTIES('3PfLTKMrYHAG929j9ncZbs',#18,$,$,(#325),#328);
#334=IFCRELDEFINESBYPROPERTIES('2TaGgAVOvCdPlt4$o4wopN',#18,$,$,(#325),#329);
#335=IFCRELDEFINESBYPROPERTIES('1Xqc1_hMjAjlRG3fI$EDrj',#18,$,$,(#325),#330);
#336=IFCRELDEFINESBYPROPERTIES('2IPfzU6YjhdnLE_$x3TGHd',#18,$,$,(#325),#331);
#337=IFCAXIS2PLACEMENT3D(#3,$,$);
#339=IFCCARTESIANPOINT((-153.7500000001418,-301.24999999990655));
#340=IFCCARTESIANPOINT((-148.74999999995376,-301.24999999990649));
#341=IFCPOLYLINE((#339,#340));
#342=IFCCOMPOSITECURVESEGMENT(.CONTINUOUS.,.T.,#341);
#343=IFCCARTESIANPOINT((-148.74999999995379,148.75000000009354));
#344=IFCAXIS2PLACEMENT2D(#343,#14);
#345=IFCCIRCLE(#344,450.00000000000006);
#346=IFCTRIMMEDCURVE(#345,(IFCPARAMETERVALUE(0.)),(IFCPARAMETERVALUE(89.999999999964317)),.T.,.PARAMETER.);
#347=IFCCOMPOSITECURVESEGMENT(.CONTINUOUS.,.T.,#346);
#348=IFCCARTESIANPOINT((301.25000000004621,148.74999999981253));
#349=IFCCARTESIANPOINT((301.25000000004934,153.74999999981264));
#350=IFCPOLYLINE((#348,#349));
#351=IFCCOMPOSITECURVESEGMENT(.CONTINUOUS.,.T.,#350);
#352=IFCCARTESIANPOINT((301.25000000004934,153.74999999981264));
#353=IFCCARTESIANPOINT((1.2500000000493481,153.74999999999997));
#354=IFCPOLYLINE((#352,#353));
#355=IFCCOMPOSITECURVESEGMENT(.CONTINUOUS.,.T.,#354);
#356=IFCCARTESIANPOINT((1.2500000000493481,153.74999999999991));
#357=IFCCARTESIANPOINT((1.2500000000462348,148.74999999999991));
#358=IFCPOLYLINE((#356,#357));
#359=IFCCOMPOSITECURVESEGMENT(.CONTINUOUS.,.T.,#358);
#360=IFCCARTESIANPOINT((-148.74999999995379,148.75000000009354));
#361=IFCAXIS2PLACEMENT2D(#360,#14);
#362=IFCCIRCLE(#361,150.00000000000003);
#363=IFCTRIMMEDCURVE(#362,(IFCPARAMETERVALUE(0.)),(IFCPARAMETERVALUE(89.999999999964317)),.T.,.PARAMETER.);
#364=IFCCOMPOSITECURVESEGMENT(.CONTINUOUS.,.F.,#363);
#365=IFCCARTESIANPOINT((-148.74999999995379,-1.2499999999064999));
#366=IFCCARTESIANPOINT((-153.75000000014177,-1.249999999906513));
#367=IFCPOLYLINE((#365,#366));
#368=IFCCOMPOSITECURVESEGMENT(.CONTINUOUS.,.T.,#367);
#369=IFCCARTESIANPOINT((-153.75000000014188,-1.2499999999064846));
#370=IFCCARTESIANPOINT((-153.75000000014185,-301.24999999990655));
#371=IFCPOLYLINE((#369,#370));
#372=IFCCOMPOSITECURVESEGMENT(.CONTINUOUS.,.T.,#371);
#373=IFCCOMPOSITECURVE((#342,#347,#351,#355,#359,#364,#368,#372),.F.);
#374=IFCARBITRARYCLOSEDPROFILEDEF(.AREA.,'Standard',#373);
#375=IFCCARTESIANPOINT((-151.24999999994557,151.2499999999938,-150.));
#376=IFCAXIS2PLACEMENT3D(#375,$,$);
#377=IFCEXTRUDEDAREASOLID(#374,#376,#9,300.);
#378=IFCCARTESIANPOINT((0.,0.));
#379=IFCAXIS2PLACEMENT2D(#378,#11);
#380=IFCRECTANGLEPROFILEDEF(.AREA.,'Standard',#379,5.0000000000000817,400.);
#381=IFCCARTESIANPOINT((0.,302.49999999999426,-200.));
#382=IFCAXIS2PLACEMENT3D(#381,#9,#7);
#383=IFCEXTRUDEDAREASOLID(#380,#382,#9,400.);
#384=IFCCARTESIANPOINT((0.,0.));
#385=IFCAXIS2PLACEMENT2D(#384,#11);
#386=IFCRECTANGLEPROFILEDEF(.AREA.,'Standard',#385,5.0000000001880265,400.);
#387=IFCCARTESIANPOINT((-302.49999999989916,-0.,-200.));
#388=IFCAXIS2PLACEMENT3D(#387,$,$);
#389=IFCEXTRUDEDAREASOLID(#386,#388,#9,400.);
#390=IFCSHAPEREPRESENTATION(#26,'Body','SweptSolid',(#377,#383,#389));
#391=IFCAXIS2PLACEMENT3D(#3,$,$);
#392=IFCREPRESENTATIONMAP(#391,#390);
#393=IFCDUCTFITTINGTYPE('2OJPPUoKr5gAzWoGJgnYe2',#18,'Rectangular Medium Radius Bend - Flanged:Standard',$,$,$,(#392),'498585',$,.NOTDEFINED.);
#394=IFCMAPPEDITEM(#392,#80);
#395=IFCSHAPEREPRESENTATION(#26,'Body','MappedRepresentation',(#394));
#396=IFCPRODUCTDEFINITIONSHAPE($,$,(#395));
#397=IFCCARTESIANPOINT((-2237.2551333989641,1482.7470307902895,4563.8236315893428));
#398=IFCAXIS2PLACEMENT3D(#397,#7,#9);
#399=IFCLOCALPLACEMENT(#36,#398);
#400=IFCFLOWFITTING('1mBTphUvP9RxcYiwuWawB4',#18,'Rectangular Medium Radius Bend - Flanged:Standard:1392440',$,'Rectangular Medium Radius Bend - Flanged:Standard',#399,#396,'1392440');
#401=IFCPROPERTYSINGLEVALUE('Reference',$,IFCIDENTIFIER('Standard'),$);
#402=IFCPROPERTYSET('20F0t14d9QU$psr2yYOVmg',#18,'Pset_DistributionFlowElementCommon',$,(#401));
#403=IFCPROPERTYSINGLEVALUE('FlangeThickness',$,IFCLENGTHMEASURE(5.),$);
#404=IFCPROPERTYSET('1WZcwzzdAca9qlglOHScT1',#18,'Pset_PipeConnectionFlanged',$,(#403));
#405=IFCPROPERTYSET('3EbdDC51ztiRb0FUhsQdPn',#18,'Pset_QuantityTakeOff',$,(#401));
#406=IFCRELDEFINESBYPROPERTIES('0Bt6jM_AsYUlqlYKKIzPhj',#18,$,$,(#400),#402);
#407=IFCRELDEFINESBYPROPERTIES('1WdMRDqXGjYk2$BPwn92Wn',#18,$,$,(#400),#404);
#408=IFCRELDEFINESBYPROPERTIES('3sGypWKFs5HCQ8CXaUup2e',#18,$,$,(#400),#405);
#409=IFCAXIS2PLACEMENT3D(#3,$,$);
#411=IFCCARTESIANPOINT((-282.,36.249999999999929));
#412=IFCCARTESIANPOINT((-282.,-263.75000000000006));
#413=IFCCARTESIANPOINT((282.,-263.74999999999892));
#414=IFCCARTESIANPOINT((282.,36.25000000000108));
#415=IFCCARTESIANPOINT((150.,36.25000000000108));
#416=IFCCARTESIANPOINT((150.,191.24999999999841));
#417=IFCCARTESIANPOINT((-150.,191.24999999999849));
#418=IFCCARTESIANPOINT((-150.,36.249999999999929));
#419=IFCPOLYLINE((#411,#412,#413,#414,#415,#416,#417,#418,#411));
#420=IFCARBITRARYCLOSEDPROFILEDEF(.AREA.,'Standard',#419);
#421=IFCCARTESIANPOINT((0.,-113.75000000000671,-150.));
#422=IFCAXIS2PLACEMENT3D(#421,#10,#5);
#423=IFCEXTRUDEDAREASOLID(#420,#422,#10,299.99999999999955);
#424=IFCCARTESIANPOINT((1.6875389974302379E-014,0.));
#425=IFCAXIS2PLACEMENT2D(#424,#11);
#426=IFCRECTANGLEPROFILEDEF(.AREA.,'Standard',#425,4.9999999999973408,399.99999999999994);
#427=IFCCARTESIANPOINT((0.,-302.50000000000648,-200.));
#428=IFCAXIS2PLACEMENT3D(#427,#9,#8);
#429=IFCEXTRUDEDAREASOLID(#426,#428,#9,399.99999999999955);
#430=IFCCARTESIANPOINT((0.,0.));
#431=IFCAXIS2PLACEMENT2D(#430,#11);
#432=IFCRECTANGLEPROFILEDEF(.AREA.,'Standard',#431,4.9999999999969686,399.99999999999994);
#433=IFCCARTESIANPOINT((279.50000000000568,-0.,-200.));
#434=IFCAXIS2PLACEMENT3D(#433,$,$);
#435=IFCEXTRUDEDAREASOLID(#432,#434,#9,399.99999999999955);
#436=IFCCARTESIANPOINT((0.,0.));
#437=IFCAXIS2PLACEMENT2D(#436,#11);
#438=IFCRECTANGLEPROFILEDEF(.AREA.,'Standard',#437,5.000000000002383,399.99999999999994);
#439=IFCCARTESIANPOINT((-279.4999999999942,-0.,-200.));
#440=IFCAXIS2PLACEMENT3D(#439,$,$);
#441=IFCEXTRUDEDAREASOLID(#438,#440,#9,399.99999999999955);
#442=IFCSHAPEREPRESENTATION(#26,'Body','SweptSolid',(#423,#429,#435,#441));
#443=IFCAXIS2PLACEMENT3D(#3,$,$);
#444=IFCREPRESENTATIONMAP(#443,#442);
#445=IFCDUCTFITTINGTYPE('1mBTphUvP9RxcYiwuWawAr',#18,'Rectangular Square Tee - Flanged:Standard',$,$,$,(#444),'498587',$,.NOTDEFINED.);
#446=IFCMAPPEDITEM(#444,#80);
#447=IFCSHAPEREPRESENTATION(#26,'Body','MappedRepresentation',(#446));
#448=IFCPRODUCTDEFINITIONSHAPE($,$,(#447));
#449=IFCCARTESIANPOINT((773.99486660103605,1482.7470307902838,4563.8236315893728));
#450=IFCAXIS2PLACEMENT3D(#449,#8,#5);
#451=IFCLOCALPLACEMENT(#36,#450);
#452=IFCFLOWFITTING('1mBTphUvP9RxcYiwuWawAq',#18,'Rectangular Square Tee - Flanged:Standard:1392456',$,'Rectangular Square Tee - Flanged:Standard',#451,#448,'1392456');
#453=IFCPROPERTYSET('1pzEYne$_UWuVPsT78$eBO',#18,'Pset_DistributionFlowElementCommon',$,(#401));
#454=IFCPROPERTYSINGLEVALUE('FlangeThickness',$,IFCLENGTHMEASURE(5.),$);
#455=IFCPROPERTYSET('113eoUagGZmnyffjejT3xE',#18,'Pset_PipeConnectionFlanged',$,(#454));
#456=IFCPROPERTYSET('3u$shMffN2sof3BSostSyu',#18,'Pset_QuantityTakeOff',$,(#401));
#457=IFCRELDEFINESBYPROPERTIES('0dcZaoUMzgjdob5Fb9RLuh',#18,$,$,(#452),#453);
#458=IFCRELDEFINESBYPROPERTIES('2DpAhripQiXGcZCBfuRQiv',#18,$,$,(#452),#455);
#459=IFCRELDEFINESBYPROPERTIES('1aA1x01jD34qT9ZJmRCC25',#18,$,$,(#452),#456);
#460=IFCAXIS2PLACEMENT3D(#3,$,$);
#461=IFCLOCALPLACEMENT(#51,#460);
#462=IFCCARTESIANPOINT((-7.1054273576010019E-014,0.));
#463=IFCAXIS2PLACEMENT2D(#462,#11);
#464=IFCRECTANGLEPROFILEDEF(.AREA.,'Flanged Radius Bend / Shoe Branch',#463,315.0000000000054,300.);
#465=IFCCARTESIANPOINT((1213.4948666010489,1482.747030790289,413.82363158915882));
#466=IFCAXIS2PLACEMENT3D(#465,$,$);
#467=IFCEXTRUDEDAREASOLID(#464,#466,#9,300.);
#468=IFCSHAPEREPRESENTATION(#26,'Body','SweptSolid',(#467));
#469=IFCPRODUCTDEFINITIONSHAPE($,$,(#468));
#470=IFCFLOWSEGMENT('1mBTphUvP9RxcYiwuWawAg',#18,'Rectangular Duct:Flanged Radius Bend / Shoe Branch:1392470',$,'Rectangular Duct:Flanged Radius Bend / Shoe Branch',#461,#469,'1392470');
#471=IFCPROPERTYSET('3tRlqr7jDoJ9xSSWqoi61g',#18,'Pset_DistributionFlowElementCommon',$,(#277));
#472=IFCPROPERTYENUMERATEDVALUE('Shape',$,(IFCLABEL('RECTANGULAR')),$);
#473=IFCPROPERTYSINGLEVALUE('Length',$,IFCPOSITIVELENGTHMEASURE(315.),$);
#474=IFCPROPERTYSET('0zYI5BmUHiWLyKBWwez6yi',#18,'Pset_DuctSegmentTypeCommon',$,(#472,#473));
#475=IFCPROPERTYSET('0spRM9yasyDw7t_IoJOaGe',#18,'Pset_FlowSegmentDuctSegment',$,(#473));
#476=IFCPROPERTYSET('3f_4UzxQygeu4FGXqJuGjH',#18,'Pset_FlowSegmentPipeSegment',$,(#473));
#477=IFCPROPERTYSET('1G06wzdDdPTRzjOYUPwjsx',#18,'Pset_QuantityTakeOff',$,(#277));
#478=IFCRELDEFINESBYPROPERTIES('1tJj9$Quw7yMRGc1EqBOHw',#18,$,$,(#470),#471);
#479=IFCRELDEFINESBYPROPERTIES('1Bzk_MvtvWqRD8x4M9Ayq9',#18,$,$,(#470),#474);
#480=IFCRELDEFINESBYPROPERTIES('1SS464iPObBT8p7JgNcA55',#18,$,$,(#470),#475);
#481=IFCRELDEFINESBYPROPERTIES('1bK$F_ghZxPoCTeqldyIqZ',#18,$,$,(#470),#476);
#482=IFCRELDEFINESBYPROPERTIES('2p7IhaXQM1HfLW2uURuXDm',#18,$,$,(#470),#477);
#483=IFCAXIS2PLACEMENT3D(#3,$,$);
#484=IFCLOCALPLACEMENT(#51,#483);
#485=IFCCARTESIANPOINT((0.,0.));
#486=IFCAXIS2PLACEMENT2D(#485,#11);
#487=IFCRECTANGLEPROFILEDEF(.AREA.,'Flanged Radius Bend / Shoe Branch',#486,1499.5999999999606,300.);
#488=IFCCARTESIANPOINT((1675.9948666010562,427.94703079031137,413.82363158915882));
#489=IFCAXIS2PLACEMENT3D(#488,#9,#8);
#490=IFCEXTRUDEDAREASOLID(#487,#489,#9,300.);
#491=IFCSHAPEREPRESENTATION(#26,'Body','SweptSolid',(#490));
#492=IFCPRODUCTDEFINITIONSHAPE($,$,(#491));
#493=IFCFLOWSEGMENT('1mBTphUvP9RxcYiwuWawAS',#18,'Rectangular Duct:Flanged Radius Bend / Shoe Branch:1392480',$,'Rectangular Duct:Flanged Radius Bend / Shoe Branch',#484,#492,'1392480');
#494=IFCPROPERTYSET('1QfEbfTQfD_1G78kSCRDig',#18,'Pset_DistributionFlowElementCommon',$,(#277));
#495=IFCPROPERTYENUMERATEDVALUE('Shape',$,(IFCLABEL('RECTANGULAR')),$);
#496=IFCPROPERTYSINGLEVALUE('Length',$,IFCPOSITIVELENGTHMEASURE(1499.5999999999606),$);
#497=IFCPROPERTYSET('1fqkUQG0wc$bVjqcCCXtpE',#18,'Pset_DuctSegmentTypeCommon',$,(#495,#496));
#498=IFCPROPERTYSINGLEVALUE('Length',$,IFCPOSITIVELENGTHMEASURE(1499.5999999999606),$);
#499=IFCPROPERTYSET('2RurElLMj4ysRzjzZCY8wp',#18,'Pset_FlowSegmentDuctSegment',$,(#498));
#500=IFCPROPERTYSINGLEVALUE('Length',$,IFCPOSITIVELENGTHMEASURE(1499.5999999999606),$);
#501=IFCPROPERTYSET('2leapGH9JAf3GyL$_nUeyv',#18,'Pset_FlowSegmentPipeSegment',$,(#500));
#502=IFCPROPERTYSET('2bQbJrKEjylJJqmOMr5CSR',#18,'Pset_QuantityTakeOff',$,(#277));
#503=IFCRELDEFINESBYPROPERTIES('1UxO3QOqCUxr8vAiiKduAA',#18,$,$,(#493),#494);
#504=IFCRELDEFINESBYPROPERTIES('1vc0VXSIg8tCGnC1iU6G9C',#18,$,$,(#493),#497);
#505=IFCRELDEFINESBYPROPERTIES('20Oyl__1hg8dF$CvaVbB0l',#18,$,$,(#493),#499);
#506=IFCRELDEFINESBYPROPERTIES('3sVy2gumm$51qqQCjjKG8_',#18,$,$,(#493),#501);
#507=IFCRELDEFINESBYPROPERTIES('2tO6_GwRHEDtv0vnOW9Xw7',#18,$,$,(#493),#502);
#508=IFCMAPPEDITEM(#392,#80);
#509=IFCSHAPEREPRESENTATION(#26,'Body','MappedRepresentation',(#508));
#510=IFCPRODUCTDEFINITIONSHAPE($,$,(#509));
#511=IFCCARTESIANPOINT((1675.9948666010375,1482.7470307902786,563.82363158915882));
#512=IFCAXIS2PLACEMENT3D(#511,#9,#7);
#513=IFCLOCALPLACEMENT(#51,#512);
#514=IFCFLOWFITTING('1mBTphUvP9RxcYiwuWawAR',#18,'Rectangular Medium Radius Bend - Flanged:Standard:1392487',$,'Rectangular Medium Radius Bend - Flanged:Standard',#513,#510,'1392487');
#515=IFCPROPERTYSET('2yPO4Go0I2f8RZjLMFlYLz',#18,'Pset_DistributionFlowElementCommon',$,(#401));
#516=IFCPROPERTYSINGLEVALUE('FlangeThickness',$,IFCLENGTHMEASURE(5.),$);
#517=IFCPROPERTYSET('1fzQ9FUfGcJKAaZ6b7_cSu',#18,'Pset_PipeConnectionFlanged',$,(#516));
#518=IFCPROPERTYSET('21h9rhQOAaB8jyt$WutJFX',#18,'Pset_QuantityTakeOff',$,(#401));
#519=IFCRELDEFINESBYPROPERTIES('0679a1x3uzUPiq2mid$yzI',#18,$,$,(#514),#515);
#520=IFCRELDEFINESBYPROPERTIES('1N7o5F2htcpkyrsD8ANFly',#18,$,$,(#514),#517);
#521=IFCRELDEFINESBYPROPERTIES('2m1EbvU7mUZiEqUXRS7ziG',#18,$,$,(#514),#518);
#522=IFCAXIS2PLACEMENT3D(#3,$,$);
#523=IFCLOCALPLACEMENT(#36,#522);
#524=IFCCARTESIANPOINT((2.1149748619109232E-014,0.));
#525=IFCAXIS2PLACEMENT2D(#524,#11);
#526=IFCCIRCLEPROFILEDEF(.AREA.,'Standard',#525,11.);
#527=IFCCARTESIANPOINT((-372.40463339897275,33.547030790336123,4313.9236315892185));
#528=IFCAXIS2PLACEMENT3D(#527,#5,#8);
#529=IFCEXTRUDEDAREASOLID(#526,#528,#9,158.86533272388826);
#530=IFCSHAPEREPRESENTATION(#26,'Body','SweptSolid',(#529));
#531=IFCPRODUCTDEFINITIONSHAPE($,$,(#530));
#532=IFCPIPESEGMENTTYPE('1UQxgjFRn7IR740odrfVLS',#18,'Pipe Types:Standard',$,$,$,$,'142438',$,.NOTDEFINED.);
#533=IFCFLOWSEGMENT('2W2DoYBEb5MOqNjYUEJIYx',#18,'Pipe Types:Standard:1392610',$,'Pipe Types:Standard',#523,#531,'1392610');
#534=IFCPROPERTYSET('0_5NQWzL$ewIWMi_6yMpDJ',#18,'Pset_DistributionFlowElementCommon',$,(#401));
#535=IFCPROPERTYLISTVALUE('ConnectionType',$,(IFCTEXT('Generic')),$);
#536=IFCPROPERTYSET('2eqVsuRb3SIHi4tKFpRsSD',#18,'Pset_DuctConnection',$,(#535));
#537=IFCPROPERTYENUMERATEDVALUE('Shape',$,(IFCLABEL('ROUND')),$);
#538=IFCPROPERTYSINGLEVALUE('Length',$,IFCPOSITIVELENGTHMEASURE(158.86533272388826),$);
#539=IFCPROPERTYSET('1KZqnae0O7kQmuYMxBG4ot',#18,'Pset_DuctSegmentTypeCommon',$,(#537,#538));
#540=IFCPROPERTYSINGLEVALUE('Length',$,IFCPOSITIVELENGTHMEASURE(158.86533272388826),$);
#541=IFCPROPERTYSET('0nAfC6PsXZzV6GpPRQ8S5j',#18,'Pset_FlowSegmentDuctSegment',$,(#540));
#542=IFCPROPERTYSINGLEVALUE('Length',$,IFCPOSITIVELENGTHMEASURE(158.86533272388826),$);
#543=IFCPROPERTYSINGLEVALUE('InvertElevation',$,IFCLENGTHMEASURE(4303.8236315892173),$);
#544=IFCPROPERTYSET('1L5jRTFg3sNxjc8eC$4CFi',#18,'Pset_FlowSegmentPipeSegment',$,(#542,#543));
#545=IFCPROPERTYLISTVALUE('ConnectionType',$,(IFCLABEL('Generic')),$);
#546=IFCPROPERTYSET('1H7bflPXaRftZNvgp3zPEs',#18,'Pset_PipeConnection',$,(#545));
#547=IFCPROPERTYSET('1rDlfQ8OyAKs$IzoL6xQyS',#18,'Pset_QuantityTakeOff',$,(#401));
#548=IFCRELDEFINESBYPROPERTIES('13G7yMPGVsSeKjk$nEq1yi',#18,$,$,(#533),#534);
#549=IFCRELDEFINESBYPROPERTIES('2CPJVEDR6QikyK8Y9xynuE',#18,$,$,(#533),#536);
#550=IFCRELDEFINESBYPROPERTIES('3fuZe9SuZL2zVEN0qg2ceV',#18,$,$,(#533),#539);
#551=IFCRELDEFINESBYPROPERTIES('0ps83kRBaFAMDYRKraMzCo',#18,$,$,(#533),#541);
#552=IFCRELDEFINESBYPROPERTIES('1HIhgd_hdz0h7xuXKRAWJb',#18,$,$,(#533),#544);
#553=IFCRELDEFINESBYPROPERTIES('2zAgu5ZRPUibIswe3PAmzs',#18,$,$,(#533),#546);
#554=IFCRELDEFINESBYPROPERTIES('1305TSaZqeKgjih2n9$ZKs',#18,$,$,(#533),#547);
#555=IFCAXIS2PLACEMENT3D(#3,$,$);
#557=IFCCARTESIANPOINT((19.49450000000002,11.899999999998849,0.));
#558=IFCCARTESIANPOINT((19.494500000000009,8.4145706961191671,8.4145706961251392));
#559=IFCCARTESIANPOINT((19.494499999999999,-0.,11.900000000005715));
#560=IFCCARTESIANPOINT((19.494499999999984,-8.414570696121551,8.4145706961253506));
#561=IFCCARTESIANPOINT((19.494499999999977,-11.900000000001153,0.));
#562=IFCCARTESIANPOINT((19.494499999999984,-8.4145706961206983,-8.4145706961146427));
#563=IFCCARTESIANPOINT((19.494499999999999,-0.,-11.899999999994247));
#564=IFCCARTESIANPOINT((19.494500000000009,8.4145706961181652,-8.4145706961144953));
#565=IFCCARTESIANPOINT((8.0007000000000161,10.291699999999649,-0.));
#566=IFCCARTESIANPOINT((8.000700000000009,5.1458499999995695,-8.9128736481276558));
#567=IFCCARTESIANPOINT((8.0006999999999913,-5.145849999999732,-8.9128736481277713));
#568=IFCCARTESIANPOINT((8.0006999999999824,-10.291700000000267,0.));
#569=IFCCARTESIANPOINT((8.0006999999999913,-5.1458500000003351,8.9128736481289419));
#570=IFCCARTESIANPOINT((8.000700000000009,5.1458500000003005,8.9128736481287962));
#571=IFCPOLYLOOP((#560,#561,#562,#563,#564,#557,#558,#559));
#572=IFCFACEOUTERBOUND(#571,.T.);
#573=IFCFACE((#572));
#574=IFCPOLYLOOP((#568,#569,#570,#565,#566,#567));
#575=IFCFACEOUTERBOUND(#574,.T.);
#576=IFCFACE((#575));
#577=IFCPOLYLOOP((#568,#567,#562));
#578=IFCFACEOUTERBOUND(#577,.T.);
#579=IFCFACE((#578));
#580=IFCPOLYLOOP((#562,#561,#568));
#581=IFCFACEOUTERBOUND(#580,.T.);
#582=IFCFACE((#581));
#583=IFCPOLYLOOP((#567,#563,#562));
#584=IFCFACEOUTERBOUND(#583,.T.);
#585=IFCFACE((#584));
#586=IFCPOLYLOOP((#566,#565,#564));
#587=IFCFACEOUTERBOUND(#586,.T.);
#588=IFCFACE((#587));
#589=IFCPOLYLOOP((#564,#563,#566));
#590=IFCFACEOUTERBOUND(#589,.T.);
#591=IFCFACE((#590));
#592=IFCPOLYLOOP((#557,#564,#565));
#593=IFCFACEOUTERBOUND(#592,.T.);
#594=IFCFACE((#593));
#595=IFCPOLYLOOP((#566,#563,#567));
#596=IFCFACEOUTERBOUND(#595,.T.);
#597=IFCFACE((#596));
#598=IFCPOLYLOOP((#565,#570,#558));
#599=IFCFACEOUTERBOUND(#598,.T.);
#600=IFCFACE((#599));
#601=IFCPOLYLOOP((#558,#557,#565));
#602=IFCFACEOUTERBOUND(#601,.T.);
#603=IFCFACE((#602));
#604=IFCPOLYLOOP((#570,#559,#558));
#605=IFCFACEOUTERBOUND(#604,.T.);
#606=IFCFACE((#605));
#607=IFCPOLYLOOP((#569,#568,#560));
#608=IFCFACEOUTERBOUND(#607,.T.);
#609=IFCFACE((#608));
#610=IFCPOLYLOOP((#560,#559,#569));
#611=IFCFACEOUTERBOUND(#610,.T.);
#612=IFCFACE((#611));
#613=IFCPOLYLOOP((#561,#560,#568));
#614=IFCFACEOUTERBOUND(#613,.T.);
#615=IFCFACE((#614));
#616=IFCPOLYLOOP((#569,#559,#570));
#617=IFCFACEOUTERBOUND(#616,.T.);
#618=IFCFACE((#617));
#619=IFCCARTESIANPOINT((28.734499999999358,-11.8999999999981,-0.));
#620=IFCCARTESIANPOINT((28.734499999999368,-11.49451733283804,3.0799466367197965));
#621=IFCCARTESIANPOINT((28.734499999999375,-10.305702305032984,5.9499999999997986));
#622=IFCCARTESIANPOINT((28.734499999999382,-8.4145706961180995,8.4145706961197373));
#623=IFCCARTESIANPOINT((28.734499999999393,-5.9499999999982061,10.305702305034666));
#624=IFCCARTESIANPOINT((28.734499999999397,-3.0799466367182187,11.494517332839788));
#625=IFCCARTESIANPOINT((28.734499999999397,0.,11.899999999999906));
#626=IFCCARTESIANPOINT((28.734499999999397,3.0799466367217678,11.494517332839854));
#627=IFCCARTESIANPOINT((28.734499999999393,5.950000000001781,10.305702305034794));
#628=IFCCARTESIANPOINT((28.734499999999382,8.4145706961217162,8.414570696119922));
#629=IFCCARTESIANPOINT((28.734499999999379,10.305702305036652,5.9500000000000224));
#630=IFCCARTESIANPOINT((28.734499999999368,11.494517332841774,3.0799466367200461));
#631=IFCCARTESIANPOINT((28.734499999999358,11.900000000001899,-0.));
#632=IFCCARTESIANPOINT((25.654499999999928,11.900000000001899,0.));
#633=IFCCARTESIANPOINT((25.654499999999938,11.494517332841774,3.0799466367200563));
#634=IFCCARTESIANPOINT((25.654499999999949,10.305702305036652,5.9500000000000313));
#635=IFCCARTESIANPOINT((25.654499999999953,8.4145706961217304,8.4145706961199149));
#636=IFCCARTESIANPOINT((25.654499999999963,5.9500000000017996,10.305702305034794));
#637=IFCCARTESIANPOINT((25.654499999999967,3.0799466367217989,11.494517332839857));
#638=IFCCARTESIANPOINT((25.654499999999967,0.,11.899999999999917));
#639=IFCCARTESIANPOINT((25.654499999999967,-3.0799466367181783,11.494517332839809));
#640=IFCCARTESIANPOINT((25.654499999999963,-5.9499999999981696,10.305702305034696));
#641=IFCCARTESIANPOINT((25.654499999999953,-8.4145706961180622,8.414570696119787));
#642=IFCCARTESIANPOINT((25.654499999999949,-10.305702305032948,5.9499999999998678));
#643=IFCCARTESIANPOINT((25.654499999999938,-11.494517332838026,3.079946636719868));
#644=IFCCARTESIANPOINT((25.654499999999388,-11.8999999999981,-0.));
#645=IFCCARTESIANPOINT((28.73449999999935,11.494517332841811,-3.0799466367200865));
#646=IFCCARTESIANPOINT((28.734499999999343,10.305702305036723,-5.9500000000000863));
#647=IFCCARTESIANPOINT((28.734499999999333,8.414570696121821,-8.414570696120002));
#648=IFCCARTESIANPOINT((28.734499999999326,5.9500000000019098,-10.305702305034906));
#649=IFCCARTESIANPOINT((28.734499999999322,3.0799466367219113,-11.494517332840001));
#650=IFCCARTESIANPOINT((28.734499999999322,0.,-11.900000000000093));
#651=IFCCARTESIANPOINT((28.734499999999322,-3.0799466367180783,-11.494517332840012));
#652=IFCCARTESIANPOINT((28.734499999999326,-5.9499999999980808,-10.305702305034925));
#653=IFCCARTESIANPOINT((28.734499999999333,-8.4145706961179982,-8.4145706961200286));
#654=IFCCARTESIANPOINT((28.734499999999336,-10.305702305032906,-5.9500000000001192));
#655=IFCCARTESIANPOINT((28.73449999999935,-11.494517332838004,-3.0799466367201234));
#656=IFCCARTESIANPOINT((25.654499999999921,-11.494517332838004,-3.0799466367201132));
#657=IFCCARTESIANPOINT((25.654499999999906,-10.305702305032906,-5.9500000000001094));
#658=IFCCARTESIANPOINT((25.654499999999903,-8.4145706961179982,-8.414570696120018));
#659=IFCCARTESIANPOINT((25.654499999999896,-5.9499999999980808,-10.305702305034915));
#660=IFCCARTESIANPOINT((25.654499999999892,-3.0799466367180783,-11.494517332840001));
#661=IFCCARTESIANPOINT((25.654499999999892,0.,-11.900000000000082));
#662=IFCCARTESIANPOINT((25.654499999999892,3.0799466367219113,-11.49451733283999));
#663=IFCCARTESIANPOINT((25.654499999999896,5.9500000000019098,-10.305702305034895));
#664=IFCCARTESIANPOINT((25.654499999999903,8.414570696121821,-8.4145706961199931));
#665=IFCCARTESIANPOINT((25.654499999999906,10.305702305036723,-5.9500000000000774));
#666=IFCCARTESIANPOINT((25.654499999999921,11.494517332841811,-3.0799466367200767));
#667=IFCCARTESIANPOINT((23.274500000000145,11.900000000002107,-0.));
#668=IFCCARTESIANPOINT((24.464500000000307,13.0900000000021,-0.));
#669=IFCCARTESIANPOINT((24.464500000000307,-13.089999999997904,-0.));
#670=IFCCARTESIANPOINT((23.274500000000145,-11.899999999998109,-0.));
#671=IFCCARTESIANPOINT((23.274500000000145,-11.494517332838013,-3.0799466367201065));
#672=IFCCARTESIANPOINT((23.274500000000145,-10.305702305032915,-5.9500000000001068));
#673=IFCCARTESIANPOINT((23.274500000000145,-8.4145706961180053,-8.4145706961200162));
#674=IFCCARTESIANPOINT((23.274500000000145,-5.949999999998087,-10.305702305034911));
#675=IFCCARTESIANPOINT((23.274500000000145,-3.0799466367180819,-11.494517332840001));
#676=IFCCARTESIANPOINT((23.274500000000145,0.,-11.900000000000082));
#677=IFCCARTESIANPOINT((23.274500000000145,3.0799466367219126,-11.49451733283999));
#678=IFCCARTESIANPOINT((23.274500000000145,5.9500000000019142,-10.305702305034895));
#679=IFCCARTESIANPOINT((23.274500000000145,8.4145706961218263,-8.4145706961199913));
#680=IFCCARTESIANPOINT((23.274500000000145,10.30570230503673,-5.9500000000000748));
#681=IFCCARTESIANPOINT((23.274500000000145,11.49451733284182,-3.0799466367200714));
#682=IFCCARTESIANPOINT((24.464500002087533,7.3370444823182392,-10.840474079324945));
#683=IFCCARTESIANPOINT((24.46450000167442,11.488817965191762,-6.2733692512665193));
#684=IFCCARTESIANPOINT((24.46449998815347,1.5540325561468387,-12.997426007269453));
#685=IFCCARTESIANPOINT((24.464500003123025,-4.5744860342271112,-12.264671928863157));
#686=IFCCARTESIANPOINT((24.464500002145197,-9.6859633322042633,-8.8051243220726452));
#687=IFCCARTESIANPOINT((24.965859539488278,-12.567301197853435,-3.2439738991873055));
#688=IFCCARTESIANPOINT((23.881945890015558,4.5633522496896433,-12.106145884581391));
#689=IFCCARTESIANPOINT((25.047054086189053,9.6434989831397289,-8.6247249023601267));
#690=IFCCARTESIANPOINT((23.881945921289844,12.538474611961966,-3.1889820935599733));
#691=IFCCARTESIANPOINT((25.047054087569435,-7.3135988370781222,-10.672123701933629));
#692=IFCCARTESIANPOINT((23.881945881470383,-1.5508285155138462,-12.844371636044542));
#693=IFCCARTESIANPOINT((23.88194592873699,-11.419142411993027,-6.0816230621902738));
#694=IFCCARTESIANPOINT((25.134921731010444,4.5597843035685601,-12.049256675795739));
#695=IFCCARTESIANPOINT((23.794078254313259,9.628865198920213,-8.5592741548250153));
#696=IFCCARTESIANPOINT((25.134921748788688,12.500651457894271,-3.1160764031373964));
#697=IFCCARTESIANPOINT((23.794078255422928,-7.3057811703421063,-10.611398615966536));
#698=IFCCARTESIANPOINT((25.134921722628242,-1.5498334040750823,-12.789614376561035));
#699=IFCCARTESIANPOINT((25.159963548671872,-11.386679072467729,-5.9889757480434689));
#700=IFCCARTESIANPOINT((23.754372333340029,-12.480992596018709,-3.0778355517602733));
#701=IFCCARTESIANPOINT((25.379154180820645,1.5467205796742984,-12.566423897890239));
#702=IFCCARTESIANPOINT((23.54984581465494,-4.5478319999267152,-11.816284445451176));
#703=IFCCARTESIANPOINT((23.274500000000145,11.494517332841784,3.0799466367200576));
#704=IFCCARTESIANPOINT((23.274500000000145,10.305702305036663,5.9500000000000401));
#705=IFCCARTESIANPOINT((23.274500000000145,8.4145706961217321,8.4145706961199345));
#706=IFCCARTESIANPOINT((23.274500000000145,5.9500000000018058,10.30570230503481));
#707=IFCCARTESIANPOINT((23.274500000000145,3.0799466367217923,11.494517332839875));
#708=IFCCARTESIANPOINT((23.274500000000145,0.,11.899999999999935));
#709=IFCCARTESIANPOINT((23.274500000000145,-3.0799466367181787,11.494517332839827));
#710=IFCCARTESIANPOINT((23.274500000000145,-5.9499999999981705,10.305702305034712));
#711=IFCCARTESIANPOINT((23.274500000000145,-8.4145706961180711,8.4145706961197977));
#712=IFCCARTESIANPOINT((23.274500000000145,-10.305702305032957,5.9499999999998776));
#713=IFCCARTESIANPOINT((23.274500000000145,-11.494517332838036,3.0799466367198773));
#714=IFCCARTESIANPOINT((24.464500001839287,-7.3370444943907032,10.840474071151069));
#715=IFCCARTESIANPOINT((24.464500001420216,-11.488817967747501,6.2733692465781887));
#716=IFCCARTESIANPOINT((24.464499989732563,-1.554032566785986,12.997426005996729));
#717=IFCCARTESIANPOINT((24.464499998886307,4.5744861480685,12.264671886403921));
#718=IFCCARTESIANPOINT((24.464500002216667,11.488817951907929,6.2733692755938852));
#719=IFCCARTESIANPOINT((23.881945896590455,-4.5633522499409649,12.106145888429696));
#720=IFCCARTESIANPOINT((25.047054087225355,-9.6434989867881367,8.624724897403091));
#721=IFCCARTESIANPOINT((23.88194591889102,-12.538474610277232,3.1889820947036598));
#722=IFCCARTESIANPOINT((23.881945903216248,1.5508284990106063,12.844371650334493));
#723=IFCCARTESIANPOINT((25.047054117855605,7.3135988288785443,10.672123686942886));
#724=IFCCARTESIANPOINT((25.047054085687414,12.53847460093059,3.1889821210414073));
#725=IFCCARTESIANPOINT((23.881945887390959,9.6434990042523516,8.6247248565036294));
#726=IFCCARTESIANPOINT((25.134921735505426,-4.5597843186850939,12.049256666796236));
#727=IFCCARTESIANPOINT((23.794078254958649,-9.6288651966030461,8.5592741580893037));
#728=IFCCARTESIANPOINT((25.134921747634351,-12.500651458934437,3.1160764022021925));
#729=IFCCARTESIANPOINT((25.134921736448334,1.5498334463229313,12.789614361949042));
#730=IFCCARTESIANPOINT((23.794078254035234,12.500651465979663,3.1160763786626378));
#731=IFCCARTESIANPOINT((25.170472363976515,9.6221995880182263,8.5288112089126482));
#732=IFCCARTESIANPOINT((23.758527634852708,7.3022723718180389,10.583201960395284));
#733=IFCCARTESIANPOINT((25.379154181903239,4.5478320077427501,11.816284446875564));
#734=IFCCARTESIANPOINT((19.494499999992904,-11.8999999999981,-0.));
#735=IFCCARTESIANPOINT((19.494499999992914,-11.494517332838045,3.0799466367198218));
#736=IFCCARTESIANPOINT((19.494499999992925,-10.305702305032984,5.9499999999998288));
#737=IFCCARTESIANPOINT((19.494499999992929,-8.4145706961180995,8.4145706961197675));
#738=IFCCARTESIANPOINT((19.494499999992939,-5.9499999999982061,10.305702305034695));
#739=IFCCARTESIANPOINT((19.494499999992943,-3.0799466367182187,11.494517332839816));
#740=IFCCARTESIANPOINT((19.494499999992943,0.,11.899999999999936));
#741=IFCCARTESIANPOINT((19.494499999992943,3.0799466367217678,11.494517332839882));
#742=IFCCARTESIANPOINT((19.494499999992939,5.950000000001781,10.305702305034824));
#743=IFCCARTESIANPOINT((19.494499999992929,8.4145706961217162,8.4145706961199522));
#744=IFCCARTESIANPOINT((19.494499999992925,10.305702305036647,5.9500000000000606));
#745=IFCCARTESIANPOINT((19.494499999992914,11.494517332841774,3.0799466367200763));
#746=IFCCARTESIANPOINT((19.494499999992904,11.900000000001899,-0.));
#747=IFCCARTESIANPOINT((19.494499999992897,11.494517332841811,-3.0799466367200568));
#748=IFCCARTESIANPOINT((19.494499999992883,10.305702305036723,-5.950000000000057));
#749=IFCCARTESIANPOINT((19.494499999992879,8.414570696121821,-8.4145706961199735));
#750=IFCCARTESIANPOINT((19.494499999992872,5.9500000000019098,-10.305702305034877));
#751=IFCCARTESIANPOINT((19.494499999992868,3.0799466367219113,-11.494517332839971));
#752=IFCCARTESIANPOINT((19.494499999992868,0.,-11.900000000000063));
#753=IFCCARTESIANPOINT((19.494499999992868,-3.0799466367180783,-11.494517332839981));
#754=IFCCARTESIANPOINT((19.494499999992872,-5.9499999999980808,-10.305702305034895));
#755=IFCCARTESIANPOINT((19.494499999992879,-8.4145706961179982,-8.4145706961199984));
#756=IFCCARTESIANPOINT((19.494499999992883,-10.305702305032906,-5.9500000000000899));
#757=IFCCARTESIANPOINT((19.494499999992897,-11.494517332838004,-3.0799466367200932));
#758=IFCPOLYLOOP((#620,#643,#644,#619));
#759=IFCFACEOUTERBOUND(#758,.T.);
#760=IFCFACE((#759));
#761=IFCPOLYLOOP((#713,#735,#734,#670));
#762=IFCFACEOUTERBOUND(#761,.T.);
#763=IFCFACE((#762));
#764=IFCPOLYLOOP((#621,#642,#643,#620));
#765=IFCFACEOUTERBOUND(#764,.T.);
#766=IFCFACE((#765));
#767=IFCPOLYLOOP((#712,#736,#735,#713));
#768=IFCFACEOUTERBOUND(#767,.T.);
#769=IFCFACE((#768));
#770=IFCPOLYLOOP((#641,#622,#623,#640));
#771=IFCFACEOUTERBOUND(#770,.T.);
#772=IFCFACE((#771));
#773=IFCPOLYLOOP((#737,#711,#710,#738));
#774=IFCFACEOUTERBOUND(#773,.T.);
#775=IFCFACE((#774));
#776=IFCPOLYLOOP((#621,#622,#641,#642));
#777=IFCFACEOUTERBOUND(#776,.T.);
#778=IFCFACE((#777));
#779=IFCPOLYLOOP((#712,#711,#737,#736));
#780=IFCFACEOUTERBOUND(#779,.T.);
#781=IFCFACE((#780));
#782=IFCPOLYLOOP((#640,#623,#624,#639));
#783=IFCFACEOUTERBOUND(#782,.T.);
#784=IFCFACE((#783));
#785=IFCPOLYLOOP((#738,#710,#709,#739));
#786=IFCFACEOUTERBOUND(#785,.T.);
#787=IFCFACE((#786));
#788=IFCPOLYLOOP((#625,#638,#639,#624));
#789=IFCFACEOUTERBOUND(#788,.T.);
#790=IFCFACE((#789));
#791=IFCPOLYLOOP((#739,#709,#708,#740));
#792=IFCFACEOUTERBOUND(#791,.T.);
#793=IFCFACE((#792));
#794=IFCPOLYLOOP((#627,#636,#637,#626));
#795=IFCFACEOUTERBOUND(#794,.T.);
#796=IFCFACE((#795));
#797=IFCPOLYLOOP((#706,#742,#741,#707));
#798=IFCFACEOUTERBOUND(#797,.T.);
#799=IFCFACE((#798));
#800=IFCPOLYLOOP((#628,#635,#636,#627));
#801=IFCFACEOUTERBOUND(#800,.T.);
#802=IFCFACE((#801));
#803=IFCPOLYLOOP((#705,#743,#742,#706));
#804=IFCFACEOUTERBOUND(#803,.T.);
#805=IFCFACE((#804));
#806=IFCPOLYLOOP((#634,#629,#630,#633));
#807=IFCFACEOUTERBOUND(#806,.T.);
#808=IFCFACE((#807));
#809=IFCPOLYLOOP((#744,#704,#703,#745));
#810=IFCFACEOUTERBOUND(#809,.T.);
#811=IFCFACE((#810));
#812=IFCPOLYLOOP((#628,#629,#634,#635));
#813=IFCFACEOUTERBOUND(#812,.T.);
#814=IFCFACE((#813));
#815=IFCPOLYLOOP((#705,#704,#744,#743));
#816=IFCFACEOUTERBOUND(#815,.T.);
#817=IFCFACE((#816));
#818=IFCPOLYLOOP((#633,#630,#631,#632));
#819=IFCFACEOUTERBOUND(#818,.T.);
#820=IFCFACE((#819));
#821=IFCPOLYLOOP((#745,#703,#667,#746));
#822=IFCFACEOUTERBOUND(#821,.T.);
#823=IFCFACE((#822));
#824=IFCPOLYLOOP((#637,#638,#625,#626));
#825=IFCFACEOUTERBOUND(#824,.T.);
#826=IFCFACE((#825));
#827=IFCPOLYLOOP((#741,#740,#708,#707));
#828=IFCFACEOUTERBOUND(#827,.T.);
#829=IFCFACE((#828));
#830=IFCPOLYLOOP((#645,#666,#632,#631));
#831=IFCFACEOUTERBOUND(#830,.T.);
#832=IFCFACE((#831));
#833=IFCPOLYLOOP((#681,#747,#746,#667));
#834=IFCFACEOUTERBOUND(#833,.T.);
#835=IFCFACE((#834));
#836=IFCPOLYLOOP((#646,#665,#666,#645));
#837=IFCFACEOUTERBOUND(#836,.T.);
#838=IFCFACE((#837));
#839=IFCPOLYLOOP((#680,#748,#747,#681));
#840=IFCFACEOUTERBOUND(#839,.T.);
#841=IFCFACE((#840));
#842=IFCPOLYLOOP((#664,#647,#648,#663));
#843=IFCFACEOUTERBOUND(#842,.T.);
#844=IFCFACE((#843));
#845=IFCPOLYLOOP((#749,#679,#678,#750));
#846=IFCFACEOUTERBOUND(#845,.T.);
#847=IFCFACE((#846));
#848=IFCPOLYLOOP((#646,#647,#664,#665));
#849=IFCFACEOUTERBOUND(#848,.T.);
#850=IFCFACE((#849));
#851=IFCPOLYLOOP((#680,#679,#749,#748));
#852=IFCFACEOUTERBOUND(#851,.T.);
#853=IFCFACE((#852));
#854=IFCPOLYLOOP((#663,#648,#649,#662));
#855=IFCFACEOUTERBOUND(#854,.T.);
#856=IFCFACE((#855));
#857=IFCPOLYLOOP((#750,#678,#677,#751));
#858=IFCFACEOUTERBOUND(#857,.T.);
#859=IFCFACE((#858));
#860=IFCPOLYLOOP((#650,#661,#662,#649));
#861=IFCFACEOUTERBOUND(#860,.T.);
#862=IFCFACE((#861));
#863=IFCPOLYLOOP((#751,#677,#676,#752));
#864=IFCFACEOUTERBOUND(#863,.T.);
#865=IFCFACE((#864));
#866=IFCPOLYLOOP((#660,#651,#652,#659));
#867=IFCFACEOUTERBOUND(#866,.T.);
#868=IFCFACE((#867));
#869=IFCPOLYLOOP((#674,#754,#753,#675));
#870=IFCFACEOUTERBOUND(#869,.T.);
#871=IFCFACE((#870));
#872=IFCPOLYLOOP((#653,#658,#659,#652));
#873=IFCFACEOUTERBOUND(#872,.T.);
#874=IFCFACE((#873));
#875=IFCPOLYLOOP((#673,#755,#754,#674));
#876=IFCFACEOUTERBOUND(#875,.T.);
#877=IFCFACE((#876));
#878=IFCPOLYLOOP((#657,#654,#655,#656));
#879=IFCFACEOUTERBOUND(#878,.T.);
#880=IFCFACE((#879));
#881=IFCPOLYLOOP((#756,#672,#671,#757));
#882=IFCFACEOUTERBOUND(#881,.T.);
#883=IFCFACE((#882));
#884=IFCPOLYLOOP((#653,#654,#657,#658));
#885=IFCFACEOUTERBOUND(#884,.T.);
#886=IFCFACE((#885));
#887=IFCPOLYLOOP((#673,#672,#756,#755));
#888=IFCFACEOUTERBOUND(#887,.T.);
#889=IFCFACE((#888));
#890=IFCPOLYLOOP((#656,#655,#619,#644));
#891=IFCFACEOUTERBOUND(#890,.T.);
#892=IFCFACE((#891));
#893=IFCPOLYLOOP((#757,#671,#670,#734));
#894=IFCFACEOUTERBOUND(#893,.T.);
#895=IFCFACE((#894));
#896=IFCPOLYLOOP((#660,#661,#650,#651));
#897=IFCFACEOUTERBOUND(#896,.T.);
#898=IFCFACE((#897));
#899=IFCPOLYLOOP((#753,#752,#676,#675));
#900=IFCFACEOUTERBOUND(#899,.T.);
#901=IFCFACE((#900));
#902=IFCPOLYLOOP((#683,#690,#696));
#903=IFCFACEOUTERBOUND(#902,.T.);
#904=IFCFACE((#903));
#905=IFCPOLYLOOP((#682,#695,#689));
#906=IFCFACEOUTERBOUND(#905,.T.);
#907=IFCFACE((#906));
#908=IFCPOLYLOOP((#667,#668,#690));
#909=IFCFACEOUTERBOUND(#908,.T.);
#910=IFCFACE((#909));
#911=IFCPOLYLOOP((#696,#632,#666));
#912=IFCFACEOUTERBOUND(#911,.T.);
#913=IFCFACE((#912));
#914=IFCPOLYLOOP((#682,#664,#663));
#915=IFCFACEOUTERBOUND(#914,.T.);
#916=IFCFACE((#915));
#917=IFCPOLYLOOP((#675,#676,#692));
#918=IFCFACEOUTERBOUND(#917,.T.);
#919=IFCFACE((#918));
#920=IFCPOLYLOOP((#683,#666,#665));
#921=IFCFACEOUTERBOUND(#920,.T.);
#922=IFCFACE((#921));
#923=IFCPOLYLOOP((#700,#669,#670));
#924=IFCFACEOUTERBOUND(#923,.T.);
#925=IFCFACE((#924));
#926=IFCPOLYLOOP((#682,#689,#664));
#927=IFCFACEOUTERBOUND(#926,.T.);
#928=IFCFACE((#927));
#929=IFCPOLYLOOP((#684,#677,#688));
#930=IFCFACEOUTERBOUND(#929,.T.);
#931=IFCFACE((#930));
#932=IFCPOLYLOOP((#686,#673,#697));
#933=IFCFACEOUTERBOUND(#932,.T.);
#934=IFCFACE((#933));
#935=IFCPOLYLOOP((#663,#662,#694));
#936=IFCFACEOUTERBOUND(#935,.T.);
#937=IFCFACE((#936));
#938=IFCPOLYLOOP((#681,#690,#683));
#939=IFCFACEOUTERBOUND(#938,.T.);
#940=IFCFACE((#939));
#941=IFCPOLYLOOP((#690,#681,#667));
#942=IFCFACEOUTERBOUND(#941,.T.);
#943=IFCFACE((#942));
#944=IFCPOLYLOOP((#695,#682,#679));
#945=IFCFACEOUTERBOUND(#944,.T.);
#946=IFCFACE((#945));
#947=IFCPOLYLOOP((#696,#668,#632));
#948=IFCFACEOUTERBOUND(#947,.T.);
#949=IFCFACE((#948));
#950=IFCPOLYLOOP((#681,#683,#680));
#951=IFCFACEOUTERBOUND(#950,.T.);
#952=IFCFACE((#951));
#953=IFCPOLYLOOP((#676,#677,#684));
#954=IFCFACEOUTERBOUND(#953,.T.);
#955=IFCFACE((#954));
#956=IFCPOLYLOOP((#661,#701,#662));
#957=IFCFACEOUTERBOUND(#956,.T.);
#958=IFCFACE((#957));
#959=IFCPOLYLOOP((#695,#679,#680));
#960=IFCFACEOUTERBOUND(#959,.T.);
#961=IFCFACE((#960));
#962=IFCPOLYLOOP((#656,#687,#699));
#963=IFCFACEOUTERBOUND(#962,.T.);
#964=IFCFACE((#963));
#965=IFCPOLYLOOP((#689,#695,#683));
#966=IFCFACEOUTERBOUND(#965,.T.);
#967=IFCFACE((#966));
#968=IFCPOLYLOOP((#678,#682,#688));
#969=IFCFACEOUTERBOUND(#968,.T.);
#970=IFCFACE((#969));
#971=IFCPOLYLOOP((#679,#682,#678));
#972=IFCFACEOUTERBOUND(#971,.T.);
#973=IFCFACE((#972));
#974=IFCPOLYLOOP((#685,#692,#698));
#975=IFCFACEOUTERBOUND(#974,.T.);
#976=IFCFACE((#975));
#977=IFCPOLYLOOP((#676,#684,#692));
#978=IFCFACEOUTERBOUND(#977,.T.);
#979=IFCFACE((#978));
#980=IFCPOLYLOOP((#661,#660,#698));
#981=IFCFACEOUTERBOUND(#980,.T.);
#982=IFCFACE((#981));
#983=IFCPOLYLOOP((#682,#694,#688));
#984=IFCFACEOUTERBOUND(#983,.T.);
#985=IFCFACE((#984));
#986=IFCPOLYLOOP((#673,#674,#697));
#987=IFCFACEOUTERBOUND(#986,.T.);
#988=IFCFACE((#987));
#989=IFCPOLYLOOP((#659,#685,#660));
#990=IFCFACEOUTERBOUND(#989,.T.);
#991=IFCFACE((#990));
#992=IFCPOLYLOOP((#658,#657,#686));
#993=IFCFACEOUTERBOUND(#992,.T.);
#994=IFCFACE((#993));
#995=IFCPOLYLOOP((#694,#682,#663));
#996=IFCFACEOUTERBOUND(#995,.T.);
#997=IFCFACE((#996));
#998=IFCPOLYLOOP((#644,#669,#687));
#999=IFCFACEOUTERBOUND(#998,.T.);
#1000=IFCFACE((#999));
#1001=IFCPOLYLOOP((#683,#665,#689));
#1002=IFCFACEOUTERBOUND(#1001,.T.);
#1003=IFCFACE((#1002));
#1004=IFCPOLYLOOP((#658,#686,#691));
#1005=IFCFACEOUTERBOUND(#1004,.T.);
#1006=IFCFACE((#1005));
#1007=IFCPOLYLOOP((#699,#657,#656));
#1008=IFCFACEOUTERBOUND(#1007,.T.);
#1009=IFCFACE((#1008));
#1010=IFCPOLYLOOP((#694,#662,#701));
#1011=IFCFACEOUTERBOUND(#1010,.T.);
#1012=IFCFACE((#1011));
#1013=IFCPOLYLOOP((#685,#659,#691));
#1014=IFCFACEOUTERBOUND(#1013,.T.);
#1015=IFCFACE((#1014));
#1016=IFCPOLYLOOP((#689,#665,#664));
#1017=IFCFACEOUTERBOUND(#1016,.T.);
#1018=IFCFACE((#1017));
#1019=IFCPOLYLOOP((#702,#674,#675));
#1020=IFCFACEOUTERBOUND(#1019,.T.);
#1021=IFCFACE((#1020));
#1022=IFCPOLYLOOP((#685,#691,#697));
#1023=IFCFACEOUTERBOUND(#1022,.T.);
#1024=IFCFACE((#1023));
#1025=IFCPOLYLOOP((#688,#677,#678));
#1026=IFCFACEOUTERBOUND(#1025,.T.);
#1027=IFCFACE((#1026));
#1028=IFCPOLYLOOP((#672,#686,#693));
#1029=IFCFACEOUTERBOUND(#1028,.T.);
#1030=IFCFACE((#1029));
#1031=IFCPOLYLOOP((#673,#686,#672));
#1032=IFCFACEOUTERBOUND(#1031,.T.);
#1033=IFCFACE((#1032));
#1034=IFCPOLYLOOP((#693,#671,#672));
#1035=IFCFACEOUTERBOUND(#1034,.T.);
#1036=IFCFACE((#1035));
#1037=IFCPOLYLOOP((#671,#700,#670));
#1038=IFCFACEOUTERBOUND(#1037,.T.);
#1039=IFCFACE((#1038));
#1040=IFCPOLYLOOP((#699,#686,#657));
#1041=IFCFACEOUTERBOUND(#1040,.T.);
#1042=IFCFACE((#1041));
#1043=IFCPOLYLOOP((#659,#658,#691));
#1044=IFCFACEOUTERBOUND(#1043,.T.);
#1045=IFCFACE((#1044));
#1046=IFCPOLYLOOP((#644,#687,#656));
#1047=IFCFACEOUTERBOUND(#1046,.T.);
#1048=IFCFACE((#1047));
#1049=IFCPOLYLOOP((#684,#688,#694));
#1050=IFCFACEOUTERBOUND(#1049,.T.);
#1051=IFCFACE((#1050));
#1052=IFCPOLYLOOP((#700,#693,#687));
#1053=IFCFACEOUTERBOUND(#1052,.T.);
#1054=IFCFACE((#1053));
#1055=IFCPOLYLOOP((#685,#702,#692));
#1056=IFCFACEOUTERBOUND(#1055,.T.);
#1057=IFCFACE((#1056));
#1058=IFCPOLYLOOP((#683,#695,#680));
#1059=IFCFACEOUTERBOUND(#1058,.T.);
#1060=IFCFACE((#1059));
#1061=IFCPOLYLOOP((#684,#701,#698));
#1062=IFCFACEOUTERBOUND(#1061,.T.);
#1063=IFCFACE((#1062));
#1064=IFCPOLYLOOP((#683,#696,#666));
#1065=IFCFACEOUTERBOUND(#1064,.T.);
#1066=IFCFACE((#1065));
#1067=IFCPOLYLOOP((#668,#696,#690));
#1068=IFCFACEOUTERBOUND(#1067,.T.);
#1069=IFCFACE((#1068));
#1070=IFCPOLYLOOP((#697,#674,#702));
#1071=IFCFACEOUTERBOUND(#1070,.T.);
#1072=IFCFACE((#1071));
#1073=IFCPOLYLOOP((#686,#697,#691));
#1074=IFCFACEOUTERBOUND(#1073,.T.);
#1075=IFCFACE((#1074));
#1076=IFCPOLYLOOP((#685,#698,#660));
#1077=IFCFACEOUTERBOUND(#1076,.T.);
#1078=IFCFACE((#1077));
#1079=IFCPOLYLOOP((#684,#698,#692));
#1080=IFCFACEOUTERBOUND(#1079,.T.);
#1081=IFCFACE((#1080));
#1082=IFCPOLYLOOP((#687,#693,#699));
#1083=IFCFACEOUTERBOUND(#1082,.T.);
#1084=IFCFACE((#1083));
#1085=IFCPOLYLOOP((#686,#699,#693));
#1086=IFCFACEOUTERBOUND(#1085,.T.);
#1087=IFCFACE((#1086));
#1088=IFCPOLYLOOP((#693,#700,#671));
#1089=IFCFACEOUTERBOUND(#1088,.T.);
#1090=IFCFACE((#1089));
#1091=IFCPOLYLOOP((#669,#700,#687));
#1092=IFCFACEOUTERBOUND(#1091,.T.);
#1093=IFCFACE((#1092));
#1094=IFCPOLYLOOP((#698,#701,#661));
#1095=IFCFACEOUTERBOUND(#1094,.T.);
#1096=IFCFACE((#1095));
#1097=IFCPOLYLOOP((#694,#701,#684));
#1098=IFCFACEOUTERBOUND(#1097,.T.);
#1099=IFCFACE((#1098));
#1100=IFCPOLYLOOP((#692,#702,#675));
#1101=IFCFACEOUTERBOUND(#1100,.T.);
#1102=IFCFACE((#1101));
#1103=IFCPOLYLOOP((#697,#702,#685));
#1104=IFCFACEOUTERBOUND(#1103,.T.);
#1105=IFCFACE((#1104));
#1106=IFCPOLYLOOP((#715,#721,#728));
#1107=IFCFACEOUTERBOUND(#1106,.T.);
#1108=IFCFACE((#1107));
#1109=IFCPOLYLOOP((#714,#727,#720));
#1110=IFCFACEOUTERBOUND(#1109,.T.);
#1111=IFCFACE((#1110));
#1112=IFCPOLYLOOP((#670,#669,#721));
#1113=IFCFACEOUTERBOUND(#1112,.T.);
#1114=IFCFACE((#1113));
#1115=IFCPOLYLOOP((#728,#644,#643));
#1116=IFCFACEOUTERBOUND(#1115,.T.);
#1117=IFCFACE((#1116));
#1118=IFCPOLYLOOP((#714,#641,#640));
#1119=IFCFACEOUTERBOUND(#1118,.T.);
#1120=IFCFACE((#1119));
#1121=IFCPOLYLOOP((#707,#717,#706));
#1122=IFCFACEOUTERBOUND(#1121,.T.);
#1123=IFCFACE((#1122));
#1124=IFCPOLYLOOP((#715,#643,#642));
#1125=IFCFACEOUTERBOUND(#1124,.T.);
#1126=IFCFACE((#1125));
#1127=IFCPOLYLOOP((#725,#704,#705));
#1128=IFCFACEOUTERBOUND(#1127,.T.);
#1129=IFCFACE((#1128));
#1130=IFCPOLYLOOP((#714,#720,#641));
#1131=IFCFACEOUTERBOUND(#1130,.T.);
#1132=IFCFACE((#1131));
#1133=IFCPOLYLOOP((#716,#709,#719));
#1134=IFCFACEOUTERBOUND(#1133,.T.);
#1135=IFCFACE((#1134));
#1136=IFCPOLYLOOP((#717,#707,#722));
#1137=IFCFACEOUTERBOUND(#1136,.T.);
#1138=IFCFACE((#1137));
#1139=IFCPOLYLOOP((#640,#639,#726));
#1140=IFCFACEOUTERBOUND(#1139,.T.);
#1141=IFCFACE((#1140));
#1142=IFCPOLYLOOP((#721,#713,#670));
#1143=IFCFACEOUTERBOUND(#1142,.T.);
#1144=IFCFACE((#1143));
#1145=IFCPOLYLOOP((#721,#715,#713));
#1146=IFCFACEOUTERBOUND(#1145,.T.);
#1147=IFCFACE((#1146));
#1148=IFCPOLYLOOP((#728,#669,#644));
#1149=IFCFACEOUTERBOUND(#1148,.T.);
#1150=IFCFACE((#1149));
#1151=IFCPOLYLOOP((#635,#634,#731));
#1152=IFCFACEOUTERBOUND(#1151,.T.);
#1153=IFCFACE((#1152));
#1154=IFCPOLYLOOP((#723,#636,#635));
#1155=IFCFACEOUTERBOUND(#1154,.T.);
#1156=IFCFACE((#1155));
#1157=IFCPOLYLOOP((#720,#727,#715));
#1158=IFCFACEOUTERBOUND(#1157,.T.);
#1159=IFCFACE((#1158));
#1160=IFCPOLYLOOP((#726,#714,#640));
#1161=IFCFACEOUTERBOUND(#1160,.T.);
#1162=IFCFACE((#1161));
#1163=IFCPOLYLOOP((#727,#711,#712));
#1164=IFCFACEOUTERBOUND(#1163,.T.);
#1165=IFCFACE((#1164));
#1166=IFCPOLYLOOP((#713,#715,#712));
#1167=IFCFACEOUTERBOUND(#1166,.T.);
#1168=IFCFACE((#1167));
#1169=IFCPOLYLOOP((#710,#714,#719));
#1170=IFCFACEOUTERBOUND(#1169,.T.);
#1171=IFCFACE((#1170));
#1172=IFCPOLYLOOP((#716,#708,#709));
#1173=IFCFACEOUTERBOUND(#1172,.T.);
#1174=IFCFACE((#1173));
#1175=IFCPOLYLOOP((#727,#714,#711));
#1176=IFCFACEOUTERBOUND(#1175,.T.);
#1177=IFCFACE((#1176));
#1178=IFCPOLYLOOP((#717,#722,#729));
#1179=IFCFACEOUTERBOUND(#1178,.T.);
#1180=IFCFACE((#1179));
#1181=IFCPOLYLOOP((#730,#668,#667));
#1182=IFCFACEOUTERBOUND(#1181,.T.);
#1183=IFCFACE((#1182));
#1184=IFCPOLYLOOP((#729,#638,#637));
#1185=IFCFACEOUTERBOUND(#1184,.T.);
#1186=IFCFACE((#1185));
#1187=IFCPOLYLOOP((#638,#716,#639));
#1188=IFCFACEOUTERBOUND(#1187,.T.);
#1189=IFCFACE((#1188));
#1190=IFCPOLYLOOP((#632,#668,#724));
#1191=IFCFACEOUTERBOUND(#1190,.T.);
#1192=IFCFACE((#1191));
#1193=IFCPOLYLOOP((#636,#733,#637));
#1194=IFCFACEOUTERBOUND(#1193,.T.);
#1195=IFCFACE((#1194));
#1196=IFCPOLYLOOP((#723,#717,#733));
#1197=IFCFACEOUTERBOUND(#1196,.T.);
#1198=IFCFACE((#1197));
#1199=IFCPOLYLOOP((#715,#642,#720));
#1200=IFCFACEOUTERBOUND(#1199,.T.);
#1201=IFCFACE((#1200));
#1202=IFCPOLYLOOP((#718,#634,#633));
#1203=IFCFACEOUTERBOUND(#1202,.T.);
#1204=IFCFACE((#1203));
#1205=IFCPOLYLOOP((#729,#716,#638));
#1206=IFCFACEOUTERBOUND(#1205,.T.);
#1207=IFCFACE((#1206));
#1208=IFCPOLYLOOP((#725,#705,#732));
#1209=IFCFACEOUTERBOUND(#1208,.T.);
#1210=IFCFACE((#1209));
#1211=IFCPOLYLOOP((#725,#731,#718));
#1212=IFCFACEOUTERBOUND(#1211,.T.);
#1213=IFCFACE((#1212));
#1214=IFCPOLYLOOP((#714,#726,#719));
#1215=IFCFACEOUTERBOUND(#1214,.T.);
#1216=IFCFACE((#1215));
#1217=IFCPOLYLOOP((#633,#724,#718));
#1218=IFCFACEOUTERBOUND(#1217,.T.);
#1219=IFCFACE((#1218));
#1220=IFCPOLYLOOP((#716,#719,#726));
#1221=IFCFACEOUTERBOUND(#1220,.T.);
#1222=IFCFACE((#1221));
#1223=IFCPOLYLOOP((#707,#708,#722));
#1224=IFCFACEOUTERBOUND(#1223,.T.);
#1225=IFCFACE((#1224));
#1226=IFCPOLYLOOP((#732,#717,#723));
#1227=IFCFACEOUTERBOUND(#1226,.T.);
#1228=IFCFACE((#1227));
#1229=IFCPOLYLOOP((#720,#642,#641));
#1230=IFCFACEOUTERBOUND(#1229,.T.);
#1231=IFCFACE((#1230));
#1232=IFCPOLYLOOP((#703,#704,#718));
#1233=IFCFACEOUTERBOUND(#1232,.T.);
#1234=IFCFACE((#1233));
#1235=IFCPOLYLOOP((#704,#725,#718));
#1236=IFCFACEOUTERBOUND(#1235,.T.);
#1237=IFCFACE((#1236));
#1238=IFCPOLYLOOP((#632,#724,#633));
#1239=IFCFACEOUTERBOUND(#1238,.T.);
#1240=IFCFACE((#1239));
#1241=IFCPOLYLOOP((#724,#730,#718));
#1242=IFCFACEOUTERBOUND(#1241,.T.);
#1243=IFCFACE((#1242));
#1244=IFCPOLYLOOP((#731,#723,#635));
#1245=IFCFACEOUTERBOUND(#1244,.T.);
#1246=IFCFACE((#1245));
#1247=IFCPOLYLOOP((#719,#709,#710));
#1248=IFCFACEOUTERBOUND(#1247,.T.);
#1249=IFCFACE((#1248));
#1250=IFCPOLYLOOP((#730,#667,#703));
#1251=IFCFACEOUTERBOUND(#1250,.T.);
#1252=IFCFACE((#1251));
#1253=IFCPOLYLOOP((#711,#714,#710));
#1254=IFCFACEOUTERBOUND(#1253,.T.);
#1255=IFCFACE((#1254));
#1256=IFCPOLYLOOP((#716,#726,#639));
#1257=IFCFACEOUTERBOUND(#1256,.T.);
#1258=IFCFACE((#1257));
#1259=IFCPOLYLOOP((#708,#716,#722));
#1260=IFCFACEOUTERBOUND(#1259,.T.);
#1261=IFCFACE((#1260));
#1262=IFCPOLYLOOP((#715,#727,#712));
#1263=IFCFACEOUTERBOUND(#1262,.T.);
#1264=IFCFACE((#1263));
#1265=IFCPOLYLOOP((#732,#705,#706));
#1266=IFCFACEOUTERBOUND(#1265,.T.);
#1267=IFCFACE((#1266));
#1268=IFCPOLYLOOP((#715,#728,#643));
#1269=IFCFACEOUTERBOUND(#1268,.T.);
#1270=IFCFACE((#1269));
#1271=IFCPOLYLOOP((#669,#728,#721));
#1272=IFCFACEOUTERBOUND(#1271,.T.);
#1273=IFCFACE((#1272));
#1274=IFCPOLYLOOP((#729,#637,#733));
#1275=IFCFACEOUTERBOUND(#1274,.T.);
#1276=IFCFACE((#1275));
#1277=IFCPOLYLOOP((#716,#729,#722));
#1278=IFCFACEOUTERBOUND(#1277,.T.);
#1279=IFCFACE((#1278));
#1280=IFCPOLYLOOP((#718,#730,#703));
#1281=IFCFACEOUTERBOUND(#1280,.T.);
#1282=IFCFACE((#1281));
#1283=IFCPOLYLOOP((#668,#730,#724));
#1284=IFCFACEOUTERBOUND(#1283,.T.);
#1285=IFCFACE((#1284));
#1286=IFCPOLYLOOP((#718,#731,#634));
#1287=IFCFACEOUTERBOUND(#1286,.T.);
#1288=IFCFACE((#1287));
#1289=IFCPOLYLOOP((#725,#723,#731));
#1290=IFCFACEOUTERBOUND(#1289,.T.);
#1291=IFCFACE((#1290));
#1292=IFCPOLYLOOP((#717,#732,#706));
#1293=IFCFACEOUTERBOUND(#1292,.T.);
#1294=IFCFACE((#1293));
#1295=IFCPOLYLOOP((#723,#725,#732));
#1296=IFCFACEOUTERBOUND(#1295,.T.);
#1297=IFCFACE((#1296));
#1298=IFCPOLYLOOP((#723,#733,#636));
#1299=IFCFACEOUTERBOUND(#1298,.T.);
#1300=IFCFACE((#1299));
#1301=IFCPOLYLOOP((#729,#733,#717));
#1302=IFCFACEOUTERBOUND(#1301,.T.);
#1303=IFCFACE((#1302));
#1304=IFCPOLYLOOP((#751,#752,#753,#754,#755,#756,#757,#734,#735,#736,#737,#738,#739,#740,#741,#742,#743,#744,#745,#746,#747,#748,#749,#750));
#1305=IFCFACEOUTERBOUND(#1304,.T.);
#1306=IFCFACE((#1305));
#1307=IFCPOLYLOOP((#647,#646,#645,#631,#630,#629,#628,#627,#626,#625,#624,#623,#622,#621,#620,#619,#655,#654,#653,#652,#651,#650,#649,#648));
#1308=IFCFACEOUTERBOUND(#1307,.T.);
#1309=IFCFACE((#1308));
#1310=IFCCARTESIANPOINT((8.0006999999967583,-10.291700000000022,-0.));
#1311=IFCCARTESIANPOINT((8.0006999999967601,-9.9410188264192527,2.6636879664815165));
#1312=IFCCARTESIANPOINT((8.0006999999967636,-8.9128736481283806,5.1458499999999106));
#1313=IFCCARTESIANPOINT((8.000699999996769,-7.2773308599376856,7.2773308599375195));
#1314=IFCCARTESIANPOINT((8.0006999999967743,-5.1458500000001131,8.9128736481282544));
#1315=IFCCARTESIANPOINT((8.0006999999967814,-2.6636879664817399,9.9410188264191763));
#1316=IFCCARTESIANPOINT((8.0006999999967903,-0.,10.291700000000001));
#1317=IFCCARTESIANPOINT((8.0006999999967974,2.6636879664814801,9.941018826419235));
#1318=IFCCARTESIANPOINT((8.0006999999968045,5.1458499999998768,8.9128736481283681));
#1319=IFCCARTESIANPOINT((8.0006999999968098,7.2773308599374857,7.2773308599376785));
#1320=IFCCARTESIANPOINT((8.0006999999968151,8.9128736481282242,5.1458500000001086));
#1321=IFCCARTESIANPOINT((8.0006999999968187,9.9410188264191479,2.6636879664817448));
#1322=IFCCARTESIANPOINT((8.0006999999968205,10.291699999999979,0.));
#1323=IFCCARTESIANPOINT((4.7252400000000847,10.291699999999988,0.));
#1324=IFCCARTESIANPOINT((4.7252400000000838,9.9410188264191461,2.6636879664817887));
#1325=IFCCARTESIANPOINT((4.7252400000000803,8.9128736481282118,5.1458500000001477));
#1326=IFCCARTESIANPOINT((4.7252400000000758,7.2773308599374689,7.2773308599377033));
#1327=IFCCARTESIANPOINT((4.7252400000000696,5.1458499999998475,8.9128736481283894));
#1328=IFCCARTESIANPOINT((4.7252400000000625,2.6636879664814552,9.9410188264192438));
#1329=IFCCARTESIANPOINT((4.7252400000000545,-0.,10.291700000000001));
#1330=IFCCARTESIANPOINT((4.7252400000000465,-2.6636879664817563,9.9410188264191692));
#1331=IFCCARTESIANPOINT((4.7252400000000385,-5.1458500000001202,8.9128736481282456));
#1332=IFCCARTESIANPOINT((4.7252400000000323,-7.2773308599376891,7.2773308599375071));
#1333=IFCCARTESIANPOINT((4.7252400000000279,-8.912873648128377,5.1458499999999034));
#1334=IFCCARTESIANPOINT((4.7252400000000243,-9.9410188264192438,2.6636879664815165));
#1335=IFCCARTESIANPOINT((4.7252400000000847,-10.291700000000013,-0.));
#1336=IFCCARTESIANPOINT((8.0006999999968187,9.9410188264191852,-2.6636879664816102));
#1337=IFCCARTESIANPOINT((8.0006999999968151,8.91287364812829,-5.1458499999999949));
#1338=IFCCARTESIANPOINT((8.0006999999968098,7.2773308599375754,-7.277330859937587));
#1339=IFCCARTESIANPOINT((8.0006999999968045,5.1458499999999914,-8.9128736481283024));
#1340=IFCCARTESIANPOINT((8.0006999999967974,2.6636879664816036,-9.9410188264192012));
#1341=IFCCARTESIANPOINT((8.0006999999967903,-0.,-10.291700000000001));
#1342=IFCCARTESIANPOINT((8.0006999999967814,-2.6636879664816187,-9.9410188264192101));
#1343=IFCCARTESIANPOINT((8.0006999999967743,-5.1458500000000038,-8.9128736481283184));
#1344=IFCCARTESIANPOINT((8.000699999996769,-7.2773308599375968,-7.2773308599376083));
#1345=IFCCARTESIANPOINT((8.0006999999967636,-8.9128736481283166,-5.1458500000000242));
#1346=IFCCARTESIANPOINT((8.0006999999967601,-9.941018826419219,-2.6636879664816422));
#1347=IFCCARTESIANPOINT((4.7252400000000243,-9.9410188264192296,-2.663687966481572));
#1348=IFCCARTESIANPOINT((4.7252400000000279,-8.9128736481283433,-5.1458499999999603));
#1349=IFCCARTESIANPOINT((4.7252400000000323,-7.2773308599376376,-7.2773308599375568));
#1350=IFCCARTESIANPOINT((4.7252400000000385,-5.145850000000058,-8.9128736481282829));
#1351=IFCCARTESIANPOINT((4.7252400000000465,-2.6636879664816773,-9.9410188264191905));
#1352=IFCCARTESIANPOINT((4.7252400000000545,-0.,-10.291700000000001));
#1353=IFCCARTESIANPOINT((4.7252400000000625,2.663687966481544,-9.9410188264192207));
#1354=IFCCARTESIANPOINT((4.7252400000000696,5.1458499999999354,-8.9128736481283397));
#1355=IFCCARTESIANPOINT((4.7252400000000758,7.2773308599375346,-7.2773308599376376));
#1356=IFCCARTESIANPOINT((4.7252400000000803,8.9128736481282616,-5.1458500000000607));
#1357=IFCCARTESIANPOINT((4.7252400000000838,9.9410188264191746,-2.6636879664816839));
#1358=IFCCARTESIANPOINT((-0.,-10.291699999999999,-0.));
#1359=IFCCARTESIANPOINT((-0.,-9.9410188264192296,2.6636879664815165));
#1360=IFCCARTESIANPOINT((-0.,-8.9128736481283575,5.1458499999999106));
#1361=IFCCARTESIANPOINT((-0.,-7.2773308599376625,7.2773308599375195));
#1362=IFCCARTESIANPOINT((-0.,-5.1458500000000891,8.9128736481282544));
#1363=IFCCARTESIANPOINT((-0.,-2.6636879664817164,9.9410188264191763));
#1364=IFCCARTESIANPOINT((-0.,-0.,10.291700000000001));
#1365=IFCCARTESIANPOINT((0.,2.6636879664815036,9.941018826419235));
#1366=IFCCARTESIANPOINT((0.,5.1458499999998999,8.9128736481283681));
#1367=IFCCARTESIANPOINT((0.,7.2773308599375088,7.2773308599376785));
#1368=IFCCARTESIANPOINT((0.,8.9128736481282473,5.1458500000001086));
#1369=IFCCARTESIANPOINT((0.,9.9410188264191746,2.6636879664817363));
#1370=IFCCARTESIANPOINT((0.,10.291700000000004,0.));
#1371=IFCCARTESIANPOINT((0.,9.9410188264192083,-2.6636879664816102));
#1372=IFCCARTESIANPOINT((0.,8.9128736481283131,-5.1458499999999967));
#1373=IFCCARTESIANPOINT((0.,7.2773308599375985,-7.277330859937587));
#1374=IFCCARTESIANPOINT((0.,5.1458500000000118,-8.9128736481283024));
#1375=IFCCARTESIANPOINT((0.,2.6636879664816275,-9.9410188264192012));
#1376=IFCCARTESIANPOINT((0.,0.,-10.291700000000001));
#1377=IFCCARTESIANPOINT((-0.,-2.6636879664815947,-9.9410188264192101));
#1378=IFCCARTESIANPOINT((-0.,-5.1458499999999807,-8.9128736481283184));
#1379=IFCCARTESIANPOINT((-0.,-7.2773308599375737,-7.2773308599376083));
#1380=IFCCARTESIANPOINT((-0.,-8.9128736481282935,-5.1458500000000242));
#1381=IFCCARTESIANPOINT((-0.,-9.9410188264191959,-2.6636879664816422));
#1382=IFCCARTESIANPOINT((2.666900000000008,-10.291700000000008,-0.));
#1383=IFCCARTESIANPOINT((2.6669000000000089,-9.9410188264192367,2.6636879664815165));
#1384=IFCCARTESIANPOINT((2.6669000000000125,-8.9128736481283699,5.1458499999999034));
#1385=IFCCARTESIANPOINT((2.6669000000000169,-7.277330859937682,7.2773308599375071));
#1386=IFCCARTESIANPOINT((2.6669000000000236,-5.1458500000001139,8.9128736481282456));
#1387=IFCCARTESIANPOINT((2.6669000000000307,-2.6636879664817505,9.9410188264191692));
#1388=IFCCARTESIANPOINT((2.6669000000000387,-0.,10.291700000000001));
#1389=IFCCARTESIANPOINT((2.6669000000000467,2.663687966481461,9.9410188264192438));
#1390=IFCCARTESIANPOINT((2.6669000000000542,5.1458499999998537,8.9128736481283894));
#1391=IFCCARTESIANPOINT((2.6669000000000604,7.2773308599374751,7.2773308599377033));
#1392=IFCCARTESIANPOINT((2.6669000000000653,8.9128736481282189,5.1458500000001477));
#1393=IFCCARTESIANPOINT((2.6669000000000684,9.9410188264191532,2.6636879664817887));
#1394=IFCCARTESIANPOINT((2.6669000000000693,10.291699999999995,0.));
#1395=IFCCARTESIANPOINT((2.6669000000000684,9.9410188264191799,-2.6636879664816839));
#1396=IFCCARTESIANPOINT((2.6669000000000653,8.9128736481282687,-5.1458500000000607));
#1397=IFCCARTESIANPOINT((2.6669000000000604,7.2773308599375408,-7.2773308599376376));
#1398=IFCCARTESIANPOINT((2.6669000000000542,5.1458499999999416,-8.9128736481283397));
#1399=IFCCARTESIANPOINT((2.6669000000000467,2.6636879664815498,-9.9410188264192207));
#1400=IFCCARTESIANPOINT((2.6669000000000387,-0.,-10.291700000000001));
#1401=IFCCARTESIANPOINT((2.6669000000000307,-2.6636879664816715,-9.9410188264191905));
#1402=IFCCARTESIANPOINT((2.6669000000000236,-5.1458500000000518,-8.9128736481282829));
#1403=IFCCARTESIANPOINT((2.6669000000000169,-7.2773308599376314,-7.2773308599375568));
#1404=IFCCARTESIANPOINT((2.6669000000000125,-8.9128736481283362,-5.1458499999999603));
#1405=IFCCARTESIANPOINT((2.6669000000000089,-9.9410188264192225,-2.663687966481572));
#1406=IFCCARTESIANPOINT((3.696070000000077,11.320870000000003,0.));
#1407=IFCCARTESIANPOINT((3.696070000000077,-11.320870000000003,-0.));
#1408=IFCCARTESIANPOINT((3.7699025409530926,6.3450068513429434,-9.3724570742421083));
#1409=IFCCARTESIANPOINT((3.769902541698376,-6.3450068545937954,-9.3724570719765889));
#1410=IFCCARTESIANPOINT((3.1192388599701077,1.3404069606203433,-11.063118319050819));
#1411=IFCCARTESIANPOINT((4.3605007199685737,-10.656439280031506,-0.));
#1412=IFCCARTESIANPOINT((3.0185416238968439,8.3077769048600896,-7.3106670884480911));
#1413=IFCCARTESIANPOINT((3.0185416240159593,-8.3077769041917371,-7.310667089365313));
#1414=IFCCARTESIANPOINT((4.0465678570514072,-0.,-11.259347736060167));
#1415=IFCCARTESIANPOINT((3.7699025402386712,-6.3450068485590414,9.3724570761888231));
#1416=IFCCARTESIANPOINT((3.7699025424374328,6.3450068581653714,9.372457069494498));
#1417=IFCCARTESIANPOINT((3.1192388594400442,-1.340406961932237,11.063118318530499));
#1418=IFCCARTESIANPOINT((4.3605007199864314,10.656439280013647,0.));
#1419=IFCCARTESIANPOINT((3.0185416237706897,-8.3077769054651966,7.3106670875934254));
#1420=IFCCARTESIANPOINT((3.0185416241201852,8.3077769034727389,7.3106670903202318));
#1421=IFCCARTESIANPOINT((4.0465678561648097,2.3489206707262795E-009,11.259347736381292));
#1422=IFCPOLYLOOP((#1311,#1334,#1335,#1310));
#1423=IFCFACEOUTERBOUND(#1422,.T.);
#1424=IFCFACE((#1423));
#1425=IFCPOLYLOOP((#1383,#1359,#1358,#1382));
#1426=IFCFACEOUTERBOUND(#1425,.T.);
#1427=IFCFACE((#1426));
#1428=IFCPOLYLOOP((#1312,#1333,#1334,#1311));
#1429=IFCFACEOUTERBOUND(#1428,.T.);
#1430=IFCFACE((#1429));
#1431=IFCPOLYLOOP((#1384,#1360,#1359,#1383));
#1432=IFCFACEOUTERBOUND(#1431,.T.);
#1433=IFCFACE((#1432));
#1434=IFCPOLYLOOP((#1332,#1313,#1314,#1331));
#1435=IFCFACEOUTERBOUND(#1434,.T.);
#1436=IFCFACE((#1435));
#1437=IFCPOLYLOOP((#1361,#1385,#1386,#1362));
#1438=IFCFACEOUTERBOUND(#1437,.T.);
#1439=IFCFACE((#1438));
#1440=IFCPOLYLOOP((#1312,#1313,#1332,#1333));
#1441=IFCFACEOUTERBOUND(#1440,.T.);
#1442=IFCFACE((#1441));
#1443=IFCPOLYLOOP((#1384,#1385,#1361,#1360));
#1444=IFCFACEOUTERBOUND(#1443,.T.);
#1445=IFCFACE((#1444));
#1446=IFCPOLYLOOP((#1331,#1314,#1315,#1330));
#1447=IFCFACEOUTERBOUND(#1446,.T.);
#1448=IFCFACE((#1447));
#1449=IFCPOLYLOOP((#1362,#1386,#1387,#1363));
#1450=IFCFACEOUTERBOUND(#1449,.T.);
#1451=IFCFACE((#1450));
#1452=IFCPOLYLOOP((#1316,#1329,#1330,#1315));
#1453=IFCFACEOUTERBOUND(#1452,.T.);
#1454=IFCFACE((#1453));
#1455=IFCPOLYLOOP((#1363,#1387,#1388,#1364));
#1456=IFCFACEOUTERBOUND(#1455,.T.);
#1457=IFCFACE((#1456));
#1458=IFCPOLYLOOP((#1318,#1327,#1328,#1317));
#1459=IFCFACEOUTERBOUND(#1458,.T.);
#1460=IFCFACE((#1459));
#1461=IFCPOLYLOOP((#1390,#1366,#1365,#1389));
#1462=IFCFACEOUTERBOUND(#1461,.T.);
#1463=IFCFACE((#1462));
#1464=IFCPOLYLOOP((#1319,#1326,#1327,#1318));
#1465=IFCFACEOUTERBOUND(#1464,.T.);
#1466=IFCFACE((#1465));
#1467=IFCPOLYLOOP((#1391,#1367,#1366,#1390));
#1468=IFCFACEOUTERBOUND(#1467,.T.);
#1469=IFCFACE((#1468));
#1470=IFCPOLYLOOP((#1325,#1320,#1321,#1324));
#1471=IFCFACEOUTERBOUND(#1470,.T.);
#1472=IFCFACE((#1471));
#1473=IFCPOLYLOOP((#1368,#1392,#1393,#1369));
#1474=IFCFACEOUTERBOUND(#1473,.T.);
#1475=IFCFACE((#1474));
#1476=IFCPOLYLOOP((#1319,#1320,#1325,#1326));
#1477=IFCFACEOUTERBOUND(#1476,.T.);
#1478=IFCFACE((#1477));
#1479=IFCPOLYLOOP((#1391,#1392,#1368,#1367));
#1480=IFCFACEOUTERBOUND(#1479,.T.);
#1481=IFCFACE((#1480));
#1482=IFCPOLYLOOP((#1324,#1321,#1322,#1323));
#1483=IFCFACEOUTERBOUND(#1482,.T.);
#1484=IFCFACE((#1483));
#1485=IFCPOLYLOOP((#1369,#1393,#1394,#1370));
#1486=IFCFACEOUTERBOUND(#1485,.T.);
#1487=IFCFACE((#1486));
#1488=IFCPOLYLOOP((#1328,#1329,#1316,#1317));
#1489=IFCFACEOUTERBOUND(#1488,.T.);
#1490=IFCFACE((#1489));
#1491=IFCPOLYLOOP((#1365,#1364,#1388,#1389));
#1492=IFCFACEOUTERBOUND(#1491,.T.);
#1493=IFCFACE((#1492));
#1494=IFCPOLYLOOP((#1336,#1357,#1323,#1322));
#1495=IFCFACEOUTERBOUND(#1494,.T.);
#1496=IFCFACE((#1495));
#1497=IFCPOLYLOOP((#1395,#1371,#1370,#1394));
#1498=IFCFACEOUTERBOUND(#1497,.T.);
#1499=IFCFACE((#1498));
#1500=IFCPOLYLOOP((#1337,#1356,#1357,#1336));
#1501=IFCFACEOUTERBOUND(#1500,.T.);
#1502=IFCFACE((#1501));
#1503=IFCPOLYLOOP((#1396,#1372,#1371,#1395));
#1504=IFCFACEOUTERBOUND(#1503,.T.);
#1505=IFCFACE((#1504));
#1506=IFCPOLYLOOP((#1355,#1338,#1339,#1354));
#1507=IFCFACEOUTERBOUND(#1506,.T.);
#1508=IFCFACE((#1507));
#1509=IFCPOLYLOOP((#1373,#1397,#1398,#1374));
#1510=IFCFACEOUTERBOUND(#1509,.T.);
#1511=IFCFACE((#1510));
#1512=IFCPOLYLOOP((#1337,#1338,#1355,#1356));
#1513=IFCFACEOUTERBOUND(#1512,.T.);
#1514=IFCFACE((#1513));
#1515=IFCPOLYLOOP((#1396,#1397,#1373,#1372));
#1516=IFCFACEOUTERBOUND(#1515,.T.);
#1517=IFCFACE((#1516));
#1518=IFCPOLYLOOP((#1354,#1339,#1340,#1353));
#1519=IFCFACEOUTERBOUND(#1518,.T.);
#1520=IFCFACE((#1519));
#1521=IFCPOLYLOOP((#1374,#1398,#1399,#1375));
#1522=IFCFACEOUTERBOUND(#1521,.T.);
#1523=IFCFACE((#1522));
#1524=IFCPOLYLOOP((#1341,#1352,#1353,#1340));
#1525=IFCFACEOUTERBOUND(#1524,.T.);
#1526=IFCFACE((#1525));
#1527=IFCPOLYLOOP((#1375,#1399,#1400,#1376));
#1528=IFCFACEOUTERBOUND(#1527,.T.);
#1529=IFCFACE((#1528));
#1530=IFCPOLYLOOP((#1351,#1342,#1343,#1350));
#1531=IFCFACEOUTERBOUND(#1530,.T.);
#1532=IFCFACE((#1531));
#1533=IFCPOLYLOOP((#1402,#1378,#1377,#1401));
#1534=IFCFACEOUTERBOUND(#1533,.T.);
#1535=IFCFACE((#1534));
#1536=IFCPOLYLOOP((#1344,#1349,#1350,#1343));
#1537=IFCFACEOUTERBOUND(#1536,.T.);
#1538=IFCFACE((#1537));
#1539=IFCPOLYLOOP((#1403,#1379,#1378,#1402));
#1540=IFCFACEOUTERBOUND(#1539,.T.);
#1541=IFCFACE((#1540));
#1542=IFCPOLYLOOP((#1348,#1345,#1346,#1347));
#1543=IFCFACEOUTERBOUND(#1542,.T.);
#1544=IFCFACE((#1543));
#1545=IFCPOLYLOOP((#1380,#1404,#1405,#1381));
#1546=IFCFACEOUTERBOUND(#1545,.T.);
#1547=IFCFACE((#1546));
#1548=IFCPOLYLOOP((#1344,#1345,#1348,#1349));
#1549=IFCFACEOUTERBOUND(#1548,.T.);
#1550=IFCFACE((#1549));
#1551=IFCPOLYLOOP((#1403,#1404,#1380,#1379));
#1552=IFCFACEOUTERBOUND(#1551,.T.);
#1553=IFCFACE((#1552));
#1554=IFCPOLYLOOP((#1347,#1346,#1310,#1335));
#1555=IFCFACEOUTERBOUND(#1554,.T.);
#1556=IFCFACE((#1555));
#1557=IFCPOLYLOOP((#1381,#1405,#1382,#1358));
#1558=IFCFACEOUTERBOUND(#1557,.T.);
#1559=IFCFACE((#1558));
#1560=IFCPOLYLOOP((#1351,#1352,#1341,#1342));
#1561=IFCFACEOUTERBOUND(#1560,.T.);
#1562=IFCFACE((#1561));
#1563=IFCPOLYLOOP((#1377,#1376,#1400,#1401));
#1564=IFCFACEOUTERBOUND(#1563,.T.);
#1565=IFCFACE((#1564));
#1566=IFCPOLYLOOP((#1376,#1377,#1378,#1379,#1380,#1381,#1358,#1359,#1360,#1361,#1362,#1363,#1364,#1365,#1366,#1367,#1368,#1369,#1370,#1371,#1372,#1373,#1374,#1375));
#1567=IFCFACEOUTERBOUND(#1566,.T.);
#1568=IFCFACE((#1567));
#1569=IFCPOLYLOOP((#1340,#1339,#1338,#1337,#1336,#1322,#1321,#1320,#1319,#1318,#1317,#1316,#1315,#1314,#1313,#1312,#1311,#1310,#1346,#1345,#1344,#1343,#1342,#1341));
#1570=IFCFACEOUTERBOUND(#1569,.T.);
#1571=IFCFACE((#1570));
#1572=IFCPOLYLOOP((#1357,#1406,#1418,#1323));
#1573=IFCFACEOUTERBOUND(#1572,.T.);
#1574=IFCFACE((#1573));
#1575=IFCPOLYLOOP((#1357,#1356,#1408));
#1576=IFCFACEOUTERBOUND(#1575,.T.);
#1577=IFCFACE((#1576));
#1578=IFCPOLYLOOP((#1357,#1408,#1406));
#1579=IFCFACEOUTERBOUND(#1578,.T.);
#1580=IFCFACE((#1579));
#1581=IFCPOLYLOOP((#1408,#1355,#1354));
#1582=IFCFACEOUTERBOUND(#1581,.T.);
#1583=IFCFACE((#1582));
#1584=IFCPOLYLOOP((#1356,#1355,#1408));
#1585=IFCFACEOUTERBOUND(#1584,.T.);
#1586=IFCFACE((#1585));
#1587=IFCPOLYLOOP((#1414,#1353,#1352));
#1588=IFCFACEOUTERBOUND(#1587,.T.);
#1589=IFCFACE((#1588));
#1590=IFCPOLYLOOP((#1413,#1407,#1382));
#1591=IFCFACEOUTERBOUND(#1590,.T.);
#1592=IFCFACE((#1591));
#1593=IFCPOLYLOOP((#1394,#1406,#1412));
#1594=IFCFACEOUTERBOUND(#1593,.T.);
#1595=IFCFACE((#1594));
#1596=IFCPOLYLOOP((#1394,#1412,#1395));
#1597=IFCFACEOUTERBOUND(#1596,.T.);
#1598=IFCFACE((#1597));
#1599=IFCPOLYLOOP((#1409,#1407,#1413));
#1600=IFCFACEOUTERBOUND(#1599,.T.);
#1601=IFCFACE((#1600));
#1602=IFCPOLYLOOP((#1401,#1410,#1413));
#1603=IFCFACEOUTERBOUND(#1602,.T.);
#1604=IFCFACE((#1603));
#1605=IFCPOLYLOOP((#1410,#1399,#1398));
#1606=IFCFACEOUTERBOUND(#1605,.T.);
#1607=IFCFACE((#1606));
#1608=IFCPOLYLOOP((#1409,#1413,#1410));
#1609=IFCFACEOUTERBOUND(#1608,.T.);
#1610=IFCFACE((#1609));
#1611=IFCPOLYLOOP((#1412,#1397,#1396));
#1612=IFCFACEOUTERBOUND(#1611,.T.);
#1613=IFCFACE((#1612));
#1614=IFCPOLYLOOP((#1409,#1349,#1348));
#1615=IFCFACEOUTERBOUND(#1614,.T.);
#1616=IFCFACE((#1615));
#1617=IFCPOLYLOOP((#1398,#1397,#1412));
#1618=IFCFACEOUTERBOUND(#1617,.T.);
#1619=IFCFACE((#1618));
#1620=IFCPOLYLOOP((#1410,#1412,#1408));
#1621=IFCFACEOUTERBOUND(#1620,.T.);
#1622=IFCFACE((#1621));
#1623=IFCPOLYLOOP((#1398,#1412,#1410));
#1624=IFCFACEOUTERBOUND(#1623,.T.);
#1625=IFCFACE((#1624));
#1626=IFCPOLYLOOP((#1350,#1414,#1351));
#1627=IFCFACEOUTERBOUND(#1626,.T.);
#1628=IFCFACE((#1627));
#1629=IFCPOLYLOOP((#1414,#1408,#1354));
#1630=IFCFACEOUTERBOUND(#1629,.T.);
#1631=IFCFACE((#1630));
#1632=IFCPOLYLOOP((#1409,#1414,#1350));
#1633=IFCFACEOUTERBOUND(#1632,.T.);
#1634=IFCFACE((#1633));
#1635=IFCPOLYLOOP((#1414,#1409,#1410));
#1636=IFCFACEOUTERBOUND(#1635,.T.);
#1637=IFCFACE((#1636));
#1638=IFCPOLYLOOP((#1411,#1348,#1347));
#1639=IFCFACEOUTERBOUND(#1638,.T.);
#1640=IFCFACE((#1639));
#1641=IFCPOLYLOOP((#1409,#1411,#1407));
#1642=IFCFACEOUTERBOUND(#1641,.T.);
#1643=IFCFACE((#1642));
#1644=IFCPOLYLOOP((#1395,#1412,#1396));
#1645=IFCFACEOUTERBOUND(#1644,.T.);
#1646=IFCFACE((#1645));
#1647=IFCPOLYLOOP((#1348,#1411,#1409));
#1648=IFCFACEOUTERBOUND(#1647,.T.);
#1649=IFCFACE((#1648));
#1650=IFCPOLYLOOP((#1413,#1404,#1403));
#1651=IFCFACEOUTERBOUND(#1650,.T.);
#1652=IFCFACE((#1651));
#1653=IFCPOLYLOOP((#1400,#1410,#1401));
#1654=IFCFACEOUTERBOUND(#1653,.T.);
#1655=IFCFACE((#1654));
#1656=IFCPOLYLOOP((#1402,#1401,#1413));
#1657=IFCFACEOUTERBOUND(#1656,.T.);
#1658=IFCFACE((#1657));
#1659=IFCPOLYLOOP((#1414,#1410,#1408));
#1660=IFCFACEOUTERBOUND(#1659,.T.);
#1661=IFCFACE((#1660));
#1662=IFCPOLYLOOP((#1413,#1405,#1404));
#1663=IFCFACEOUTERBOUND(#1662,.T.);
#1664=IFCFACE((#1663));
#1665=IFCPOLYLOOP((#1402,#1413,#1403));
#1666=IFCFACEOUTERBOUND(#1665,.T.);
#1667=IFCFACE((#1666));
#1668=IFCPOLYLOOP((#1406,#1408,#1412));
#1669=IFCFACEOUTERBOUND(#1668,.T.);
#1670=IFCFACE((#1669));
#1671=IFCPOLYLOOP((#1405,#1413,#1382));
#1672=IFCFACEOUTERBOUND(#1671,.T.);
#1673=IFCFACE((#1672));
#1674=IFCPOLYLOOP((#1347,#1335,#1411));
#1675=IFCFACEOUTERBOUND(#1674,.T.);
#1676=IFCFACE((#1675));
#1677=IFCPOLYLOOP((#1349,#1409,#1350));
#1678=IFCFACEOUTERBOUND(#1677,.T.);
#1679=IFCFACE((#1678));
#1680=IFCPOLYLOOP((#1354,#1353,#1414));
#1681=IFCFACEOUTERBOUND(#1680,.T.);
#1682=IFCFACE((#1681));
#1683=IFCPOLYLOOP((#1399,#1410,#1400));
#1684=IFCFACEOUTERBOUND(#1683,.T.);
#1685=IFCFACE((#1684));
#1686=IFCPOLYLOOP((#1351,#1414,#1352));
#1687=IFCFACEOUTERBOUND(#1686,.T.);
#1688=IFCFACE((#1687));
#1689=IFCPOLYLOOP((#1334,#1407,#1411,#1335));
#1690=IFCFACEOUTERBOUND(#1689,.T.);
#1691=IFCFACE((#1690));
#1692=IFCPOLYLOOP((#1334,#1333,#1415));
#1693=IFCFACEOUTERBOUND(#1692,.T.);
#1694=IFCFACE((#1693));
#1695=IFCPOLYLOOP((#1334,#1415,#1407));
#1696=IFCFACEOUTERBOUND(#1695,.T.);
#1697=IFCFACE((#1696));
#1698=IFCPOLYLOOP((#1415,#1332,#1331));
#1699=IFCFACEOUTERBOUND(#1698,.T.);
#1700=IFCFACE((#1699));
#1701=IFCPOLYLOOP((#1333,#1332,#1415));
#1702=IFCFACEOUTERBOUND(#1701,.T.);
#1703=IFCFACE((#1702));
#1704=IFCPOLYLOOP((#1421,#1330,#1329));
#1705=IFCFACEOUTERBOUND(#1704,.T.);
#1706=IFCFACE((#1705));
#1707=IFCPOLYLOOP((#1420,#1406,#1394));
#1708=IFCFACEOUTERBOUND(#1707,.T.);
#1709=IFCFACE((#1708));
#1710=IFCPOLYLOOP((#1382,#1407,#1419));
#1711=IFCFACEOUTERBOUND(#1710,.T.);
#1712=IFCFACE((#1711));
#1713=IFCPOLYLOOP((#1382,#1419,#1383));
#1714=IFCFACEOUTERBOUND(#1713,.T.);
#1715=IFCFACE((#1714));
#1716=IFCPOLYLOOP((#1416,#1406,#1420));
#1717=IFCFACEOUTERBOUND(#1716,.T.);
#1718=IFCFACE((#1717));
#1719=IFCPOLYLOOP((#1416,#1420,#1417));
#1720=IFCFACEOUTERBOUND(#1719,.T.);
#1721=IFCFACE((#1720));
#1722=IFCPOLYLOOP((#1417,#1387,#1386));
#1723=IFCFACEOUTERBOUND(#1722,.T.);
#1724=IFCFACE((#1723));
#1725=IFCPOLYLOOP((#1416,#1326,#1325));
#1726=IFCFACEOUTERBOUND(#1725,.T.);
#1727=IFCFACE((#1726));
#1728=IFCPOLYLOOP((#1419,#1385,#1384));
#1729=IFCFACEOUTERBOUND(#1728,.T.);
#1730=IFCFACE((#1729));
#1731=IFCPOLYLOOP((#1407,#1415,#1419));
#1732=IFCFACEOUTERBOUND(#1731,.T.);
#1733=IFCFACE((#1732));
#1734=IFCPOLYLOOP((#1386,#1385,#1419));
#1735=IFCFACEOUTERBOUND(#1734,.T.);
#1736=IFCFACE((#1735));
#1737=IFCPOLYLOOP((#1417,#1419,#1415));
#1738=IFCFACEOUTERBOUND(#1737,.T.);
#1739=IFCFACE((#1738));
#1740=IFCPOLYLOOP((#1389,#1417,#1420));
#1741=IFCFACEOUTERBOUND(#1740,.T.);
#1742=IFCFACE((#1741));
#1743=IFCPOLYLOOP((#1327,#1421,#1328));
#1744=IFCFACEOUTERBOUND(#1743,.T.);
#1745=IFCFACE((#1744));
#1746=IFCPOLYLOOP((#1421,#1415,#1331));
#1747=IFCFACEOUTERBOUND(#1746,.T.);
#1748=IFCFACE((#1747));
#1749=IFCPOLYLOOP((#1416,#1421,#1327));
#1750=IFCFACEOUTERBOUND(#1749,.T.);
#1751=IFCFACE((#1750));
#1752=IFCPOLYLOOP((#1417,#1421,#1416));
#1753=IFCFACEOUTERBOUND(#1752,.T.);
#1754=IFCFACE((#1753));
#1755=IFCPOLYLOOP((#1418,#1325,#1324));
#1756=IFCFACEOUTERBOUND(#1755,.T.);
#1757=IFCFACE((#1756));
#1758=IFCPOLYLOOP((#1416,#1418,#1406));
#1759=IFCFACEOUTERBOUND(#1758,.T.);
#1760=IFCFACE((#1759));
#1761=IFCPOLYLOOP((#1383,#1419,#1384));
#1762=IFCFACEOUTERBOUND(#1761,.T.);
#1763=IFCFACE((#1762));
#1764=IFCPOLYLOOP((#1325,#1418,#1416));
#1765=IFCFACEOUTERBOUND(#1764,.T.);
#1766=IFCFACE((#1765));
#1767=IFCPOLYLOOP((#1331,#1330,#1421));
#1768=IFCFACEOUTERBOUND(#1767,.T.);
#1769=IFCFACE((#1768));
#1770=IFCPOLYLOOP((#1388,#1417,#1389));
#1771=IFCFACEOUTERBOUND(#1770,.T.);
#1772=IFCFACE((#1771));
#1773=IFCPOLYLOOP((#1390,#1389,#1420));
#1774=IFCFACEOUTERBOUND(#1773,.T.);
#1775=IFCFACE((#1774));
#1776=IFCPOLYLOOP((#1420,#1392,#1391));
#1777=IFCFACEOUTERBOUND(#1776,.T.);
#1778=IFCFACE((#1777));
#1779=IFCPOLYLOOP((#1420,#1393,#1392));
#1780=IFCFACEOUTERBOUND(#1779,.T.);
#1781=IFCFACE((#1780));
#1782=IFCPOLYLOOP((#1390,#1420,#1391));
#1783=IFCFACEOUTERBOUND(#1782,.T.);
#1784=IFCFACE((#1783));
#1785=IFCPOLYLOOP((#1324,#1323,#1418));
#1786=IFCFACEOUTERBOUND(#1785,.T.);
#1787=IFCFACE((#1786));
#1788=IFCPOLYLOOP((#1393,#1420,#1394));
#1789=IFCFACEOUTERBOUND(#1788,.T.);
#1790=IFCFACE((#1789));
#1791=IFCPOLYLOOP((#1421,#1417,#1415));
#1792=IFCFACEOUTERBOUND(#1791,.T.);
#1793=IFCFACE((#1792));
#1794=IFCPOLYLOOP((#1326,#1416,#1327));
#1795=IFCFACEOUTERBOUND(#1794,.T.);
#1796=IFCFACE((#1795));
#1797=IFCPOLYLOOP((#1386,#1419,#1417));
#1798=IFCFACEOUTERBOUND(#1797,.T.);
#1799=IFCFACE((#1798));
#1800=IFCPOLYLOOP((#1387,#1417,#1388));
#1801=IFCFACEOUTERBOUND(#1800,.T.);
#1802=IFCFACE((#1801));
#1803=IFCPOLYLOOP((#1328,#1421,#1329));
#1804=IFCFACEOUTERBOUND(#1803,.T.);
#1805=IFCFACE((#1804));
#1806=IFCCLOSEDSHELL((#573,#576,#579,#582,#585,#588,#591,#594,#597,#600,#603,#606,#609,#612,#615,#618));
#1807=IFCFACETEDBREP(#1806);
#1808=IFCCLOSEDSHELL((#760,#763,#766,#769,#772,#775,#778,#781,#784,#787,#790,#793,#796,#799,#802,#805,#808,#811,#814,#817,#820,#823,#826,#829,#832,#835,#838,#841,#844,#847,#850,#853,#856,#859,#862,#865,#868,#871,#874,#877,#880,#883,#886,#889,#892,#895,#898,#901,#904,#907,#910,#913,#916,#919,#922,#925,#928,#931,#934,#937,#940,#943,#946,#949,#952,#955,#958,#961,#964,#967,#970,#973,#976,#979,#982,#985,#988,#991,#994,#997,#1000,#1003,#1006,#1009,#1012,#1015,#1018,#1021,#1024,#1027,#1030,#1033,#1036,#1039,#1042,#1045,#1048,#1051,#1054,#1057,#1060,#1063,#1066,#1069,#1072,#1075,#1078,#1081,#1084,#1087,#1090,#1093,#1096,#1099,#1102,#1105,#1108,#1111,#1114,#1117,#1120,#1123,#1126,#1129,#1132,#1135,#1138,#1141,#1144,#1147,#1150,#1153,#1156,#1159,#1162,#1165,#1168,#1171,#1174,#1177,#1180,#1183,#1186,#1189,#1192,#1195,#1198,#1201,#1204,#1207,#1210,#1213,#1216,#1219,#1222,#1225,#1228,#1231,#1234,#1237,#1240,#1243,#1246,#1249,#1252,#1255,#1258,#1261,#1264,#1267,#1270,#1273,#1276,#1279,#1282,#1285,#1288,#1291,#1294,#1297,#1300,#1303,#1306,#1309));
#1809=IFCFACETEDBREP(#1808);
#1810=IFCCLOSEDSHELL((#1424,#1427,#1430,#1433,#1436,#1439,#1442,#1445,#1448,#1451,#1454,#1457,#1460,#1463,#1466,#1469,#1472,#1475,#1478,#1481,#1484,#1487,#1490,#1493,#1496,#1499,#1502,#1505,#1508,#1511,#1514,#1517,#1520,#1523,#1526,#1529,#1532,#1535,#1538,#1541,#1544,#1547,#1550,#1553,#1556,#1559,#1562,#1565,#1568,#1571,#1574,#1577,#1580,#1583,#1586,#1589,#1592,#1595,#1598,#1601,#1604,#1607,#1610,#1613,#1616,#1619,#1622,#1625,#1628,#1631,#1634,#1637,#1640,#1643,#1646,#1649,#1652,#1655,#1658,#1661,#1664,#1667,#1670,#1673,#1676,#1679,#1682,#1685,#1688,#1691,#1694,#1697,#1700,#1703,#1706,#1709,#1712,#1715,#1718,#1721,#1724,#1727,#1730,#1733,#1736,#1739,#1742,#1745,#1748,#1751,#1754,#1757,#1760,#1763,#1766,#1769,#1772,#1775,#1778,#1781,#1784,#1787,#1790,#1793,#1796,#1799,#1802,#1805));
#1811=IFCFACETEDBREP(#1810);
#1812=IFCSHAPEREPRESENTATION(#26,'Body','Brep',(#1807,#1809,#1811));
#1813=IFCAXIS2PLACEMENT3D(#3,$,$);
#1814=IFCREPRESENTATIONMAP(#1813,#1812);
#1815=IFCPIPEFITTINGTYPE('2W2DoYBEb5MOqNjYUEJIYj',#18,'Reducer - Soldered - CU:Standard',$,$,$,(#1814),'509931',$,.NOTDEFINED.);
#1816=IFCMAPPEDITEM(#1814,#80);
#1817=IFCSHAPEREPRESENTATION(#26,'Body','MappedRepresentation',(#1816));
#1818=IFCPRODUCTDEFINITIONSHAPE($,$,(#1817));
#1819=IFCCARTESIANPOINT((-401.13913339897215,33.547030790334205,4313.9236315892185));
#1820=IFCAXIS2PLACEMENT3D(#1819,$,$);
#1821=IFCLOCALPLACEMENT(#36,#1820);
#1822=IFCFLOWFITTING('2W2DoYBEb5MOqNjYUEJIYh',#18,'Reducer - Soldered - CU:Standard:1392626',$,'Reducer - Soldered - CU:Standard',#1821,#1818,'1392626');
#1823=IFCPROPERTYSET('29pvsPn$0HzLRgEQ66pEZm',#18,'Pset_DistributionFlowElementCommon',$,(#401));
#1824=IFCPROPERTYSET('2JWE2dwVanUtdiQE161ZH2',#18,'Pset_QuantityTakeOff',$,(#401));
#1825=IFCRELDEFINESBYPROPERTIES('1DrLlxcZRYjibNarqDfoOi',#18,$,$,(#1822),#1823);
#1826=IFCRELDEFINESBYPROPERTIES('0Jr$gQrpNySK062AulXeed',#18,$,$,(#1822),#1824);
#1827=IFCAXIS2PLACEMENT3D(#3,$,$);
#1828=IFCLOCALPLACEMENT(#36,#1827);
#1829=IFCCARTESIANPOINT((0.,0.));
#1830=IFCAXIS2PLACEMENT2D(#1829,#11);
#1831=IFCRECTANGLEPROFILEDEF(.AREA.,'Flanged Radius Bend / Shoe Branch',#1830,8.796355016700069,304.80000000000001);
#1832=IFCCARTESIANPOINT((548.39304410937677,-626.85296920966414,4390.1236315891438));
#1833=IFCAXIS2PLACEMENT3D(#1832,#9,#6);
#1834=IFCEXTRUDEDAREASOLID(#1831,#1833,#9,330.19999999999965);
#1835=IFCSHAPEREPRESENTATION(#26,'Body','SweptSolid',(#1834));
#1836=IFCPRODUCTDEFINITIONSHAPE($,$,(#1835));
#1837=IFCFLOWSEGMENT('2W2DoYBEb5MOqNjYUEJLNU',#18,'Rectangular Duct:Flanged Radius Bend / Shoe Branch:1393287',$,'Rectangular Duct:Flanged Radius Bend / Shoe Branch',#1828,#1836,'1393287');
#1838=IFCPROPERTYSET('3TFD24lJ33ZXcTWX4vnjut',#18,'Pset_DistributionFlowElementCommon',$,(#277));
#1839=IFCPROPERTYENUMERATEDVALUE('Shape',$,(IFCLABEL('RECTANGULAR')),$);
#1840=IFCPROPERTYSINGLEVALUE('Length',$,IFCPOSITIVELENGTHMEASURE(8.7963550167000673),$);
#1841=IFCPROPERTYSET('3sokvpVaQdIIrsAjJhu_tB',#18,'Pset_DuctSegmentTypeCommon',$,(#1839,#1840));
#1842=IFCPROPERTYSINGLEVALUE('Length',$,IFCPOSITIVELENGTHMEASURE(8.7963550167000673),$);
#1843=IFCPROPERTYSET('2K8M4kejigjT71$D6WuT3k',#18,'Pset_FlowSegmentDuctSegment',$,(#1842));
#1844=IFCPROPERTYSINGLEVALUE('Length',$,IFCPOSITIVELENGTHMEASURE(8.7963550167000673),$);
#1845=IFCPROPERTYSET('2yGjbYutEpSMjCXwRVfLbL',#18,'Pset_FlowSegmentPipeSegment',$,(#1844));
#1846=IFCPROPERTYSET('3e3bl10btg5rgvdnCXFLv1',#18,'Pset_QuantityTakeOff',$,(#277));
#1847=IFCRELDEFINESBYPROPERTIES('2oJB6BE9dtSTmxVhoLWRnU',#18,$,$,(#1837),#1838);
#1848=IFCRELDEFINESBYPROPERTIES('3AOLC5DAapkiHYsSORLQXT',#18,$,$,(#1837),#1841);
#1849=IFCRELDEFINESBYPROPERTIES('1dcugkm68uO5nX5Pm$sJf2',#18,$,$,(#1837),#1843);
#1850=IFCRELDEFINESBYPROPERTIES('0uUedroku46_11XL0cE0or',#18,$,$,(#1837),#1845);
#1851=IFCRELDEFINESBYPROPERTIES('2QtaTHO$IaHTSJiqJMjZ0G',#18,$,$,(#1837),#1846);
#1852=IFCAXIS2PLACEMENT3D(#3,$,$);
#1853=IFCLOCALPLACEMENT(#36,#1852);
#1854=IFCCARTESIANPOINT((6.3948846218409017E-014,0.));
#1855=IFCAXIS2PLACEMENT2D(#1854,#11);
#1856=IFCRECTANGLEPROFILEDEF(.AREA.,'Flanged Radius Bend / Shoe Branch',#1855,216.26961669086251,304.80000000000001);
#1857=IFCCARTESIANPOINT((1147.0659457059321,-626.85296920967789,4398.7236315893779));
#1858=IFCAXIS2PLACEMENT3D(#1857,#9,#6);
#1859=IFCEXTRUDEDAREASOLID(#1856,#1858,#9,330.19999999999965);
#1860=IFCSHAPEREPRESENTATION(#26,'Body','SweptSolid',(#1859));
#1861=IFCPRODUCTDEFINITIONSHAPE($,$,(#1860));
#1862=IFCFLOWSEGMENT('2W2DoYBEb5MOqNjYUEJLMK',#18,'Rectangular Duct:Flanged Radius Bend / Shoe Branch:1393357',$,'Rectangular Duct:Flanged Radius Bend / Shoe Branch',#1853,#1861,'1393357');
#1863=IFCPROPERTYSET('0oBQd5JLTwqQnMJ8FOxInv',#18,'Pset_DistributionFlowElementCommon',$,(#277));
#1864=IFCPROPERTYENUMERATEDVALUE('Shape',$,(IFCLABEL('RECTANGULAR')),$);
#1865=IFCPROPERTYSINGLEVALUE('Length',$,IFCPOSITIVELENGTHMEASURE(216.26961669086253),$);
#1866=IFCPROPERTYSET('3z8DNkRgx87e2JcLVClI9h',#18,'Pset_DuctSegmentTypeCommon',$,(#1864,#1865));
#1867=IFCPROPERTYSINGLEVALUE('Length',$,IFCPOSITIVELENGTHMEASURE(216.26961669086253),$);
#1868=IFCPROPERTYSET('2Osa3i8vcEeia$2O88klql',#18,'Pset_FlowSegmentDuctSegment',$,(#1867));
#1869=IFCPROPERTYSINGLEVALUE('Length',$,IFCPOSITIVELENGTHMEASURE(216.26961669086253),$);
#1870=IFCPROPERTYSET('0CyjEOcbPsmWE$w4cQ3Uaz',#18,'Pset_FlowSegmentPipeSegment',$,(#1869));
#1871=IFCPROPERTYSET('3KaGUG_38Z9hvAcDK9FSG6',#18,'Pset_QuantityTakeOff',$,(#277));
#1872=IFCRELDEFINESBYPROPERTIES('3lBUbNH6rhJinHzKtiJwsw',#18,$,$,(#1862),#1863);
#1873=IFCRELDEFINESBYPROPERTIES('1GBDSqw1FHhIJMfTATdYQr',#18,$,$,(#1862),#1866);
#1874=IFCRELDEFINESBYPROPERTIES('0fg6psK8tm1rUhUL9b9NXu',#18,$,$,(#1862),#1868);
#1875=IFCRELDEFINESBYPROPERTIES('1MsjiUn2a3uT9zR5HPwX6e',#18,$,$,(#1862),#1870);
#1876=IFCRELDEFINESBYPROPERTIES('1Q6i61523pFsK_gEF2EBL7',#18,$,$,(#1862),#1871);
#1877=IFCAXIS2PLACEMENT3D(#3,$,$);
#1878=IFCLOCALPLACEMENT(#36,#1877);
#1879=IFCCARTESIANPOINT((0.,0.));
#1880=IFCAXIS2PLACEMENT2D(#1879,#13);
#1881=IFCRECTANGLEPROFILEDEF(.AREA.,'Flanged Radius Bend / Shoe Branch',#1880,330.2000000000005,304.80000000000001);
#1882=IFCCARTESIANPOINT((568.83005005606026,-626.85296920966516,4555.370326399343));
#1883=IFCDIRECTION((0.9998327069564924,0.,0.018290929447482257));
#1884=IFCAXIS2PLACEMENT3D(#1882,#1883,#7);
#1885=IFCEXTRUDEDAREASOLID(#1881,#1884,#9,454.13823303328405);
#1886=IFCSHAPEREPRESENTATION(#26,'Body','SweptSolid',(#1885));
#1887=IFCPRODUCTDEFINITIONSHAPE($,$,(#1886));
#1888=IFCFLOWSEGMENT('2W2DoYBEb5MOqNjYUEJLMN',#18,'Rectangular Duct:Flanged Radius Bend / Shoe Branch:1393358',$,'Rectangular Duct:Flanged Radius Bend / Shoe Branch',#1878,#1887,'1393358');
#1889=IFCPROPERTYSET('3KB3VfrXp9o4iyr9Hn4K6Z',#18,'Pset_DistributionFlowElementCommon',$,(#277));
#1890=IFCPROPERTYENUMERATEDVALUE('Shape',$,(IFCLABEL('RECTANGULAR')),$);
#1891=IFCPROPERTYSINGLEVALUE('Length',$,IFCPOSITIVELENGTHMEASURE(454.13823303328405),$);
#1892=IFCPROPERTYSET('33ya68YnhUh12iDbEds1AU',#18,'Pset_DuctSegmentTypeCommon',$,(#1890,#1891));
#1893=IFCPROPERTYSINGLEVALUE('Length',$,IFCPOSITIVELENGTHMEASURE(454.13823303328405),$);
#1894=IFCPROPERTYSET('3CsSK8c3CLT8X369kCgqoo',#18,'Pset_FlowSegmentDuctSegment',$,(#1893));
#1895=IFCPROPERTYSINGLEVALUE('Length',$,IFCPOSITIVELENGTHMEASURE(454.13823303328405),$);
#1896=IFCPROPERTYSET('27gjfl3H6fnE1UzP6d$MUD',#18,'Pset_FlowSegmentPipeSegment',$,(#1895));
#1897=IFCPROPERTYSET('2Vwep1vEnBBWCp5CoelkBJ',#18,'Pset_QuantityTakeOff',$,(#277));
#1898=IFCRELDEFINESBYPROPERTIES('0lAOPj3X7LK4NfQrQSnfuZ',#18,$,$,(#1888),#1889);
#1899=IFCRELDEFINESBYPROPERTIES('2ALxO0YhzvY_VeOam4ZEx$',#18,$,$,(#1888),#1892);
#1900=IFCRELDEFINESBYPROPERTIES('3$ICfi0BKpxFiabDi21fOT',#18,$,$,(#1888),#1894);
#1901=IFCRELDEFINESBYPROPERTIES('3oNHSJ3RusUXv7ADETJHyM',#18,$,$,(#1888),#1896);
#1902=IFCRELDEFINESBYPROPERTIES('17TCUF0Ez3V9k7Hg4akaA5',#18,$,$,(#1888),#1897);
#1903=IFCMAPPEDITEM(#392,#80);
#1904=IFCSHAPEREPRESENTATION(#26,'Body','MappedRepresentation',(#1903));
#1905=IFCPRODUCTDEFINITIONSHAPE($,$,(#1904));
#1906=IFCCARTESIANPOINT((1675.9948666010437,-626.85296920965482,563.82363158915882));
#1907=IFCAXIS2PLACEMENT3D(#1906,$,$);
#1908=IFCLOCALPLACEMENT(#51,#1907);
#1909=IFCFLOWFITTING('2W2DoYBEb5MOqNjYUEJLMM',#18,'Rectangular Medium Radius Bend - Flanged:Standard:1393359',$,'Rectangular Medium Radius Bend - Flanged:Standard',#1908,#1905,'1393359');
#1910=IFCPROPERTYSET('0DtEvjDcpDC6etMHA5ZCo3',#18,'Pset_DistributionFlowElementCommon',$,(#401));
#1911=IFCPROPERTYSINGLEVALUE('FlangeThickness',$,IFCLENGTHMEASURE(5.),$);
#1912=IFCPROPERTYSET('1tPZPCVaZDvD4tPgLTJn6_',#18,'Pset_PipeConnectionFlanged',$,(#1911));
#1913=IFCPROPERTYSET('2VzqHT0zlgzzHxrx7unSLQ',#18,'Pset_QuantityTakeOff',$,(#401));
#1914=IFCRELDEFINESBYPROPERTIES('2pEnT2eTbyC0Ocud_s0sTw',#18,$,$,(#1909),#1910);
#1915=IFCRELDEFINESBYPROPERTIES('0ezvjXEPduxv1mko0hkYAk',#18,$,$,(#1909),#1912);
#1916=IFCRELDEFINESBYPROPERTIES('373Qurl$X31lCdS5AsIhTP',#18,$,$,(#1909),#1913);
#1917=IFCAXIS2PLACEMENT3D(#3,$,$);
#1919=IFCCARTESIANPOINT((115.79411254969349,-152.39999999997733,165.10000000002205));
#1920=IFCCARTESIANPOINT((115.79411254969349,-152.39999999997733,-165.09999999997794));
#1921=IFCCARTESIANPOINT((115.79411254969349,152.40000000002269,-165.09999999997794));
#1922=IFCCARTESIANPOINT((115.79411254969349,152.40000000002269,165.10000000002205));
#1923=IFCPOLYLOOP((#1919,#1920,#1921,#1922));
#1924=IFCFACEOUTERBOUND(#1923,.T.);
#1925=IFCFACE((#1924));
#1926=IFCCARTESIANPOINT((60.794112549695221,-152.39999999997733,165.10000000002205));
#1927=IFCCARTESIANPOINT((60.794112549695221,152.40000000002269,165.10000000002205));
#1928=IFCCARTESIANPOINT((60.794112549695221,152.40000000002269,-165.09999999997794));
#1929=IFCCARTESIANPOINT((60.794112549695221,-152.39999999997733,-165.09999999997794));
#1930=IFCPOLYLOOP((#1926,#1927,#1928,#1929));
#1931=IFCFACEOUTERBOUND(#1930,.T.);
#1932=IFCFACE((#1931));
#1933=IFCPOLYLOOP((#1920,#1919,#1926,#1929));
#1934=IFCFACEOUTERBOUND(#1933,.T.);
#1935=IFCFACE((#1934));
#1936=IFCPOLYLOOP((#1921,#1920,#1929,#1928));
#1937=IFCFACEOUTERBOUND(#1936,.T.);
#1938=IFCFACE((#1937));
#1939=IFCPOLYLOOP((#1922,#1921,#1928,#1927));
#1940=IFCFACEOUTERBOUND(#1939,.T.);
#1941=IFCFACE((#1940));
#1942=IFCPOLYLOOP((#1919,#1922,#1927,#1926));
#1943=IFCFACEOUTERBOUND(#1942,.T.);
#1944=IFCFACE((#1943));
#1945=IFCCARTESIANPOINT((55.,-150.,150.));
#1946=IFCCARTESIANPOINT((55.,-150.,-150.));
#1947=IFCCARTESIANPOINT((55.,150.,-150.));
#1948=IFCCARTESIANPOINT((55.,150.,150.));
#1949=IFCPOLYLOOP((#1945,#1946,#1947,#1948));
#1950=IFCFACEOUTERBOUND(#1949,.T.);
#1951=IFCFACE((#1950));
#1952=IFCCARTESIANPOINT((0.,-150.,150.));
#1953=IFCCARTESIANPOINT((0.,150.,150.));
#1954=IFCCARTESIANPOINT((0.,150.,-150.));
#1955=IFCCARTESIANPOINT((0.,-150.,-150.));
#1956=IFCPOLYLOOP((#1952,#1953,#1954,#1955));
#1957=IFCFACEOUTERBOUND(#1956,.T.);
#1958=IFCFACE((#1957));
#1959=IFCPOLYLOOP((#1946,#1945,#1952,#1955));
#1960=IFCFACEOUTERBOUND(#1959,.T.);
#1961=IFCFACE((#1960));
#1962=IFCPOLYLOOP((#1947,#1946,#1955,#1954));
#1963=IFCFACEOUTERBOUND(#1962,.T.);
#1964=IFCFACE((#1963));
#1965=IFCPOLYLOOP((#1948,#1947,#1954,#1953));
#1966=IFCFACEOUTERBOUND(#1965,.T.);
#1967=IFCFACE((#1966));
#1968=IFCPOLYLOOP((#1945,#1948,#1953,#1952));
#1969=IFCFACEOUTERBOUND(#1968,.T.);
#1970=IFCFACE((#1969));
#1971=IFCCARTESIANPOINT((60.794112549695221,-152.39999999997733,165.10000000002205));
#1972=IFCCARTESIANPOINT((60.794112549695221,-152.39999999997733,-165.09999999997794));
#1973=IFCCARTESIANPOINT((60.794112549695221,152.40000000002269,-165.09999999997794));
#1974=IFCCARTESIANPOINT((60.794112549695221,152.40000000002269,165.10000000002205));
#1975=IFCPOLYLOOP((#1971,#1972,#1973,#1974));
#1976=IFCFACEOUTERBOUND(#1975,.T.);
#1977=IFCFACE((#1976));
#1978=IFCCARTESIANPOINT((55.,-150.,150.));
#1979=IFCCARTESIANPOINT((55.,150.,150.));
#1980=IFCCARTESIANPOINT((55.,150.,-150.));
#1981=IFCCARTESIANPOINT((55.,-150.,-150.));
#1982=IFCPOLYLOOP((#1978,#1979,#1980,#1981));
#1983=IFCFACEOUTERBOUND(#1982,.T.);
#1984=IFCFACE((#1983));
#1985=IFCPOLYLOOP((#1978,#1981,#1972,#1971));
#1986=IFCFACEOUTERBOUND(#1985,.T.);
#1987=IFCFACE((#1986));
#1988=IFCPOLYLOOP((#1981,#1980,#1973,#1972));
#1989=IFCFACEOUTERBOUND(#1988,.T.);
#1990=IFCFACE((#1989));
#1991=IFCPOLYLOOP((#1980,#1979,#1974,#1973));
#1992=IFCFACEOUTERBOUND(#1991,.T.);
#1993=IFCFACE((#1992));
#1994=IFCPOLYLOOP((#1979,#1978,#1971,#1974));
#1995=IFCFACEOUTERBOUND(#1994,.T.);
#1996=IFCFACE((#1995));
#1997=IFCCARTESIANPOINT((115.79411254969349,-202.3999999999773,215.10000000002202));
#1998=IFCCARTESIANPOINT((115.79411254969349,-202.3999999999773,-215.09999999997791));
#1999=IFCCARTESIANPOINT((115.79411254969349,202.40000000002266,-215.09999999997791));
#2000=IFCCARTESIANPOINT((115.79411254969349,202.40000000002266,215.10000000002202));
#2001=IFCPOLYLOOP((#1997,#1998,#1999,#2000));
#2002=IFCFACEOUTERBOUND(#2001,.T.);
#2003=IFCFACE((#2002));
#2004=IFCCARTESIANPOINT((110.79411254969267,-202.3999999999773,215.10000000002202));
#2005=IFCCARTESIANPOINT((110.79411254969267,202.40000000002266,215.10000000002202));
#2006=IFCCARTESIANPOINT((110.79411254969267,202.40000000002266,-215.09999999997791));
#2007=IFCCARTESIANPOINT((110.79411254969267,-202.3999999999773,-215.09999999997791));
#2008=IFCPOLYLOOP((#2004,#2005,#2006,#2007));
#2009=IFCFACEOUTERBOUND(#2008,.T.);
#2010=IFCFACE((#2009));
#2011=IFCPOLYLOOP((#1998,#1997,#2004,#2007));
#2012=IFCFACEOUTERBOUND(#2011,.T.);
#2013=IFCFACE((#2012));
#2014=IFCPOLYLOOP((#1999,#1998,#2007,#2006));
#2015=IFCFACEOUTERBOUND(#2014,.T.);
#2016=IFCFACE((#2015));
#2017=IFCPOLYLOOP((#2000,#1999,#2006,#2005));
#2018=IFCFACEOUTERBOUND(#2017,.T.);
#2019=IFCFACE((#2018));
#2020=IFCPOLYLOOP((#1997,#2000,#2005,#2004));
#2021=IFCFACEOUTERBOUND(#2020,.T.);
#2022=IFCFACE((#2021));
#2023=IFCCARTESIANPOINT((5.,-200.,200.));
#2024=IFCCARTESIANPOINT((5.,-200.,-200.));
#2025=IFCCARTESIANPOINT((5.,200.,-200.));
#2026=IFCCARTESIANPOINT((5.,200.,200.));
#2027=IFCPOLYLOOP((#2023,#2024,#2025,#2026));
#2028=IFCFACEOUTERBOUND(#2027,.T.);
#2029=IFCFACE((#2028));
#2030=IFCCARTESIANPOINT((0.,-200.,200.));
#2031=IFCCARTESIANPOINT((0.,200.,200.));
#2032=IFCCARTESIANPOINT((0.,200.,-200.));
#2033=IFCCARTESIANPOINT((0.,-200.,-200.));
#2034=IFCPOLYLOOP((#2030,#2031,#2032,#2033));
#2035=IFCFACEOUTERBOUND(#2034,.T.);
#2036=IFCFACE((#2035));
#2037=IFCPOLYLOOP((#2024,#2023,#2030,#2033));
#2038=IFCFACEOUTERBOUND(#2037,.T.);
#2039=IFCFACE((#2038));
#2040=IFCPOLYLOOP((#2025,#2024,#2033,#2032));
#2041=IFCFACEOUTERBOUND(#2040,.T.);
#2042=IFCFACE((#2041));
#2043=IFCPOLYLOOP((#2026,#2025,#2032,#2031));
#2044=IFCFACEOUTERBOUND(#2043,.T.);
#2045=IFCFACE((#2044));
#2046=IFCPOLYLOOP((#2023,#2026,#2031,#2030));
#2047=IFCFACEOUTERBOUND(#2046,.T.);
#2048=IFCFACE((#2047));
#2049=IFCCLOSEDSHELL((#1925,#1932,#1935,#1938,#1941,#1944));
#2050=IFCFACETEDBREP(#2049);
#2051=IFCCLOSEDSHELL((#1951,#1958,#1961,#1964,#1967,#1970));
#2052=IFCFACETEDBREP(#2051);
#2053=IFCCLOSEDSHELL((#1977,#1984,#1987,#1990,#1993,#1996));
#2054=IFCFACETEDBREP(#2053);
#2055=IFCCLOSEDSHELL((#2003,#2010,#2013,#2016,#2019,#2022));
#2056=IFCFACETEDBREP(#2055);
#2057=IFCCLOSEDSHELL((#2029,#2036,#2039,#2042,#2045,#2048));
#2058=IFCFACETEDBREP(#2057);
#2059=IFCSHAPEREPRESENTATION(#26,'Body','Brep',(#2050,#2052,#2054,#2056,#2058));
#2060=IFCAXIS2PLACEMENT3D(#3,$,$);
#2061=IFCREPRESENTATIONMAP(#2060,#2059);
#2062=IFCDUCTFITTINGTYPE('2W2DoYBEb5MOqNjYUEJLM8',#18,'Rectangular Concentric Taper - Flanged:Standard',$,$,$,(#2061),'498591',$,.NOTDEFINED.);
#2063=IFCMAPPEDITEM(#2061,#80);
#2064=IFCSHAPEREPRESENTATION(#26,'Body','MappedRepresentation',(#2063));
#2065=IFCPRODUCTDEFINITIONSHAPE($,$,(#2064));
#2066=IFCCARTESIANPOINT((1370.9948666010569,-626.85296920967164,563.82363158915666));
#2067=IFCAXIS2PLACEMENT3D(#2066,#9,#6);
#2068=IFCLOCALPLACEMENT(#51,#2067);
#2069=IFCFLOWFITTING('2W2DoYBEb5MOqNjYUEJLM9',#18,'Rectangular Concentric Taper - Flanged:Standard:1393360',$,'Rectangular Concentric Taper - Flanged:Standard',#2068,#2065,'1393360');
#2070=IFCPROPERTYSET('2hOSi3boVSlYWWa2YJkzoy',#18,'Pset_DistributionFlowElementCommon',$,(#401));
#2071=IFCPROPERTYSINGLEVALUE('FlangeThickness',$,IFCLENGTHMEASURE(5.),$);
#2072=IFCPROPERTYSET('3L1ieAwmSPze4a89uZFQYa',#18,'Pset_PipeConnectionFlanged',$,(#2071));
#2073=IFCPROPERTYSET('1nHNoq6PFRF83_bGeSHW1c',#18,'Pset_QuantityTakeOff',$,(#401));
#2074=IFCRELDEFINESBYPROPERTIES('1_Aw5OD3BEATYzYJXj01jU',#18,$,$,(#2069),#2070);
#2075=IFCRELDEFINESBYPROPERTIES('3T7Mj2LXkZZp2M7wAt3p43',#18,$,$,(#2069),#2072);
#2076=IFCRELDEFINESBYPROPERTIES('1coJfE$B0tLseltO2vfoxU',#18,$,$,(#2069),#2073);
#2077=IFCAXIS2PLACEMENT3D(#3,$,$);
#2079=IFCCARTESIANPOINT((-8.0196233354592685,-165.1504837432897));
#2080=IFCCARTESIANPOINT((-3.0196233354566631,-165.1504837432897));
#2081=IFCPOLYLINE((#2079,#2080));
#2082=IFCCOMPOSITECURVESEGMENT(.CONTINUOUS.,.T.,#2081);
#2083=IFCCARTESIANPOINT((-3.0196233352533191,330.14951625671034));
#2084=IFCAXIS2PLACEMENT2D(#2083,#14);
#2085=IFCCIRCLE(#2084,495.30000000000007);
#2086=IFCTRIMMEDCURVE(#2085,(IFCPARAMETERVALUE(0.)),(IFCPARAMETERVALUE(1.0480515052710488)),.T.,.PARAMETER.);
#2087=IFCCOMPOSITECURVESEGMENT(.CONTINUOUS.,.T.,#2086);
#2088=IFCCARTESIANPOINT((6.0398740197643805,-165.0676234988463));
#2089=IFCCARTESIANPOINT((11.039037554547145,-164.97616885161207));
#2090=IFCPOLYLINE((#2088,#2089));
#2091=IFCCOMPOSITECURVESEGMENT(.CONTINUOUS.,.T.,#2090);
#2092=IFCCARTESIANPOINT((11.039037554547145,-164.97616885161207));
#2093=IFCCARTESIANPOINT((4.9993726512017069,165.16859098542562));
#2094=IFCPOLYLINE((#2092,#2093));
#2095=IFCCOMPOSITECURVESEGMENT(.CONTINUOUS.,.T.,#2094);
#2096=IFCCARTESIANPOINT((4.9993726512017043,165.16859098542562));
#2097=IFCCARTESIANPOINT((0.00020911641926766203,165.07713633819142));
#2098=IFCPOLYLINE((#2096,#2097));
#2099=IFCCOMPOSITECURVESEGMENT(.CONTINUOUS.,.T.,#2098);
#2100=IFCCARTESIANPOINT((-3.0196233352533191,330.14951625671034));
#2101=IFCAXIS2PLACEMENT2D(#2100,#14);
#2102=IFCCIRCLE(#2101,165.10000000000002);
#2103=IFCTRIMMEDCURVE(#2102,(IFCPARAMETERVALUE(0.)),(IFCPARAMETERVALUE(1.0480515052710488)),.T.,.PARAMETER.);
#2104=IFCCOMPOSITECURVESEGMENT(.CONTINUOUS.,.F.,#2103);
#2105=IFCCARTESIANPOINT((-3.0196233354566626,165.04951625671035));
#2106=IFCCARTESIANPOINT((-8.0196233354592703,165.04951625671038));
#2107=IFCPOLYLINE((#2105,#2106));
#2108=IFCCOMPOSITECURVESEGMENT(.CONTINUOUS.,.T.,#2107);
#2109=IFCCARTESIANPOINT((-8.0196233354592685,165.04951625671038));
#2110=IFCCARTESIANPOINT((-8.0196233354592685,-165.1504837432897));
#2111=IFCPOLYLINE((#2109,#2110));
#2112=IFCCOMPOSITECURVESEGMENT(.CONTINUOUS.,.T.,#2111);
#2113=IFCCOMPOSITECURVE((#2082,#2087,#2091,#2095,#2099,#2104,#2108,#2112),.F.);
#2114=IFCARBITRARYCLOSEDPROFILEDEF(.AREA.,'Standard',#2113);
#2115=IFCCARTESIANPOINT((-0.00046173592159203387,0.05048374328620947,-152.40000000000185));
#2116=IFCAXIS2PLACEMENT3D(#2115,$,$);
#2117=IFCEXTRUDEDAREASOLID(#2114,#2116,#9,304.80000000000001);
#2118=IFCCARTESIANPOINT((-6.6613381477509392E-016,-7.1054273576010019E-014));
#2119=IFCAXIS2PLACEMENT2D(#2118,#11);
#2120=IFCRECTANGLEPROFILEDEF(.AREA.,'Standard',#2119,5.0000000000000826,430.20000000000027);
#2121=IFCCARTESIANPOINT((5.5191615995615013,0.10096748657927992,-202.40000000000182));
#2122=IFCDIRECTION((0.99983270695649307,0.018290929447448968,0.));
#2123=IFCAXIS2PLACEMENT3D(#2121,#9,#2122);
#2124=IFCEXTRUDEDAREASOLID(#2120,#2123,#9,404.80000000000001);
#2125=IFCCARTESIANPOINT((0.,0.));
#2126=IFCAXIS2PLACEMENT2D(#2125,#11);
#2127=IFCRECTANGLEPROFILEDEF(.AREA.,'Standard',#2126,5.0000000000025855,430.2000000000001);
#2128=IFCCARTESIANPOINT((-5.5200850713795369,-0.,-202.40000000000188));
#2129=IFCAXIS2PLACEMENT3D(#2128,$,$);
#2130=IFCEXTRUDEDAREASOLID(#2127,#2129,#9,404.80000000000001);
#2131=IFCSHAPEREPRESENTATION(#26,'Body','SweptSolid',(#2117,#2124,#2130));
#2132=IFCAXIS2PLACEMENT3D(#3,$,$);
#2133=IFCREPRESENTATIONMAP(#2132,#2131);
#2134=IFCDUCTFITTINGTYPE('2W2DoYBEb5MOqNjYUEJLMA',#18,'Rectangular Medium Radius Bend - Flanged:Standard',$,$,$,(#2133),'498585',$,.NOTDEFINED.);
#2135=IFCMAPPEDITEM(#2133,#80);
#2136=IFCSHAPEREPRESENTATION(#26,'Body','MappedRepresentation',(#2135));
#2137=IFCPRODUCTDEFINITIONSHAPE($,$,(#2136));
#2138=IFCCARTESIANPOINT((1030.9110522891262,-626.85296920966323,4563.8236315893482));
#2139=IFCAXIS2PLACEMENT3D(#2138,#8,#6);
#2140=IFCLOCALPLACEMENT(#36,#2139);
#2141=IFCFLOWFITTING('2W2DoYBEb5MOqNjYUEJLMB',#18,'Rectangular Medium Radius Bend - Flanged:Standard:1393362',$,'Rectangular Medium Radius Bend - Flanged:Standard',#2140,#2137,'1393362');
#2142=IFCPROPERTYSET('2gkhDkQksfD6MpBThflxAE',#18,'Pset_DistributionFlowElementCommon',$,(#401));
#2143=IFCPROPERTYSINGLEVALUE('FlangeThickness',$,IFCLENGTHMEASURE(5.),$);
#2144=IFCPROPERTYSET('1vcoRl7P_mWwp1MsFVW0GD',#18,'Pset_PipeConnectionFlanged',$,(#2143));
#2145=IFCPROPERTYSET('0n7dzPus_VvyAs87Zbfs_y',#18,'Pset_QuantityTakeOff',$,(#401));
#2146=IFCRELDEFINESBYPROPERTIES('3hN$fWKZ2aRX2uF4B3flTX',#18,$,$,(#2141),#2142);
#2147=IFCRELDEFINESBYPROPERTIES('2EQ8Y7fDPVZDHIIiybPmNc',#18,$,$,(#2141),#2144);
#2148=IFCRELDEFINESBYPROPERTIES('3QQ_yg7RN0zspgdCyMzv9A',#18,$,$,(#2141),#2145);
#2149=IFCMAPPEDITEM(#2133,#80);
#2150=IFCSHAPEREPRESENTATION(#26,'Body','MappedRepresentation',(#2149));
#2151=IFCPRODUCTDEFINITIONSHAPE($,$,(#2150));
#2152=IFCCARTESIANPOINT((560.81130668912635,-626.85296920966323,4555.2236315891569));
#2153=IFCDIRECTION((-0.99983270695649284,0.,-0.018290929447463307));
#2154=IFCAXIS2PLACEMENT3D(#2152,#7,#2153);
#2155=IFCLOCALPLACEMENT(#36,#2154);
#2156=IFCFLOWFITTING('2W2DoYBEb5MOqNjYUEJLMC',#18,'Rectangular Medium Radius Bend - Flanged:Standard:1393365',$,'Rectangular Medium Radius Bend - Flanged:Standard',#2155,#2151,'1393365');
#2157=IFCPROPERTYSET('2T78VQ_yIS1XsbnC_2RAhM',#18,'Pset_DistributionFlowElementCommon',$,(#401));
#2158=IFCPROPERTYSINGLEVALUE('FlangeThickness',$,IFCLENGTHMEASURE(5.),$);
#2159=IFCPROPERTYSET('3kjFKLqGn3yOsTnN$Ag8Va',#18,'Pset_PipeConnectionFlanged',$,(#2158));
#2160=IFCPROPERTYSET('27RNyVADuhYHIBPHUEOeV7',#18,'Pset_QuantityTakeOff',$,(#401));
#2161=IFCRELDEFINESBYPROPERTIES('0lL9ZHlZotAv9BmyU5BR9V',#18,$,$,(#2156),#2157);
#2162=IFCRELDEFINESBYPROPERTIES('1dTrUWoap55TJs0TaR0vOA',#18,$,$,(#2156),#2159);
#2163=IFCRELDEFINESBYPROPERTIES('3wDZ0j3_uzf1o2xDAQ3p7D',#18,$,$,(#2156),#2160);
#2164=IFCAXIS2PLACEMENT3D(#3,$,$);
#2166=IFCCARTESIANPOINT((150.,150.,100.));
#2167=IFCCARTESIANPOINT((-150.,150.,100.));
#2168=IFCCARTESIANPOINT((-150.,-150.,100.));
#2169=IFCCARTESIANPOINT((150.,-150.,100.));
#2170=IFCPOLYLOOP((#2166,#2167,#2168,#2169));
#2171=IFCFACEOUTERBOUND(#2170,.T.);
#2172=IFCFACE((#2171));
#2173=IFCCARTESIANPOINT((400.,400.,0.));
#2174=IFCCARTESIANPOINT((400.,-400.,0.));
#2175=IFCCARTESIANPOINT((-400.,-400.,0.));
#2176=IFCCARTESIANPOINT((-400.,400.,0.));
#2177=IFCPOLYLOOP((#2173,#2174,#2175,#2176));
#2178=IFCFACEOUTERBOUND(#2177,.T.);
#2179=IFCFACE((#2178));
#2180=IFCPOLYLOOP((#2173,#2176,#2167,#2166));
#2181=IFCFACEOUTERBOUND(#2180,.T.);
#2182=IFCFACE((#2181));
#2183=IFCPOLYLOOP((#2176,#2175,#2168,#2167));
#2184=IFCFACEOUTERBOUND(#2183,.T.);
#2185=IFCFACE((#2184));
#2186=IFCPOLYLOOP((#2175,#2174,#2169,#2168));
#2187=IFCFACEOUTERBOUND(#2186,.T.);
#2188=IFCFACE((#2187));
#2189=IFCPOLYLOOP((#2174,#2173,#2166,#2169));
#2190=IFCFACEOUTERBOUND(#2189,.T.);
#2191=IFCFACE((#2190));
#2192=IFCCLOSEDSHELL((#2172,#2179,#2182,#2185,#2188,#2191));
#2193=IFCFACETEDBREP(#2192);
#2194=IFCSHAPEREPRESENTATION(#26,'Body','Brep',(#2193));
#2195=IFCAXIS2PLACEMENT3D(#3,$,$);
#2196=IFCREPRESENTATIONMAP(#2195,#2194);
#2197=IFCAIRTERMINALTYPE('0Sathp0mD3TwMjw9RnC5CN',#18,'Return Diffuser:800 x 800Face 300 x 300 Connection 2',$,$,$,(#2196),'1395225',$,.NOTDEFINED.);
#2198=IFCMAPPEDITEM(#2196,#80);
#2199=IFCSHAPEREPRESENTATION(#26,'Body','MappedRepresentation',(#2198));
#2200=IFCPRODUCTDEFINITIONSHAPE($,$,(#2199));
#2201=IFCCARTESIANPOINT((762.74486660103503,-2117.2529692097182,4015.823631589159));
#2202=IFCAXIS2PLACEMENT3D(#2201,$,$);
#2203=IFCLOCALPLACEMENT(#36,#2202);
#2204=IFCFLOWTERMINAL('0H1pIA0hDErxqKZwQbe97t',#18,'Return Diffuser:800 x 800Face 300 x 300 Connection 2:1393393',$,'Return Diffuser:800 x 800Face 300 x 300 Connection 2',#2203,#2200,'1393393');
#2205=IFCPROPERTYSINGLEVALUE('Reference',$,IFCIDENTIFIER('800 x 800Face 300 x 300 Connection 2'),$);
#2206=IFCPROPERTYSET('03QpFY4oZDprBZjcXKNXDI',#18,'Pset_DistributionFlowElementCommon',$,(#2205));
#2207=IFCPROPERTYSET('0CbpMEOYPnIfZstZ0yHlvx',#18,'Pset_QuantityTakeOff',$,(#2205));
#2208=IFCRELDEFINESBYPROPERTIES('2RDZdFVBYZdKkp$MVwJCWu',#18,$,$,(#2204),#2206);
#2209=IFCRELDEFINESBYPROPERTIES('2g7yh7E2h23Xqz7HCo080C',#18,$,$,(#2204),#2207);
#2210=IFCAXIS2PLACEMENT3D(#3,$,$);
#2211=IFCLOCALPLACEMENT(#51,#2210);
#2212=IFCCARTESIANPOINT((0.,-7.1054273576010019E-014));
#2213=IFCAXIS2PLACEMENT2D(#2212,#11);
#2214=IFCRECTANGLEPROFILEDEF(.AREA.,'Flanged Radius Bend / Shoe Branch',#2213,206.56154467042364,300.);
#2215=IFCCARTESIANPOINT((-1828.9743610637531,-626.85296920965834,405.22363158895939));
#2216=IFCAXIS2PLACEMENT3D(#2215,#9,#6);
#2217=IFCEXTRUDEDAREASOLID(#2214,#2216,#9,300.);
#2218=IFCSHAPEREPRESENTATION(#26,'Body','SweptSolid',(#2217));
#2219=IFCPRODUCTDEFINITIONSHAPE($,$,(#2218));
#2220=IFCFLOWSEGMENT('0H1pIA0hDErxqKZwQbe9Sg',#18,'Rectangular Duct:Flanged Radius Bend / Shoe Branch:1393708',$,'Rectangular Duct:Flanged Radius Bend / Shoe Branch',#2211,#2219,'1393708');
#2221=IFCPROPERTYSET('1aeUgUtMLgE3q$Q5FDvRk5',#18,'Pset_DistributionFlowElementCommon',$,(#277));
#2222=IFCPROPERTYENUMERATEDVALUE('Shape',$,(IFCLABEL('RECTANGULAR')),$);
#2223=IFCPROPERTYSINGLEVALUE('Length',$,IFCPOSITIVELENGTHMEASURE(206.56154467042364),$);
#2224=IFCPROPERTYSET('1QSROVLqJixUgtJTZVikQ2',#18,'Pset_DuctSegmentTypeCommon',$,(#2222,#2223));
#2225=IFCPROPERTYSINGLEVALUE('Length',$,IFCPOSITIVELENGTHMEASURE(206.56154467042364),$);
#2226=IFCPROPERTYSET('1k4poSn80VH1_7dZTfY283',#18,'Pset_FlowSegmentDuctSegment',$,(#2225));
#2227=IFCPROPERTYSINGLEVALUE('Length',$,IFCPOSITIVELENGTHMEASURE(206.56154467042364),$);
#2228=IFCPROPERTYSET('2UkO2kscAheIOARy8EWH2S',#18,'Pset_FlowSegmentPipeSegment',$,(#2227));
#2229=IFCPROPERTYSET('3STv1kKAuKwZwFNY9GL2dl',#18,'Pset_QuantityTakeOff',$,(#277));
#2230=IFCRELDEFINESBYPROPERTIES('0QgIhVZcIeyC52bBy0oM3q',#18,$,$,(#2220),#2221);
#2231=IFCRELDEFINESBYPROPERTIES('2EJVGkk4gVwsI2dcF2dfvp',#18,$,$,(#2220),#2224);
#2232=IFCRELDEFINESBYPROPERTIES('3TglaAsS3Hhi_H5Q$JLE_M',#18,$,$,(#2220),#2226);
#2233=IFCRELDEFINESBYPROPERTIES('2scDnmaHavlfbTLUS2WnTJ',#18,$,$,(#2220),#2228);
#2234=IFCRELDEFINESBYPROPERTIES('2WU$i3VJB2bJbgZiBxUIAY',#18,$,$,(#2220),#2229);
#2235=IFCMAPPEDITEM(#392,#80);
#2236=IFCSHAPEREPRESENTATION(#26,'Body','MappedRepresentation',(#2235));
#2237=IFCPRODUCTDEFINITIONSHAPE($,$,(#2236));
#2238=IFCCARTESIANPOINT((-2237.2551333989518,-626.85296920966937,555.22363158893722));
#2239=IFCAXIS2PLACEMENT3D(#2238,#9,#6);
#2240=IFCLOCALPLACEMENT(#51,#2239);
#2241=IFCFLOWFITTING('0H1pIA0hDErxqKZwQbe9Su',#18,'Rectangular Medium Radius Bend - Flanged:Standard:1393726',$,'Rectangular Medium Radius Bend - Flanged:Standard',#2240,#2237,'1393726');
#2242=IFCPROPERTYSET('3arStSdu7r4IQXa$xEOhRx',#18,'Pset_DistributionFlowElementCommon',$,(#401));
#2243=IFCPROPERTYSINGLEVALUE('FlangeThickness',$,IFCLENGTHMEASURE(5.),$);
#2244=IFCPROPERTYSET('3g$LMdp6um4XKg5ogNgn_3',#18,'Pset_PipeConnectionFlanged',$,(#2243));
#2245=IFCPROPERTYSET('11Jebiqjyw8R$VFkMj4P15',#18,'Pset_QuantityTakeOff',$,(#401));
#2246=IFCRELDEFINESBYPROPERTIES('2HHTgz3pKQQjmW$QULtHaM',#18,$,$,(#2241),#2242);
#2247=IFCRELDEFINESBYPROPERTIES('2agmx5YDqJ2DwoDMy6hVLc',#18,$,$,(#2241),#2244);
#2248=IFCRELDEFINESBYPROPERTIES('0KErdSQ4dkbUNlaQrrx1aa',#18,$,$,(#2241),#2245);
#2249=IFCAXIS2PLACEMENT3D(#3,$,$);
#2250=IFCLOCALPLACEMENT(#51,#2249);
#2251=IFCCARTESIANPOINT((1.1368683772161603E-013,1.2789769243681803E-013));
#2252=IFCAXIS2PLACEMENT2D(#2251,#11);
#2253=IFCRECTANGLEPROFILEDEF(.AREA.,'Flanged Radius Bend / Shoe Branch',#2252,880.40000000006785,300.);
#2254=IFCCARTESIANPOINT((-2237.2551333989622,-1372.0529692096891,405.22363158893501));
#2255=IFCAXIS2PLACEMENT3D(#2254,#9,#8);
#2256=IFCEXTRUDEDAREASOLID(#2253,#2255,#9,300.);
#2257=IFCSHAPEREPRESENTATION(#26,'Body','SweptSolid',(#2256));
#2258=IFCPRODUCTDEFINITIONSHAPE($,$,(#2257));
#2259=IFCFLOWSEGMENT('0H1pIA0hDErxqKZwQbe9Vs',#18,'Rectangular Duct:Flanged Radius Bend / Shoe Branch:1393904',$,'Rectangular Duct:Flanged Radius Bend / Shoe Branch',#2250,#2258,'1393904');
#2260=IFCPROPERTYSET('2lgMb61kwzh1Vz4kFWrTTK',#18,'Pset_DistributionFlowElementCommon',$,(#277));
#2261=IFCPROPERTYENUMERATEDVALUE('Shape',$,(IFCLABEL('RECTANGULAR')),$);
#2262=IFCPROPERTYSINGLEVALUE('Length',$,IFCPOSITIVELENGTHMEASURE(880.40000000006796),$);
#2263=IFCPROPERTYSET('2oTLosBfgrvjuejPnZ9EO_',#18,'Pset_DuctSegmentTypeCommon',$,(#2261,#2262));
#2264=IFCPROPERTYSINGLEVALUE('Length',$,IFCPOSITIVELENGTHMEASURE(880.40000000006796),$);
#2265=IFCPROPERTYSET('3bkzoJytHFr3Ih4VHDFq9g',#18,'Pset_FlowSegmentDuctSegment',$,(#2264));
#2266=IFCPROPERTYSINGLEVALUE('Length',$,IFCPOSITIVELENGTHMEASURE(880.40000000006796),$);
#2267=IFCPROPERTYSET('21An7svwK90kjITPLwQ78j',#18,'Pset_FlowSegmentPipeSegment',$,(#2266));
#2268=IFCPROPERTYSET('3HxNKe4RZsoXoz7jzJJW1r',#18,'Pset_QuantityTakeOff',$,(#277));
#2269=IFCRELDEFINESBYPROPERTIES('218y4kjpaGsuMCqH3pw$Rm',#18,$,$,(#2259),#2260);
#2270=IFCRELDEFINESBYPROPERTIES('2WDdzrtLJs83EnFFeGAg0s',#18,$,$,(#2259),#2263);
#2271=IFCRELDEFINESBYPROPERTIES('3ZAPIbSuHtNp5K4ySD8EIq',#18,$,$,(#2259),#2265);
#2272=IFCRELDEFINESBYPROPERTIES('3meM4lPcUUEMUOhI20ATbt',#18,$,$,(#2259),#2267);
#2273=IFCRELDEFINESBYPROPERTIES('2t2qWbaX5MNZlTi58ER1Ui',#18,$,$,(#2259),#2268);
#2274=IFCAXIS2PLACEMENT3D(#3,$,$);
#2275=IFCLOCALPLACEMENT(#51,#2274);
#2276=IFCCARTESIANPOINT((0.,0.));
#2277=IFCAXIS2PLACEMENT2D(#2276,#11);
#2278=IFCRECTANGLEPROFILEDEF(.AREA.,'Flanged Radius Bend / Shoe Branch',#2277,2390.0000000000045,300.);
#2279=IFCCARTESIANPOINT((-737.25513339895281,-2117.2529692097269,405.22363158893501));
#2280=IFCAXIS2PLACEMENT3D(#2279,$,$);
#2281=IFCEXTRUDEDAREASOLID(#2278,#2280,#9,300.);
#2282=IFCSHAPEREPRESENTATION(#26,'Body','SweptSolid',(#2281));
#2283=IFCPRODUCTDEFINITIONSHAPE($,$,(#2282));
#2284=IFCFLOWSEGMENT('0H1pIA0hDErxqKZwQbe9Vn',#18,'Rectangular Duct:Flanged Radius Bend / Shoe Branch:1393911',$,'Rectangular Duct:Flanged Radius Bend / Shoe Branch',#2275,#2283,'1393911');
#2285=IFCPROPERTYSET('1UXrMZvvLKlt9ucgQ9FaV7',#18,'Pset_DistributionFlowElementCommon',$,(#277));
#2286=IFCPROPERTYENUMERATEDVALUE('Shape',$,(IFCLABEL('RECTANGULAR')),$);
#2287=IFCPROPERTYSINGLEVALUE('Length',$,IFCPOSITIVELENGTHMEASURE(2390.),$);
#2288=IFCPROPERTYSET('1O50VbAPmzukKQ_b$7CRpo',#18,'Pset_DuctSegmentTypeCommon',$,(#2286,#2287));
#2289=IFCPROPERTYSET('3DdTpK0VPeUNUdH9QG39k$',#18,'Pset_FlowSegmentDuctSegment',$,(#2287));
#2290=IFCPROPERTYSET('2VMIpx5DbE2VeVKRE4yOV9',#18,'Pset_FlowSegmentPipeSegment',$,(#2287));
#2291=IFCPROPERTYSET('10T1WsGZMNqH0W2CYhP90_',#18,'Pset_QuantityTakeOff',$,(#277));
#2292=IFCRELDEFINESBYPROPERTIES('1RhSQzcLbIB2N3dRDcFk19',#18,$,$,(#2284),#2285);
#2293=IFCRELDEFINESBYPROPERTIES('14NwjGSvnF6CBNGraVG4RL',#18,$,$,(#2284),#2288);
#2294=IFCRELDEFINESBYPROPERTIES('3Tbfiu_wsfuTAW$YpmMWR$',#18,$,$,(#2284),#2289);
#2295=IFCRELDEFINESBYPROPERTIES('1AnUEAbb5aHojcY4zFBqHg',#18,$,$,(#2284),#2290);
#2296=IFCRELDEFINESBYPROPERTIES('31g_euy3pcmrHhNYrOUzon',#18,$,$,(#2284),#2291);
#2297=IFCAXIS2PLACEMENT3D(#3,$,$);
#2298=IFCLOCALPLACEMENT(#36,#2297);
#2299=IFCCARTESIANPOINT((0.,0.));
#2300=IFCAXIS2PLACEMENT2D(#2299,#11);
#2301=IFCRECTANGLEPROFILEDEF(.AREA.,'Flanged Radius Bend / Shoe Branch',#2300,300.,300.);
#2302=IFCCARTESIANPOINT((762.74486660103503,-2117.2529692097182,4115.823631589159));
#2303=IFCAXIS2PLACEMENT3D(#2302,#9,#7);
#2304=IFCEXTRUDEDAREASOLID(#2301,#2303,#9,134.39999999998352);
#2305=IFCSHAPEREPRESENTATION(#26,'Body','SweptSolid',(#2304));
#2306=IFCPRODUCTDEFINITIONSHAPE($,$,(#2305));
#2307=IFCFLOWSEGMENT('0H1pIA0hDErxqKZwQbe9Ok',#18,'Rectangular Duct:Flanged Radius Bend / Shoe Branch:1393960',$,'Rectangular Duct:Flanged Radius Bend / Shoe Branch',#2298,#2306,'1393960');
#2308=IFCPROPERTYSET('01UX27Y98g2hi4VrB79Euz',#18,'Pset_DistributionFlowElementCommon',$,(#277));
#2309=IFCPROPERTYENUMERATEDVALUE('Shape',$,(IFCLABEL('RECTANGULAR')),$);
#2310=IFCPROPERTYSINGLEVALUE('Length',$,IFCPOSITIVELENGTHMEASURE(134.39999999998298),$);
#2311=IFCPROPERTYSET('2G7fuQrgpL$jjx7CwgudyT',#18,'Pset_DuctSegmentTypeCommon',$,(#2309,#2310));
#2312=IFCPROPERTYSINGLEVALUE('Length',$,IFCPOSITIVELENGTHMEASURE(134.39999999998298),$);
#2313=IFCPROPERTYSET('0pLPhvuskzRZknie2w$EH6',#18,'Pset_FlowSegmentDuctSegment',$,(#2312));
#2314=IFCPROPERTYSINGLEVALUE('Length',$,IFCPOSITIVELENGTHMEASURE(134.39999999998298),$);
#2315=IFCPROPERTYSET('32qiVqRdx4W6e2eKVwHHfb',#18,'Pset_FlowSegmentPipeSegment',$,(#2314));
#2316=IFCPROPERTYSET('2OCgq6QStdPGh4Qgcl2xVM',#18,'Pset_QuantityTakeOff',$,(#277));
#2317=IFCRELDEFINESBYPROPERTIES('01P6C2TFi5lZ4545T1wuSQ',#18,$,$,(#2307),#2308);
#2318=IFCRELDEFINESBYPROPERTIES('0S$ZDQA34yizS$1xPIqw2i',#18,$,$,(#2307),#2311);
#2319=IFCRELDEFINESBYPROPERTIES('1OgenZqwJ7hFE4rylXJiWj',#18,$,$,(#2307),#2313);
#2320=IFCRELDEFINESBYPROPERTIES('04p56igZDRe0R$6HbhAuTT',#18,$,$,(#2307),#2315);
#2321=IFCRELDEFINESBYPROPERTIES('1WGkKi5xoHHt0eE$NufG4Q',#18,$,$,(#2307),#2316);
#2322=IFCMAPPEDITEM(#392,#80);
#2323=IFCSHAPEREPRESENTATION(#26,'Body','MappedRepresentation',(#2322));
#2324=IFCPRODUCTDEFINITIONSHAPE($,$,(#2323));
#2325=IFCCARTESIANPOINT((762.74486660103503,-2117.2529692097387,4555.2236315891596));
#2326=IFCAXIS2PLACEMENT3D(#2325,#8,#9);
#2327=IFCLOCALPLACEMENT(#36,#2326);
#2328=IFCFLOWFITTING('0H1pIA0hDErxqKZwQbe9Oh',#18,'Rectangular Medium Radius Bend - Flanged:Standard:1393965',$,'Rectangular Medium Radius Bend - Flanged:Standard',#2327,#2324,'1393965');
#2329=IFCPROPERTYSET('01dwN3CixlmRcHB90Wt3VM',#18,'Pset_DistributionFlowElementCommon',$,(#401));
#2330=IFCPROPERTYSINGLEVALUE('FlangeThickness',$,IFCLENGTHMEASURE(5.),$);
#2331=IFCPROPERTYSET('1q6UhzU4aiG_6zfLCUHbJF',#18,'Pset_PipeConnectionFlanged',$,(#2330));
#2332=IFCPROPERTYSET('1HXEkUcz8vsgmFXtYkMG2m',#18,'Pset_QuantityTakeOff',$,(#401));
#2333=IFCRELDEFINESBYPROPERTIES('0bgUFNLrt06xpACkVXhBVA',#18,$,$,(#2328),#2329);
#2334=IFCRELDEFINESBYPROPERTIES('3pDfkVTc015jAq47fu_p8X',#18,$,$,(#2328),#2331);
#2335=IFCRELDEFINESBYPROPERTIES('0v9b0JnG9aessxzDtkVRaJ',#18,$,$,(#2328),#2332);
#2336=IFCMAPPEDITEM(#392,#80);
#2337=IFCSHAPEREPRESENTATION(#26,'Body','MappedRepresentation',(#2336));
#2338=IFCPRODUCTDEFINITIONSHAPE($,$,(#2337));
#2339=IFCCARTESIANPOINT((-2237.2551333989409,-2117.25296920971,555.22363158893506));
#2340=IFCAXIS2PLACEMENT3D(#2339,#9,#8);
#2341=IFCLOCALPLACEMENT(#51,#2340);
#2342=IFCFLOWFITTING('0H1pIA0hDErxqKZwQbe9PJ',#18,'Rectangular Medium Radius Bend - Flanged:Standard:1394005',$,'Rectangular Medium Radius Bend - Flanged:Standard',#2341,#2338,'1394005');
#2343=IFCPROPERTYSET('3jN3QkNl9dlyhSe68rAhwX',#18,'Pset_DistributionFlowElementCommon',$,(#401));
#2344=IFCPROPERTYSINGLEVALUE('FlangeThickness',$,IFCLENGTHMEASURE(5.),$);
#2345=IFCPROPERTYSET('2$_e9fPbe$LhlJxgAU4m_M',#18,'Pset_PipeConnectionFlanged',$,(#2344));
#2346=IFCPROPERTYSET('2aC2OyHugubRXc8iBX0MF9',#18,'Pset_QuantityTakeOff',$,(#401));
#2347=IFCRELDEFINESBYPROPERTIES('2cTEdmbtjyj1sQjEJ7qqiH',#18,$,$,(#2342),#2343);
#2348=IFCRELDEFINESBYPROPERTIES('2qHsTTOUGoETPatrEAzYdo',#18,$,$,(#2342),#2345);
#2349=IFCRELDEFINESBYPROPERTIES('1Iy8LXMI0KxE1hHThotiF6',#18,$,$,(#2342),#2346);
#2350=IFCAXIS2PLACEMENT3D(#3,$,$);
#2352=IFCCARTESIANPOINT((974.28845532956711,-150.,150.));
#2353=IFCCARTESIANPOINT((974.28845532956711,-150.,-150.));
#2354=IFCCARTESIANPOINT((974.28845532956711,150.,-150.));
#2355=IFCCARTESIANPOINT((974.28845532956711,150.,150.));
#2356=IFCPOLYLOOP((#2352,#2353,#2354,#2355));
#2357=IFCFACEOUTERBOUND(#2356,.T.);
#2358=IFCFACE((#2357));
#2359=IFCCARTESIANPOINT((919.28845532956916,-150.,150.));
#2360=IFCCARTESIANPOINT((919.28845532956916,150.,150.));
#2361=IFCCARTESIANPOINT((919.28845532956916,150.,-150.));
#2362=IFCCARTESIANPOINT((919.28845532956916,-150.,-150.));
#2363=IFCPOLYLOOP((#2359,#2360,#2361,#2362));
#2364=IFCFACEOUTERBOUND(#2363,.T.);
#2365=IFCFACE((#2364));
#2366=IFCPOLYLOOP((#2353,#2352,#2359,#2362));
#2367=IFCFACEOUTERBOUND(#2366,.T.);
#2368=IFCFACE((#2367));
#2369=IFCPOLYLOOP((#2354,#2353,#2362,#2361));
#2370=IFCFACEOUTERBOUND(#2369,.T.);
#2371=IFCFACE((#2370));
#2372=IFCPOLYLOOP((#2355,#2354,#2361,#2360));
#2373=IFCFACEOUTERBOUND(#2372,.T.);
#2374=IFCFACE((#2373));
#2375=IFCPOLYLOOP((#2352,#2355,#2360,#2359));
#2376=IFCFACEOUTERBOUND(#2375,.T.);
#2377=IFCFACE((#2376));
#2378=IFCCARTESIANPOINT((55.,-508.,254.));
#2379=IFCCARTESIANPOINT((55.,-508.,-254.));
#2380=IFCCARTESIANPOINT((55.,508.,-254.));
#2381=IFCCARTESIANPOINT((55.,508.,254.));
#2382=IFCPOLYLOOP((#2378,#2379,#2380,#2381));
#2383=IFCFACEOUTERBOUND(#2382,.T.);
#2384=IFCFACE((#2383));
#2385=IFCCARTESIANPOINT((0.,-508.,254.));
#2386=IFCCARTESIANPOINT((0.,508.,254.));
#2387=IFCCARTESIANPOINT((0.,508.,-254.));
#2388=IFCCARTESIANPOINT((0.,-508.,-254.));
#2389=IFCPOLYLOOP((#2385,#2386,#2387,#2388));
#2390=IFCFACEOUTERBOUND(#2389,.T.);
#2391=IFCFACE((#2390));
#2392=IFCPOLYLOOP((#2379,#2378,#2385,#2388));
#2393=IFCFACEOUTERBOUND(#2392,.T.);
#2394=IFCFACE((#2393));
#2395=IFCPOLYLOOP((#2380,#2379,#2388,#2387));
#2396=IFCFACEOUTERBOUND(#2395,.T.);
#2397=IFCFACE((#2396));
#2398=IFCPOLYLOOP((#2381,#2380,#2387,#2386));
#2399=IFCFACEOUTERBOUND(#2398,.T.);
#2400=IFCFACE((#2399));
#2401=IFCPOLYLOOP((#2378,#2381,#2386,#2385));
#2402=IFCFACEOUTERBOUND(#2401,.T.);
#2403=IFCFACE((#2402));
#2404=IFCCARTESIANPOINT((919.28845532956916,-150.,150.));
#2405=IFCCARTESIANPOINT((919.28845532956939,-150.,-150.));
#2406=IFCCARTESIANPOINT((919.28845532956939,150.,-150.));
#2407=IFCCARTESIANPOINT((919.28845532956916,150.,150.));
#2408=IFCPOLYLOOP((#2404,#2405,#2406,#2407));
#2409=IFCFACEOUTERBOUND(#2408,.T.);
#2410=IFCFACE((#2409));
#2411=IFCCARTESIANPOINT((55.,-508.,254.));
#2412=IFCCARTESIANPOINT((55.,508.,254.));
#2413=IFCCARTESIANPOINT((55.,508.,-254.));
#2414=IFCCARTESIANPOINT((55.,-508.,-254.));
#2415=IFCPOLYLOOP((#2411,#2412,#2413,#2414));
#2416=IFCFACEOUTERBOUND(#2415,.T.);
#2417=IFCFACE((#2416));
#2418=IFCPOLYLOOP((#2411,#2414,#2405,#2404));
#2419=IFCFACEOUTERBOUND(#2418,.T.);
#2420=IFCFACE((#2419));
#2421=IFCPOLYLOOP((#2414,#2413,#2406,#2405));
#2422=IFCFACEOUTERBOUND(#2421,.T.);
#2423=IFCFACE((#2422));
#2424=IFCPOLYLOOP((#2413,#2412,#2407,#2406));
#2425=IFCFACEOUTERBOUND(#2424,.T.);
#2426=IFCFACE((#2425));
#2427=IFCPOLYLOOP((#2412,#2411,#2404,#2407));
#2428=IFCFACEOUTERBOUND(#2427,.T.);
#2429=IFCFACE((#2428));
#2430=IFCCARTESIANPOINT((974.28845532956711,-200.,200.));
#2431=IFCCARTESIANPOINT((974.28845532956711,-200.,-200.));
#2432=IFCCARTESIANPOINT((974.28845532956711,200.,-200.));
#2433=IFCCARTESIANPOINT((974.28845532956711,200.,200.));
#2434=IFCPOLYLOOP((#2430,#2431,#2432,#2433));
#2435=IFCFACEOUTERBOUND(#2434,.T.);
#2436=IFCFACE((#2435));
#2437=IFCCARTESIANPOINT((969.28845532956609,-200.,200.));
#2438=IFCCARTESIANPOINT((969.28845532956609,200.,200.));
#2439=IFCCARTESIANPOINT((969.28845532956609,200.,-200.));
#2440=IFCCARTESIANPOINT((969.28845532956609,-200.,-200.));
#2441=IFCPOLYLOOP((#2437,#2438,#2439,#2440));
#2442=IFCFACEOUTERBOUND(#2441,.T.);
#2443=IFCFACE((#2442));
#2444=IFCPOLYLOOP((#2431,#2430,#2437,#2440));
#2445=IFCFACEOUTERBOUND(#2444,.T.);
#2446=IFCFACE((#2445));
#2447=IFCPOLYLOOP((#2432,#2431,#2440,#2439));
#2448=IFCFACEOUTERBOUND(#2447,.T.);
#2449=IFCFACE((#2448));
#2450=IFCPOLYLOOP((#2433,#2432,#2439,#2438));
#2451=IFCFACEOUTERBOUND(#2450,.T.);
#2452=IFCFACE((#2451));
#2453=IFCPOLYLOOP((#2430,#2433,#2438,#2437));
#2454=IFCFACEOUTERBOUND(#2453,.T.);
#2455=IFCFACE((#2454));
#2456=IFCCARTESIANPOINT((5.,-558.,304.));
#2457=IFCCARTESIANPOINT((5.,-558.,-304.));
#2458=IFCCARTESIANPOINT((5.,558.,-304.));
#2459=IFCCARTESIANPOINT((5.,558.,304.));
#2460=IFCPOLYLOOP((#2456,#2457,#2458,#2459));
#2461=IFCFACEOUTERBOUND(#2460,.T.);
#2462=IFCFACE((#2461));
#2463=IFCCARTESIANPOINT((0.,-558.,304.));
#2464=IFCCARTESIANPOINT((0.,558.,304.));
#2465=IFCCARTESIANPOINT((0.,558.,-304.));
#2466=IFCCARTESIANPOINT((0.,-558.,-304.));
#2467=IFCPOLYLOOP((#2463,#2464,#2465,#2466));
#2468=IFCFACEOUTERBOUND(#2467,.T.);
#2469=IFCFACE((#2468));
#2470=IFCPOLYLOOP((#2457,#2456,#2463,#2466));
#2471=IFCFACEOUTERBOUND(#2470,.T.);
#2472=IFCFACE((#2471));
#2473=IFCPOLYLOOP((#2458,#2457,#2466,#2465));
#2474=IFCFACEOUTERBOUND(#2473,.T.);
#2475=IFCFACE((#2474));
#2476=IFCPOLYLOOP((#2459,#2458,#2465,#2464));
#2477=IFCFACEOUTERBOUND(#2476,.T.);
#2478=IFCFACE((#2477));
#2479=IFCPOLYLOOP((#2456,#2459,#2464,#2463));
#2480=IFCFACEOUTERBOUND(#2479,.T.);
#2481=IFCFACE((#2480));
#2482=IFCCLOSEDSHELL((#2358,#2365,#2368,#2371,#2374,#2377));
#2483=IFCFACETEDBREP(#2482);
#2484=IFCCLOSEDSHELL((#2384,#2391,#2394,#2397,#2400,#2403));
#2485=IFCFACETEDBREP(#2484);
#2486=IFCCLOSEDSHELL((#2410,#2417,#2420,#2423,#2426,#2429));
#2487=IFCFACETEDBREP(#2486);
#2488=IFCCLOSEDSHELL((#2436,#2443,#2446,#2449,#2452,#2455));
#2489=IFCFACETEDBREP(#2488);
#2490=IFCCLOSEDSHELL((#2462,#2469,#2472,#2475,#2478,#2481));
#2491=IFCFACETEDBREP(#2490);
#2492=IFCSHAPEREPRESENTATION(#26,'Body','Brep',(#2483,#2485,#2487,#2489,#2491));
#2493=IFCAXIS2PLACEMENT3D(#3,$,$);
#2494=IFCREPRESENTATIONMAP(#2493,#2492);
#2495=IFCDUCTFITTINGTYPE('0SWlLUbBDElAk2yZgiviw$',#18,'Rectangular Concentric Taper - Flanged:Standard',$,$,$,(#2494),'498591',$,.NOTDEFINED.);
#2496=IFCMAPPEDITEM(#2494,#80);
#2497=IFCSHAPEREPRESENTATION(#26,'Body','MappedRepresentation',(#2496));
#2498=IFCPRODUCTDEFINITIONSHAPE($,$,(#2497));
#2499=IFCCARTESIANPOINT((-751.40513339897427,-626.85296920966744,555.22363158893722));
#2500=IFCAXIS2PLACEMENT3D(#2499,#9,#6);
#2501=IFCLOCALPLACEMENT(#51,#2500);
#2502=IFCFLOWFITTING('0SWlLUbBDElAk2yZgiviwy',#18,'Rectangular Concentric Taper - Flanged:Standard:1394081',$,'Rectangular Concentric Taper - Flanged:Standard',#2501,#2498,'1394081');
#2503=IFCPROPERTYSET('0jSlyeAxYdageJGsPNAY56',#18,'Pset_DistributionFlowElementCommon',$,(#401));
#2504=IFCPROPERTYSINGLEVALUE('FlangeThickness',$,IFCLENGTHMEASURE(5.),$);
#2505=IFCPROPERTYSET('2xvBn6zqiub7M7Jw2t82YA',#18,'Pset_PipeConnectionFlanged',$,(#2504));
#2506=IFCPROPERTYSET('3ASfrGV2mW8IA6MMavHwuG',#18,'Pset_QuantityTakeOff',$,(#401));
#2507=IFCRELDEFINESBYPROPERTIES('3_uCrAwc1GFgQHnhWiG8l1',#18,$,$,(#2502),#2503);
#2508=IFCRELDEFINESBYPROPERTIES('1BDDHCm9gSqqM7WiHC8aRb',#18,$,$,(#2502),#2505);
#2509=IFCRELDEFINESBYPROPERTIES('1QKjnynSMXv49$ganuvCiR',#18,$,$,(#2502),#2506);
#2510=IFCAXIS2PLACEMENT3D(#3,$,$);
#2511=IFCLOCALPLACEMENT(#36,#2510);
#2512=IFCCARTESIANPOINT((6.7679195581149545E-014,0.));
#2513=IFCAXIS2PLACEMENT2D(#2512,#11);
#2514=IFCCIRCLEPROFILEDEF(.AREA.,'Standard',#2513,7.5);
#2515=IFCCARTESIANPOINT((-350.33913339898209,146.20758202867191,4708.2659753391999));
#2516=IFCAXIS2PLACEMENT3D(#2515,#9,#6);
#2517=IFCEXTRUDEDAREASOLID(#2514,#2516,#9,369.61000000002491);
#2518=IFCSHAPEREPRESENTATION(#26,'Body','SweptSolid',(#2517));
#2519=IFCPRODUCTDEFINITIONSHAPE($,$,(#2518));
#2520=IFCFLOWSEGMENT('0rjoauMs9BC9x$YTWd8ISM',#18,'Pipe Types:Standard:1394327',$,'Pipe Types:Standard',#2511,#2519,'1394327');
#2521=IFCPROPERTYSET('3cm188U9T_9ucx5vu3ekPq',#18,'Pset_DistributionFlowElementCommon',$,(#401));
#2522=IFCPROPERTYLISTVALUE('ConnectionType',$,(IFCTEXT('Generic')),$);
#2523=IFCPROPERTYSET('3yZrQ0eEZpulOHJshCjsIr',#18,'Pset_DuctConnection',$,(#2522));
#2524=IFCPROPERTYENUMERATEDVALUE('Shape',$,(IFCLABEL('ROUND')),$);
#2525=IFCPROPERTYSINGLEVALUE('Length',$,IFCPOSITIVELENGTHMEASURE(369.61000000002491),$);
#2526=IFCPROPERTYSET('2AtHxeyFd3aKGQGiwCoz2c',#18,'Pset_DuctSegmentTypeCommon',$,(#2524,#2525));
#2527=IFCPROPERTYSINGLEVALUE('Length',$,IFCPOSITIVELENGTHMEASURE(369.61000000002491),$);
#2528=IFCPROPERTYSET('0sHtCbepoo82FZnJ7AGszO',#18,'Pset_FlowSegmentDuctSegment',$,(#2527));
#2529=IFCPROPERTYSINGLEVALUE('Length',$,IFCPOSITIVELENGTHMEASURE(369.61000000002491),$);
#2530=IFCPROPERTYSINGLEVALUE('InvertElevation',$,IFCLENGTHMEASURE(4708.265975339199),$);
#2531=IFCPROPERTYSET('0kloh36BNK_v8ocRFRjXze',#18,'Pset_FlowSegmentPipeSegment',$,(#2529,#2530));
#2532=IFCPROPERTYLISTVALUE('ConnectionType',$,(IFCLABEL('Generic')),$);
#2533=IFCPROPERTYSET('32NGkgTTNDsO66kbsVOON4',#18,'Pset_PipeConnection',$,(#2532));
#2534=IFCPROPERTYSET('0_dN$SalgRbmfRYsDPa1a5',#18,'Pset_QuantityTakeOff',$,(#401));
#2535=IFCRELDEFINESBYPROPERTIES('146d8JAblf9vUJV7nUBFH8',#18,$,$,(#2520),#2521);
#2536=IFCRELDEFINESBYPROPERTIES('2uR11Etv02ShZpEXYR0iZ0',#18,$,$,(#2520),#2523);
#2537=IFCRELDEFINESBYPROPERTIES('0boXDjaF$QeqI_qaoG7rD0',#18,$,$,(#2520),#2526);
#2538=IFCRELDEFINESBYPROPERTIES('05xIJ1_sKl$AkCdt_2Z12E',#18,$,$,(#2520),#2528);
#2539=IFCRELDEFINESBYPROPERTIES('0z660EgD7tOpJDvh$B_GX7',#18,$,$,(#2520),#2531);
#2540=IFCRELDEFINESBYPROPERTIES('3Pp0221tW36wgGOli9ydvA',#18,$,$,(#2520),#2533);
#2541=IFCRELDEFINESBYPROPERTIES('0uUt8jd0EXzH0wk6u24vIg',#18,$,$,(#2520),#2534);
#2542=IFCAXIS2PLACEMENT3D(#3,$,$);
#2543=IFCLOCALPLACEMENT(#36,#2542);
#2544=IFCCARTESIANPOINT((6.7679195581149545E-014,0.));
#2545=IFCAXIS2PLACEMENT2D(#2544,#11);
#2546=IFCCIRCLEPROFILEDEF(.AREA.,'Standard',#2545,6.3500000000000005);
#2547=IFCCARTESIANPOINT((-350.33913339896941,33.547030790339193,4662.8759753392178));
#2548=IFCAXIS2PLACEMENT3D(#2547,#7,#5);
#2549=IFCEXTRUDEDAREASOLID(#2546,#2548,#9,88.093551238333404);
#2550=IFCSHAPEREPRESENTATION(#26,'Body','SweptSolid',(#2549));
#2551=IFCPRODUCTDEFINITIONSHAPE($,$,(#2550));
#2552=IFCFLOWSEGMENT('0rjoauMs9BC9x$YTWd8ISe',#18,'Pipe Types:Standard:1394345',$,'Pipe Types:Standard',#2543,#2551,'1394345');
#2553=IFCPROPERTYSET('2V22vCStK5iuj7Z6Ho6l_2',#18,'Pset_DistributionFlowElementCommon',$,(#401));
#2554=IFCPROPERTYLISTVALUE('ConnectionType',$,(IFCTEXT('Generic')),$);
#2555=IFCPROPERTYSET('2ZAriO3bslxytopm$Ah2JW',#18,'Pset_DuctConnection',$,(#2554));
#2556=IFCPROPERTYENUMERATEDVALUE('Shape',$,(IFCLABEL('ROUND')),$);
#2557=IFCPROPERTYSINGLEVALUE('Length',$,IFCPOSITIVELENGTHMEASURE(88.09355123833339),$);
#2558=IFCPROPERTYSET('2jbqQ_36YA4MBFXUN8SzGN',#18,'Pset_DuctSegmentTypeCommon',$,(#2556,#2557));
#2559=IFCPROPERTYSINGLEVALUE('Length',$,IFCPOSITIVELENGTHMEASURE(88.09355123833339),$);
#2560=IFCPROPERTYSET('0FKDy2ME7mFyDyf7$LA4e4',#18,'Pset_FlowSegmentDuctSegment',$,(#2559));
#2561=IFCPROPERTYSINGLEVALUE('Length',$,IFCPOSITIVELENGTHMEASURE(88.09355123833339),$);
#2562=IFCPROPERTYSINGLEVALUE('InvertElevation',$,IFCLENGTHMEASURE(4656.5259753392002),$);
#2563=IFCPROPERTYSET('0FArlDeXXSMyzdIItKQ2sd',#18,'Pset_FlowSegmentPipeSegment',$,(#2561,#2562));
#2564=IFCPROPERTYLISTVALUE('ConnectionType',$,(IFCLABEL('Generic')),$);
#2565=IFCPROPERTYSET('14IKmYiqRRliV8OAw8MSrB',#18,'Pset_PipeConnection',$,(#2564));
#2566=IFCPROPERTYSET('2IpEKLMbFp5GcpKNOZOdJJ',#18,'Pset_QuantityTakeOff',$,(#401));
#2567=IFCRELDEFINESBYPROPERTIES('2R_EOfbXyiiqv3hyF0WU05',#18,$,$,(#2552),#2553);
#2568=IFCRELDEFINESBYPROPERTIES('34DM_sLVN1ujVA_8Q0L2Vu',#18,$,$,(#2552),#2555);
#2569=IFCRELDEFINESBYPROPERTIES('2OBfISgP7xeOSbd33u756C',#18,$,$,(#2552),#2558);
#2570=IFCRELDEFINESBYPROPERTIES('1afcAY__ujzKYK$ZIkvok3',#18,$,$,(#2552),#2560);
#2571=IFCRELDEFINESBYPROPERTIES('3PCiSr0hvdis28XFzUxEX8',#18,$,$,(#2552),#2563);
#2572=IFCRELDEFINESBYPROPERTIES('0AwlKNPFHvmzzqrLf7ZDJt',#18,$,$,(#2552),#2565);
#2573=IFCRELDEFINESBYPROPERTIES('1IfY3r0lRnWXL2_J9af3DG',#18,$,$,(#2552),#2566);
#2574=IFCAXIS2PLACEMENT3D(#3,$,$);
#2575=IFCLOCALPLACEMENT(#36,#2574);
#2576=IFCCARTESIANPOINT((0.,0.));
#2577=IFCAXIS2PLACEMENT2D(#2576,#11);
#2578=IFCCIRCLEPROFILEDEF(.AREA.,'Standard',#2577,7.5);
#2579=IFCCARTESIANPOINT((-350.33913339894463,146.20758202870886,4042.9619128392192));
#2580=IFCAXIS2PLACEMENT3D(#2579,$,$);
#2581=IFCEXTRUDEDAREASOLID(#2578,#2580,#9,309.61000000001633);
#2582=IFCSHAPEREPRESENTATION(#26,'Body','SweptSolid',(#2581));
#2583=IFCPRODUCTDEFINITIONSHAPE($,$,(#2582));
#2584=IFCFLOWSEGMENT('0rjoauMs9BC9x$YTWd8ITB',#18,'Pipe Types:Standard:1394378',$,'Pipe Types:Standard',#2575,#2583,'1394378');
#2585=IFCPROPERTYSET('0$opXMkQAaZeeJYorUv63l',#18,'Pset_DistributionFlowElementCommon',$,(#401));
#2586=IFCPROPERTYLISTVALUE('ConnectionType',$,(IFCTEXT('Generic')),$);
#2587=IFCPROPERTYSET('3quJGiuB6caqXh4qi_6Jwg',#18,'Pset_DuctConnection',$,(#2586));
#2588=IFCPROPERTYENUMERATEDVALUE('Shape',$,(IFCLABEL('ROUND')),$);
#2589=IFCPROPERTYSINGLEVALUE('Length',$,IFCPOSITIVELENGTHMEASURE(309.61000000001633),$);
#2590=IFCPROPERTYSET('2yue5yCilc_dx3Ff65yVgZ',#18,'Pset_DuctSegmentTypeCommon',$,(#2588,#2589));
#2591=IFCPROPERTYSINGLEVALUE('Length',$,IFCPOSITIVELENGTHMEASURE(309.61000000001633),$);
#2592=IFCPROPERTYSET('2rlL1TlLOpjam1i6Zh7Qle',#18,'Pset_FlowSegmentDuctSegment',$,(#2591));
#2593=IFCPROPERTYSINGLEVALUE('Length',$,IFCPOSITIVELENGTHMEASURE(309.61000000001633),$);
#2594=IFCPROPERTYSINGLEVALUE('InvertElevation',$,IFCLENGTHMEASURE(4042.9619128392183),$);
#2595=IFCPROPERTYSET('3o18hAfH18dDKuaYisxm0X',#18,'Pset_FlowSegmentPipeSegment',$,(#2593,#2594));
#2596=IFCPROPERTYLISTVALUE('ConnectionType',$,(IFCLABEL('Generic')),$);
#2597=IFCPROPERTYSET('0$Xj1hy17LAYd51NzoYPYN',#18,'Pset_PipeConnection',$,(#2596));
#2598=IFCPROPERTYSET('0MGwX_hdaKGOs3s952BTWW',#18,'Pset_QuantityTakeOff',$,(#401));
#2599=IFCRELDEFINESBYPROPERTIES('0NwlXtJ4ZbDL47BhLfXeo1',#18,$,$,(#2584),#2585);
#2600=IFCRELDEFINESBYPROPERTIES('1o_ekzqsqE61Kc3_8MgMSN',#18,$,$,(#2584),#2587);
#2601=IFCRELDEFINESBYPROPERTIES('26xVPTBrXPMkZV10rFx1aY',#18,$,$,(#2584),#2590);
#2602=IFCRELDEFINESBYPROPERTIES('3bkEXRFKHp3U3k5ORfn8q8',#18,$,$,(#2584),#2592);
#2603=IFCRELDEFINESBYPROPERTIES('1LOcR5A6oMEcZyB$u0xwu8',#18,$,$,(#2584),#2595);
#2604=IFCRELDEFINESBYPROPERTIES('01qkpqo_iezfkjxRMESVBo',#18,$,$,(#2584),#2597);
#2605=IFCRELDEFINESBYPROPERTIES('1sGoC05qehEslILHYsDfyI',#18,$,$,(#2584),#2598);
#2606=IFCAXIS2PLACEMENT3D(#3,$,$);
#2607=IFCLOCALPLACEMENT(#36,#2606);
#2608=IFCCARTESIANPOINT((0.,0.));
#2609=IFCAXIS2PLACEMENT2D(#2608,#11);
#2610=IFCCIRCLEPROFILEDEF(.AREA.,'Standard',#2609,6.3500000000000005);
#2611=IFCCARTESIANPOINT((-350.33913339897111,33.547030790335533,4397.9619128392178));
#2612=IFCAXIS2PLACEMENT3D(#2611,#7,#5);
#2613=IFCEXTRUDEDAREASOLID(#2610,#2612,#9,88.093551238357875);
#2614=IFCSHAPEREPRESENTATION(#26,'Body','SweptSolid',(#2613));
#2615=IFCPRODUCTDEFINITIONSHAPE($,$,(#2614));
#2616=IFCFLOWSEGMENT('0rjoauMs9BC9x$YTWd8ITN',#18,'Pipe Types:Standard:1394390',$,'Pipe Types:Standard',#2607,#2615,'1394390');
#2617=IFCPROPERTYSET('0ianvV7OwHYpWbb4EiWPJ9',#18,'Pset_DistributionFlowElementCommon',$,(#401));
#2618=IFCPROPERTYLISTVALUE('ConnectionType',$,(IFCTEXT('Generic')),$);
#2619=IFCPROPERTYSET('2Rc0fGcUFky5deugM2MQiC',#18,'Pset_DuctConnection',$,(#2618));
#2620=IFCPROPERTYENUMERATEDVALUE('Shape',$,(IFCLABEL('ROUND')),$);
#2621=IFCPROPERTYSINGLEVALUE('Length',$,IFCPOSITIVELENGTHMEASURE(88.093551238357875),$);
#2622=IFCPROPERTYSET('1Hpr1$bdvhX3gWc1LnSnhE',#18,'Pset_DuctSegmentTypeCommon',$,(#2620,#2621));
#2623=IFCPROPERTYSINGLEVALUE('Length',$,IFCPOSITIVELENGTHMEASURE(88.093551238357875),$);
#2624=IFCPROPERTYSET('2$vXlbWgv9ui106BI6NID6',#18,'Pset_FlowSegmentDuctSegment',$,(#2623));
#2625=IFCPROPERTYSINGLEVALUE('Length',$,IFCPOSITIVELENGTHMEASURE(88.093551238357875),$);
#2626=IFCPROPERTYSINGLEVALUE('InvertElevation',$,IFCLENGTHMEASURE(4391.6119128392174),$);
#2627=IFCPROPERTYSET('24p2Jcv_TRyScenCYpcwi5',#18,'Pset_FlowSegmentPipeSegment',$,(#2625,#2626));
#2628=IFCPROPERTYLISTVALUE('ConnectionType',$,(IFCLABEL('Generic')),$);
#2629=IFCPROPERTYSET('1Nsr89LhagZpA6WgiOsFjW',#18,'Pset_PipeConnection',$,(#2628));
#2630=IFCPROPERTYSET('3utqkm__p1qFOAE$qPwVPb',#18,'Pset_QuantityTakeOff',$,(#401));
#2631=IFCRELDEFINESBYPROPERTIES('0_Ir1eOYv8I0156B2ecSUE',#18,$,$,(#2616),#2617);
#2632=IFCRELDEFINESBYPROPERTIES('06TSXXlD6z6rHgftd9xJ4I',#18,$,$,(#2616),#2619);
#2633=IFCRELDEFINESBYPROPERTIES('1X4WlLPX_pb2YpiTHnQwAe',#18,$,$,(#2616),#2622);
#2634=IFCRELDEFINESBYPROPERTIES('2KI3cpPjKXH3yT0BaEHTdN',#18,$,$,(#2616),#2624);
#2635=IFCRELDEFINESBYPROPERTIES('3cnxwW4mjQAq7QuxKdqoq4',#18,$,$,(#2616),#2627);
#2636=IFCRELDEFINESBYPROPERTIES('0iUubJ$$H4oziL4EGE6n79',#18,$,$,(#2616),#2629);
#2637=IFCRELDEFINESBYPROPERTIES('3tE5zndL3oy03lmtlI6C96',#18,$,$,(#2616),#2630);
#2638=IFCAXIS2PLACEMENT3D(#3,$,$);
#2640=IFCCARTESIANPOINT((-7.0277999999937526,14.343999999991759,-0.));
#2641=IFCCARTESIANPOINT((-6.0862533327100676,14.343999999991754,3.5138999999980673));
#2642=IFCCARTESIANPOINT((-1.8189284851653185,14.343999999991732,6.7883335219924277));
#2643=IFCCARTESIANPOINT((1.8189284851776688,14.343999999991716,6.7883335219924676));
#2644=IFCCARTESIANPOINT((6.0862533327224844,14.343999999991695,3.513899999998205));
#2645=IFCCARTESIANPOINT((7.0278000000062493,14.34399999999169,-0.));
#2646=IFCCARTESIANPOINT((7.0278000000062715,18.877799999991488,-0.));
#2647=IFCCARTESIANPOINT((6.0862533327224924,18.877799999991492,3.5138999999982317));
#2648=IFCCARTESIANPOINT((1.8189284851776668,18.877799999991513,6.788333521992473));
#2649=IFCCARTESIANPOINT((-1.8189284851653145,18.877799999991527,6.7883335219924223));
#2650=IFCCARTESIANPOINT((-6.0862533327100454,18.877799999991549,3.5138999999980673));
#2651=IFCCARTESIANPOINT((-7.0277999999937304,18.877799999991552,-0.));
#2652=IFCCARTESIANPOINT((-14.343999999993827,7.0277999999915721,-0.));
#2653=IFCCARTESIANPOINT((-14.343999999993827,6.0862533327078774,-3.5139000000018203));
#2654=IFCCARTESIANPOINT((-14.343999999993827,1.8189284851631204,-6.7883335219961678));
#2655=IFCCARTESIANPOINT((-14.343999999993827,-1.8189284851798724,-6.7883335219961971));
#2656=IFCCARTESIANPOINT((-14.343999999993827,-6.0862533327246782,-3.5139000000019207));
#2657=IFCCARTESIANPOINT((-14.343999999993827,-7.0278000000084297,-0.));
#2658=IFCCARTESIANPOINT((-18.877799999993687,-7.0278000000084297,-0.));
#2659=IFCCARTESIANPOINT((-18.877799999993687,-6.0862533327246782,-3.5139000000019207));
#2660=IFCCARTESIANPOINT((-18.877799999993687,-1.8189284851798724,-6.7883335219961971));
#2661=IFCCARTESIANPOINT((-18.877799999993687,1.8189284851631204,-6.7883335219961678));
#2662=IFCCARTESIANPOINT((-18.877799999993687,6.0862533327078774,-3.5139000000018203));
#2663=IFCCARTESIANPOINT((-18.877799999994004,7.0277999999915721,-0.));
#2664=IFCCARTESIANPOINT((-14.343999999993827,-6.0862533327247457,3.5138999999980682));
#2665=IFCCARTESIANPOINT((-14.343999999993827,-1.8189284851799967,6.7883335219924286));
#2666=IFCCARTESIANPOINT((-14.343999999993827,1.8189284851629905,6.7883335219924685));
#2667=IFCCARTESIANPOINT((-14.343999999993827,6.0862533327078063,3.5138999999982059));
#2668=IFCCARTESIANPOINT((-18.877799999993687,6.0862533327077699,3.5138999999982703));
#2669=IFCCARTESIANPOINT((-18.877799999993687,1.8189284851629426,6.7883335219924801));
#2670=IFCCARTESIANPOINT((-18.877799999993687,-1.8189284851800323,6.7883335219924188));
#2671=IFCCARTESIANPOINT((-18.877799999993687,-6.0862533327247519,3.5138999999980571));
#2672=IFCCARTESIANPOINT((6.0862533327225288,14.343999999991695,-3.5139000000018661));
#2673=IFCCARTESIANPOINT((1.8189284851777534,14.343999999991716,-6.7883335219961811));
#2674=IFCCARTESIANPOINT((-1.8189284851652352,14.343999999991732,-6.7883335219961864));
#2675=IFCCARTESIANPOINT((-6.0862533327100206,14.343999999991754,-3.5139000000018856));
#2676=IFCCARTESIANPOINT((-6.0862533327100241,18.877799999991549,-3.5139000000018421));
#2677=IFCCARTESIANPOINT((-1.8189284851652616,18.877799999991527,-6.788333521996174));
#2678=IFCCARTESIANPOINT((1.8189284851777272,18.877799999991513,-6.7883335219961944));
#2679=IFCCARTESIANPOINT((6.0862533327225261,18.877799999991492,-3.5139000000019109));
#2680=IFCCARTESIANPOINT((-6.3499999999936012,14.343999999991762,-0.));
#2681=IFCCARTESIANPOINT((-8.6913883911884184,8.6913883911863667,-0.));
#2682=IFCCARTESIANPOINT((-14.343999999993825,6.349999999991577,-0.));
#2683=IFCCARTESIANPOINT((-14.343999999993827,4.8655186213350952,4.0803466207350851));
#2684=IFCCARTESIANPOINT((-14.343999999993827,-1.1015172131752093,6.2537316722956646));
#2685=IFCCARTESIANPOINT((-14.343999999993827,-4.8636925461228264,4.0825230944669428));
#2686=IFCCARTESIANPOINT((-14.343999999993825,-6.3500000000084249,-0.));
#2687=IFCCARTESIANPOINT((3.5775297059215116,3.9969999999916328,-0.));
#2688=IFCCARTESIANPOINT((6.3500000000064007,14.343999999991699,-0.));
#2689=IFCCARTESIANPOINT((4.8636925461208032,14.343999999991704,4.0825230944669428));
#2690=IFCCARTESIANPOINT((-1.1030886571481084,14.343999999991734,6.2534546783704865));
#2691=IFCCARTESIANPOINT((-4.8655186213371184,14.343999999991748,4.0803466207350851));
#2692=IFCCARTESIANPOINT((-3.841184223544726,-0.28619648422651078,-0.));
#2693=IFCCARTESIANPOINT((-1.2414889194361245,2.6448210011208002,5.4721545331104959));
#2694=IFCCARTESIANPOINT((-4.8655186213371424,14.343999999991748,-4.0803466207387933));
#2695=IFCCARTESIANPOINT((1.1015172131731514,14.343999999991718,-6.2537316722994047));
#2696=IFCCARTESIANPOINT((4.8636925461207774,14.343999999991704,-4.0825230944707078));
#2697=IFCCARTESIANPOINT((-14.343999999993827,-4.8636925461228016,-4.0825230944707078));
#2698=IFCCARTESIANPOINT((-14.343999999993828,1.103088657146112,-6.253454678374216));
#2699=IFCCARTESIANPOINT((-14.343999999993827,4.8655186213351183,-4.0803466207387933));
#2700=IFCCARTESIANPOINT((-5.4842318978147491,5.4842312078242079,-6.0852666076522182));
#2701=IFCCARTESIANPOINT((-0.68954564626848991,2.1033110529339143,-4.9367256271792206));
#2702=IFCCARTESIANPOINT((-24.566999999993058,-7.0278000000084297,-0.));
#2703=IFCCARTESIANPOINT((-24.566999999993058,-6.0862533327247457,3.5138999999980682));
#2704=IFCCARTESIANPOINT((-24.566999999993058,-1.8189284851799967,6.7883335219924286));
#2705=IFCCARTESIANPOINT((-24.566999999993058,1.8189284851629905,6.7883335219924685));
#2706=IFCCARTESIANPOINT((-24.566999999993058,6.0862533327078063,3.5138999999982059));
#2707=IFCCARTESIANPOINT((-24.566999999993058,7.0277999999915721,-0.));
#2708=IFCCARTESIANPOINT((-24.566999999993058,6.0862533327078747,-3.5139000000018257));
#2709=IFCCARTESIANPOINT((-24.566999999993058,1.8189284851631204,-6.7883335219961678));
#2710=IFCCARTESIANPOINT((-24.566999999993058,-1.8189284851798724,-6.7883335219961971));
#2711=IFCCARTESIANPOINT((-24.566999999993058,-6.0862533327246782,-3.5139000000019207));
#2712=IFCCARTESIANPOINT((-20.477799999993685,-7.0278000000084297,-0.));
#2713=IFCCARTESIANPOINT((-20.477799999993685,-6.0862533327247519,3.5138999999980571));
#2714=IFCCARTESIANPOINT((-20.477799999993685,-1.8189284851800323,6.7883335219924188));
#2715=IFCCARTESIANPOINT((-20.477799999993685,1.8189284851629426,6.7883335219924801));
#2716=IFCCARTESIANPOINT((-20.477799999993685,6.0862533327077699,3.5138999999982703));
#2717=IFCCARTESIANPOINT((-20.477799999993685,7.0277999999915721,-0.));
#2718=IFCCARTESIANPOINT((-20.477799999993685,6.0862533327078774,-3.5139000000018203));
#2719=IFCCARTESIANPOINT((-20.477799999993685,1.8189284851631204,-6.7883335219961678));
#2720=IFCCARTESIANPOINT((-20.477799999993685,-1.8189284851798604,-6.7883335219962007));
#2721=IFCCARTESIANPOINT((-20.477799999993685,-6.0862533327246711,-3.5139000000019318));
#2722=IFCCARTESIANPOINT((-7.0277999999937029,24.566999999991758,-0.));
#2723=IFCCARTESIANPOINT((-6.0862533327100179,24.566999999991754,3.5138999999980673));
#2724=IFCCARTESIANPOINT((-1.8189284851652692,24.566999999991733,6.7883335219924277));
#2725=IFCCARTESIANPOINT((1.8189284851777181,24.566999999991715,6.7883335219924676));
#2726=IFCCARTESIANPOINT((6.0862533327225341,24.566999999991694,3.513899999998205));
#2727=IFCCARTESIANPOINT((7.027800000006299,24.56699999999169,-0.));
#2728=IFCCARTESIANPOINT((6.0862533327225785,24.566999999991694,-3.5139000000018665));
#2729=IFCCARTESIANPOINT((1.8189284851778027,24.566999999991715,-6.7883335219961811));
#2730=IFCCARTESIANPOINT((-1.8189284851651859,24.566999999991733,-6.7883335219961864));
#2731=IFCCARTESIANPOINT((-6.0862533327099717,24.566999999991754,-3.5139000000018856));
#2732=IFCCARTESIANPOINT((-7.0277999999937224,20.477799999991554,-0.));
#2733=IFCCARTESIANPOINT((-6.0862533327100383,20.47779999999155,3.5138999999980673));
#2734=IFCCARTESIANPOINT((-1.8189284851653067,20.477799999991529,6.7883335219924223));
#2735=IFCCARTESIANPOINT((1.8189284851776744,20.477799999991511,6.788333521992473));
#2736=IFCCARTESIANPOINT((6.0862533327224995,20.47779999999149,3.5138999999982317));
#2737=IFCCARTESIANPOINT((7.0278000000062795,20.477799999990907,-0.));
#2738=IFCCARTESIANPOINT((6.0862533327225332,20.47779999999149,-3.5139000000019109));
#2739=IFCCARTESIANPOINT((1.818928485177735,20.477799999991511,-6.7883335219961944));
#2740=IFCCARTESIANPOINT((-1.8189284851652538,20.477799999991529,-6.788333521996174));
#2741=IFCCARTESIANPOINT((-6.086253332710017,20.47779999999155,-3.5139000000018421));
#2742=IFCCARTESIANPOINT((-7.8277999999935739,19.677799999991553,-0.));
#2743=IFCCARTESIANPOINT((3.9139000000063593,19.677799999991013,-6.7790736557456732));
#2744=IFCCARTESIANPOINT((7.8278000000063548,19.677799999990832,-0.));
#2745=IFCCARTESIANPOINT((7.5934854249555421,19.112114575041613,-0.));
#2746=IFCCARTESIANPOINT((-7.5934854249428723,19.112114575042373,-0.));
#2747=IFCCARTESIANPOINT((-1.9569499999936073,19.677799999991283,-3.3895368278737705));
#2748=IFCCARTESIANPOINT((-1.9146962676067263E-009,19.180153041546959,-7.6541764880273364));
#2749=IFCCARTESIANPOINT((-4.6759510730880844,19.090965127821807,-5.9551074454126862));
#2750=IFCCARTESIANPOINT((4.675951074378629,19.090965128248996,-5.9551074449961572));
#2751=IFCCARTESIANPOINT((-3.9138999999935562,19.677799999991375,6.7790736557419509));
#2752=IFCCARTESIANPOINT((1.9569500000063991,19.677799999991105,3.3895368278700291));
#2753=IFCCARTESIANPOINT((5.5838974209999793E-009,19.180153041437816,7.6541764879368905));
#2754=IFCCARTESIANPOINT((4.6759510750427262,19.090965127937206,5.955107444043116));
#2755=IFCCARTESIANPOINT((-4.6759510719270621,19.090965128187221,5.9551074468220389));
#2756=IFCCARTESIANPOINT((-7.5934854249428625,20.24348542494074,-0.));
#2757=IFCCARTESIANPOINT((7.593485424955591,20.243485424940143,-0.));
#2758=IFCCARTESIANPOINT((1.2567324484509819E-008,20.175446958326749,-7.6541764881137366));
#2759=IFCCARTESIANPOINT((4.6759510851196842,20.264634870455456,-5.9551074383154878));
#2760=IFCCARTESIANPOINT((-4.6759510658068493,20.264634871023084,-5.9551074526915135));
#2761=IFCCARTESIANPOINT((-3.0547681549316071E-008,20.175446959299588,7.6541764873370957));
#2762=IFCCARTESIANPOINT((-4.6759511010641566,20.26463487001012,5.9551074263937886));
#2763=IFCCARTESIANPOINT((4.6759510494859322,20.264634871887342,5.9551074643264545));
#2764=IFCCARTESIANPOINT((-19.677799999993685,7.8277999999916847,-0.));
#2765=IFCCARTESIANPOINT((-19.677799999993685,-7.8278000000085433,-0.));
#2766=IFCCARTESIANPOINT((-19.677800007906711,1.0263215216819661E-007,-7.8278000000019805));
#2767=IFCCARTESIANPOINT((-19.310817497755163,-5.512720186623298,-5.4310952358889395));
#2768=IFCCARTESIANPOINT((-20.108342325722599,-4.9685368213026448,-5.8851888072602012));
#2769=IFCCARTESIANPOINT((-20.044782516194381,5.5127202490083151,-5.4310951622787069));
#2770=IFCCARTESIANPOINT((-19.247257687538646,4.9685369948211644,-5.885188671846457));
#2771=IFCCARTESIANPOINT((-19.677800006356868,-2.8695015560231427E-008,7.8277999999982466));
#2772=IFCCARTESIANPOINT((-19.310817497371975,5.5127202067813048,5.4310952151252563));
#2773=IFCCARTESIANPOINT((-20.108342323870112,4.9685368816787454,5.8851887578181161));
#2774=IFCCARTESIANPOINT((-20.044782512949666,-5.5127202196389682,5.4310951944896244));
#2775=IFCCARTESIANPOINT((-19.247257683784252,-4.9685369251188058,5.8851887275653576));
#2776=IFCPOLYLOOP((#2651,#2640,#2641,#2650));
#2777=IFCFACEOUTERBOUND(#2776,.T.);
#2778=IFCFACE((#2777));
#2779=IFCPOLYLOOP((#2722,#2732,#2733,#2723));
#2780=IFCFACEOUTERBOUND(#2779,.T.);
#2781=IFCFACE((#2780));
#2782=IFCPOLYLOOP((#2650,#2641,#2642,#2649));
#2783=IFCFACEOUTERBOUND(#2782,.T.);
#2784=IFCFACE((#2783));
#2785=IFCPOLYLOOP((#2723,#2733,#2734,#2724));
#2786=IFCFACEOUTERBOUND(#2785,.T.);
#2787=IFCFACE((#2786));
#2788=IFCPOLYLOOP((#2642,#2643,#2648,#2649));
#2789=IFCFACEOUTERBOUND(#2788,.T.);
#2790=IFCFACE((#2789));
#2791=IFCPOLYLOOP((#2665,#2666,#2669,#2670));
#2792=IFCFACEOUTERBOUND(#2791,.T.);
#2793=IFCFACE((#2792));
#2794=IFCPOLYLOOP((#2714,#2715,#2705,#2704));
#2795=IFCFACEOUTERBOUND(#2794,.T.);
#2796=IFCFACE((#2795));
#2797=IFCPOLYLOOP((#2734,#2735,#2725,#2724));
#2798=IFCFACEOUTERBOUND(#2797,.T.);
#2799=IFCFACE((#2798));
#2800=IFCPOLYLOOP((#2648,#2643,#2644,#2647));
#2801=IFCFACEOUTERBOUND(#2800,.T.);
#2802=IFCFACE((#2801));
#2803=IFCPOLYLOOP((#2725,#2735,#2736,#2726));
#2804=IFCFACEOUTERBOUND(#2803,.T.);
#2805=IFCFACE((#2804));
#2806=IFCPOLYLOOP((#2647,#2644,#2645,#2646));
#2807=IFCFACEOUTERBOUND(#2806,.T.);
#2808=IFCFACE((#2807));
#2809=IFCPOLYLOOP((#2726,#2736,#2737,#2727));
#2810=IFCFACEOUTERBOUND(#2809,.T.);
#2811=IFCFACE((#2810));
#2812=IFCPOLYLOOP((#2663,#2652,#2653,#2662));
#2813=IFCFACEOUTERBOUND(#2812,.T.);
#2814=IFCFACE((#2813));
#2815=IFCPOLYLOOP((#2707,#2717,#2718,#2708));
#2816=IFCFACEOUTERBOUND(#2815,.T.);
#2817=IFCFACE((#2816));
#2818=IFCPOLYLOOP((#2662,#2653,#2654,#2661));
#2819=IFCFACEOUTERBOUND(#2818,.T.);
#2820=IFCFACE((#2819));
#2821=IFCPOLYLOOP((#2708,#2718,#2719,#2709));
#2822=IFCFACEOUTERBOUND(#2821,.T.);
#2823=IFCFACE((#2822));
#2824=IFCPOLYLOOP((#2654,#2655,#2660,#2661));
#2825=IFCFACEOUTERBOUND(#2824,.T.);
#2826=IFCFACE((#2825));
#2827=IFCPOLYLOOP((#2673,#2674,#2677,#2678));
#2828=IFCFACEOUTERBOUND(#2827,.T.);
#2829=IFCFACE((#2828));
#2830=IFCPOLYLOOP((#2719,#2720,#2710,#2709));
#2831=IFCFACEOUTERBOUND(#2830,.T.);
#2832=IFCFACE((#2831));
#2833=IFCPOLYLOOP((#2739,#2740,#2730,#2729));
#2834=IFCFACEOUTERBOUND(#2833,.T.);
#2835=IFCFACE((#2834));
#2836=IFCPOLYLOOP((#2660,#2655,#2656,#2659));
#2837=IFCFACEOUTERBOUND(#2836,.T.);
#2838=IFCFACE((#2837));
#2839=IFCPOLYLOOP((#2710,#2720,#2721,#2711));
#2840=IFCFACEOUTERBOUND(#2839,.T.);
#2841=IFCFACE((#2840));
#2842=IFCPOLYLOOP((#2659,#2656,#2657,#2658));
#2843=IFCFACEOUTERBOUND(#2842,.T.);
#2844=IFCFACE((#2843));
#2845=IFCPOLYLOOP((#2711,#2721,#2712,#2702));
#2846=IFCFACEOUTERBOUND(#2845,.T.);
#2847=IFCFACE((#2846));
#2848=IFCPOLYLOOP((#2658,#2657,#2664,#2671));
#2849=IFCFACEOUTERBOUND(#2848,.T.);
#2850=IFCFACE((#2849));
#2851=IFCPOLYLOOP((#2702,#2712,#2713,#2703));
#2852=IFCFACEOUTERBOUND(#2851,.T.);
#2853=IFCFACE((#2852));
#2854=IFCPOLYLOOP((#2671,#2664,#2665,#2670));
#2855=IFCFACEOUTERBOUND(#2854,.T.);
#2856=IFCFACE((#2855));
#2857=IFCPOLYLOOP((#2703,#2713,#2714,#2704));
#2858=IFCFACEOUTERBOUND(#2857,.T.);
#2859=IFCFACE((#2858));
#2860=IFCPOLYLOOP((#2669,#2666,#2667,#2668));
#2861=IFCFACEOUTERBOUND(#2860,.T.);
#2862=IFCFACE((#2861));
#2863=IFCPOLYLOOP((#2705,#2715,#2716,#2706));
#2864=IFCFACEOUTERBOUND(#2863,.T.);
#2865=IFCFACE((#2864));
#2866=IFCPOLYLOOP((#2668,#2667,#2652,#2663));
#2867=IFCFACEOUTERBOUND(#2866,.T.);
#2868=IFCFACE((#2867));
#2869=IFCPOLYLOOP((#2706,#2716,#2717,#2707));
#2870=IFCFACEOUTERBOUND(#2869,.T.);
#2871=IFCFACE((#2870));
#2872=IFCPOLYLOOP((#2646,#2645,#2672,#2679));
#2873=IFCFACEOUTERBOUND(#2872,.T.);
#2874=IFCFACE((#2873));
#2875=IFCPOLYLOOP((#2727,#2737,#2738,#2728));
#2876=IFCFACEOUTERBOUND(#2875,.T.);
#2877=IFCFACE((#2876));
#2878=IFCPOLYLOOP((#2679,#2672,#2673,#2678));
#2879=IFCFACEOUTERBOUND(#2878,.T.);
#2880=IFCFACE((#2879));
#2881=IFCPOLYLOOP((#2728,#2738,#2739,#2729));
#2882=IFCFACEOUTERBOUND(#2881,.T.);
#2883=IFCFACE((#2882));
#2884=IFCPOLYLOOP((#2677,#2674,#2675,#2676));
#2885=IFCFACEOUTERBOUND(#2884,.T.);
#2886=IFCFACE((#2885));
#2887=IFCPOLYLOOP((#2730,#2740,#2741,#2731));
#2888=IFCFACEOUTERBOUND(#2887,.T.);
#2889=IFCFACE((#2888));
#2890=IFCPOLYLOOP((#2676,#2675,#2640,#2651));
#2891=IFCFACEOUTERBOUND(#2890,.T.);
#2892=IFCFACE((#2891));
#2893=IFCPOLYLOOP((#2731,#2741,#2732,#2722));
#2894=IFCFACEOUTERBOUND(#2893,.T.);
#2895=IFCFACE((#2894));
#2896=IFCPOLYLOOP((#2693,#2689,#2690));
#2897=IFCFACEOUTERBOUND(#2896,.T.);
#2898=IFCFACE((#2897));
#2899=IFCPOLYLOOP((#2687,#2689,#2693));
#2900=IFCFACEOUTERBOUND(#2899,.T.);
#2901=IFCFACE((#2900));
#2902=IFCPOLYLOOP((#2684,#2693,#2683));
#2903=IFCFACEOUTERBOUND(#2902,.T.);
#2904=IFCFACE((#2903));
#2905=IFCPOLYLOOP((#2693,#2690,#2691));
#2906=IFCFACEOUTERBOUND(#2905,.T.);
#2907=IFCFACE((#2906));
#2908=IFCPOLYLOOP((#2683,#2681,#2682));
#2909=IFCFACEOUTERBOUND(#2908,.T.);
#2910=IFCFACE((#2909));
#2911=IFCPOLYLOOP((#2691,#2681,#2683));
#2912=IFCFACEOUTERBOUND(#2911,.T.);
#2913=IFCFACE((#2912));
#2914=IFCPOLYLOOP((#2685,#2693,#2684));
#2915=IFCFACEOUTERBOUND(#2914,.T.);
#2916=IFCFACE((#2915));
#2917=IFCPOLYLOOP((#2687,#2693,#2692));
#2918=IFCFACEOUTERBOUND(#2917,.T.);
#2919=IFCFACE((#2918));
#2920=IFCPOLYLOOP((#2687,#2688,#2689));
#2921=IFCFACEOUTERBOUND(#2920,.T.);
#2922=IFCFACE((#2921));
#2923=IFCPOLYLOOP((#2685,#2686,#2692));
#2924=IFCFACEOUTERBOUND(#2923,.T.);
#2925=IFCFACE((#2924));
#2926=IFCPOLYLOOP((#2691,#2680,#2681));
#2927=IFCFACEOUTERBOUND(#2926,.T.);
#2928=IFCFACE((#2927));
#2929=IFCPOLYLOOP((#2693,#2691,#2683));
#2930=IFCFACEOUTERBOUND(#2929,.T.);
#2931=IFCFACE((#2930));
#2932=IFCPOLYLOOP((#2685,#2692,#2693));
#2933=IFCFACEOUTERBOUND(#2932,.T.);
#2934=IFCFACE((#2933));
#2935=IFCPOLYLOOP((#2699,#2682,#2681));
#2936=IFCFACEOUTERBOUND(#2935,.T.);
#2937=IFCFACE((#2936));
#2938=IFCPOLYLOOP((#2692,#2686,#2697));
#2939=IFCFACEOUTERBOUND(#2938,.T.);
#2940=IFCFACE((#2939));
#2941=IFCPOLYLOOP((#2681,#2700,#2699));
#2942=IFCFACEOUTERBOUND(#2941,.T.);
#2943=IFCFACE((#2942));
#2944=IFCPOLYLOOP((#2692,#2701,#2687));
#2945=IFCFACEOUTERBOUND(#2944,.T.);
#2946=IFCFACE((#2945));
#2947=IFCPOLYLOOP((#2697,#2701,#2692));
#2948=IFCFACEOUTERBOUND(#2947,.T.);
#2949=IFCFACE((#2948));
#2950=IFCPOLYLOOP((#2701,#2698,#2700));
#2951=IFCFACEOUTERBOUND(#2950,.T.);
#2952=IFCFACE((#2951));
#2953=IFCPOLYLOOP((#2694,#2700,#2681));
#2954=IFCFACEOUTERBOUND(#2953,.T.);
#2955=IFCFACE((#2954));
#2956=IFCPOLYLOOP((#2698,#2701,#2697));
#2957=IFCFACEOUTERBOUND(#2956,.T.);
#2958=IFCFACE((#2957));
#2959=IFCPOLYLOOP((#2696,#2701,#2695));
#2960=IFCFACEOUTERBOUND(#2959,.T.);
#2961=IFCFACE((#2960));
#2962=IFCPOLYLOOP((#2694,#2695,#2700));
#2963=IFCFACEOUTERBOUND(#2962,.T.);
#2964=IFCFACE((#2963));
#2965=IFCPOLYLOOP((#2698,#2699,#2700));
#2966=IFCFACEOUTERBOUND(#2965,.T.);
#2967=IFCFACE((#2966));
#2968=IFCPOLYLOOP((#2687,#2696,#2688));
#2969=IFCFACEOUTERBOUND(#2968,.T.);
#2970=IFCFACE((#2969));
#2971=IFCPOLYLOOP((#2687,#2701,#2696));
#2972=IFCFACEOUTERBOUND(#2971,.T.);
#2973=IFCFACE((#2972));
#2974=IFCPOLYLOOP((#2695,#2701,#2700));
#2975=IFCFACEOUTERBOUND(#2974,.T.);
#2976=IFCFACE((#2975));
#2977=IFCPOLYLOOP((#2694,#2681,#2680));
#2978=IFCFACEOUTERBOUND(#2977,.T.);
#2979=IFCFACE((#2978));
#2980=IFCPOLYLOOP((#2707,#2708,#2709,#2710,#2711,#2702,#2703,#2704,#2705,#2706));
#2981=IFCFACEOUTERBOUND(#2980,.T.);
#2982=IFCFACE((#2981));
#2983=IFCPOLYLOOP((#2698,#2654,#2699));
#2984=IFCFACEOUTERBOUND(#2983,.T.);
#2985=IFCFACE((#2984));
#2986=IFCPOLYLOOP((#2698,#2655,#2654));
#2987=IFCFACEOUTERBOUND(#2986,.T.);
#2988=IFCFACE((#2987));
#2989=IFCPOLYLOOP((#2655,#2698,#2697));
#2990=IFCFACEOUTERBOUND(#2989,.T.);
#2991=IFCFACE((#2990));
#2992=IFCPOLYLOOP((#2697,#2656,#2655));
#2993=IFCFACEOUTERBOUND(#2992,.T.);
#2994=IFCFACE((#2993));
#2995=IFCPOLYLOOP((#2697,#2686,#2656));
#2996=IFCFACEOUTERBOUND(#2995,.T.);
#2997=IFCFACE((#2996));
#2998=IFCPOLYLOOP((#2656,#2686,#2657));
#2999=IFCFACEOUTERBOUND(#2998,.T.);
#3000=IFCFACE((#2999));
#3001=IFCPOLYLOOP((#2657,#2686,#2664));
#3002=IFCFACEOUTERBOUND(#3001,.T.);
#3003=IFCFACE((#3002));
#3004=IFCPOLYLOOP((#2686,#2685,#2664));
#3005=IFCFACEOUTERBOUND(#3004,.T.);
#3006=IFCFACE((#3005));
#3007=IFCPOLYLOOP((#2685,#2665,#2664));
#3008=IFCFACEOUTERBOUND(#3007,.T.);
#3009=IFCFACE((#3008));
#3010=IFCPOLYLOOP((#2685,#2684,#2665));
#3011=IFCFACEOUTERBOUND(#3010,.T.);
#3012=IFCFACE((#3011));
#3013=IFCPOLYLOOP((#2665,#2684,#2666));
#3014=IFCFACEOUTERBOUND(#3013,.T.);
#3015=IFCFACE((#3014));
#3016=IFCPOLYLOOP((#2684,#2683,#2666));
#3017=IFCFACEOUTERBOUND(#3016,.T.);
#3018=IFCFACE((#3017));
#3019=IFCPOLYLOOP((#2666,#2683,#2667));
#3020=IFCFACEOUTERBOUND(#3019,.T.);
#3021=IFCFACE((#3020));
#3022=IFCPOLYLOOP((#2667,#2683,#2682));
#3023=IFCFACEOUTERBOUND(#3022,.T.);
#3024=IFCFACE((#3023));
#3025=IFCPOLYLOOP((#2653,#2682,#2699));
#3026=IFCFACEOUTERBOUND(#3025,.T.);
#3027=IFCFACE((#3026));
#3028=IFCPOLYLOOP((#2682,#2653,#2652));
#3029=IFCFACEOUTERBOUND(#3028,.T.);
#3030=IFCFACE((#3029));
#3031=IFCPOLYLOOP((#2682,#2652,#2667));
#3032=IFCFACEOUTERBOUND(#3031,.T.);
#3033=IFCFACE((#3032));
#3034=IFCPOLYLOOP((#2699,#2654,#2653));
#3035=IFCFACEOUTERBOUND(#3034,.T.);
#3036=IFCFACE((#3035));
#3037=IFCPOLYLOOP((#2730,#2731,#2722,#2723,#2724,#2725,#2726,#2727,#2728,#2729));
#3038=IFCFACEOUTERBOUND(#3037,.T.);
#3039=IFCFACE((#3038));
#3040=IFCPOLYLOOP((#2695,#2673,#2696));
#3041=IFCFACEOUTERBOUND(#3040,.T.);
#3042=IFCFACE((#3041));
#3043=IFCPOLYLOOP((#2695,#2674,#2673));
#3044=IFCFACEOUTERBOUND(#3043,.T.);
#3045=IFCFACE((#3044));
#3046=IFCPOLYLOOP((#2674,#2695,#2694));
#3047=IFCFACEOUTERBOUND(#3046,.T.);
#3048=IFCFACE((#3047));
#3049=IFCPOLYLOOP((#2694,#2675,#2674));
#3050=IFCFACEOUTERBOUND(#3049,.T.);
#3051=IFCFACE((#3050));
#3052=IFCPOLYLOOP((#2694,#2680,#2675));
#3053=IFCFACEOUTERBOUND(#3052,.T.);
#3054=IFCFACE((#3053));
#3055=IFCPOLYLOOP((#2675,#2680,#2640));
#3056=IFCFACEOUTERBOUND(#3055,.T.);
#3057=IFCFACE((#3056));
#3058=IFCPOLYLOOP((#2640,#2680,#2641));
#3059=IFCFACEOUTERBOUND(#3058,.T.);
#3060=IFCFACE((#3059));
#3061=IFCPOLYLOOP((#2680,#2691,#2641));
#3062=IFCFACEOUTERBOUND(#3061,.T.);
#3063=IFCFACE((#3062));
#3064=IFCPOLYLOOP((#2691,#2642,#2641));
#3065=IFCFACEOUTERBOUND(#3064,.T.);
#3066=IFCFACE((#3065));
#3067=IFCPOLYLOOP((#2691,#2690,#2642));
#3068=IFCFACEOUTERBOUND(#3067,.T.);
#3069=IFCFACE((#3068));
#3070=IFCPOLYLOOP((#2642,#2690,#2643));
#3071=IFCFACEOUTERBOUND(#3070,.T.);
#3072=IFCFACE((#3071));
#3073=IFCPOLYLOOP((#2690,#2689,#2643));
#3074=IFCFACEOUTERBOUND(#3073,.T.);
#3075=IFCFACE((#3074));
#3076=IFCPOLYLOOP((#2643,#2689,#2644));
#3077=IFCFACEOUTERBOUND(#3076,.T.);
#3078=IFCFACE((#3077));
#3079=IFCPOLYLOOP((#2644,#2689,#2688));
#3080=IFCFACEOUTERBOUND(#3079,.T.);
#3081=IFCFACE((#3080));
#3082=IFCPOLYLOOP((#2672,#2688,#2696));
#3083=IFCFACEOUTERBOUND(#3082,.T.);
#3084=IFCFACE((#3083));
#3085=IFCPOLYLOOP((#2688,#2672,#2645));
#3086=IFCFACEOUTERBOUND(#3085,.T.);
#3087=IFCFACE((#3086));
#3088=IFCPOLYLOOP((#2645,#2644,#2688));
#3089=IFCFACEOUTERBOUND(#3088,.T.);
#3090=IFCFACE((#3089));
#3091=IFCPOLYLOOP((#2696,#2673,#2672));
#3092=IFCFACEOUTERBOUND(#3091,.T.);
#3093=IFCFACE((#3092));
#3094=IFCPOLYLOOP((#2746,#2749,#2676));
#3095=IFCFACEOUTERBOUND(#3094,.T.);
#3096=IFCFACE((#3095));
#3097=IFCPOLYLOOP((#2748,#2678,#2677));
#3098=IFCFACEOUTERBOUND(#3097,.T.);
#3099=IFCFACE((#3098));
#3100=IFCPOLYLOOP((#2677,#2749,#2748));
#3101=IFCFACEOUTERBOUND(#3100,.T.);
#3102=IFCFACE((#3101));
#3103=IFCPOLYLOOP((#2676,#2651,#2746));
#3104=IFCFACEOUTERBOUND(#3103,.T.);
#3105=IFCFACE((#3104));
#3106=IFCPOLYLOOP((#2749,#2742,#2747));
#3107=IFCFACEOUTERBOUND(#3106,.T.);
#3108=IFCFACE((#3107));
#3109=IFCPOLYLOOP((#2747,#2743,#2748));
#3110=IFCFACEOUTERBOUND(#3109,.T.);
#3111=IFCFACE((#3110));
#3112=IFCPOLYLOOP((#2749,#2746,#2742));
#3113=IFCFACEOUTERBOUND(#3112,.T.);
#3114=IFCFACE((#3113));
#3115=IFCPOLYLOOP((#2750,#2743,#2744));
#3116=IFCFACEOUTERBOUND(#3115,.T.);
#3117=IFCFACE((#3116));
#3118=IFCPOLYLOOP((#2744,#2745,#2750));
#3119=IFCFACEOUTERBOUND(#3118,.T.);
#3120=IFCFACE((#3119));
#3121=IFCPOLYLOOP((#2745,#2679,#2750));
#3122=IFCFACEOUTERBOUND(#3121,.T.);
#3123=IFCFACE((#3122));
#3124=IFCPOLYLOOP((#2750,#2748,#2743));
#3125=IFCFACEOUTERBOUND(#3124,.T.);
#3126=IFCFACE((#3125));
#3127=IFCPOLYLOOP((#2748,#2750,#2678));
#3128=IFCFACEOUTERBOUND(#3127,.T.);
#3129=IFCFACE((#3128));
#3130=IFCPOLYLOOP((#2646,#2679,#2745));
#3131=IFCFACEOUTERBOUND(#3130,.T.);
#3132=IFCFACE((#3131));
#3133=IFCPOLYLOOP((#2748,#2749,#2747));
#3134=IFCFACEOUTERBOUND(#3133,.T.);
#3135=IFCFACE((#3134));
#3136=IFCPOLYLOOP((#2677,#2676,#2749));
#3137=IFCFACEOUTERBOUND(#3136,.T.);
#3138=IFCFACE((#3137));
#3139=IFCPOLYLOOP((#2678,#2750,#2679));
#3140=IFCFACEOUTERBOUND(#3139,.T.);
#3141=IFCFACE((#3140));
#3142=IFCPOLYLOOP((#2745,#2754,#2647));
#3143=IFCFACEOUTERBOUND(#3142,.T.);
#3144=IFCFACE((#3143));
#3145=IFCPOLYLOOP((#2753,#2649,#2648));
#3146=IFCFACEOUTERBOUND(#3145,.T.);
#3147=IFCFACE((#3146));
#3148=IFCPOLYLOOP((#2648,#2754,#2753));
#3149=IFCFACEOUTERBOUND(#3148,.T.);
#3150=IFCFACE((#3149));
#3151=IFCPOLYLOOP((#2647,#2646,#2745));
#3152=IFCFACEOUTERBOUND(#3151,.T.);
#3153=IFCFACE((#3152));
#3154=IFCPOLYLOOP((#2754,#2744,#2752));
#3155=IFCFACEOUTERBOUND(#3154,.T.);
#3156=IFCFACE((#3155));
#3157=IFCPOLYLOOP((#2755,#2753,#2751));
#3158=IFCFACEOUTERBOUND(#3157,.T.);
#3159=IFCFACE((#3158));
#3160=IFCPOLYLOOP((#2754,#2745,#2744));
#3161=IFCFACEOUTERBOUND(#3160,.T.);
#3162=IFCFACE((#3161));
#3163=IFCPOLYLOOP((#2755,#2751,#2742));
#3164=IFCFACEOUTERBOUND(#3163,.T.);
#3165=IFCFACE((#3164));
#3166=IFCPOLYLOOP((#2742,#2746,#2755));
#3167=IFCFACEOUTERBOUND(#3166,.T.);
#3168=IFCFACE((#3167));
#3169=IFCPOLYLOOP((#2746,#2650,#2755));
#3170=IFCFACEOUTERBOUND(#3169,.T.);
#3171=IFCFACE((#3170));
#3172=IFCPOLYLOOP((#2752,#2751,#2753));
#3173=IFCFACEOUTERBOUND(#3172,.T.);
#3174=IFCFACE((#3173));
#3175=IFCPOLYLOOP((#2753,#2755,#2649));
#3176=IFCFACEOUTERBOUND(#3175,.T.);
#3177=IFCFACE((#3176));
#3178=IFCPOLYLOOP((#2651,#2650,#2746));
#3179=IFCFACEOUTERBOUND(#3178,.T.);
#3180=IFCFACE((#3179));
#3181=IFCPOLYLOOP((#2753,#2754,#2752));
#3182=IFCFACEOUTERBOUND(#3181,.T.);
#3183=IFCFACE((#3182));
#3184=IFCPOLYLOOP((#2648,#2647,#2754));
#3185=IFCFACEOUTERBOUND(#3184,.T.);
#3186=IFCFACE((#3185));
#3187=IFCPOLYLOOP((#2649,#2755,#2650));
#3188=IFCFACEOUTERBOUND(#3187,.T.);
#3189=IFCFACE((#3188));
#3190=IFCPOLYLOOP((#2739,#2758,#2740));
#3191=IFCFACEOUTERBOUND(#3190,.T.);
#3192=IFCFACE((#3191));
#3193=IFCPOLYLOOP((#2756,#2760,#2742));
#3194=IFCFACEOUTERBOUND(#3193,.T.);
#3195=IFCFACE((#3194));
#3196=IFCPOLYLOOP((#2756,#2732,#2741));
#3197=IFCFACEOUTERBOUND(#3196,.T.);
#3198=IFCFACE((#3197));
#3199=IFCPOLYLOOP((#2758,#2760,#2740));
#3200=IFCFACEOUTERBOUND(#3199,.T.);
#3201=IFCFACE((#3200));
#3202=IFCPOLYLOOP((#2760,#2756,#2741));
#3203=IFCFACEOUTERBOUND(#3202,.T.);
#3204=IFCFACE((#3203));
#3205=IFCPOLYLOOP((#2758,#2759,#2743));
#3206=IFCFACEOUTERBOUND(#3205,.T.);
#3207=IFCFACE((#3206));
#3208=IFCPOLYLOOP((#2740,#2760,#2741));
#3209=IFCFACEOUTERBOUND(#3208,.T.);
#3210=IFCFACE((#3209));
#3211=IFCPOLYLOOP((#2760,#2747,#2742));
#3212=IFCFACEOUTERBOUND(#3211,.T.);
#3213=IFCFACE((#3212));
#3214=IFCPOLYLOOP((#2757,#2738,#2737));
#3215=IFCFACEOUTERBOUND(#3214,.T.);
#3216=IFCFACE((#3215));
#3217=IFCPOLYLOOP((#2759,#2744,#2743));
#3218=IFCFACEOUTERBOUND(#3217,.T.);
#3219=IFCFACE((#3218));
#3220=IFCPOLYLOOP((#2759,#2757,#2744));
#3221=IFCFACEOUTERBOUND(#3220,.T.);
#3222=IFCFACE((#3221));
#3223=IFCPOLYLOOP((#2739,#2759,#2758));
#3224=IFCFACEOUTERBOUND(#3223,.T.);
#3225=IFCFACE((#3224));
#3226=IFCPOLYLOOP((#2738,#2759,#2739));
#3227=IFCFACEOUTERBOUND(#3226,.T.);
#3228=IFCFACE((#3227));
#3229=IFCPOLYLOOP((#2757,#2759,#2738));
#3230=IFCFACEOUTERBOUND(#3229,.T.);
#3231=IFCFACE((#3230));
#3232=IFCPOLYLOOP((#2743,#2747,#2758));
#3233=IFCFACEOUTERBOUND(#3232,.T.);
#3234=IFCFACE((#3233));
#3235=IFCPOLYLOOP((#2760,#2758,#2747));
#3236=IFCFACEOUTERBOUND(#3235,.T.);
#3237=IFCFACE((#3236));
#3238=IFCPOLYLOOP((#2734,#2761,#2735));
#3239=IFCFACEOUTERBOUND(#3238,.T.);
#3240=IFCFACE((#3239));
#3241=IFCPOLYLOOP((#2733,#2762,#2734));
#3242=IFCFACEOUTERBOUND(#3241,.T.);
#3243=IFCFACE((#3242));
#3244=IFCPOLYLOOP((#2757,#2737,#2736));
#3245=IFCFACEOUTERBOUND(#3244,.T.);
#3246=IFCFACE((#3245));
#3247=IFCPOLYLOOP((#2761,#2763,#2735));
#3248=IFCFACEOUTERBOUND(#3247,.T.);
#3249=IFCFACE((#3248));
#3250=IFCPOLYLOOP((#2763,#2757,#2736));
#3251=IFCFACEOUTERBOUND(#3250,.T.);
#3252=IFCFACE((#3251));
#3253=IFCPOLYLOOP((#2763,#2761,#2752));
#3254=IFCFACEOUTERBOUND(#3253,.T.);
#3255=IFCFACE((#3254));
#3256=IFCPOLYLOOP((#2761,#2762,#2751));
#3257=IFCFACEOUTERBOUND(#3256,.T.);
#3258=IFCFACE((#3257));
#3259=IFCPOLYLOOP((#2735,#2763,#2736));
#3260=IFCFACEOUTERBOUND(#3259,.T.);
#3261=IFCFACE((#3260));
#3262=IFCPOLYLOOP((#2756,#2733,#2732));
#3263=IFCFACEOUTERBOUND(#3262,.T.);
#3264=IFCFACE((#3263));
#3265=IFCPOLYLOOP((#2762,#2742,#2751));
#3266=IFCFACEOUTERBOUND(#3265,.T.);
#3267=IFCFACE((#3266));
#3268=IFCPOLYLOOP((#2762,#2756,#2742));
#3269=IFCFACEOUTERBOUND(#3268,.T.);
#3270=IFCFACE((#3269));
#3271=IFCPOLYLOOP((#2756,#2762,#2733));
#3272=IFCFACEOUTERBOUND(#3271,.T.);
#3273=IFCFACE((#3272));
#3274=IFCPOLYLOOP((#2757,#2763,#2744));
#3275=IFCFACEOUTERBOUND(#3274,.T.);
#3276=IFCFACE((#3275));
#3277=IFCPOLYLOOP((#2763,#2752,#2744));
#3278=IFCFACEOUTERBOUND(#3277,.T.);
#3279=IFCFACE((#3278));
#3280=IFCPOLYLOOP((#2751,#2752,#2761));
#3281=IFCFACEOUTERBOUND(#3280,.T.);
#3282=IFCFACE((#3281));
#3283=IFCPOLYLOOP((#2734,#2762,#2761));
#3284=IFCFACEOUTERBOUND(#3283,.T.);
#3285=IFCFACE((#3284));
#3286=IFCPOLYLOOP((#2663,#2662,#2770));
#3287=IFCFACEOUTERBOUND(#3286,.T.);
#3288=IFCFACE((#3287));
#3289=IFCPOLYLOOP((#2719,#2769,#2766));
#3290=IFCFACEOUTERBOUND(#3289,.T.);
#3291=IFCFACE((#3290));
#3292=IFCPOLYLOOP((#2660,#2767,#2766));
#3293=IFCFACEOUTERBOUND(#3292,.T.);
#3294=IFCFACE((#3293));
#3295=IFCPOLYLOOP((#2661,#2766,#2770));
#3296=IFCFACEOUTERBOUND(#3295,.T.);
#3297=IFCFACE((#3296));
#3298=IFCPOLYLOOP((#2764,#2770,#2769));
#3299=IFCFACEOUTERBOUND(#3298,.T.);
#3300=IFCFACE((#3299));
#3301=IFCPOLYLOOP((#2764,#2769,#2717));
#3302=IFCFACEOUTERBOUND(#3301,.T.);
#3303=IFCFACE((#3302));
#3304=IFCPOLYLOOP((#2764,#2663,#2770));
#3305=IFCFACEOUTERBOUND(#3304,.T.);
#3306=IFCFACE((#3305));
#3307=IFCPOLYLOOP((#2717,#2769,#2718));
#3308=IFCFACEOUTERBOUND(#3307,.T.);
#3309=IFCFACE((#3308));
#3310=IFCPOLYLOOP((#2769,#2770,#2766));
#3311=IFCFACEOUTERBOUND(#3310,.T.);
#3312=IFCFACE((#3311));
#3313=IFCPOLYLOOP((#2765,#2712,#2768));
#3314=IFCFACEOUTERBOUND(#3313,.T.);
#3315=IFCFACE((#3314));
#3316=IFCPOLYLOOP((#2661,#2660,#2766));
#3317=IFCFACEOUTERBOUND(#3316,.T.);
#3318=IFCFACE((#3317));
#3319=IFCPOLYLOOP((#2659,#2658,#2767));
#3320=IFCFACEOUTERBOUND(#3319,.T.);
#3321=IFCFACE((#3320));
#3322=IFCPOLYLOOP((#2719,#2718,#2769));
#3323=IFCFACEOUTERBOUND(#3322,.T.);
#3324=IFCFACE((#3323));
#3325=IFCPOLYLOOP((#2720,#2768,#2721));
#3326=IFCFACEOUTERBOUND(#3325,.T.);
#3327=IFCFACE((#3326));
#3328=IFCPOLYLOOP((#2767,#2658,#2765));
#3329=IFCFACEOUTERBOUND(#3328,.T.);
#3330=IFCFACE((#3329));
#3331=IFCPOLYLOOP((#2765,#2768,#2767));
#3332=IFCFACEOUTERBOUND(#3331,.T.);
#3333=IFCFACE((#3332));
#3334=IFCPOLYLOOP((#2766,#2768,#2720));
#3335=IFCFACEOUTERBOUND(#3334,.T.);
#3336=IFCFACE((#3335));
#3337=IFCPOLYLOOP((#2712,#2721,#2768));
#3338=IFCFACEOUTERBOUND(#3337,.T.);
#3339=IFCFACE((#3338));
#3340=IFCPOLYLOOP((#2768,#2766,#2767));
#3341=IFCFACEOUTERBOUND(#3340,.T.);
#3342=IFCFACE((#3341));
#3343=IFCPOLYLOOP((#2659,#2767,#2660));
#3344=IFCFACEOUTERBOUND(#3343,.T.);
#3345=IFCFACE((#3344));
#3346=IFCPOLYLOOP((#2720,#2719,#2766));
#3347=IFCFACEOUTERBOUND(#3346,.T.);
#3348=IFCFACE((#3347));
#3349=IFCPOLYLOOP((#2661,#2770,#2662));
#3350=IFCFACEOUTERBOUND(#3349,.T.);
#3351=IFCFACE((#3350));
#3352=IFCPOLYLOOP((#2658,#2671,#2775));
#3353=IFCFACEOUTERBOUND(#3352,.T.);
#3354=IFCFACE((#3353));
#3355=IFCPOLYLOOP((#2714,#2774,#2771));
#3356=IFCFACEOUTERBOUND(#3355,.T.);
#3357=IFCFACE((#3356));
#3358=IFCPOLYLOOP((#2715,#2773,#2716));
#3359=IFCFACEOUTERBOUND(#3358,.T.);
#3360=IFCFACE((#3359));
#3361=IFCPOLYLOOP((#2670,#2771,#2775));
#3362=IFCFACEOUTERBOUND(#3361,.T.);
#3363=IFCFACE((#3362));
#3364=IFCPOLYLOOP((#2765,#2775,#2774));
#3365=IFCFACEOUTERBOUND(#3364,.T.);
#3366=IFCFACE((#3365));
#3367=IFCPOLYLOOP((#2765,#2774,#2712));
#3368=IFCFACEOUTERBOUND(#3367,.T.);
#3369=IFCFACE((#3368));
#3370=IFCPOLYLOOP((#2765,#2658,#2775));
#3371=IFCFACEOUTERBOUND(#3370,.T.);
#3372=IFCFACE((#3371));
#3373=IFCPOLYLOOP((#2712,#2774,#2713));
#3374=IFCFACEOUTERBOUND(#3373,.T.);
#3375=IFCFACE((#3374));
#3376=IFCPOLYLOOP((#2774,#2775,#2771));
#3377=IFCFACEOUTERBOUND(#3376,.T.);
#3378=IFCFACE((#3377));
#3379=IFCPOLYLOOP((#2764,#2773,#2772));
#3380=IFCFACEOUTERBOUND(#3379,.T.);
#3381=IFCFACE((#3380));
#3382=IFCPOLYLOOP((#2670,#2669,#2771));
#3383=IFCFACEOUTERBOUND(#3382,.T.);
#3384=IFCFACE((#3383));
#3385=IFCPOLYLOOP((#2714,#2713,#2774));
#3386=IFCFACEOUTERBOUND(#3385,.T.);
#3387=IFCFACE((#3386));
#3388=IFCPOLYLOOP((#2669,#2772,#2771));
#3389=IFCFACEOUTERBOUND(#3388,.T.);
#3390=IFCFACE((#3389));
#3391=IFCPOLYLOOP((#2663,#2764,#2772));
#3392=IFCFACEOUTERBOUND(#3391,.T.);
#3393=IFCFACE((#3392));
#3394=IFCPOLYLOOP((#2663,#2772,#2668));
#3395=IFCFACEOUTERBOUND(#3394,.T.);
#3396=IFCFACE((#3395));
#3397=IFCPOLYLOOP((#2764,#2717,#2773));
#3398=IFCFACEOUTERBOUND(#3397,.T.);
#3399=IFCFACE((#3398));
#3400=IFCPOLYLOOP((#2771,#2773,#2715));
#3401=IFCFACEOUTERBOUND(#3400,.T.);
#3402=IFCFACE((#3401));
#3403=IFCPOLYLOOP((#2717,#2716,#2773));
#3404=IFCFACEOUTERBOUND(#3403,.T.);
#3405=IFCFACE((#3404));
#3406=IFCPOLYLOOP((#2773,#2771,#2772));
#3407=IFCFACEOUTERBOUND(#3406,.T.);
#3408=IFCFACE((#3407));
#3409=IFCPOLYLOOP((#2668,#2772,#2669));
#3410=IFCFACEOUTERBOUND(#3409,.T.);
#3411=IFCFACE((#3410));
#3412=IFCPOLYLOOP((#2715,#2714,#2771));
#3413=IFCFACEOUTERBOUND(#3412,.T.);
#3414=IFCFACE((#3413));
#3415=IFCPOLYLOOP((#2670,#2775,#2671));
#3416=IFCFACEOUTERBOUND(#3415,.T.);
#3417=IFCFACE((#3416));
#3418=IFCCLOSEDSHELL((#2778,#2781,#2784,#2787,#2790,#2793,#2796,#2799,#2802,#2805,#2808,#2811,#2814,#2817,#2820,#2823,#2826,#2829,#2832,#2835,#2838,#2841,#2844,#2847,#2850,#2853,#2856,#2859,#2862,#2865,#2868,#2871,#2874,#2877,#2880,#2883,#2886,#2889,#2892,#2895,#2898,#2901,#2904,#2907,#2910,#2913,#2916,#2919,#2922,#2925,#2928,#2931,#2934,#2937,#2940,#2943,#2946,#2949,#2952,#2955,#2958,#2961,#2964,#2967,#2970,#2973,#2976,#2979,#2982,#2985,#2988,#2991,#2994,#2997,#3000,#3003,#3006,#3009,#3012,#3015,#3018,#3021,#3024,#3027,#3030,#3033,#3036,#3039,#3042,#3045,#3048,#3051,#3054,#3057,#3060,#3063,#3066,#3069,#3072,#3075,#3078,#3081,#3084,#3087,#3090,#3093,#3096,#3099,#3102,#3105,#3108,#3111,#3114,#3117,#3120,#3123,#3126,#3129,#3132,#3135,#3138,#3141,#3144,#3147,#3150,#3153,#3156,#3159,#3162,#3165,#3168,#3171,#3174,#3177,#3180,#3183,#3186,#3189,#3192,#3195,#3198,#3201,#3204,#3207,#3210,#3213,#3216,#3219,#3222,#3225,#3228,#3231,#3234,#3237,#3240,#3243,#3246,#3249,#3252,#3255,#3258,#3261,#3264,#3267,#3270,#3273,#3276,#3279,#3282,#3285,#3288,#3291,#3294,#3297,#3300,#3303,#3306,#3309,#3312,#3315,#3318,#3321,#3324,#3327,#3330,#3333,#3336,#3339,#3342,#3345,#3348,#3351,#3354,#3357,#3360,#3363,#3366,#3369,#3372,#3375,#3378,#3381,#3384,#3387,#3390,#3393,#3396,#3399,#3402,#3405,#3408,#3411,#3414,#3417));
#3419=IFCFACETEDBREP(#3418);
#3420=IFCSHAPEREPRESENTATION(#26,'Body','Brep',(#3419));
#3421=IFCAXIS2PLACEMENT3D(#3,$,$);
#3422=IFCREPRESENTATIONMAP(#3421,#3420);
#3423=IFCPIPEFITTINGTYPE('0rjoauMs9BC9x$YTWd8ISU',#18,'Elbow - Soldered - CU:Standard',$,$,$,(#3422),'509049',$,.NOTDEFINED.);
#3424=IFCMAPPEDITEM(#3422,#80);
#3425=IFCSHAPEREPRESENTATION(#26,'Body','MappedRepresentation',(#3424));
#3426=IFCPRODUCTDEFINITIONSHAPE($,$,(#3425));
#3427=IFCCARTESIANPOINT((-350.33913339897606,146.20758202865937,4662.8759753392178));
#3428=IFCAXIS2PLACEMENT3D(#3427,#5,#7);
#3429=IFCLOCALPLACEMENT(#36,#3428);
#3430=IFCFLOWFITTING('0rjoauMs9BC9x$YTWd8IO4',#18,'Elbow - Soldered - CU:Standard:1394565',$,'Elbow - Soldered - CU:Standard',#3429,#3426,'1394565');
#3431=IFCPROPERTYSET('3upNI5jvkATMlxH9undyO3',#18,'Pset_DistributionFlowElementCommon',$,(#401));
#3432=IFCPROPERTYSET('28LTihSz8IHSUqepoeY5Du',#18,'Pset_QuantityTakeOff',$,(#401));
#3433=IFCRELDEFINESBYPROPERTIES('3TxDg1EfRjRible8ryQpth',#18,$,$,(#3430),#3431);
#3434=IFCRELDEFINESBYPROPERTIES('3ZltonyxAlYGWVeZlik_bC',#18,$,$,(#3430),#3432);
#3435=IFCAXIS2PLACEMENT3D(#3,$,$);
#3437=IFCCARTESIANPOINT((14.463000000000012,8.1999999999988553,0.));
#3438=IFCCARTESIANPOINT((14.463000000000005,4.0999999999992056,7.1014083110378303));
#3439=IFCCARTESIANPOINT((14.462999999999992,-4.1000000000015282,7.1014083110380017));
#3440=IFCCARTESIANPOINT((14.462999999999985,-8.2000000000011397,0.));
#3441=IFCCARTESIANPOINT((14.462999999999992,-4.1000000000008416,-7.1014083110269661));
#3442=IFCCARTESIANPOINT((14.463000000000005,4.0999999999984658,-7.101408311026896));
#3443=IFCCARTESIANPOINT((6.1338000000000124,7.0277999999998215,-0.));
#3444=IFCCARTESIANPOINT((6.1338000000000052,3.5138999999996599,-6.0862533327157582));
#3445=IFCCARTESIANPOINT((6.1337999999999955,-3.5138999999997602,-6.0862533327158097));
#3446=IFCCARTESIANPOINT((6.1337999999999884,-7.0278000000003127,0.));
#3447=IFCCARTESIANPOINT((6.1337999999999955,-3.5139000000003469,6.0862533327169119));
#3448=IFCCARTESIANPOINT((6.1338000000000052,3.51390000000029,6.0862533327167627));
#3449=IFCPOLYLOOP((#3439,#3440,#3441,#3442,#3437,#3438));
#3450=IFCFACEOUTERBOUND(#3449,.T.);
#3451=IFCFACE((#3450));
#3452=IFCPOLYLOOP((#3446,#3447,#3448,#3443,#3444,#3445));
#3453=IFCFACEOUTERBOUND(#3452,.T.);
#3454=IFCFACE((#3453));
#3455=IFCPOLYLOOP((#3446,#3445,#3441,#3440));
#3456=IFCFACEOUTERBOUND(#3455,.T.);
#3457=IFCFACE((#3456));
#3458=IFCPOLYLOOP((#3445,#3444,#3442,#3441));
#3459=IFCFACEOUTERBOUND(#3458,.T.);
#3460=IFCFACE((#3459));
#3461=IFCPOLYLOOP((#3444,#3443,#3437,#3442));
#3462=IFCFACEOUTERBOUND(#3461,.T.);
#3463=IFCFACE((#3462));
#3464=IFCPOLYLOOP((#3443,#3448,#3438,#3437));
#3465=IFCFACEOUTERBOUND(#3464,.T.);
#3466=IFCFACE((#3465));
#3467=IFCPOLYLOOP((#3448,#3447,#3439,#3438));
#3468=IFCFACEOUTERBOUND(#3467,.T.);
#3469=IFCFACE((#3468));
#3470=IFCPOLYLOOP((#3447,#3446,#3440,#3439));
#3471=IFCFACEOUTERBOUND(#3470,.T.);
#3472=IFCFACE((#3471));
#3473=IFCCARTESIANPOINT((20.822999999999354,-8.2000000000041915,-0.));
#3474=IFCCARTESIANPOINT((20.822999999999364,-7.9205917755745716,2.1223161698405253));
#3475=IFCCARTESIANPOINT((20.822999999999372,-7.1014083110366313,4.0999999999998575));
#3476=IFCCARTESIANPOINT((20.822999999999375,-5.7982756057339406,5.7982756057295637));
#3477=IFCCARTESIANPOINT((20.822999999999379,-4.1000000000042647,7.1014083110322872));
#3478=IFCCARTESIANPOINT((20.822999999999382,-2.1223161698449453,7.9205917755702702));
#3479=IFCCARTESIANPOINT((20.822999999999382,-0.,8.1999999999999318));
#3480=IFCCARTESIANPOINT((20.822999999999382,2.1223161698363895,7.9205917755703164));
#3481=IFCCARTESIANPOINT((20.822999999999379,4.0999999999957266,7.101408311032376));
#3482=IFCCARTESIANPOINT((20.822999999999375,5.7982756057254292,5.7982756057296916));
#3483=IFCCARTESIANPOINT((20.822999999999372,7.1014083110281545,4.1000000000000174));
#3484=IFCCARTESIANPOINT((20.822999999999364,7.9205917755661401,2.1223161698407007));
#3485=IFCCARTESIANPOINT((20.822999999999354,8.1999999999958071,0.));
#3486=IFCCARTESIANPOINT((18.70300000000022,8.1999999999958071,0.));
#3487=IFCCARTESIANPOINT((18.703000000000227,7.9205917755661401,2.1223161698407074));
#3488=IFCCARTESIANPOINT((18.703000000000234,7.1014083110281589,4.1000000000000183));
#3489=IFCCARTESIANPOINT((18.703000000000241,5.798275605725439,5.7982756057296871));
#3490=IFCCARTESIANPOINT((18.703000000000245,4.0999999999957391,7.101408311032376));
#3491=IFCCARTESIANPOINT((18.703000000000245,2.1223161698364108,7.9205917755703172));
#3492=IFCCARTESIANPOINT((18.703000000000248,-0.,8.1999999999999389));
#3493=IFCCARTESIANPOINT((18.703000000000245,-2.1223161698449173,7.9205917755702835));
#3494=IFCCARTESIANPOINT((18.703000000000245,-4.1000000000042389,7.1014083110323085));
#3495=IFCCARTESIANPOINT((18.703000000000241,-5.7982756057339131,5.7982756057295974));
#3496=IFCCARTESIANPOINT((18.703000000000234,-7.1014083110366082,4.0999999999999046));
#3497=IFCCARTESIANPOINT((18.703000000000227,-7.9205917755745583,2.1223161698405812));
#3498=IFCCARTESIANPOINT((18.70299999999941,-8.2000000000041915,-0.));
#3499=IFCCARTESIANPOINT((20.82299999999935,7.9205917755661801,-2.1223161698406909));
#3500=IFCCARTESIANPOINT((20.822999999999343,7.1014083110282327,-4.1000000000000174));
#3501=IFCCARTESIANPOINT((20.822999999999336,5.7982756057255402,-5.7982756057297138));
#3502=IFCCARTESIANPOINT((20.822999999999332,4.0999999999958554,-7.1014083110324355));
#3503=IFCCARTESIANPOINT((20.822999999999329,2.1223161698365414,-7.9205917755704087));
#3504=IFCCARTESIANPOINT((20.822999999999329,-0.,-8.200000000000065));
#3505=IFCCARTESIANPOINT((20.822999999999329,-2.122316169844801,-7.9205917755704425));
#3506=IFCCARTESIANPOINT((20.822999999999332,-4.1000000000041341,-7.1014083110324968));
#3507=IFCCARTESIANPOINT((20.822999999999336,-5.7982756057338332,-5.7982756057298044));
#3508=IFCCARTESIANPOINT((20.822999999999343,-7.1014083110365531,-4.1000000000001284));
#3509=IFCCARTESIANPOINT((20.82299999999935,-7.9205917755745316,-2.1223161698408082));
#3510=IFCCARTESIANPOINT((18.703000000000213,-7.9205917755745316,-2.1223161698408015));
#3511=IFCCARTESIANPOINT((18.703000000000209,-7.1014083110365531,-4.1000000000001213));
#3512=IFCCARTESIANPOINT((18.703000000000202,-5.7982756057338332,-5.7982756057297982));
#3513=IFCCARTESIANPOINT((18.703000000000198,-4.1000000000041341,-7.1014083110324906));
#3514=IFCCARTESIANPOINT((18.703000000000195,-2.122316169844801,-7.9205917755704363));
#3515=IFCCARTESIANPOINT((18.703000000000191,-0.,-8.2000000000000597));
#3516=IFCCARTESIANPOINT((18.703000000000195,2.1223161698365414,-7.9205917755704025));
#3517=IFCCARTESIANPOINT((18.703000000000198,4.0999999999958554,-7.1014083110324284));
#3518=IFCCARTESIANPOINT((18.703000000000202,5.7982756057255402,-5.7982756057297067));
#3519=IFCCARTESIANPOINT((18.703000000000209,7.1014083110282327,-4.1000000000000103));
#3520=IFCCARTESIANPOINT((18.703000000000213,7.9205917755661801,-2.1223161698406838));
#3521=IFCCARTESIANPOINT((17.063000000000159,8.2000000000021025,-0.));
#3522=IFCCARTESIANPOINT((17.883000000000461,9.0200000000020975,-0.));
#3523=IFCCARTESIANPOINT((17.883000000000461,-9.0199999999979017,-0.));
#3524=IFCCARTESIANPOINT((17.063000000000159,-8.2000000000041968,-0.));
#3525=IFCCARTESIANPOINT((17.063000000000159,-7.9205917755745494,-2.12231616984075));
#3526=IFCCARTESIANPOINT((17.063000000000159,-7.1014083110365824,-4.1000000000000751));
#3527=IFCCARTESIANPOINT((17.063000000000159,-5.7982756057338705,-5.7982756057297618));
#3528=IFCCARTESIANPOINT((17.063000000000159,-4.1000000000041803,-7.1014083110324639));
#3529=IFCCARTESIANPOINT((17.063000000000159,-2.1223161698448498,-7.920591775570422));
#3530=IFCCARTESIANPOINT((17.063000000000159,-0.,-8.2000000000000597));
#3531=IFCCARTESIANPOINT((17.063000000000159,2.1223161698364899,-7.9205917755704167));
#3532=IFCCARTESIANPOINT((17.063000000000159,4.0999999999958172,-7.1014083110324524));
#3533=IFCCARTESIANPOINT((17.063000000000159,5.7982756057255056,-5.7982756057297431));
#3534=IFCCARTESIANPOINT((17.063000000000159,7.1014083110282105,-4.1000000000000547));
#3535=IFCCARTESIANPOINT((17.063000000000159,7.9205917755661721,-2.1223161698407238));
#3536=IFCCARTESIANPOINT((17.941826706106795,5.0554384613349779,-7.4675853479018031));
#3537=IFCCARTESIANPOINT((17.941826707887572,-5.0554384680616584,-7.4675853431904295));
#3538=IFCCARTESIANPOINT((17.423404853240417,1.0679807116304514,-8.8146341419336007));
#3539=IFCCARTESIANPOINT((17.343173471178794,6.6192923076520724,-5.824836528066613));
#3540=IFCCARTESIANPOINT((17.343173471539661,-6.619292306640836,-5.8248365296886382));
#3541=IFCCARTESIANPOINT((18.162262157963731,-1.2024125438771297E-009,-8.9709816127052413));
#3542=IFCCARTESIANPOINT((17.063000000000159,7.9205917755661472,2.12231616984071));
#3543=IFCCARTESIANPOINT((17.063000000000159,7.1014083110281616,4.1000000000000272));
#3544=IFCCARTESIANPOINT((17.063000000000159,5.7982756057254408,5.7982756057296978));
#3545=IFCCARTESIANPOINT((17.063000000000159,4.0999999999957417,7.1014083110323867));
#3546=IFCCARTESIANPOINT((17.063000000000159,2.1223161698364068,7.9205917755703297));
#3547=IFCCARTESIANPOINT((17.063000000000159,-0.,8.1999999999999496));
#3548=IFCCARTESIANPOINT((17.063000000000159,-2.1223161698449169,7.9205917755702941));
#3549=IFCCARTESIANPOINT((17.063000000000159,-4.1000000000042416,7.1014083110323174));
#3550=IFCCARTESIANPOINT((17.063000000000159,-5.7982756057339158,5.7982756057296063));
#3551=IFCCARTESIANPOINT((17.063000000000159,-7.1014083110366153,4.0999999999999091));
#3552=IFCCARTESIANPOINT((17.063000000000159,-7.9205917755745645,2.1223161698405844));
#3553=IFCCARTESIANPOINT((17.941826704818727,-5.0554384579670835,7.467585350290717));
#3554=IFCCARTESIANPOINT((17.941826710071712,5.0554384781502968,7.4675853361735793));
#3555=IFCCARTESIANPOINT((17.42340485241446,-1.067980713869191,8.8146341410986579));
#3556=IFCCARTESIANPOINT((17.343173470886963,-6.6192923084419224,5.8248365267779345));
#3557=IFCCARTESIANPOINT((17.343173471926516,6.6192923054871757,5.8248365315164738));
#3558=IFCCARTESIANPOINT((18.162262157065221,3.8234050222191985E-009,8.9709816130306486));
#3559=IFCCARTESIANPOINT((14.462999999992901,-8.2000000000041915,-0.));
#3560=IFCCARTESIANPOINT((14.462999999992906,-7.9205917755745734,2.1223161698405426));
#3561=IFCCARTESIANPOINT((14.462999999992913,-7.1014083110366313,4.099999999999878));
#3562=IFCCARTESIANPOINT((14.462999999992919,-5.7982756057339389,5.7982756057295841));
#3563=IFCCARTESIANPOINT((14.462999999992924,-4.1000000000042647,7.1014083110323076));
#3564=IFCCARTESIANPOINT((14.462999999992926,-2.1223161698449453,7.9205917755702897));
#3565=IFCCARTESIANPOINT((14.462999999992928,-0.,8.1999999999999531));
#3566=IFCCARTESIANPOINT((14.462999999992926,2.1223161698363895,7.9205917755703368));
#3567=IFCCARTESIANPOINT((14.462999999992924,4.0999999999957266,7.1014083110323964));
#3568=IFCCARTESIANPOINT((14.462999999992919,5.7982756057254292,5.7982756057297111));
#3569=IFCCARTESIANPOINT((14.462999999992913,7.1014083110281545,4.1000000000000378));
#3570=IFCCARTESIANPOINT((14.462999999992906,7.9205917755661401,2.1223161698407211));
#3571=IFCCARTESIANPOINT((14.462999999992901,8.1999999999958071,0.));
#3572=IFCCARTESIANPOINT((14.462999999992894,7.9205917755661819,-2.1223161698406634));
#3573=IFCCARTESIANPOINT((14.462999999992888,7.1014083110282327,-4.0999999999999961));
#3574=IFCCARTESIANPOINT((14.462999999992881,5.7982756057255402,-5.7982756057296934));
#3575=IFCCARTESIANPOINT((14.462999999992878,4.0999999999958625,-7.1014083110324107));
#3576=IFCCARTESIANPOINT((14.462999999992874,2.1223161698365414,-7.9205917755703883));
#3577=IFCCARTESIANPOINT((14.462999999992872,-0.,-8.2000000000000455));
#3578=IFCCARTESIANPOINT((14.462999999992874,-2.122316169844801,-7.920591775570422));
#3579=IFCCARTESIANPOINT((14.462999999992878,-4.1000000000041341,-7.1014083110324764));
#3580=IFCCARTESIANPOINT((14.462999999992881,-5.7982756057338332,-5.798275605729784));
#3581=IFCCARTESIANPOINT((14.462999999992888,-7.1014083110365531,-4.1000000000001071));
#3582=IFCCARTESIANPOINT((14.462999999992894,-7.9205917755745316,-2.1223161698407877));
#3583=IFCPOLYLOOP((#3474,#3497,#3498,#3473));
#3584=IFCFACEOUTERBOUND(#3583,.T.);
#3585=IFCFACE((#3584));
#3586=IFCPOLYLOOP((#3552,#3560,#3559,#3524));
#3587=IFCFACEOUTERBOUND(#3586,.T.);
#3588=IFCFACE((#3587));
#3589=IFCPOLYLOOP((#3475,#3496,#3497,#3474));
#3590=IFCFACEOUTERBOUND(#3589,.T.);
#3591=IFCFACE((#3590));
#3592=IFCPOLYLOOP((#3551,#3561,#3560,#3552));
#3593=IFCFACEOUTERBOUND(#3592,.T.);
#3594=IFCFACE((#3593));
#3595=IFCPOLYLOOP((#3495,#3476,#3477,#3494));
#3596=IFCFACEOUTERBOUND(#3595,.T.);
#3597=IFCFACE((#3596));
#3598=IFCPOLYLOOP((#3562,#3550,#3549,#3563));
#3599=IFCFACEOUTERBOUND(#3598,.T.);
#3600=IFCFACE((#3599));
#3601=IFCPOLYLOOP((#3475,#3476,#3495,#3496));
#3602=IFCFACEOUTERBOUND(#3601,.T.);
#3603=IFCFACE((#3602));
#3604=IFCPOLYLOOP((#3551,#3550,#3562,#3561));
#3605=IFCFACEOUTERBOUND(#3604,.T.);
#3606=IFCFACE((#3605));
#3607=IFCPOLYLOOP((#3494,#3477,#3478,#3493));
#3608=IFCFACEOUTERBOUND(#3607,.T.);
#3609=IFCFACE((#3608));
#3610=IFCPOLYLOOP((#3563,#3549,#3548,#3564));
#3611=IFCFACEOUTERBOUND(#3610,.T.);
#3612=IFCFACE((#3611));
#3613=IFCPOLYLOOP((#3479,#3492,#3493,#3478));
#3614=IFCFACEOUTERBOUND(#3613,.T.);
#3615=IFCFACE((#3614));
#3616=IFCPOLYLOOP((#3564,#3548,#3547,#3565));
#3617=IFCFACEOUTERBOUND(#3616,.T.);
#3618=IFCFACE((#3617));
#3619=IFCPOLYLOOP((#3481,#3490,#3491,#3480));
#3620=IFCFACEOUTERBOUND(#3619,.T.);
#3621=IFCFACE((#3620));
#3622=IFCPOLYLOOP((#3545,#3567,#3566,#3546));
#3623=IFCFACEOUTERBOUND(#3622,.T.);
#3624=IFCFACE((#3623));
#3625=IFCPOLYLOOP((#3482,#3489,#3490,#3481));
#3626=IFCFACEOUTERBOUND(#3625,.T.);
#3627=IFCFACE((#3626));
#3628=IFCPOLYLOOP((#3544,#3568,#3567,#3545));
#3629=IFCFACEOUTERBOUND(#3628,.T.);
#3630=IFCFACE((#3629));
#3631=IFCPOLYLOOP((#3488,#3483,#3484,#3487));
#3632=IFCFACEOUTERBOUND(#3631,.T.);
#3633=IFCFACE((#3632));
#3634=IFCPOLYLOOP((#3569,#3543,#3542,#3570));
#3635=IFCFACEOUTERBOUND(#3634,.T.);
#3636=IFCFACE((#3635));
#3637=IFCPOLYLOOP((#3482,#3483,#3488,#3489));
#3638=IFCFACEOUTERBOUND(#3637,.T.);
#3639=IFCFACE((#3638));
#3640=IFCPOLYLOOP((#3544,#3543,#3569,#3568));
#3641=IFCFACEOUTERBOUND(#3640,.T.);
#3642=IFCFACE((#3641));
#3643=IFCPOLYLOOP((#3487,#3484,#3485,#3486));
#3644=IFCFACEOUTERBOUND(#3643,.T.);
#3645=IFCFACE((#3644));
#3646=IFCPOLYLOOP((#3570,#3542,#3521,#3571));
#3647=IFCFACEOUTERBOUND(#3646,.T.);
#3648=IFCFACE((#3647));
#3649=IFCPOLYLOOP((#3491,#3492,#3479,#3480));
#3650=IFCFACEOUTERBOUND(#3649,.T.);
#3651=IFCFACE((#3650));
#3652=IFCPOLYLOOP((#3566,#3565,#3547,#3546));
#3653=IFCFACEOUTERBOUND(#3652,.T.);
#3654=IFCFACE((#3653));
#3655=IFCPOLYLOOP((#3499,#3520,#3486,#3485));
#3656=IFCFACEOUTERBOUND(#3655,.T.);
#3657=IFCFACE((#3656));
#3658=IFCPOLYLOOP((#3535,#3572,#3571,#3521));
#3659=IFCFACEOUTERBOUND(#3658,.T.);
#3660=IFCFACE((#3659));
#3661=IFCPOLYLOOP((#3500,#3519,#3520,#3499));
#3662=IFCFACEOUTERBOUND(#3661,.T.);
#3663=IFCFACE((#3662));
#3664=IFCPOLYLOOP((#3534,#3573,#3572,#3535));
#3665=IFCFACEOUTERBOUND(#3664,.T.);
#3666=IFCFACE((#3665));
#3667=IFCPOLYLOOP((#3518,#3501,#3502,#3517));
#3668=IFCFACEOUTERBOUND(#3667,.T.);
#3669=IFCFACE((#3668));
#3670=IFCPOLYLOOP((#3574,#3533,#3532,#3575));
#3671=IFCFACEOUTERBOUND(#3670,.T.);
#3672=IFCFACE((#3671));
#3673=IFCPOLYLOOP((#3500,#3501,#3518,#3519));
#3674=IFCFACEOUTERBOUND(#3673,.T.);
#3675=IFCFACE((#3674));
#3676=IFCPOLYLOOP((#3534,#3533,#3574,#3573));
#3677=IFCFACEOUTERBOUND(#3676,.T.);
#3678=IFCFACE((#3677));
#3679=IFCPOLYLOOP((#3517,#3502,#3503,#3516));
#3680=IFCFACEOUTERBOUND(#3679,.T.);
#3681=IFCFACE((#3680));
#3682=IFCPOLYLOOP((#3575,#3532,#3531,#3576));
#3683=IFCFACEOUTERBOUND(#3682,.T.);
#3684=IFCFACE((#3683));
#3685=IFCPOLYLOOP((#3504,#3515,#3516,#3503));
#3686=IFCFACEOUTERBOUND(#3685,.T.);
#3687=IFCFACE((#3686));
#3688=IFCPOLYLOOP((#3576,#3531,#3530,#3577));
#3689=IFCFACEOUTERBOUND(#3688,.T.);
#3690=IFCFACE((#3689));
#3691=IFCPOLYLOOP((#3506,#3513,#3514,#3505));
#3692=IFCFACEOUTERBOUND(#3691,.T.);
#3693=IFCFACE((#3692));
#3694=IFCPOLYLOOP((#3528,#3579,#3578,#3529));
#3695=IFCFACEOUTERBOUND(#3694,.T.);
#3696=IFCFACE((#3695));
#3697=IFCPOLYLOOP((#3507,#3512,#3513,#3506));
#3698=IFCFACEOUTERBOUND(#3697,.T.);
#3699=IFCFACE((#3698));
#3700=IFCPOLYLOOP((#3527,#3580,#3579,#3528));
#3701=IFCFACEOUTERBOUND(#3700,.T.);
#3702=IFCFACE((#3701));
#3703=IFCPOLYLOOP((#3511,#3508,#3509,#3510));
#3704=IFCFACEOUTERBOUND(#3703,.T.);
#3705=IFCFACE((#3704));
#3706=IFCPOLYLOOP((#3581,#3526,#3525,#3582));
#3707=IFCFACEOUTERBOUND(#3706,.T.);
#3708=IFCFACE((#3707));
#3709=IFCPOLYLOOP((#3507,#3508,#3511,#3512));
#3710=IFCFACEOUTERBOUND(#3709,.T.);
#3711=IFCFACE((#3710));
#3712=IFCPOLYLOOP((#3527,#3526,#3581,#3580));
#3713=IFCFACEOUTERBOUND(#3712,.T.);
#3714=IFCFACE((#3713));
#3715=IFCPOLYLOOP((#3510,#3509,#3473,#3498));
#3716=IFCFACEOUTERBOUND(#3715,.T.);
#3717=IFCFACE((#3716));
#3718=IFCPOLYLOOP((#3582,#3525,#3524,#3559));
#3719=IFCFACEOUTERBOUND(#3718,.T.);
#3720=IFCFACE((#3719));
#3721=IFCPOLYLOOP((#3514,#3515,#3504,#3505));
#3722=IFCFACEOUTERBOUND(#3721,.T.);
#3723=IFCFACE((#3722));
#3724=IFCPOLYLOOP((#3529,#3578,#3577,#3530));
#3725=IFCFACEOUTERBOUND(#3724,.T.);
#3726=IFCFACE((#3725));
#3727=IFCPOLYLOOP((#3522,#3486,#3520));
#3728=IFCFACEOUTERBOUND(#3727,.T.);
#3729=IFCFACE((#3728));
#3730=IFCPOLYLOOP((#3541,#3536,#3517));
#3731=IFCFACEOUTERBOUND(#3730,.T.);
#3732=IFCFACE((#3731));
#3733=IFCPOLYLOOP((#3520,#3519,#3536));
#3734=IFCFACEOUTERBOUND(#3733,.T.);
#3735=IFCFACE((#3734));
#3736=IFCPOLYLOOP((#3520,#3536,#3522));
#3737=IFCFACEOUTERBOUND(#3736,.T.);
#3738=IFCFACE((#3737));
#3739=IFCPOLYLOOP((#3536,#3518,#3517));
#3740=IFCFACEOUTERBOUND(#3739,.T.);
#3741=IFCFACE((#3740));
#3742=IFCPOLYLOOP((#3519,#3518,#3536));
#3743=IFCFACEOUTERBOUND(#3742,.T.);
#3744=IFCFACE((#3743));
#3745=IFCPOLYLOOP((#3541,#3516,#3515));
#3746=IFCFACEOUTERBOUND(#3745,.T.);
#3747=IFCFACE((#3746));
#3748=IFCPOLYLOOP((#3514,#3541,#3515));
#3749=IFCFACEOUTERBOUND(#3748,.T.);
#3750=IFCFACE((#3749));
#3751=IFCPOLYLOOP((#3521,#3522,#3539));
#3752=IFCFACEOUTERBOUND(#3751,.T.);
#3753=IFCFACE((#3752));
#3754=IFCPOLYLOOP((#3521,#3539,#3535));
#3755=IFCFACEOUTERBOUND(#3754,.T.);
#3756=IFCFACE((#3755));
#3757=IFCPOLYLOOP((#3540,#3523,#3524));
#3758=IFCFACEOUTERBOUND(#3757,.T.);
#3759=IFCFACE((#3758));
#3760=IFCPOLYLOOP((#3529,#3538,#3540));
#3761=IFCFACEOUTERBOUND(#3760,.T.);
#3762=IFCFACE((#3761));
#3763=IFCPOLYLOOP((#3538,#3531,#3532));
#3764=IFCFACEOUTERBOUND(#3763,.T.);
#3765=IFCFACE((#3764));
#3766=IFCPOLYLOOP((#3537,#3540,#3538));
#3767=IFCFACEOUTERBOUND(#3766,.T.);
#3768=IFCFACE((#3767));
#3769=IFCPOLYLOOP((#3539,#3533,#3534));
#3770=IFCFACEOUTERBOUND(#3769,.T.);
#3771=IFCFACE((#3770));
#3772=IFCPOLYLOOP((#3522,#3536,#3539));
#3773=IFCFACEOUTERBOUND(#3772,.T.);
#3774=IFCFACE((#3773));
#3775=IFCPOLYLOOP((#3532,#3533,#3539));
#3776=IFCFACEOUTERBOUND(#3775,.T.);
#3777=IFCFACE((#3776));
#3778=IFCPOLYLOOP((#3538,#3539,#3536));
#3779=IFCFACEOUTERBOUND(#3778,.T.);
#3780=IFCFACE((#3779));
#3781=IFCPOLYLOOP((#3532,#3539,#3538));
#3782=IFCFACEOUTERBOUND(#3781,.T.);
#3783=IFCFACE((#3782));
#3784=IFCPOLYLOOP((#3513,#3541,#3514));
#3785=IFCFACEOUTERBOUND(#3784,.T.);
#3786=IFCFACE((#3785));
#3787=IFCPOLYLOOP((#3537,#3541,#3513));
#3788=IFCFACEOUTERBOUND(#3787,.T.);
#3789=IFCFACE((#3788));
#3790=IFCPOLYLOOP((#3541,#3537,#3538));
#3791=IFCFACEOUTERBOUND(#3790,.T.);
#3792=IFCFACE((#3791));
#3793=IFCPOLYLOOP((#3511,#3510,#3537));
#3794=IFCFACEOUTERBOUND(#3793,.T.);
#3795=IFCFACE((#3794));
#3796=IFCPOLYLOOP((#3510,#3523,#3537));
#3797=IFCFACEOUTERBOUND(#3796,.T.);
#3798=IFCFACE((#3797));
#3799=IFCPOLYLOOP((#3537,#3512,#3511));
#3800=IFCFACEOUTERBOUND(#3799,.T.);
#3801=IFCFACE((#3800));
#3802=IFCPOLYLOOP((#3523,#3510,#3498));
#3803=IFCFACEOUTERBOUND(#3802,.T.);
#3804=IFCFACE((#3803));
#3805=IFCPOLYLOOP((#3540,#3526,#3527));
#3806=IFCFACEOUTERBOUND(#3805,.T.);
#3807=IFCFACE((#3806));
#3808=IFCPOLYLOOP((#3530,#3538,#3529));
#3809=IFCFACEOUTERBOUND(#3808,.T.);
#3810=IFCFACE((#3809));
#3811=IFCPOLYLOOP((#3528,#3529,#3540));
#3812=IFCFACEOUTERBOUND(#3811,.T.);
#3813=IFCFACE((#3812));
#3814=IFCPOLYLOOP((#3541,#3538,#3536));
#3815=IFCFACEOUTERBOUND(#3814,.T.);
#3816=IFCFACE((#3815));
#3817=IFCPOLYLOOP((#3540,#3525,#3526));
#3818=IFCFACEOUTERBOUND(#3817,.T.);
#3819=IFCFACE((#3818));
#3820=IFCPOLYLOOP((#3528,#3540,#3527));
#3821=IFCFACEOUTERBOUND(#3820,.T.);
#3822=IFCFACE((#3821));
#3823=IFCPOLYLOOP((#3537,#3523,#3540));
#3824=IFCFACEOUTERBOUND(#3823,.T.);
#3825=IFCFACE((#3824));
#3826=IFCPOLYLOOP((#3525,#3540,#3524));
#3827=IFCFACEOUTERBOUND(#3826,.T.);
#3828=IFCFACE((#3827));
#3829=IFCPOLYLOOP((#3535,#3539,#3534));
#3830=IFCFACEOUTERBOUND(#3829,.T.);
#3831=IFCFACE((#3830));
#3832=IFCPOLYLOOP((#3512,#3537,#3513));
#3833=IFCFACEOUTERBOUND(#3832,.T.);
#3834=IFCFACE((#3833));
#3835=IFCPOLYLOOP((#3517,#3516,#3541));
#3836=IFCFACEOUTERBOUND(#3835,.T.);
#3837=IFCFACE((#3836));
#3838=IFCPOLYLOOP((#3531,#3538,#3530));
#3839=IFCFACEOUTERBOUND(#3838,.T.);
#3840=IFCFACE((#3839));
#3841=IFCPOLYLOOP((#3523,#3498,#3497));
#3842=IFCFACEOUTERBOUND(#3841,.T.);
#3843=IFCFACE((#3842));
#3844=IFCPOLYLOOP((#3557,#3522,#3521));
#3845=IFCFACEOUTERBOUND(#3844,.T.);
#3846=IFCFACE((#3845));
#3847=IFCPOLYLOOP((#3497,#3496,#3553));
#3848=IFCFACEOUTERBOUND(#3847,.T.);
#3849=IFCFACE((#3848));
#3850=IFCPOLYLOOP((#3497,#3553,#3523));
#3851=IFCFACEOUTERBOUND(#3850,.T.);
#3852=IFCFACE((#3851));
#3853=IFCPOLYLOOP((#3553,#3495,#3494));
#3854=IFCFACEOUTERBOUND(#3853,.T.);
#3855=IFCFACE((#3854));
#3856=IFCPOLYLOOP((#3491,#3558,#3492));
#3857=IFCFACEOUTERBOUND(#3856,.T.);
#3858=IFCFACE((#3857));
#3859=IFCPOLYLOOP((#3496,#3495,#3553));
#3860=IFCFACEOUTERBOUND(#3859,.T.);
#3861=IFCFACE((#3860));
#3862=IFCPOLYLOOP((#3558,#3493,#3492));
#3863=IFCFACEOUTERBOUND(#3862,.T.);
#3864=IFCFACE((#3863));
#3865=IFCPOLYLOOP((#3524,#3523,#3556));
#3866=IFCFACEOUTERBOUND(#3865,.T.);
#3867=IFCFACE((#3866));
#3868=IFCPOLYLOOP((#3524,#3556,#3552));
#3869=IFCFACEOUTERBOUND(#3868,.T.);
#3870=IFCFACE((#3869));
#3871=IFCPOLYLOOP((#3558,#3553,#3494));
#3872=IFCFACEOUTERBOUND(#3871,.T.);
#3873=IFCFACE((#3872));
#3874=IFCPOLYLOOP((#3554,#3557,#3555));
#3875=IFCFACEOUTERBOUND(#3874,.T.);
#3876=IFCFACE((#3875));
#3877=IFCPOLYLOOP((#3555,#3548,#3549));
#3878=IFCFACEOUTERBOUND(#3877,.T.);
#3879=IFCFACE((#3878));
#3880=IFCPOLYLOOP((#3523,#3553,#3556));
#3881=IFCFACEOUTERBOUND(#3880,.T.);
#3882=IFCFACE((#3881));
#3883=IFCPOLYLOOP((#3556,#3550,#3551));
#3884=IFCFACEOUTERBOUND(#3883,.T.);
#3885=IFCFACE((#3884));
#3886=IFCPOLYLOOP((#3554,#3522,#3557));
#3887=IFCFACEOUTERBOUND(#3886,.T.);
#3888=IFCFACE((#3887));
#3889=IFCPOLYLOOP((#3549,#3550,#3556));
#3890=IFCFACEOUTERBOUND(#3889,.T.);
#3891=IFCFACE((#3890));
#3892=IFCPOLYLOOP((#3555,#3556,#3553));
#3893=IFCFACEOUTERBOUND(#3892,.T.);
#3894=IFCFACE((#3893));
#3895=IFCPOLYLOOP((#3546,#3555,#3557));
#3896=IFCFACEOUTERBOUND(#3895,.T.);
#3897=IFCFACE((#3896));
#3898=IFCPOLYLOOP((#3490,#3558,#3491));
#3899=IFCFACEOUTERBOUND(#3898,.T.);
#3900=IFCFACE((#3899));
#3901=IFCPOLYLOOP((#3554,#3558,#3490));
#3902=IFCFACEOUTERBOUND(#3901,.T.);
#3903=IFCFACE((#3902));
#3904=IFCPOLYLOOP((#3555,#3558,#3554));
#3905=IFCFACEOUTERBOUND(#3904,.T.);
#3906=IFCFACE((#3905));
#3907=IFCPOLYLOOP((#3488,#3487,#3554));
#3908=IFCFACEOUTERBOUND(#3907,.T.);
#3909=IFCFACE((#3908));
#3910=IFCPOLYLOOP((#3487,#3522,#3554));
#3911=IFCFACEOUTERBOUND(#3910,.T.);
#3912=IFCFACE((#3911));
#3913=IFCPOLYLOOP((#3488,#3554,#3489));
#3914=IFCFACEOUTERBOUND(#3913,.T.);
#3915=IFCFACE((#3914));
#3916=IFCPOLYLOOP((#3522,#3487,#3486));
#3917=IFCFACEOUTERBOUND(#3916,.T.);
#3918=IFCFACE((#3917));
#3919=IFCPOLYLOOP((#3494,#3493,#3558));
#3920=IFCFACEOUTERBOUND(#3919,.T.);
#3921=IFCFACE((#3920));
#3922=IFCPOLYLOOP((#3547,#3555,#3546));
#3923=IFCFACEOUTERBOUND(#3922,.T.);
#3924=IFCFACE((#3923));
#3925=IFCPOLYLOOP((#3545,#3546,#3557));
#3926=IFCFACEOUTERBOUND(#3925,.T.);
#3927=IFCFACE((#3926));
#3928=IFCPOLYLOOP((#3557,#3543,#3544));
#3929=IFCFACEOUTERBOUND(#3928,.T.);
#3930=IFCFACE((#3929));
#3931=IFCPOLYLOOP((#3557,#3542,#3543));
#3932=IFCFACEOUTERBOUND(#3931,.T.);
#3933=IFCFACE((#3932));
#3934=IFCPOLYLOOP((#3545,#3557,#3544));
#3935=IFCFACEOUTERBOUND(#3934,.T.);
#3936=IFCFACE((#3935));
#3937=IFCPOLYLOOP((#3552,#3556,#3551));
#3938=IFCFACEOUTERBOUND(#3937,.T.);
#3939=IFCFACE((#3938));
#3940=IFCPOLYLOOP((#3542,#3557,#3521));
#3941=IFCFACEOUTERBOUND(#3940,.T.);
#3942=IFCFACE((#3941));
#3943=IFCPOLYLOOP((#3558,#3555,#3553));
#3944=IFCFACEOUTERBOUND(#3943,.T.);
#3945=IFCFACE((#3944));
#3946=IFCPOLYLOOP((#3489,#3554,#3490));
#3947=IFCFACEOUTERBOUND(#3946,.T.);
#3948=IFCFACE((#3947));
#3949=IFCPOLYLOOP((#3549,#3556,#3555));
#3950=IFCFACEOUTERBOUND(#3949,.T.);
#3951=IFCFACE((#3950));
#3952=IFCPOLYLOOP((#3548,#3555,#3547));
#3953=IFCFACEOUTERBOUND(#3952,.T.);
#3954=IFCFACE((#3953));
#3955=IFCPOLYLOOP((#3577,#3578,#3579,#3580,#3581,#3582,#3559,#3560,#3561,#3562,#3563,#3564,#3565,#3566,#3567,#3568,#3569,#3570,#3571,#3572,#3573,#3574,#3575,#3576));
#3956=IFCFACEOUTERBOUND(#3955,.T.);
#3957=IFCFACE((#3956));
#3958=IFCPOLYLOOP((#3503,#3502,#3501,#3500,#3499,#3485,#3484,#3483,#3482,#3481,#3480,#3479,#3478,#3477,#3476,#3475,#3474,#3473,#3509,#3508,#3507,#3506,#3505,#3504));
#3959=IFCFACEOUTERBOUND(#3958,.T.);
#3960=IFCFACE((#3959));
#3961=IFCCARTESIANPOINT((6.1337999999968114,7.0277999999999849,0.));
#3962=IFCCARTESIANPOINT((6.1337999999968096,6.7883335219942991,-1.8189284851714944));
#3963=IFCCARTESIANPOINT((6.1337999999968078,6.0862533327162645,-3.5138999999999974));
#3964=IFCCARTESIANPOINT((6.1337999999968043,4.9694050368228071,-4.9694050368228151));
#3965=IFCCARTESIANPOINT((6.1337999999968007,3.5138999999999903,-6.0862533327162751));
#3966=IFCCARTESIANPOINT((6.1337999999967954,1.818928485171488,-6.7883335219943124));
#3967=IFCCARTESIANPOINT((6.13379999999679,-0.,-7.0278000000000009));
#3968=IFCCARTESIANPOINT((6.1337999999967847,-1.8189284851715004,-6.7883335219943177));
#3969=IFCCARTESIANPOINT((6.1337999999967794,-3.5139000000000049,-6.0862533327162867));
#3970=IFCCARTESIANPOINT((6.1337999999967749,-4.969405036822824,-4.9694050368228302));
#3971=IFCCARTESIANPOINT((6.1337999999967714,-6.0862533327162858,-3.5139000000000165));
#3972=IFCCARTESIANPOINT((6.1337999999967696,-6.7883335219943257,-1.8189284851715153));
#3973=IFCCARTESIANPOINT((6.1337999999967687,-7.0278000000000169,-0.));
#3974=IFCCARTESIANPOINT((3.6446000000001222,-7.0278000000000098,-0.));
#3975=IFCCARTESIANPOINT((3.6446000000001226,-6.7883335219943319,-1.8189284851714675));
#3976=IFCCARTESIANPOINT((3.6446000000001249,-6.0862533327163035,-3.5138999999999729));
#3977=IFCCARTESIANPOINT((3.644600000000128,-4.9694050368228515,-4.9694050368227956));
#3978=IFCCARTESIANPOINT((3.644600000000132,-3.5139000000000373,-6.0862533327162627));
#3979=IFCCARTESIANPOINT((3.6446000000001373,-1.8189284851715413,-6.7883335219943053));
#3980=IFCCARTESIANPOINT((3.6446000000001426,-0.,-7.0278000000000009));
#3981=IFCCARTESIANPOINT((3.6446000000001479,1.8189284851714476,-6.7883335219943257));
#3982=IFCCARTESIANPOINT((3.6446000000001533,3.5138999999999543,-6.0862533327163));
#3983=IFCCARTESIANPOINT((3.6446000000001577,4.9694050368227796,-4.9694050368228515));
#3984=IFCCARTESIANPOINT((3.6446000000001608,6.0862533327162467,-3.5139000000000418));
#3985=IFCCARTESIANPOINT((3.644600000000163,6.7883335219942937,-1.8189284851715439));
#3986=IFCCARTESIANPOINT((3.6445999999998917,7.0277999999999921,0.));
#3987=IFCCARTESIANPOINT((6.1337999999967696,-6.7883335219943488,1.8189284851714296));
#3988=IFCCARTESIANPOINT((6.1337999999967714,-6.086253332716332,3.5138999999999365));
#3989=IFCCARTESIANPOINT((6.1337999999967749,-4.9694050368228853,4.9694050368227698));
#3990=IFCCARTESIANPOINT((6.1337999999967794,-3.5139000000000791,6.0862533327162422));
#3991=IFCCARTESIANPOINT((6.1337999999967847,-1.8189284851715837,6.7883335219942955));
#3992=IFCCARTESIANPOINT((6.13379999999679,-0.,7.0278000000000009));
#3993=IFCCARTESIANPOINT((6.1337999999967954,1.8189284851714034,6.7883335219943364));
#3994=IFCCARTESIANPOINT((6.1337999999968007,3.5138999999999143,6.0862533327163195));
#3995=IFCCARTESIANPOINT((6.1337999999968043,4.9694050368227458,4.9694050368228782));
#3996=IFCCARTESIANPOINT((6.1337999999968078,6.08625333271622,3.5139000000000742));
#3997=IFCCARTESIANPOINT((6.1337999999968096,6.7883335219942769,1.8189284851715799));
#3998=IFCCARTESIANPOINT((3.644600000000163,6.7883335219942724,1.8189284851716219));
#3999=IFCCARTESIANPOINT((3.6446000000001608,6.0862533327162058,3.5139000000001119));
#4000=IFCCARTESIANPOINT((3.6446000000001577,4.9694050368227263,4.9694050368229039));
#4001=IFCCARTESIANPOINT((3.6446000000001533,3.5138999999998948,6.0862533327163346));
#4002=IFCCARTESIANPOINT((3.6446000000001479,1.8189284851713807,6.7883335219943435));
#4003=IFCCARTESIANPOINT((3.6446000000001426,-0.,7.0278000000000009));
#4004=IFCCARTESIANPOINT((3.6446000000001373,-1.8189284851715941,6.7883335219942902));
#4005=IFCCARTESIANPOINT((3.644600000000132,-3.5139000000000884,6.0862533327162325));
#4006=IFCCARTESIANPOINT((3.644600000000128,-4.9694050368228861,4.9694050368227618));
#4007=IFCCARTESIANPOINT((3.6446000000001249,-6.0862533327163275,3.5138999999999312));
#4008=IFCCARTESIANPOINT((3.6446000000001226,-6.7883335219943435,1.8189284851714234));
#4009=IFCCARTESIANPOINT((-0.,-7.0277999999999992,-0.));
#4010=IFCCARTESIANPOINT((-0.,-6.788333521994331,1.8189284851714296));
#4011=IFCCARTESIANPOINT((-0.,-6.0862533327163142,3.5138999999999365));
#4012=IFCCARTESIANPOINT((-0.,-4.9694050368228675,4.9694050368227698));
#4013=IFCCARTESIANPOINT((-0.,-3.5139000000000613,6.0862533327162422));
#4014=IFCCARTESIANPOINT((-0.,-1.8189284851715655,6.7883335219942955));
#4015=IFCCARTESIANPOINT((-0.,-0.,7.0278000000000009));
#4016=IFCCARTESIANPOINT((0.,1.8189284851714218,6.7883335219943364));
#4017=IFCCARTESIANPOINT((0.,3.5138999999999321,6.0862533327163195));
#4018=IFCCARTESIANPOINT((0.,4.9694050368227636,4.9694050368228782));
#4019=IFCCARTESIANPOINT((0.,6.0862533327162378,3.5139000000000742));
#4020=IFCCARTESIANPOINT((0.,6.7883335219942946,1.8189284851715799));
#4021=IFCCARTESIANPOINT((0.,7.0278000000000027,0.));
#4022=IFCCARTESIANPOINT((0.,6.7883335219943168,-1.8189284851714944));
#4023=IFCCARTESIANPOINT((0.,6.0862533327162822,-3.5138999999999974));
#4024=IFCCARTESIANPOINT((0.,4.9694050368228249,-4.9694050368228151));
#4025=IFCCARTESIANPOINT((0.,3.5139000000000085,-6.0862533327162751));
#4026=IFCCARTESIANPOINT((0.,1.8189284851715064,-6.7883335219943124));
#4027=IFCCARTESIANPOINT((0.,0.,-7.0278000000000009));
#4028=IFCCARTESIANPOINT((-0.,-1.8189284851714822,-6.7883335219943177));
#4029=IFCCARTESIANPOINT((-0.,-3.5138999999999867,-6.0862533327162867));
#4030=IFCCARTESIANPOINT((-0.,-4.9694050368228062,-4.9694050368228302));
#4031=IFCCARTESIANPOINT((-0.,-6.086253332716268,-3.5139000000000165));
#4032=IFCCARTESIANPOINT((-0.,-6.7883335219943071,-1.8189284851715153));
#4033=IFCCARTESIANPOINT((2.044599999999944,-7.0278000000000054,-0.));
#4034=IFCCARTESIANPOINT((2.0445999999999445,-6.788333521994339,1.8189284851714234));
#4035=IFCCARTESIANPOINT((2.0445999999999467,-6.086253332716324,3.5138999999999312));
#4036=IFCCARTESIANPOINT((2.0445999999999498,-4.9694050368228817,4.9694050368227618));
#4037=IFCCARTESIANPOINT((2.0445999999999547,-3.5139000000000884,6.0862533327162298));
#4038=IFCCARTESIANPOINT((2.0445999999999596,-1.8189284851715892,6.7883335219942902));
#4039=IFCCARTESIANPOINT((2.0445999999999649,-0.,7.0278000000000009));
#4040=IFCCARTESIANPOINT((2.0445999999999702,1.8189284851713854,6.7883335219943435));
#4041=IFCCARTESIANPOINT((2.0445999999999751,3.5138999999998997,6.0862533327163346));
#4042=IFCCARTESIANPOINT((2.0445999999999795,4.9694050368227307,4.9694050368229039));
#4043=IFCCARTESIANPOINT((2.0445999999999827,6.0862533327162103,3.5139000000001119));
#4044=IFCCARTESIANPOINT((2.0445999999999849,6.7883335219942769,1.8189284851716219));
#4045=IFCCARTESIANPOINT((2.0445999999999853,7.0277999999999965,0.));
#4046=IFCCARTESIANPOINT((2.0445999999999849,6.7883335219942982,-1.8189284851715439));
#4047=IFCCARTESIANPOINT((2.0445999999999827,6.0862533327162502,-3.5139000000000418));
#4048=IFCCARTESIANPOINT((2.0445999999999795,4.969405036822784,-4.9694050368228515));
#4049=IFCCARTESIANPOINT((2.0445999999999751,3.5138999999999592,-6.0862533327163));
#4050=IFCCARTESIANPOINT((2.0445999999999702,1.8189284851714524,-6.7883335219943257));
#4051=IFCCARTESIANPOINT((2.0445999999999649,-0.,-7.0278000000000009));
#4052=IFCCARTESIANPOINT((2.0445999999999596,-1.8189284851715364,-6.7883335219943053));
#4053=IFCCARTESIANPOINT((2.0445999999999547,-3.513900000000036,-6.0862533327162609));
#4054=IFCCARTESIANPOINT((2.0445999999999498,-4.9694050368228471,-4.9694050368227956));
#4055=IFCCARTESIANPOINT((2.0445999999999467,-6.0862533327162991,-3.5138999999999729));
#4056=IFCCARTESIANPOINT((2.0445999999999445,-6.7883335219943275,-1.8189284851714675));
#4057=IFCCARTESIANPOINT((2.8446000000000744,7.8278000000000008,0.));
#4058=IFCCARTESIANPOINT((2.8446000000000744,-7.8278000000000008,-0.));
#4059=IFCCARTESIANPOINT((2.8446000000409528,2.7029897730738663,-7.346311940467686));
#4060=IFCCARTESIANPOINT((2.6376688658058671,-4.3352650953166103,-6.4849386870638623));
#4061=IFCCARTESIANPOINT((3.3610788868391546,7.3113211131609699,-0.));
#4062=IFCCARTESIANPOINT((3.3610788868545951,-7.3113211131455342,-0.));
#4063=IFCCARTESIANPOINT((3.335531683689609,-0.91454031280344994,-7.6046593074075783));
#4064=IFCCARTESIANPOINT((2.3536683170661106,5.6922992985631407,-5.1249347186141065));
#4065=IFCCARTESIANPOINT((3.3179812698577016,-5.6957026519029919,-5.1409595503438812));
#4066=IFCCARTESIANPOINT((2.2931977616445467,0.9137658214168447,-7.5523388140132113));
#4067=IFCCARTESIANPOINT((2.9822838627736745,6.4155452946375933,-4.4641339180399289));
#4068=IFCCARTESIANPOINT((2.8446000000609857,-2.7029897700797685,7.3463119415693292));
#4069=IFCCARTESIANPOINT((3.051531134879466,4.335265092839423,6.4849386884992226));
#4070=IFCCARTESIANPOINT((2.3536683173078607,-5.6922992991647785,5.1249347182268918));
#4071=IFCCARTESIANPOINT((2.3712187306400248,5.6957026557105932,5.1409595466705227));
#4072=IFCCARTESIANPOINT((3.3960022382722217,-0.91376581714996974,7.5523388146092829));
#4073=IFCCARTESIANPOINT((2.9822838636627083,-6.4155452938291635,4.4641339189297788));
#4074=IFCCARTESIANPOINT((2.5065960657487056,1.5597212652466739,7.5943761922499489));
#4075=IFCPOLYLOOP((#3962,#3985,#3986,#3961));
#4076=IFCFACEOUTERBOUND(#4075,.T.);
#4077=IFCFACE((#4076));
#4078=IFCPOLYLOOP((#4046,#4022,#4021,#4045));
#4079=IFCFACEOUTERBOUND(#4078,.T.);
#4080=IFCFACE((#4079));
#4081=IFCPOLYLOOP((#3963,#3984,#3985,#3962));
#4082=IFCFACEOUTERBOUND(#4081,.T.);
#4083=IFCFACE((#4082));
#4084=IFCPOLYLOOP((#4047,#4023,#4022,#4046));
#4085=IFCFACEOUTERBOUND(#4084,.T.);
#4086=IFCFACE((#4085));
#4087=IFCPOLYLOOP((#3983,#3964,#3965,#3982));
#4088=IFCFACEOUTERBOUND(#4087,.T.);
#4089=IFCFACE((#4088));
#4090=IFCPOLYLOOP((#4024,#4048,#4049,#4025));
#4091=IFCFACEOUTERBOUND(#4090,.T.);
#4092=IFCFACE((#4091));
#4093=IFCPOLYLOOP((#3963,#3964,#3983,#3984));
#4094=IFCFACEOUTERBOUND(#4093,.T.);
#4095=IFCFACE((#4094));
#4096=IFCPOLYLOOP((#4047,#4048,#4024,#4023));
#4097=IFCFACEOUTERBOUND(#4096,.T.);
#4098=IFCFACE((#4097));
#4099=IFCPOLYLOOP((#3982,#3965,#3966,#3981));
#4100=IFCFACEOUTERBOUND(#4099,.T.);
#4101=IFCFACE((#4100));
#4102=IFCPOLYLOOP((#4025,#4049,#4050,#4026));
#4103=IFCFACEOUTERBOUND(#4102,.T.);
#4104=IFCFACE((#4103));
#4105=IFCPOLYLOOP((#3967,#3980,#3981,#3966));
#4106=IFCFACEOUTERBOUND(#4105,.T.);
#4107=IFCFACE((#4106));
#4108=IFCPOLYLOOP((#4026,#4050,#4051,#4027));
#4109=IFCFACEOUTERBOUND(#4108,.T.);
#4110=IFCFACE((#4109));
#4111=IFCPOLYLOOP((#3969,#3978,#3979,#3968));
#4112=IFCFACEOUTERBOUND(#4111,.T.);
#4113=IFCFACE((#4112));
#4114=IFCPOLYLOOP((#4053,#4029,#4028,#4052));
#4115=IFCFACEOUTERBOUND(#4114,.T.);
#4116=IFCFACE((#4115));
#4117=IFCPOLYLOOP((#3970,#3977,#3978,#3969));
#4118=IFCFACEOUTERBOUND(#4117,.T.);
#4119=IFCFACE((#4118));
#4120=IFCPOLYLOOP((#4054,#4030,#4029,#4053));
#4121=IFCFACEOUTERBOUND(#4120,.T.);
#4122=IFCFACE((#4121));
#4123=IFCPOLYLOOP((#3976,#3971,#3972,#3975));
#4124=IFCFACEOUTERBOUND(#4123,.T.);
#4125=IFCFACE((#4124));
#4126=IFCPOLYLOOP((#4031,#4055,#4056,#4032));
#4127=IFCFACEOUTERBOUND(#4126,.T.);
#4128=IFCFACE((#4127));
#4129=IFCPOLYLOOP((#3970,#3971,#3976,#3977));
#4130=IFCFACEOUTERBOUND(#4129,.T.);
#4131=IFCFACE((#4130));
#4132=IFCPOLYLOOP((#4054,#4055,#4031,#4030));
#4133=IFCFACEOUTERBOUND(#4132,.T.);
#4134=IFCFACE((#4133));
#4135=IFCPOLYLOOP((#3975,#3972,#3973,#3974));
#4136=IFCFACEOUTERBOUND(#4135,.T.);
#4137=IFCFACE((#4136));
#4138=IFCPOLYLOOP((#4032,#4056,#4033,#4009));
#4139=IFCFACEOUTERBOUND(#4138,.T.);
#4140=IFCFACE((#4139));
#4141=IFCPOLYLOOP((#3979,#3980,#3967,#3968));
#4142=IFCFACEOUTERBOUND(#4141,.T.);
#4143=IFCFACE((#4142));
#4144=IFCPOLYLOOP((#4028,#4027,#4051,#4052));
#4145=IFCFACEOUTERBOUND(#4144,.T.);
#4146=IFCFACE((#4145));
#4147=IFCPOLYLOOP((#3987,#4008,#3974,#3973));
#4148=IFCFACEOUTERBOUND(#4147,.T.);
#4149=IFCFACE((#4148));
#4150=IFCPOLYLOOP((#4034,#4010,#4009,#4033));
#4151=IFCFACEOUTERBOUND(#4150,.T.);
#4152=IFCFACE((#4151));
#4153=IFCPOLYLOOP((#3988,#4007,#4008,#3987));
#4154=IFCFACEOUTERBOUND(#4153,.T.);
#4155=IFCFACE((#4154));
#4156=IFCPOLYLOOP((#4035,#4011,#4010,#4034));
#4157=IFCFACEOUTERBOUND(#4156,.T.);
#4158=IFCFACE((#4157));
#4159=IFCPOLYLOOP((#4006,#3989,#3990,#4005));
#4160=IFCFACEOUTERBOUND(#4159,.T.);
#4161=IFCFACE((#4160));
#4162=IFCPOLYLOOP((#4012,#4036,#4037,#4013));
#4163=IFCFACEOUTERBOUND(#4162,.T.);
#4164=IFCFACE((#4163));
#4165=IFCPOLYLOOP((#3988,#3989,#4006,#4007));
#4166=IFCFACEOUTERBOUND(#4165,.T.);
#4167=IFCFACE((#4166));
#4168=IFCPOLYLOOP((#4035,#4036,#4012,#4011));
#4169=IFCFACEOUTERBOUND(#4168,.T.);
#4170=IFCFACE((#4169));
#4171=IFCPOLYLOOP((#4005,#3990,#3991,#4004));
#4172=IFCFACEOUTERBOUND(#4171,.T.);
#4173=IFCFACE((#4172));
#4174=IFCPOLYLOOP((#4013,#4037,#4038,#4014));
#4175=IFCFACEOUTERBOUND(#4174,.T.);
#4176=IFCFACE((#4175));
#4177=IFCPOLYLOOP((#3992,#4003,#4004,#3991));
#4178=IFCFACEOUTERBOUND(#4177,.T.);
#4179=IFCFACE((#4178));
#4180=IFCPOLYLOOP((#4014,#4038,#4039,#4015));
#4181=IFCFACEOUTERBOUND(#4180,.T.);
#4182=IFCFACE((#4181));
#4183=IFCPOLYLOOP((#3994,#4001,#4002,#3993));
#4184=IFCFACEOUTERBOUND(#4183,.T.);
#4185=IFCFACE((#4184));
#4186=IFCPOLYLOOP((#4041,#4017,#4016,#4040));
#4187=IFCFACEOUTERBOUND(#4186,.T.);
#4188=IFCFACE((#4187));
#4189=IFCPOLYLOOP((#3995,#4000,#4001,#3994));
#4190=IFCFACEOUTERBOUND(#4189,.T.);
#4191=IFCFACE((#4190));
#4192=IFCPOLYLOOP((#4042,#4018,#4017,#4041));
#4193=IFCFACEOUTERBOUND(#4192,.T.);
#4194=IFCFACE((#4193));
#4195=IFCPOLYLOOP((#3999,#3996,#3997,#3998));
#4196=IFCFACEOUTERBOUND(#4195,.T.);
#4197=IFCFACE((#4196));
#4198=IFCPOLYLOOP((#4019,#4043,#4044,#4020));
#4199=IFCFACEOUTERBOUND(#4198,.T.);
#4200=IFCFACE((#4199));
#4201=IFCPOLYLOOP((#3995,#3996,#3999,#4000));
#4202=IFCFACEOUTERBOUND(#4201,.T.);
#4203=IFCFACE((#4202));
#4204=IFCPOLYLOOP((#4042,#4043,#4019,#4018));
#4205=IFCFACEOUTERBOUND(#4204,.T.);
#4206=IFCFACE((#4205));
#4207=IFCPOLYLOOP((#3998,#3997,#3961,#3986));
#4208=IFCFACEOUTERBOUND(#4207,.T.);
#4209=IFCFACE((#4208));
#4210=IFCPOLYLOOP((#4020,#4044,#4045,#4021));
#4211=IFCFACEOUTERBOUND(#4210,.T.);
#4212=IFCFACE((#4211));
#4213=IFCPOLYLOOP((#4002,#4003,#3992,#3993));
#4214=IFCFACEOUTERBOUND(#4213,.T.);
#4215=IFCFACE((#4214));
#4216=IFCPOLYLOOP((#4016,#4015,#4039,#4040));
#4217=IFCFACEOUTERBOUND(#4216,.T.);
#4218=IFCFACE((#4217));
#4219=IFCPOLYLOOP((#4026,#4027,#4028,#4029,#4030,#4031,#4032,#4009,#4010,#4011,#4012,#4013,#4014,#4015,#4016,#4017,#4018,#4019,#4020,#4021,#4022,#4023,#4024,#4025));
#4220=IFCFACEOUTERBOUND(#4219,.T.);
#4221=IFCFACE((#4220));
#4222=IFCPOLYLOOP((#3962,#3961,#3997,#3996,#3995,#3994,#3993,#3992,#3991,#3990,#3989,#3988,#3987,#3973,#3972,#3971,#3970,#3969,#3968,#3967,#3966,#3965,#3964,#3963));
#4223=IFCFACEOUTERBOUND(#4222,.T.);
#4224=IFCFACE((#4223));
#4225=IFCPOLYLOOP((#3983,#4067,#3984));
#4226=IFCFACEOUTERBOUND(#4225,.T.);
#4227=IFCFACE((#4226));
#4228=IFCPOLYLOOP((#3984,#4061,#3985));
#4229=IFCFACEOUTERBOUND(#4228,.T.);
#4230=IFCFACE((#4229));
#4231=IFCPOLYLOOP((#3986,#3985,#4061));
#4232=IFCFACEOUTERBOUND(#4231,.T.);
#4233=IFCFACE((#4232));
#4234=IFCPOLYLOOP((#3975,#3974,#4062));
#4235=IFCFACEOUTERBOUND(#4234,.T.);
#4236=IFCFACE((#4235));
#4237=IFCPOLYLOOP((#4067,#3982,#4059));
#4238=IFCFACEOUTERBOUND(#4237,.T.);
#4239=IFCFACE((#4238));
#4240=IFCPOLYLOOP((#3982,#3981,#4063));
#4241=IFCFACEOUTERBOUND(#4240,.T.);
#4242=IFCFACE((#4241));
#4243=IFCPOLYLOOP((#3975,#4065,#3976));
#4244=IFCFACEOUTERBOUND(#4243,.T.);
#4245=IFCFACE((#4244));
#4246=IFCPOLYLOOP((#4045,#4057,#4064));
#4247=IFCFACEOUTERBOUND(#4246,.T.);
#4248=IFCFACE((#4247));
#4249=IFCPOLYLOOP((#4045,#4064,#4046));
#4250=IFCFACEOUTERBOUND(#4249,.T.);
#4251=IFCFACE((#4250));
#4252=IFCPOLYLOOP((#4067,#4064,#4057));
#4253=IFCFACEOUTERBOUND(#4252,.T.);
#4254=IFCFACE((#4253));
#4255=IFCPOLYLOOP((#4060,#4058,#4056));
#4256=IFCFACEOUTERBOUND(#4255,.T.);
#4257=IFCFACE((#4256));
#4258=IFCPOLYLOOP((#4050,#4049,#4066));
#4259=IFCFACEOUTERBOUND(#4258,.T.);
#4260=IFCFACE((#4259));
#4261=IFCPOLYLOOP((#4067,#4059,#4064));
#4262=IFCFACEOUTERBOUND(#4261,.T.);
#4263=IFCFACE((#4262));
#4264=IFCPOLYLOOP((#4064,#4048,#4047));
#4265=IFCFACEOUTERBOUND(#4264,.T.);
#4266=IFCFACE((#4265));
#4267=IFCPOLYLOOP((#4060,#4059,#4063));
#4268=IFCFACEOUTERBOUND(#4267,.T.);
#4269=IFCFACE((#4268));
#4270=IFCPOLYLOOP((#4049,#4048,#4064));
#4271=IFCFACEOUTERBOUND(#4270,.T.);
#4272=IFCFACE((#4271));
#4273=IFCPOLYLOOP((#4059,#4066,#4064));
#4274=IFCFACEOUTERBOUND(#4273,.T.);
#4275=IFCFACE((#4274));
#4276=IFCPOLYLOOP((#4066,#4049,#4064));
#4277=IFCFACEOUTERBOUND(#4276,.T.);
#4278=IFCFACE((#4277));
#4279=IFCPOLYLOOP((#3980,#3979,#4063));
#4280=IFCFACEOUTERBOUND(#4279,.T.);
#4281=IFCFACE((#4280));
#4282=IFCPOLYLOOP((#4058,#4065,#4062));
#4283=IFCFACEOUTERBOUND(#4282,.T.);
#4284=IFCFACE((#4283));
#4285=IFCPOLYLOOP((#3978,#3977,#4065));
#4286=IFCFACEOUTERBOUND(#4285,.T.);
#4287=IFCFACE((#4286));
#4288=IFCPOLYLOOP((#3978,#4063,#3979));
#4289=IFCFACEOUTERBOUND(#4288,.T.);
#4290=IFCFACE((#4289));
#4291=IFCPOLYLOOP((#4065,#3975,#4062));
#4292=IFCFACEOUTERBOUND(#4291,.T.);
#4293=IFCFACE((#4292));
#4294=IFCPOLYLOOP((#4058,#4060,#4065));
#4295=IFCFACEOUTERBOUND(#4294,.T.);
#4296=IFCFACE((#4295));
#4297=IFCPOLYLOOP((#3984,#4067,#4061));
#4298=IFCFACEOUTERBOUND(#4297,.T.);
#4299=IFCFACE((#4298));
#4300=IFCPOLYLOOP((#4065,#3977,#3976));
#4301=IFCFACEOUTERBOUND(#4300,.T.);
#4302=IFCFACE((#4301));
#4303=IFCPOLYLOOP((#4060,#4063,#4065));
#4304=IFCFACEOUTERBOUND(#4303,.T.);
#4305=IFCFACE((#4304));
#4306=IFCPOLYLOOP((#4059,#3982,#4063));
#4307=IFCFACEOUTERBOUND(#4306,.T.);
#4308=IFCFACE((#4307));
#4309=IFCPOLYLOOP((#4051,#4066,#4052));
#4310=IFCFACEOUTERBOUND(#4309,.T.);
#4311=IFCFACE((#4310));
#4312=IFCPOLYLOOP((#4053,#4052,#4066));
#4313=IFCFACEOUTERBOUND(#4312,.T.);
#4314=IFCFACE((#4313));
#4315=IFCPOLYLOOP((#3983,#3982,#4067));
#4316=IFCFACEOUTERBOUND(#4315,.T.);
#4317=IFCFACE((#4316));
#4318=IFCPOLYLOOP((#4060,#4056,#4055));
#4319=IFCFACEOUTERBOUND(#4318,.T.);
#4320=IFCFACE((#4319));
#4321=IFCPOLYLOOP((#4055,#4054,#4060));
#4322=IFCFACEOUTERBOUND(#4321,.T.);
#4323=IFCFACE((#4322));
#4324=IFCPOLYLOOP((#4046,#4064,#4047));
#4325=IFCFACEOUTERBOUND(#4324,.T.);
#4326=IFCFACE((#4325));
#4327=IFCPOLYLOOP((#4033,#4056,#4058));
#4328=IFCFACEOUTERBOUND(#4327,.T.);
#4329=IFCFACE((#4328));
#4330=IFCPOLYLOOP((#4066,#4060,#4053));
#4331=IFCFACEOUTERBOUND(#4330,.T.);
#4332=IFCFACE((#4331));
#4333=IFCPOLYLOOP((#4065,#4063,#3978));
#4334=IFCFACEOUTERBOUND(#4333,.T.);
#4335=IFCFACE((#4334));
#4336=IFCPOLYLOOP((#4053,#4060,#4054));
#4337=IFCFACEOUTERBOUND(#4336,.T.);
#4338=IFCFACE((#4337));
#4339=IFCPOLYLOOP((#3981,#3980,#4063));
#4340=IFCFACEOUTERBOUND(#4339,.T.);
#4341=IFCFACE((#4340));
#4342=IFCPOLYLOOP((#4057,#4061,#4067));
#4343=IFCFACEOUTERBOUND(#4342,.T.);
#4344=IFCFACE((#4343));
#4345=IFCPOLYLOOP((#4050,#4066,#4051));
#4346=IFCFACEOUTERBOUND(#4345,.T.);
#4347=IFCFACE((#4346));
#4348=IFCPOLYLOOP((#4059,#4060,#4066));
#4349=IFCFACEOUTERBOUND(#4348,.T.);
#4350=IFCFACE((#4349));
#4351=IFCPOLYLOOP((#4006,#4073,#4007));
#4352=IFCFACEOUTERBOUND(#4351,.T.);
#4353=IFCFACE((#4352));
#4354=IFCPOLYLOOP((#4007,#4062,#4008));
#4355=IFCFACEOUTERBOUND(#4354,.T.);
#4356=IFCFACE((#4355));
#4357=IFCPOLYLOOP((#3974,#4008,#4062));
#4358=IFCFACEOUTERBOUND(#4357,.T.);
#4359=IFCFACE((#4358));
#4360=IFCPOLYLOOP((#4034,#4070,#4035));
#4361=IFCFACEOUTERBOUND(#4360,.T.);
#4362=IFCFACE((#4361));
#4363=IFCPOLYLOOP((#4006,#4005,#4072));
#4364=IFCFACEOUTERBOUND(#4363,.T.);
#4365=IFCFACE((#4364));
#4366=IFCPOLYLOOP((#4005,#4004,#4072));
#4367=IFCFACEOUTERBOUND(#4366,.T.);
#4368=IFCFACE((#4367));
#4369=IFCPOLYLOOP((#4069,#4000,#3999));
#4370=IFCFACEOUTERBOUND(#4369,.T.);
#4371=IFCFACE((#4370));
#4372=IFCPOLYLOOP((#4033,#4058,#4070));
#4373=IFCFACEOUTERBOUND(#4372,.T.);
#4374=IFCFACE((#4373));
#4375=IFCPOLYLOOP((#4033,#4070,#4034));
#4376=IFCFACEOUTERBOUND(#4375,.T.);
#4377=IFCFACE((#4376));
#4378=IFCPOLYLOOP((#3998,#3986,#4061));
#4379=IFCFACEOUTERBOUND(#4378,.T.);
#4380=IFCFACE((#4379));
#4381=IFCPOLYLOOP((#4073,#4070,#4058));
#4382=IFCFACEOUTERBOUND(#4381,.T.);
#4383=IFCFACE((#4382));
#4384=IFCPOLYLOOP((#4074,#4038,#4070));
#4385=IFCFACEOUTERBOUND(#4384,.T.);
#4386=IFCFACE((#4385));
#4387=IFCPOLYLOOP((#4069,#4057,#4071));
#4388=IFCFACEOUTERBOUND(#4387,.T.);
#4389=IFCFACE((#4388));
#4390=IFCPOLYLOOP((#4070,#4036,#4035));
#4391=IFCFACEOUTERBOUND(#4390,.T.);
#4392=IFCFACE((#4391));
#4393=IFCPOLYLOOP((#4071,#4057,#4045));
#4394=IFCFACEOUTERBOUND(#4393,.T.);
#4395=IFCFACE((#4394));
#4396=IFCPOLYLOOP((#4037,#4036,#4070));
#4397=IFCFACEOUTERBOUND(#4396,.T.);
#4398=IFCFACE((#4397));
#4399=IFCPOLYLOOP((#4068,#4074,#4070));
#4400=IFCFACEOUTERBOUND(#4399,.T.);
#4401=IFCFACE((#4400));
#4402=IFCPOLYLOOP((#4006,#4072,#4073));
#4403=IFCFACEOUTERBOUND(#4402,.T.);
#4404=IFCFACE((#4403));
#4405=IFCPOLYLOOP((#4001,#4072,#4002));
#4406=IFCFACEOUTERBOUND(#4405,.T.);
#4407=IFCFACE((#4406));
#4408=IFCPOLYLOOP((#4074,#4072,#4069));
#4409=IFCFACEOUTERBOUND(#4408,.T.);
#4410=IFCFACE((#4409));
#4411=IFCPOLYLOOP((#4069,#4072,#4001));
#4412=IFCFACEOUTERBOUND(#4411,.T.);
#4413=IFCFACE((#4412));
#4414=IFCPOLYLOOP((#4000,#4069,#4001));
#4415=IFCFACEOUTERBOUND(#4414,.T.);
#4416=IFCFACE((#4415));
#4417=IFCPOLYLOOP((#3998,#4061,#3999));
#4418=IFCFACEOUTERBOUND(#4417,.T.);
#4419=IFCFACE((#4418));
#4420=IFCPOLYLOOP((#4069,#4061,#4057));
#4421=IFCFACEOUTERBOUND(#4420,.T.);
#4422=IFCFACE((#4421));
#4423=IFCPOLYLOOP((#4039,#4074,#4040));
#4424=IFCFACEOUTERBOUND(#4423,.T.);
#4425=IFCFACE((#4424));
#4426=IFCPOLYLOOP((#4068,#4073,#4072));
#4427=IFCFACEOUTERBOUND(#4426,.T.);
#4428=IFCFACE((#4427));
#4429=IFCPOLYLOOP((#3999,#4061,#4069));
#4430=IFCFACEOUTERBOUND(#4429,.T.);
#4431=IFCFACE((#4430));
#4432=IFCPOLYLOOP((#4004,#4003,#4072));
#4433=IFCFACEOUTERBOUND(#4432,.T.);
#4434=IFCFACE((#4433));
#4435=IFCPOLYLOOP((#4074,#4069,#4071));
#4436=IFCFACEOUTERBOUND(#4435,.T.);
#4437=IFCFACE((#4436));
#4438=IFCPOLYLOOP((#4072,#4074,#4068));
#4439=IFCFACEOUTERBOUND(#4438,.T.);
#4440=IFCFACE((#4439));
#4441=IFCPOLYLOOP((#4070,#4038,#4037));
#4442=IFCFACEOUTERBOUND(#4441,.T.);
#4443=IFCFACE((#4442));
#4444=IFCPOLYLOOP((#4071,#4044,#4043));
#4445=IFCFACEOUTERBOUND(#4444,.T.);
#4446=IFCFACE((#4445));
#4447=IFCPOLYLOOP((#4041,#4071,#4042));
#4448=IFCFACEOUTERBOUND(#4447,.T.);
#4449=IFCFACE((#4448));
#4450=IFCPOLYLOOP((#4073,#4068,#4070));
#4451=IFCFACEOUTERBOUND(#4450,.T.);
#4452=IFCFACE((#4451));
#4453=IFCPOLYLOOP((#4044,#4071,#4045));
#4454=IFCFACEOUTERBOUND(#4453,.T.);
#4455=IFCFACE((#4454));
#4456=IFCPOLYLOOP((#4007,#4073,#4062));
#4457=IFCFACEOUTERBOUND(#4456,.T.);
#4458=IFCFACE((#4457));
#4459=IFCPOLYLOOP((#4071,#4043,#4042));
#4460=IFCFACEOUTERBOUND(#4459,.T.);
#4461=IFCFACE((#4460));
#4462=IFCPOLYLOOP((#4040,#4074,#4041));
#4463=IFCFACEOUTERBOUND(#4462,.T.);
#4464=IFCFACE((#4463));
#4465=IFCPOLYLOOP((#4002,#4072,#4003));
#4466=IFCFACEOUTERBOUND(#4465,.T.);
#4467=IFCFACE((#4466));
#4468=IFCPOLYLOOP((#4041,#4074,#4071));
#4469=IFCFACEOUTERBOUND(#4468,.T.);
#4470=IFCFACE((#4469));
#4471=IFCPOLYLOOP((#4038,#4074,#4039));
#4472=IFCFACEOUTERBOUND(#4471,.T.);
#4473=IFCFACE((#4472));
#4474=IFCPOLYLOOP((#4058,#4062,#4073));
#4475=IFCFACEOUTERBOUND(#4474,.T.);
#4476=IFCFACE((#4475));
#4477=IFCCLOSEDSHELL((#3451,#3454,#3457,#3460,#3463,#3466,#3469,#3472));
#4478=IFCFACETEDBREP(#4477);
#4479=IFCCLOSEDSHELL((#3585,#3588,#3591,#3594,#3597,#3600,#3603,#3606,#3609,#3612,#3615,#3618,#3621,#3624,#3627,#3630,#3633,#3636,#3639,#3642,#3645,#3648,#3651,#3654,#3657,#3660,#3663,#3666,#3669,#3672,#3675,#3678,#3681,#3684,#3687,#3690,#3693,#3696,#3699,#3702,#3705,#3708,#3711,#3714,#3717,#3720,#3723,#3726,#3729,#3732,#3735,#3738,#3741,#3744,#3747,#3750,#3753,#3756,#3759,#3762,#3765,#3768,#3771,#3774,#3777,#3780,#3783,#3786,#3789,#3792,#3795,#3798,#3801,#3804,#3807,#3810,#3813,#3816,#3819,#3822,#3825,#3828,#3831,#3834,#3837,#3840,#3843,#3846,#3849,#3852,#3855,#3858,#3861,#3864,#3867,#3870,#3873,#3876,#3879,#3882,#3885,#3888,#3891,#3894,#3897,#3900,#3903,#3906,#3909,#3912,#3915,#3918,#3921,#3924,#3927,#3930,#3933,#3936,#3939,#3942,#3945,#3948,#3951,#3954,#3957,#3960));
#4480=IFCFACETEDBREP(#4479);
#4481=IFCCLOSEDSHELL((#4077,#4080,#4083,#4086,#4089,#4092,#4095,#4098,#4101,#4104,#4107,#4110,#4113,#4116,#4119,#4122,#4125,#4128,#4131,#4134,#4137,#4140,#4143,#4146,#4149,#4152,#4155,#4158,#4161,#4164,#4167,#4170,#4173,#4176,#4179,#4182,#4185,#4188,#4191,#4194,#4197,#4200,#4203,#4206,#4209,#4212,#4215,#4218,#4221,#4224,#4227,#4230,#4233,#4236,#4239,#4242,#4245,#4248,#4251,#4254,#4257,#4260,#4263,#4266,#4269,#4272,#4275,#4278,#4281,#4284,#4287,#4290,#4293,#4296,#4299,#4302,#4305,#4308,#4311,#4314,#4317,#4320,#4323,#4326,#4329,#4332,#4335,#4338,#4341,#4344,#4347,#4350,#4353,#4356,#4359,#4362,#4365,#4368,#4371,#4374,#4377,#4380,#4383,#4386,#4389,#4392,#4395,#4398,#4401,#4404,#4407,#4410,#4413,#4416,#4419,#4422,#4425,#4428,#4431,#4434,#4437,#4440,#4443,#4446,#4449,#4452,#4455,#4458,#4461,#4464,#4467,#4470,#4473,#4476));
#4482=IFCFACETEDBREP(#4481);
#4483=IFCSHAPEREPRESENTATION(#26,'Body','Brep',(#4478,#4480,#4482));
#4484=IFCAXIS2PLACEMENT3D(#3,$,$);
#4485=IFCREPRESENTATIONMAP(#4484,#4483);
#4486=IFCPIPEFITTINGTYPE('0rjoauMs9BC9x$YTWd8ISk',#18,'Reducer - Soldered - CU:Standard',$,$,$,(#4485),'509931',$,.NOTDEFINED.);
#4487=IFCMAPPEDITEM(#4485,#80);
#4488=IFCSHAPEREPRESENTATION(#26,'Body','MappedRepresentation',(#4487));
#4489=IFCPRODUCTDEFINITIONSHAPE($,$,(#4488));
#4490=IFCCARTESIANPOINT((-350.33913339897794,146.20758202867194,4687.4429753392005));
#4491=IFCAXIS2PLACEMENT3D(#4490,#7,#9);
#4492=IFCLOCALPLACEMENT(#36,#4491);
#4493=IFCFLOWFITTING('0rjoauMs9BC9x$YTWd8IO6',#18,'Reducer - Soldered - CU:Standard:1394567',$,'Reducer - Soldered - CU:Standard',#4492,#4489,'1394567');
#4494=IFCPROPERTYSET('1QhWhkzAo4IoG8GWjXtPGg',#18,'Pset_DistributionFlowElementCommon',$,(#401));
#4495=IFCPROPERTYSET('1_B_Rjzhed5ombHhGMgwRS',#18,'Pset_QuantityTakeOff',$,(#401));
#4496=IFCRELDEFINESBYPROPERTIES('15QNTofRyWO6gGKZEbJQeC',#18,$,$,(#4493),#4494);
#4497=IFCRELDEFINESBYPROPERTIES('0JfxNVEz$cSBt15BNC8SeV',#18,$,$,(#4493),#4495);
#4498=IFCAXIS2PLACEMENT3D(#3,$,$);
#4499=IFCLOCALPLACEMENT(#36,#4498);
#4500=IFCCARTESIANPOINT((0.,0.));
#4501=IFCAXIS2PLACEMENT2D(#4500,#11);
#4502=IFCCIRCLEPROFILEDEF(.AREA.,'Standard',#4501,7.5);
#4503=IFCCARTESIANPOINT((-325.33913339897896,146.20758202865554,5102.8759753392242));
#4504=IFCAXIS2PLACEMENT3D(#4503,#5,#8);
#4505=IFCEXTRUDEDAREASOLID(#4502,#4504,#9,310.00000000001648);
#4506=IFCSHAPEREPRESENTATION(#26,'Body','SweptSolid',(#4505));
#4507=IFCPRODUCTDEFINITIONSHAPE($,$,(#4506));
#4508=IFCFLOWSEGMENT('0rjoauMs9BC9x$YTWd8IPy',#18,'Pipe Types:Standard:1394685',$,'Pipe Types:Standard',#4499,#4507,'1394685');
#4509=IFCPROPERTYSET('0RAtfUU_kZNaLLvKvaGBya',#18,'Pset_DistributionFlowElementCommon',$,(#401));
#4510=IFCPROPERTYLISTVALUE('ConnectionType',$,(IFCTEXT('Generic')),$);
#4511=IFCPROPERTYSET('15lU_l_hA6CYo_vE3rOs4R',#18,'Pset_DuctConnection',$,(#4510));
#4512=IFCPROPERTYENUMERATEDVALUE('Shape',$,(IFCLABEL('ROUND')),$);
#4513=IFCPROPERTYSINGLEVALUE('Length',$,IFCPOSITIVELENGTHMEASURE(310.),$);
#4514=IFCPROPERTYSET('1y0oxFTLki0M4grIdfX4hO',#18,'Pset_DuctSegmentTypeCommon',$,(#4512,#4513));
#4515=IFCPROPERTYSET('1IWcfo9ii15se1TeHlwNA5',#18,'Pset_FlowSegmentDuctSegment',$,(#4513));
#4516=IFCPROPERTYSINGLEVALUE('InvertElevation',$,IFCLENGTHMEASURE(5096.0759753392158),$);
#4517=IFCPROPERTYSET('3dROMqpgHGpSGOv2K5rdc7',#18,'Pset_FlowSegmentPipeSegment',$,(#4513,#4516));
#4518=IFCPROPERTYLISTVALUE('ConnectionType',$,(IFCLABEL('Generic')),$);
#4519=IFCPROPERTYSET('284YAkfMJ8iZtytKHTl0ib',#18,'Pset_PipeConnection',$,(#4518));
#4520=IFCPROPERTYSET('1dvl9$b8rtWblvE7asqc6W',#18,'Pset_QuantityTakeOff',$,(#401));
#4521=IFCRELDEFINESBYPROPERTIES('0YW0Cb8pU0F1EY79QAKTIA',#18,$,$,(#4508),#4509);
#4522=IFCRELDEFINESBYPROPERTIES('0MDCd_Odx6msYuAI0FsVQq',#18,$,$,(#4508),#4511);
#4523=IFCRELDEFINESBYPROPERTIES('2dRCZ$zqstlUcYLDj2mGJx',#18,$,$,(#4508),#4514);
#4524=IFCRELDEFINESBYPROPERTIES('28YgxiKicHwkNYdq9YHEsF',#18,$,$,(#4508),#4515);
#4525=IFCRELDEFINESBYPROPERTIES('2cbop3xlBQhm_J5aTC6aeW',#18,$,$,(#4508),#4517);
#4526=IFCRELDEFINESBYPROPERTIES('0iOB$H3b0mfy8kqQcLwcbm',#18,$,$,(#4508),#4519);
#4527=IFCRELDEFINESBYPROPERTIES('0EDNDqOfebY8fN2yHHXGm7',#18,$,$,(#4508),#4520);
#4528=IFCAXIS2PLACEMENT3D(#3,$,$);
#4530=IFCCARTESIANPOINT((-8.1999999999934037,14.399999999991786,-0.));
#4531=IFCCARTESIANPOINT((-7.1014083110258435,14.399999999991781,4.0999999999980563));
#4532=IFCCARTESIANPOINT((-2.1223161698341579,14.399999999991756,7.9205917755684681));
#4533=IFCCARTESIANPOINT((2.1223161698471769,14.399999999991737,7.9205917755685142));
#4534=IFCCARTESIANPOINT((7.1014083110389423,14.399999999991712,4.0999999999982162));
#4535=IFCCARTESIANPOINT((8.2000000000065949,14.399999999991708,-0.));
#4536=IFCCARTESIANPOINT((8.2000000000066162,19.119999999991474,-0.));
#4537=IFCCARTESIANPOINT((7.1014083110389459,19.119999999991478,4.0999999999982482));
#4538=IFCCARTESIANPOINT((2.122316169847172,19.119999999991503,7.9205917755685222));
#4539=IFCCARTESIANPOINT((-2.1223161698341562,19.119999999991521,7.9205917755684627));
#4540=IFCCARTESIANPOINT((-7.1014083110258239,19.119999999991546,4.0999999999980528));
#4541=IFCCARTESIANPOINT((-8.1999999999933806,19.119999999991546,-0.));
#4542=IFCCARTESIANPOINT((-14.399999999993812,8.1999999999915705,-0.));
#4543=IFCCARTESIANPOINT((-14.399999999993812,7.1014083110239952,-4.1000000000018177));
#4544=IFCCARTESIANPOINT((-14.399999999993812,2.1223161698323039,-7.9205917755722091));
#4545=IFCCARTESIANPOINT((-14.399999999993812,-2.122316169849038,-7.9205917755722437));
#4546=IFCCARTESIANPOINT((-14.399999999993812,-7.1014083110407906,-4.1000000000019288));
#4547=IFCCARTESIANPOINT((-14.399999999993812,-8.2000000000084281,-0.));
#4548=IFCCARTESIANPOINT((-19.119999999993691,-8.2000000000084281,-0.));
#4549=IFCCARTESIANPOINT((-19.119999999993691,-7.1014083110407906,-4.1000000000019288));
#4550=IFCCARTESIANPOINT((-19.119999999993691,-2.122316169849038,-7.9205917755722437));
#4551=IFCCARTESIANPOINT((-19.119999999993691,2.1223161698322972,-7.9205917755722117));
#4552=IFCCARTESIANPOINT((-19.119999999993691,7.1014083110239925,-4.1000000000018231));
#4553=IFCCARTESIANPOINT((-19.119999999993695,8.1999999999915705,-0.));
#4554=IFCCARTESIANPOINT((-14.399999999993812,-7.1014083110408688,4.0999999999980572));
#4555=IFCCARTESIANPOINT((-14.399999999993812,-2.1223161698491828,7.9205917755684689));
#4556=IFCCARTESIANPOINT((-14.399999999993812,2.1223161698321524,7.920591775568516));
#4557=IFCCARTESIANPOINT((-14.399999999993812,7.101408311023917,4.0999999999982171));
#4558=IFCCARTESIANPOINT((-19.119999999993691,7.1014083110238735,4.0999999999982926));
#4559=IFCCARTESIANPOINT((-19.119999999993691,2.122316169832096,7.9205917755685302));
#4560=IFCCARTESIANPOINT((-19.119999999993691,-2.122316169849225,7.9205917755684583));
#4561=IFCCARTESIANPOINT((-19.119999999993691,-7.1014083110408759,4.0999999999980439));
#4562=IFCCARTESIANPOINT((7.1014083110389938,14.399999999991712,-4.1000000000018648));
#4563=IFCCARTESIANPOINT((2.1223161698472741,14.399999999991737,-7.920591775572225));
#4564=IFCCARTESIANPOINT((-2.1223161698340611,14.399999999991756,-7.9205917755722313));
#4565=IFCCARTESIANPOINT((-7.1014083110257902,14.399999999991781,-4.100000000001887));
#4566=IFCCARTESIANPOINT((-7.1014083110257973,19.119999999991546,-4.1000000000018373));
#4567=IFCCARTESIANPOINT((-2.1223161698340944,19.119999999991521,-7.9205917755722162));
#4568=IFCCARTESIANPOINT((2.1223161698472426,19.119999999991503,-7.9205917755722401));
#4569=IFCCARTESIANPOINT((7.1014083110389867,19.119999999991478,-4.1000000000019172));
#4570=IFCCARTESIANPOINT((-7.4999999999935998,14.399999999991769,-0.));
#4571=IFCCARTESIANPOINT((-9.5209632098064993,9.5209632098044548,-0.));
#4572=IFCCARTESIANPOINT((-14.399999999993824,7.4999999999915774,-0.));
#4573=IFCCARTESIANPOINT((-14.399999999993812,5.7466755370114813,4.8193070323646117));
#4574=IFCCARTESIANPOINT((-14.399999999993812,-1.3010045824888827,7.3862972507432474));
#4575=IFCCARTESIANPOINT((-14.399999999993812,-5.7445187552616552,4.8218776706305846));
#4576=IFCCARTESIANPOINT((-14.399999999993822,-7.5000000000084217,-0.));
#4577=IFCCARTESIANPOINT((4.5659563428855412,3.4499999999916313,-0.));
#4578=IFCCARTESIANPOINT((7.5000000000063993,14.399999999991694,-0.));
#4579=IFCCARTESIANPOINT((5.7445187552596337,14.399999999991719,4.8218776706305846));
#4580=IFCCARTESIANPOINT((-1.3028606186800136,14.399999999991749,7.3859700925639062));
#4581=IFCCARTESIANPOINT((-5.7466755370135036,14.399999999991772,4.8193070323646117));
#4582=IFCCARTESIANPOINT((-1.9950995413068624,-0.33802738091501822,-0.));
#4583=IFCCARTESIANPOINT((-0.12717964047975977,2.8124376939326137,6.3541174452758042));
#4584=IFCCARTESIANPOINT((-5.7466755370135321,14.39999999999177,-4.8193070323683127));
#4585=IFCCARTESIANPOINT((1.3010045824868122,14.399999999991739,-7.3862972507469911));
#4586=IFCCARTESIANPOINT((5.7445187552596044,14.399999999991719,-4.8218776706343549));
#4587=IFCCARTESIANPOINT((-14.399999999993812,-5.7445187552616259,-4.8218776706343549));
#4588=IFCCARTESIANPOINT((-14.399999999993812,1.3028606186780403,-7.3859700925676313));
#4589=IFCCARTESIANPOINT((-14.399999999993813,5.7466755370115097,-4.8193070323683118));
#4590=IFCCARTESIANPOINT((-5.5650494097647591,5.5650484993614988,-7.2539023070758102));
#4591=IFCCARTESIANPOINT((0.41379386154341219,2.2883345393749566,-5.8164921072527553));
#4592=IFCCARTESIANPOINT((-25.,-8.2000000000084281,-0.));
#4593=IFCCARTESIANPOINT((-25.,-7.1014083110408688,4.0999999999980572));
#4594=IFCCARTESIANPOINT((-25.,-2.1223161698491828,7.9205917755684689));
#4595=IFCCARTESIANPOINT((-25.,2.1223161698321524,7.920591775568516));
#4596=IFCCARTESIANPOINT((-25.,7.101408311023917,4.0999999999982171));
#4597=IFCCARTESIANPOINT((-25.,8.1999999999915705,-0.));
#4598=IFCCARTESIANPOINT((-25.,7.1014083110239952,-4.1000000000018177));
#4599=IFCCARTESIANPOINT((-25.,2.1223161698323039,-7.9205917755722091));
#4600=IFCCARTESIANPOINT((-25.,-2.122316169849038,-7.9205917755722437));
#4601=IFCCARTESIANPOINT((-25.,-7.1014083110407906,-4.1000000000019288));
#4602=IFCCARTESIANPOINT((-20.759999999993692,-8.2000000000084281,-0.));
#4603=IFCCARTESIANPOINT((-20.759999999993692,-7.1014083110408759,4.0999999999980439));
#4604=IFCCARTESIANPOINT((-20.759999999993692,-2.122316169849225,7.9205917755684583));
#4605=IFCCARTESIANPOINT((-20.759999999993692,2.122316169832096,7.9205917755685302));
#4606=IFCCARTESIANPOINT((-20.759999999993692,7.1014083110238735,4.0999999999982926));
#4607=IFCCARTESIANPOINT((-20.759999999993692,8.1999999999915705,-0.));
#4608=IFCCARTESIANPOINT((-20.759999999993692,7.1014083110239952,-4.1000000000018177));
#4609=IFCCARTESIANPOINT((-20.759999999993692,2.1223161698322972,-7.9205917755722117));
#4610=IFCCARTESIANPOINT((-20.759999999993692,-2.1223161698490522,-7.9205917755722393));
#4611=IFCCARTESIANPOINT((-20.759999999993692,-7.1014083110407977,-4.1000000000019172));
#4612=IFCCARTESIANPOINT((-8.1999999999933522,25.,-0.));
#4613=IFCCARTESIANPOINT((-7.1014083110257928,25.,4.0999999999980563));
#4614=IFCCARTESIANPOINT((-2.1223161698341069,25.,7.9205917755684681));
#4615=IFCCARTESIANPOINT((2.1223161698472279,25.,7.9205917755685142));
#4616=IFCCARTESIANPOINT((7.1014083110389929,25.,4.0999999999982162));
#4617=IFCCARTESIANPOINT((8.2000000000066446,25.,-0.));
#4618=IFCCARTESIANPOINT((7.1014083110390445,25.,-4.1000000000018648));
#4619=IFCCARTESIANPOINT((2.122316169847327,25.,-7.920591775572225));
#4620=IFCCARTESIANPOINT((-2.1223161698340101,25.,-7.9205917755722313));
#4621=IFCCARTESIANPOINT((-7.1014083110257396,25.,-4.100000000001887));
#4622=IFCCARTESIANPOINT((-8.1999999999933735,20.759999999991553,-0.));
#4623=IFCCARTESIANPOINT((-7.101408311025815,20.75999999999155,4.0999999999980528));
#4624=IFCCARTESIANPOINT((-2.1223161698341482,20.759999999991521,7.9205917755684627));
#4625=IFCCARTESIANPOINT((2.12231616984718,20.759999999991507,7.9205917755685222));
#4626=IFCCARTESIANPOINT((7.1014083110389548,20.759999999991479,4.0999999999982482));
#4627=IFCCARTESIANPOINT((8.2000000000066251,20.759999999990818,-0.));
#4628=IFCCARTESIANPOINT((7.1014083110389947,20.759999999991479,-4.1000000000019163));
#4629=IFCCARTESIANPOINT((2.1223161698472506,20.759999999991507,-7.9205917755722401));
#4630=IFCCARTESIANPOINT((-2.1223161698340864,20.759999999991521,-7.9205917755722162));
#4631=IFCCARTESIANPOINT((-7.1014083110257893,20.75999999999155,-4.1000000000018373));
#4632=IFCCARTESIANPOINT((-9.0199999999935727,19.939999999991556,-0.));
#4633=IFCCARTESIANPOINT((4.5100000000063565,19.939999999990945,-7.8115491421374808));
#4634=IFCCARTESIANPOINT((9.0200000000063536,19.939999999990743,-0.));
#4635=IFCCARTESIANPOINT((8.7798275605793936,19.360172439417916,-0.));
#4636=IFCCARTESIANPOINT((-8.7798275605664795,19.36017243941852,-0.));
#4637=IFCCARTESIANPOINT((-2.2549999999936081,19.939999999991251,-3.9057745710696752));
#4638=IFCCARTESIANPOINT((1.1275000000063757,19.939999999991098,-5.8586618566035789));
#4639=IFCCARTESIANPOINT((-1.6039473611723224E-009,19.3389590519904,-8.7578080125171756));
#4640=IFCCARTESIANPOINT((5.8878307087628681,19.939999999990885,-5.4250763503425796));
#4641=IFCCARTESIANPOINT((5.6683438530694765,19.342708358981788,-6.6812710623781211));
#4642=IFCCARTESIANPOINT((-4.3217460618118677,19.939999999991343,-2.7125381759323024));
#4643=IFCCARTESIANPOINT((-5.6683438586263142,19.342708358774608,-6.6812710573633796));
#4644=IFCCARTESIANPOINT((-4.5099999999935498,19.939999999991354,7.8115491421337611));
#4645=IFCCARTESIANPOINT((2.2550000000064019,19.939999999991048,3.9057745710659297));
#4646=IFCCARTESIANPOINT((-1.127499999993574,19.939999999991201,5.8586618565998458));
#4647=IFCCARTESIANPOINT((4.6815210466835911E-009,19.338959052059824,8.7578080125882423));
#4648=IFCCARTESIANPOINT((-5.8878307069467706,19.939999999991418,5.425076353462269));
#4649=IFCCARTESIANPOINT((-5.6683438547184881,19.342708359069217,6.6812710610857549));
#4650=IFCCARTESIANPOINT((4.3217460638207585,19.939999999990956,2.7125381747760993));
#4651=IFCCARTESIANPOINT((5.6683438584141594,19.342708358838859,6.6812710576407257));
#4652=IFCCARTESIANPOINT((-8.7798275605664688,20.519827560564597,-0.));
#4653=IFCCARTESIANPOINT((8.7798275605794434,20.519827560563659,-0.));
#4654=IFCCARTESIANPOINT((1.0441183919202079E-008,20.541040946995498,-8.7578080135908767));
#4655=IFCCARTESIANPOINT((5.6683438757608444,20.537291639105334,-6.6812710457686002));
#4656=IFCCARTESIANPOINT((-5.6683438795293366,20.537291638832226,-6.6812710429420257));
#4657=IFCCARTESIANPOINT((-2.5636334396121594E-008,20.541040947126728,8.757808013445743));
#4658=IFCCARTESIANPOINT((-5.6683438701831674,20.537291639418186,6.6812710500505759));
#4659=IFCCARTESIANPOINT((5.66834388296403,20.53729163896967,6.6812710398428736));
#4660=IFCCARTESIANPOINT((-19.939999999993692,9.0199999999916844,-0.));
#4661=IFCCARTESIANPOINT((-19.939999999993692,-9.0200000000085421,-0.));
#4662=IFCCARTESIANPOINT((-19.940000008086987,8.7028974304745583E-008,-9.0200000000019802));
#4663=IFCCARTESIANPOINT((-19.622500062050591,-6.3619462502544222,-6.3036703989722174));
#4664=IFCCARTESIANPOINT((-20.425899662717399,-5.0437182091082571,-7.2849104637915385));
#4665=IFCCARTESIANPOINT((-20.25749995177113,6.3619463009723338,-6.3036703395141087));
#4666=IFCCARTESIANPOINT((-19.45410035095923,5.043718362894956,-7.2849103695535122));
#4667=IFCCARTESIANPOINT((-19.940000006572561,-3.4312465770981091E-008,9.0199999999982445));
#4668=IFCCARTESIANPOINT((-19.622500061808736,6.3619462651350513,6.3036703837889672));
#4669=IFCCARTESIANPOINT((-20.425899660891115,5.043718253433636,7.2849104347214073));
#4670=IFCCARTESIANPOINT((-20.257499948781991,-6.3619462789234067,6.3036703635636337));
#4671=IFCCARTESIANPOINT((-19.454100347337747,-5.0437183094329363,7.2849104033357284));
#4672=IFCPOLYLOOP((#4541,#4530,#4531,#4540));
#4673=IFCFACEOUTERBOUND(#4672,.T.);
#4674=IFCFACE((#4673));
#4675=IFCPOLYLOOP((#4612,#4622,#4623,#4613));
#4676=IFCFACEOUTERBOUND(#4675,.T.);
#4677=IFCFACE((#4676));
#4678=IFCPOLYLOOP((#4540,#4531,#4532,#4539));
#4679=IFCFACEOUTERBOUND(#4678,.T.);
#4680=IFCFACE((#4679));
#4681=IFCPOLYLOOP((#4613,#4623,#4624,#4614));
#4682=IFCFACEOUTERBOUND(#4681,.T.);
#4683=IFCFACE((#4682));
#4684=IFCPOLYLOOP((#4532,#4533,#4538,#4539));
#4685=IFCFACEOUTERBOUND(#4684,.T.);
#4686=IFCFACE((#4685));
#4687=IFCPOLYLOOP((#4555,#4556,#4559,#4560));
#4688=IFCFACEOUTERBOUND(#4687,.T.);
#4689=IFCFACE((#4688));
#4690=IFCPOLYLOOP((#4604,#4605,#4595,#4594));
#4691=IFCFACEOUTERBOUND(#4690,.T.);
#4692=IFCFACE((#4691));
#4693=IFCPOLYLOOP((#4624,#4625,#4615,#4614));
#4694=IFCFACEOUTERBOUND(#4693,.T.);
#4695=IFCFACE((#4694));
#4696=IFCPOLYLOOP((#4538,#4533,#4534,#4537));
#4697=IFCFACEOUTERBOUND(#4696,.T.);
#4698=IFCFACE((#4697));
#4699=IFCPOLYLOOP((#4615,#4625,#4626,#4616));
#4700=IFCFACEOUTERBOUND(#4699,.T.);
#4701=IFCFACE((#4700));
#4702=IFCPOLYLOOP((#4537,#4534,#4535,#4536));
#4703=IFCFACEOUTERBOUND(#4702,.T.);
#4704=IFCFACE((#4703));
#4705=IFCPOLYLOOP((#4616,#4626,#4627,#4617));
#4706=IFCFACEOUTERBOUND(#4705,.T.);
#4707=IFCFACE((#4706));
#4708=IFCPOLYLOOP((#4553,#4542,#4543,#4552));
#4709=IFCFACEOUTERBOUND(#4708,.T.);
#4710=IFCFACE((#4709));
#4711=IFCPOLYLOOP((#4597,#4607,#4608,#4598));
#4712=IFCFACEOUTERBOUND(#4711,.T.);
#4713=IFCFACE((#4712));
#4714=IFCPOLYLOOP((#4552,#4543,#4544,#4551));
#4715=IFCFACEOUTERBOUND(#4714,.T.);
#4716=IFCFACE((#4715));
#4717=IFCPOLYLOOP((#4598,#4608,#4609,#4599));
#4718=IFCFACEOUTERBOUND(#4717,.T.);
#4719=IFCFACE((#4718));
#4720=IFCPOLYLOOP((#4544,#4545,#4550,#4551));
#4721=IFCFACEOUTERBOUND(#4720,.T.);
#4722=IFCFACE((#4721));
#4723=IFCPOLYLOOP((#4563,#4564,#4567,#4568));
#4724=IFCFACEOUTERBOUND(#4723,.T.);
#4725=IFCFACE((#4724));
#4726=IFCPOLYLOOP((#4609,#4610,#4600,#4599));
#4727=IFCFACEOUTERBOUND(#4726,.T.);
#4728=IFCFACE((#4727));
#4729=IFCPOLYLOOP((#4629,#4630,#4620,#4619));
#4730=IFCFACEOUTERBOUND(#4729,.T.);
#4731=IFCFACE((#4730));
#4732=IFCPOLYLOOP((#4550,#4545,#4546,#4549));
#4733=IFCFACEOUTERBOUND(#4732,.T.);
#4734=IFCFACE((#4733));
#4735=IFCPOLYLOOP((#4600,#4610,#4611,#4601));
#4736=IFCFACEOUTERBOUND(#4735,.T.);
#4737=IFCFACE((#4736));
#4738=IFCPOLYLOOP((#4549,#4546,#4547,#4548));
#4739=IFCFACEOUTERBOUND(#4738,.T.);
#4740=IFCFACE((#4739));
#4741=IFCPOLYLOOP((#4601,#4611,#4602,#4592));
#4742=IFCFACEOUTERBOUND(#4741,.T.);
#4743=IFCFACE((#4742));
#4744=IFCPOLYLOOP((#4548,#4547,#4554,#4561));
#4745=IFCFACEOUTERBOUND(#4744,.T.);
#4746=IFCFACE((#4745));
#4747=IFCPOLYLOOP((#4592,#4602,#4603,#4593));
#4748=IFCFACEOUTERBOUND(#4747,.T.);
#4749=IFCFACE((#4748));
#4750=IFCPOLYLOOP((#4561,#4554,#4555,#4560));
#4751=IFCFACEOUTERBOUND(#4750,.T.);
#4752=IFCFACE((#4751));
#4753=IFCPOLYLOOP((#4593,#4603,#4604,#4594));
#4754=IFCFACEOUTERBOUND(#4753,.T.);
#4755=IFCFACE((#4754));
#4756=IFCPOLYLOOP((#4559,#4556,#4557,#4558));
#4757=IFCFACEOUTERBOUND(#4756,.T.);
#4758=IFCFACE((#4757));
#4759=IFCPOLYLOOP((#4595,#4605,#4606,#4596));
#4760=IFCFACEOUTERBOUND(#4759,.T.);
#4761=IFCFACE((#4760));
#4762=IFCPOLYLOOP((#4558,#4557,#4542,#4553));
#4763=IFCFACEOUTERBOUND(#4762,.T.);
#4764=IFCFACE((#4763));
#4765=IFCPOLYLOOP((#4596,#4606,#4607,#4597));
#4766=IFCFACEOUTERBOUND(#4765,.T.);
#4767=IFCFACE((#4766));
#4768=IFCPOLYLOOP((#4536,#4535,#4562,#4569));
#4769=IFCFACEOUTERBOUND(#4768,.T.);
#4770=IFCFACE((#4769));
#4771=IFCPOLYLOOP((#4617,#4627,#4628,#4618));
#4772=IFCFACEOUTERBOUND(#4771,.T.);
#4773=IFCFACE((#4772));
#4774=IFCPOLYLOOP((#4569,#4562,#4563,#4568));
#4775=IFCFACEOUTERBOUND(#4774,.T.);
#4776=IFCFACE((#4775));
#4777=IFCPOLYLOOP((#4618,#4628,#4629,#4619));
#4778=IFCFACEOUTERBOUND(#4777,.T.);
#4779=IFCFACE((#4778));
#4780=IFCPOLYLOOP((#4567,#4564,#4565,#4566));
#4781=IFCFACEOUTERBOUND(#4780,.T.);
#4782=IFCFACE((#4781));
#4783=IFCPOLYLOOP((#4620,#4630,#4631,#4621));
#4784=IFCFACEOUTERBOUND(#4783,.T.);
#4785=IFCFACE((#4784));
#4786=IFCPOLYLOOP((#4566,#4565,#4530,#4541));
#4787=IFCFACEOUTERBOUND(#4786,.T.);
#4788=IFCFACE((#4787));
#4789=IFCPOLYLOOP((#4621,#4631,#4622,#4612));
#4790=IFCFACEOUTERBOUND(#4789,.T.);
#4791=IFCFACE((#4790));
#4792=IFCPOLYLOOP((#4583,#4579,#4580));
#4793=IFCFACEOUTERBOUND(#4792,.T.);
#4794=IFCFACE((#4793));
#4795=IFCPOLYLOOP((#4577,#4579,#4583));
#4796=IFCFACEOUTERBOUND(#4795,.T.);
#4797=IFCFACE((#4796));
#4798=IFCPOLYLOOP((#4574,#4583,#4573));
#4799=IFCFACEOUTERBOUND(#4798,.T.);
#4800=IFCFACE((#4799));
#4801=IFCPOLYLOOP((#4583,#4580,#4581));
#4802=IFCFACEOUTERBOUND(#4801,.T.);
#4803=IFCFACE((#4802));
#4804=IFCPOLYLOOP((#4573,#4571,#4572));
#4805=IFCFACEOUTERBOUND(#4804,.T.);
#4806=IFCFACE((#4805));
#4807=IFCPOLYLOOP((#4581,#4571,#4573));
#4808=IFCFACEOUTERBOUND(#4807,.T.);
#4809=IFCFACE((#4808));
#4810=IFCPOLYLOOP((#4575,#4583,#4574));
#4811=IFCFACEOUTERBOUND(#4810,.T.);
#4812=IFCFACE((#4811));
#4813=IFCPOLYLOOP((#4577,#4583,#4582));
#4814=IFCFACEOUTERBOUND(#4813,.T.);
#4815=IFCFACE((#4814));
#4816=IFCPOLYLOOP((#4577,#4578,#4579));
#4817=IFCFACEOUTERBOUND(#4816,.T.);
#4818=IFCFACE((#4817));
#4819=IFCPOLYLOOP((#4575,#4576,#4582));
#4820=IFCFACEOUTERBOUND(#4819,.T.);
#4821=IFCFACE((#4820));
#4822=IFCPOLYLOOP((#4581,#4570,#4571));
#4823=IFCFACEOUTERBOUND(#4822,.T.);
#4824=IFCFACE((#4823));
#4825=IFCPOLYLOOP((#4583,#4581,#4573));
#4826=IFCFACEOUTERBOUND(#4825,.T.);
#4827=IFCFACE((#4826));
#4828=IFCPOLYLOOP((#4575,#4582,#4583));
#4829=IFCFACEOUTERBOUND(#4828,.T.);
#4830=IFCFACE((#4829));
#4831=IFCPOLYLOOP((#4589,#4572,#4571));
#4832=IFCFACEOUTERBOUND(#4831,.T.);
#4833=IFCFACE((#4832));
#4834=IFCPOLYLOOP((#4582,#4576,#4587));
#4835=IFCFACEOUTERBOUND(#4834,.T.);
#4836=IFCFACE((#4835));
#4837=IFCPOLYLOOP((#4571,#4590,#4589));
#4838=IFCFACEOUTERBOUND(#4837,.T.);
#4839=IFCFACE((#4838));
#4840=IFCPOLYLOOP((#4582,#4591,#4577));
#4841=IFCFACEOUTERBOUND(#4840,.T.);
#4842=IFCFACE((#4841));
#4843=IFCPOLYLOOP((#4587,#4591,#4582));
#4844=IFCFACEOUTERBOUND(#4843,.T.);
#4845=IFCFACE((#4844));
#4846=IFCPOLYLOOP((#4591,#4588,#4590));
#4847=IFCFACEOUTERBOUND(#4846,.T.);
#4848=IFCFACE((#4847));
#4849=IFCPOLYLOOP((#4584,#4590,#4571));
#4850=IFCFACEOUTERBOUND(#4849,.T.);
#4851=IFCFACE((#4850));
#4852=IFCPOLYLOOP((#4588,#4591,#4587));
#4853=IFCFACEOUTERBOUND(#4852,.T.);
#4854=IFCFACE((#4853));
#4855=IFCPOLYLOOP((#4586,#4591,#4585));
#4856=IFCFACEOUTERBOUND(#4855,.T.);
#4857=IFCFACE((#4856));
#4858=IFCPOLYLOOP((#4584,#4585,#4590));
#4859=IFCFACEOUTERBOUND(#4858,.T.);
#4860=IFCFACE((#4859));
#4861=IFCPOLYLOOP((#4588,#4589,#4590));
#4862=IFCFACEOUTERBOUND(#4861,.T.);
#4863=IFCFACE((#4862));
#4864=IFCPOLYLOOP((#4577,#4586,#4578));
#4865=IFCFACEOUTERBOUND(#4864,.T.);
#4866=IFCFACE((#4865));
#4867=IFCPOLYLOOP((#4577,#4591,#4586));
#4868=IFCFACEOUTERBOUND(#4867,.T.);
#4869=IFCFACE((#4868));
#4870=IFCPOLYLOOP((#4585,#4591,#4590));
#4871=IFCFACEOUTERBOUND(#4870,.T.);
#4872=IFCFACE((#4871));
#4873=IFCPOLYLOOP((#4584,#4571,#4570));
#4874=IFCFACEOUTERBOUND(#4873,.T.);
#4875=IFCFACE((#4874));
#4876=IFCPOLYLOOP((#4601,#4592,#4593,#4594,#4595,#4596,#4597,#4598,#4599,#4600));
#4877=IFCFACEOUTERBOUND(#4876,.T.);
#4878=IFCFACE((#4877));
#4879=IFCPOLYLOOP((#4588,#4544,#4589));
#4880=IFCFACEOUTERBOUND(#4879,.T.);
#4881=IFCFACE((#4880));
#4882=IFCPOLYLOOP((#4588,#4545,#4544));
#4883=IFCFACEOUTERBOUND(#4882,.T.);
#4884=IFCFACE((#4883));
#4885=IFCPOLYLOOP((#4545,#4588,#4587));
#4886=IFCFACEOUTERBOUND(#4885,.T.);
#4887=IFCFACE((#4886));
#4888=IFCPOLYLOOP((#4587,#4546,#4545));
#4889=IFCFACEOUTERBOUND(#4888,.T.);
#4890=IFCFACE((#4889));
#4891=IFCPOLYLOOP((#4587,#4576,#4546));
#4892=IFCFACEOUTERBOUND(#4891,.T.);
#4893=IFCFACE((#4892));
#4894=IFCPOLYLOOP((#4546,#4576,#4547));
#4895=IFCFACEOUTERBOUND(#4894,.T.);
#4896=IFCFACE((#4895));
#4897=IFCPOLYLOOP((#4547,#4576,#4554));
#4898=IFCFACEOUTERBOUND(#4897,.T.);
#4899=IFCFACE((#4898));
#4900=IFCPOLYLOOP((#4576,#4575,#4554));
#4901=IFCFACEOUTERBOUND(#4900,.T.);
#4902=IFCFACE((#4901));
#4903=IFCPOLYLOOP((#4575,#4555,#4554));
#4904=IFCFACEOUTERBOUND(#4903,.T.);
#4905=IFCFACE((#4904));
#4906=IFCPOLYLOOP((#4575,#4574,#4555));
#4907=IFCFACEOUTERBOUND(#4906,.T.);
#4908=IFCFACE((#4907));
#4909=IFCPOLYLOOP((#4555,#4574,#4556));
#4910=IFCFACEOUTERBOUND(#4909,.T.);
#4911=IFCFACE((#4910));
#4912=IFCPOLYLOOP((#4574,#4573,#4556));
#4913=IFCFACEOUTERBOUND(#4912,.T.);
#4914=IFCFACE((#4913));
#4915=IFCPOLYLOOP((#4556,#4573,#4557));
#4916=IFCFACEOUTERBOUND(#4915,.T.);
#4917=IFCFACE((#4916));
#4918=IFCPOLYLOOP((#4557,#4573,#4572));
#4919=IFCFACEOUTERBOUND(#4918,.T.);
#4920=IFCFACE((#4919));
#4921=IFCPOLYLOOP((#4543,#4572,#4589));
#4922=IFCFACEOUTERBOUND(#4921,.T.);
#4923=IFCFACE((#4922));
#4924=IFCPOLYLOOP((#4572,#4543,#4542));
#4925=IFCFACEOUTERBOUND(#4924,.T.);
#4926=IFCFACE((#4925));
#4927=IFCPOLYLOOP((#4572,#4542,#4557));
#4928=IFCFACEOUTERBOUND(#4927,.T.);
#4929=IFCFACE((#4928));
#4930=IFCPOLYLOOP((#4589,#4544,#4543));
#4931=IFCFACEOUTERBOUND(#4930,.T.);
#4932=IFCFACE((#4931));
#4933=IFCPOLYLOOP((#4612,#4613,#4614,#4615,#4616,#4617,#4618,#4619,#4620,#4621));
#4934=IFCFACEOUTERBOUND(#4933,.T.);
#4935=IFCFACE((#4934));
#4936=IFCPOLYLOOP((#4585,#4563,#4586));
#4937=IFCFACEOUTERBOUND(#4936,.T.);
#4938=IFCFACE((#4937));
#4939=IFCPOLYLOOP((#4585,#4564,#4563));
#4940=IFCFACEOUTERBOUND(#4939,.T.);
#4941=IFCFACE((#4940));
#4942=IFCPOLYLOOP((#4564,#4585,#4584));
#4943=IFCFACEOUTERBOUND(#4942,.T.);
#4944=IFCFACE((#4943));
#4945=IFCPOLYLOOP((#4584,#4565,#4564));
#4946=IFCFACEOUTERBOUND(#4945,.T.);
#4947=IFCFACE((#4946));
#4948=IFCPOLYLOOP((#4584,#4570,#4565));
#4949=IFCFACEOUTERBOUND(#4948,.T.);
#4950=IFCFACE((#4949));
#4951=IFCPOLYLOOP((#4565,#4570,#4530));
#4952=IFCFACEOUTERBOUND(#4951,.T.);
#4953=IFCFACE((#4952));
#4954=IFCPOLYLOOP((#4530,#4570,#4531));
#4955=IFCFACEOUTERBOUND(#4954,.T.);
#4956=IFCFACE((#4955));
#4957=IFCPOLYLOOP((#4570,#4581,#4531));
#4958=IFCFACEOUTERBOUND(#4957,.T.);
#4959=IFCFACE((#4958));
#4960=IFCPOLYLOOP((#4581,#4532,#4531));
#4961=IFCFACEOUTERBOUND(#4960,.T.);
#4962=IFCFACE((#4961));
#4963=IFCPOLYLOOP((#4581,#4580,#4532));
#4964=IFCFACEOUTERBOUND(#4963,.T.);
#4965=IFCFACE((#4964));
#4966=IFCPOLYLOOP((#4532,#4580,#4533));
#4967=IFCFACEOUTERBOUND(#4966,.T.);
#4968=IFCFACE((#4967));
#4969=IFCPOLYLOOP((#4580,#4579,#4533));
#4970=IFCFACEOUTERBOUND(#4969,.T.);
#4971=IFCFACE((#4970));
#4972=IFCPOLYLOOP((#4533,#4579,#4534));
#4973=IFCFACEOUTERBOUND(#4972,.T.);
#4974=IFCFACE((#4973));
#4975=IFCPOLYLOOP((#4534,#4579,#4578));
#4976=IFCFACEOUTERBOUND(#4975,.T.);
#4977=IFCFACE((#4976));
#4978=IFCPOLYLOOP((#4562,#4578,#4586));
#4979=IFCFACEOUTERBOUND(#4978,.T.);
#4980=IFCFACE((#4979));
#4981=IFCPOLYLOOP((#4578,#4562,#4535));
#4982=IFCFACEOUTERBOUND(#4981,.T.);
#4983=IFCFACE((#4982));
#4984=IFCPOLYLOOP((#4535,#4534,#4578));
#4985=IFCFACEOUTERBOUND(#4984,.T.);
#4986=IFCFACE((#4985));
#4987=IFCPOLYLOOP((#4586,#4563,#4562));
#4988=IFCFACEOUTERBOUND(#4987,.T.);
#4989=IFCFACE((#4988));
#4990=IFCPOLYLOOP((#4641,#4640,#4635));
#4991=IFCFACEOUTERBOUND(#4990,.T.);
#4992=IFCFACE((#4991));
#4993=IFCPOLYLOOP((#4643,#4567,#4566));
#4994=IFCFACEOUTERBOUND(#4993,.T.);
#4995=IFCFACE((#4994));
#4996=IFCPOLYLOOP((#4633,#4639,#4637,#4638));
#4997=IFCFACEOUTERBOUND(#4996,.T.);
#4998=IFCFACE((#4997));
#4999=IFCPOLYLOOP((#4566,#4541,#4636));
#5000=IFCFACEOUTERBOUND(#4999,.T.);
#5001=IFCFACE((#5000));
#5002=IFCPOLYLOOP((#4637,#4643,#4642));
#5003=IFCFACEOUTERBOUND(#5002,.T.);
#5004=IFCFACE((#5003));
#5005=IFCPOLYLOOP((#4636,#4642,#4643));
#5006=IFCFACEOUTERBOUND(#5005,.T.);
#5007=IFCFACE((#5006));
#5008=IFCPOLYLOOP((#4640,#4634,#4635));
#5009=IFCFACEOUTERBOUND(#5008,.T.);
#5010=IFCFACE((#5009));
#5011=IFCPOLYLOOP((#4641,#4635,#4569));
#5012=IFCFACEOUTERBOUND(#5011,.T.);
#5013=IFCFACE((#5012));
#5014=IFCPOLYLOOP((#4567,#4643,#4639));
#5015=IFCFACEOUTERBOUND(#5014,.T.);
#5016=IFCFACE((#5015));
#5017=IFCPOLYLOOP((#4566,#4636,#4643));
#5018=IFCFACEOUTERBOUND(#5017,.T.);
#5019=IFCFACE((#5018));
#5020=IFCPOLYLOOP((#4641,#4568,#4639));
#5021=IFCFACEOUTERBOUND(#5020,.T.);
#5022=IFCFACE((#5021));
#5023=IFCPOLYLOOP((#4568,#4641,#4569));
#5024=IFCFACEOUTERBOUND(#5023,.T.);
#5025=IFCFACE((#5024));
#5026=IFCPOLYLOOP((#4641,#4633,#4640));
#5027=IFCFACEOUTERBOUND(#5026,.T.);
#5028=IFCFACE((#5027));
#5029=IFCPOLYLOOP((#4536,#4569,#4635));
#5030=IFCFACEOUTERBOUND(#5029,.T.);
#5031=IFCFACE((#5030));
#5032=IFCPOLYLOOP((#4637,#4639,#4643));
#5033=IFCFACEOUTERBOUND(#5032,.T.);
#5034=IFCFACE((#5033));
#5035=IFCPOLYLOOP((#4636,#4632,#4642));
#5036=IFCFACEOUTERBOUND(#5035,.T.);
#5037=IFCFACE((#5036));
#5038=IFCPOLYLOOP((#4567,#4639,#4568));
#5039=IFCFACEOUTERBOUND(#5038,.T.);
#5040=IFCFACE((#5039));
#5041=IFCPOLYLOOP((#4639,#4633,#4641));
#5042=IFCFACEOUTERBOUND(#5041,.T.);
#5043=IFCFACE((#5042));
#5044=IFCPOLYLOOP((#4649,#4648,#4636));
#5045=IFCFACEOUTERBOUND(#5044,.T.);
#5046=IFCFACE((#5045));
#5047=IFCPOLYLOOP((#4651,#4538,#4537));
#5048=IFCFACEOUTERBOUND(#5047,.T.);
#5049=IFCFACE((#5048));
#5050=IFCPOLYLOOP((#4644,#4647,#4645,#4646));
#5051=IFCFACEOUTERBOUND(#5050,.T.);
#5052=IFCFACE((#5051));
#5053=IFCPOLYLOOP((#4537,#4536,#4635));
#5054=IFCFACEOUTERBOUND(#5053,.T.);
#5055=IFCFACE((#5054));
#5056=IFCPOLYLOOP((#4645,#4651,#4650));
#5057=IFCFACEOUTERBOUND(#5056,.T.);
#5058=IFCFACE((#5057));
#5059=IFCPOLYLOOP((#4539,#4649,#4540));
#5060=IFCFACEOUTERBOUND(#5059,.T.);
#5061=IFCFACE((#5060));
#5062=IFCPOLYLOOP((#4635,#4650,#4651));
#5063=IFCFACEOUTERBOUND(#5062,.T.);
#5064=IFCFACE((#5063));
#5065=IFCPOLYLOOP((#4648,#4632,#4636));
#5066=IFCFACEOUTERBOUND(#5065,.T.);
#5067=IFCFACE((#5066));
#5068=IFCPOLYLOOP((#4649,#4636,#4540));
#5069=IFCFACEOUTERBOUND(#5068,.T.);
#5070=IFCFACE((#5069));
#5071=IFCPOLYLOOP((#4538,#4651,#4647));
#5072=IFCFACEOUTERBOUND(#5071,.T.);
#5073=IFCFACE((#5072));
#5074=IFCPOLYLOOP((#4537,#4635,#4651));
#5075=IFCFACEOUTERBOUND(#5074,.T.);
#5076=IFCFACE((#5075));
#5077=IFCPOLYLOOP((#4649,#4539,#4647));
#5078=IFCFACEOUTERBOUND(#5077,.T.);
#5079=IFCFACE((#5078));
#5080=IFCPOLYLOOP((#4649,#4644,#4648));
#5081=IFCFACEOUTERBOUND(#5080,.T.);
#5082=IFCFACE((#5081));
#5083=IFCPOLYLOOP((#4541,#4540,#4636));
#5084=IFCFACEOUTERBOUND(#5083,.T.);
#5085=IFCFACE((#5084));
#5086=IFCPOLYLOOP((#4645,#4647,#4651));
#5087=IFCFACEOUTERBOUND(#5086,.T.);
#5088=IFCFACE((#5087));
#5089=IFCPOLYLOOP((#4635,#4634,#4650));
#5090=IFCFACEOUTERBOUND(#5089,.T.);
#5091=IFCFACE((#5090));
#5092=IFCPOLYLOOP((#4538,#4647,#4539));
#5093=IFCFACEOUTERBOUND(#5092,.T.);
#5094=IFCFACE((#5093));
#5095=IFCPOLYLOOP((#4647,#4644,#4649));
#5096=IFCFACEOUTERBOUND(#5095,.T.);
#5097=IFCFACE((#5096));
#5098=IFCPOLYLOOP((#4654,#4633,#4638,#4637));
#5099=IFCFACEOUTERBOUND(#5098,.T.);
#5100=IFCFACE((#5099));
#5101=IFCPOLYLOOP((#4630,#4656,#4631));
#5102=IFCFACEOUTERBOUND(#5101,.T.);
#5103=IFCFACE((#5102));
#5104=IFCPOLYLOOP((#4652,#4622,#4631));
#5105=IFCFACEOUTERBOUND(#5104,.T.);
#5106=IFCFACE((#5105));
#5107=IFCPOLYLOOP((#4654,#4637,#4656));
#5108=IFCFACEOUTERBOUND(#5107,.T.);
#5109=IFCFACE((#5108));
#5110=IFCPOLYLOOP((#4656,#4637,#4642));
#5111=IFCFACEOUTERBOUND(#5110,.T.);
#5112=IFCFACE((#5111));
#5113=IFCPOLYLOOP((#4654,#4656,#4630));
#5114=IFCFACEOUTERBOUND(#5113,.T.);
#5115=IFCFACE((#5114));
#5116=IFCPOLYLOOP((#4642,#4632,#4652));
#5117=IFCFACEOUTERBOUND(#5116,.T.);
#5118=IFCFACE((#5117));
#5119=IFCPOLYLOOP((#4656,#4652,#4631));
#5120=IFCFACEOUTERBOUND(#5119,.T.);
#5121=IFCFACE((#5120));
#5122=IFCPOLYLOOP((#4629,#4655,#4654));
#5123=IFCFACEOUTERBOUND(#5122,.T.);
#5124=IFCFACE((#5123));
#5125=IFCPOLYLOOP((#4628,#4627,#4653));
#5126=IFCFACEOUTERBOUND(#5125,.T.);
#5127=IFCFACE((#5126));
#5128=IFCPOLYLOOP((#4628,#4655,#4629));
#5129=IFCFACEOUTERBOUND(#5128,.T.);
#5130=IFCFACE((#5129));
#5131=IFCPOLYLOOP((#4633,#4655,#4640));
#5132=IFCFACEOUTERBOUND(#5131,.T.);
#5133=IFCFACE((#5132));
#5134=IFCPOLYLOOP((#4653,#4640,#4655));
#5135=IFCFACEOUTERBOUND(#5134,.T.);
#5136=IFCFACE((#5135));
#5137=IFCPOLYLOOP((#4653,#4634,#4640));
#5138=IFCFACEOUTERBOUND(#5137,.T.);
#5139=IFCFACE((#5138));
#5140=IFCPOLYLOOP((#4633,#4654,#4655));
#5141=IFCFACEOUTERBOUND(#5140,.T.);
#5142=IFCFACE((#5141));
#5143=IFCPOLYLOOP((#4628,#4653,#4655));
#5144=IFCFACEOUTERBOUND(#5143,.T.);
#5145=IFCFACE((#5144));
#5146=IFCPOLYLOOP((#4629,#4654,#4630));
#5147=IFCFACEOUTERBOUND(#5146,.T.);
#5148=IFCFACE((#5147));
#5149=IFCPOLYLOOP((#4656,#4642,#4652));
#5150=IFCFACEOUTERBOUND(#5149,.T.);
#5151=IFCFACE((#5150));
#5152=IFCPOLYLOOP((#4657,#4644,#4646,#4645));
#5153=IFCFACEOUTERBOUND(#5152,.T.);
#5154=IFCFACE((#5153));
#5155=IFCPOLYLOOP((#4644,#4657,#4658));
#5156=IFCFACEOUTERBOUND(#5155,.T.);
#5157=IFCFACE((#5156));
#5158=IFCPOLYLOOP((#4653,#4627,#4626));
#5159=IFCFACEOUTERBOUND(#5158,.T.);
#5160=IFCFACE((#5159));
#5161=IFCPOLYLOOP((#4657,#4645,#4659));
#5162=IFCFACEOUTERBOUND(#5161,.T.);
#5163=IFCFACE((#5162));
#5164=IFCPOLYLOOP((#4659,#4645,#4650));
#5165=IFCFACEOUTERBOUND(#5164,.T.);
#5166=IFCFACE((#5165));
#5167=IFCPOLYLOOP((#4657,#4659,#4625));
#5168=IFCFACEOUTERBOUND(#5167,.T.);
#5169=IFCFACE((#5168));
#5170=IFCPOLYLOOP((#4625,#4659,#4626));
#5171=IFCFACEOUTERBOUND(#5170,.T.);
#5172=IFCFACE((#5171));
#5173=IFCPOLYLOOP((#4624,#4623,#4658));
#5174=IFCFACEOUTERBOUND(#5173,.T.);
#5175=IFCFACE((#5174));
#5176=IFCPOLYLOOP((#4659,#4650,#4653));
#5177=IFCFACEOUTERBOUND(#5176,.T.);
#5178=IFCFACE((#5177));
#5179=IFCPOLYLOOP((#4624,#4658,#4657));
#5180=IFCFACEOUTERBOUND(#5179,.T.);
#5181=IFCFACE((#5180));
#5182=IFCPOLYLOOP((#4652,#4623,#4622));
#5183=IFCFACEOUTERBOUND(#5182,.T.);
#5184=IFCFACE((#5183));
#5185=IFCPOLYLOOP((#4644,#4658,#4648));
#5186=IFCFACEOUTERBOUND(#5185,.T.);
#5187=IFCFACE((#5186));
#5188=IFCPOLYLOOP((#4652,#4648,#4658));
#5189=IFCFACEOUTERBOUND(#5188,.T.);
#5190=IFCFACE((#5189));
#5191=IFCPOLYLOOP((#4652,#4632,#4648));
#5192=IFCFACEOUTERBOUND(#5191,.T.);
#5193=IFCFACE((#5192));
#5194=IFCPOLYLOOP((#4659,#4653,#4626));
#5195=IFCFACEOUTERBOUND(#5194,.T.);
#5196=IFCFACE((#5195));
#5197=IFCPOLYLOOP((#4623,#4652,#4658));
#5198=IFCFACEOUTERBOUND(#5197,.T.);
#5199=IFCFACE((#5198));
#5200=IFCPOLYLOOP((#4624,#4657,#4625));
#5201=IFCFACEOUTERBOUND(#5200,.T.);
#5202=IFCFACE((#5201));
#5203=IFCPOLYLOOP((#4650,#4634,#4653));
#5204=IFCFACEOUTERBOUND(#5203,.T.);
#5205=IFCFACE((#5204));
#5206=IFCPOLYLOOP((#4553,#4552,#4666));
#5207=IFCFACEOUTERBOUND(#5206,.T.);
#5208=IFCFACE((#5207));
#5209=IFCPOLYLOOP((#4609,#4665,#4662));
#5210=IFCFACEOUTERBOUND(#5209,.T.);
#5211=IFCFACE((#5210));
#5212=IFCPOLYLOOP((#4550,#4663,#4662));
#5213=IFCFACEOUTERBOUND(#5212,.T.);
#5214=IFCFACE((#5213));
#5215=IFCPOLYLOOP((#4551,#4662,#4666));
#5216=IFCFACEOUTERBOUND(#5215,.T.);
#5217=IFCFACE((#5216));
#5218=IFCPOLYLOOP((#4660,#4666,#4665));
#5219=IFCFACEOUTERBOUND(#5218,.T.);
#5220=IFCFACE((#5219));
#5221=IFCPOLYLOOP((#4660,#4665,#4607));
#5222=IFCFACEOUTERBOUND(#5221,.T.);
#5223=IFCFACE((#5222));
#5224=IFCPOLYLOOP((#4660,#4553,#4666));
#5225=IFCFACEOUTERBOUND(#5224,.T.);
#5226=IFCFACE((#5225));
#5227=IFCPOLYLOOP((#4607,#4665,#4608));
#5228=IFCFACEOUTERBOUND(#5227,.T.);
#5229=IFCFACE((#5228));
#5230=IFCPOLYLOOP((#4665,#4666,#4662));
#5231=IFCFACEOUTERBOUND(#5230,.T.);
#5232=IFCFACE((#5231));
#5233=IFCPOLYLOOP((#4661,#4602,#4664));
#5234=IFCFACEOUTERBOUND(#5233,.T.);
#5235=IFCFACE((#5234));
#5236=IFCPOLYLOOP((#4551,#4550,#4662));
#5237=IFCFACEOUTERBOUND(#5236,.T.);
#5238=IFCFACE((#5237));
#5239=IFCPOLYLOOP((#4549,#4548,#4663));
#5240=IFCFACEOUTERBOUND(#5239,.T.);
#5241=IFCFACE((#5240));
#5242=IFCPOLYLOOP((#4609,#4608,#4665));
#5243=IFCFACEOUTERBOUND(#5242,.T.);
#5244=IFCFACE((#5243));
#5245=IFCPOLYLOOP((#4610,#4664,#4611));
#5246=IFCFACEOUTERBOUND(#5245,.T.);
#5247=IFCFACE((#5246));
#5248=IFCPOLYLOOP((#4663,#4548,#4661));
#5249=IFCFACEOUTERBOUND(#5248,.T.);
#5250=IFCFACE((#5249));
#5251=IFCPOLYLOOP((#4661,#4664,#4663));
#5252=IFCFACEOUTERBOUND(#5251,.T.);
#5253=IFCFACE((#5252));
#5254=IFCPOLYLOOP((#4662,#4664,#4610));
#5255=IFCFACEOUTERBOUND(#5254,.T.);
#5256=IFCFACE((#5255));
#5257=IFCPOLYLOOP((#4602,#4611,#4664));
#5258=IFCFACEOUTERBOUND(#5257,.T.);
#5259=IFCFACE((#5258));
#5260=IFCPOLYLOOP((#4664,#4662,#4663));
#5261=IFCFACEOUTERBOUND(#5260,.T.);
#5262=IFCFACE((#5261));
#5263=IFCPOLYLOOP((#4549,#4663,#4550));
#5264=IFCFACEOUTERBOUND(#5263,.T.);
#5265=IFCFACE((#5264));
#5266=IFCPOLYLOOP((#4610,#4609,#4662));
#5267=IFCFACEOUTERBOUND(#5266,.T.);
#5268=IFCFACE((#5267));
#5269=IFCPOLYLOOP((#4551,#4666,#4552));
#5270=IFCFACEOUTERBOUND(#5269,.T.);
#5271=IFCFACE((#5270));
#5272=IFCPOLYLOOP((#4548,#4561,#4671));
#5273=IFCFACEOUTERBOUND(#5272,.T.);
#5274=IFCFACE((#5273));
#5275=IFCPOLYLOOP((#4604,#4670,#4667));
#5276=IFCFACEOUTERBOUND(#5275,.T.);
#5277=IFCFACE((#5276));
#5278=IFCPOLYLOOP((#4605,#4669,#4606));
#5279=IFCFACEOUTERBOUND(#5278,.T.);
#5280=IFCFACE((#5279));
#5281=IFCPOLYLOOP((#4560,#4667,#4671));
#5282=IFCFACEOUTERBOUND(#5281,.T.);
#5283=IFCFACE((#5282));
#5284=IFCPOLYLOOP((#4661,#4671,#4670));
#5285=IFCFACEOUTERBOUND(#5284,.T.);
#5286=IFCFACE((#5285));
#5287=IFCPOLYLOOP((#4661,#4670,#4602));
#5288=IFCFACEOUTERBOUND(#5287,.T.);
#5289=IFCFACE((#5288));
#5290=IFCPOLYLOOP((#4661,#4548,#4671));
#5291=IFCFACEOUTERBOUND(#5290,.T.);
#5292=IFCFACE((#5291));
#5293=IFCPOLYLOOP((#4602,#4670,#4603));
#5294=IFCFACEOUTERBOUND(#5293,.T.);
#5295=IFCFACE((#5294));
#5296=IFCPOLYLOOP((#4670,#4671,#4667));
#5297=IFCFACEOUTERBOUND(#5296,.T.);
#5298=IFCFACE((#5297));
#5299=IFCPOLYLOOP((#4660,#4669,#4668));
#5300=IFCFACEOUTERBOUND(#5299,.T.);
#5301=IFCFACE((#5300));
#5302=IFCPOLYLOOP((#4560,#4559,#4667));
#5303=IFCFACEOUTERBOUND(#5302,.T.);
#5304=IFCFACE((#5303));
#5305=IFCPOLYLOOP((#4558,#4553,#4668));
#5306=IFCFACEOUTERBOUND(#5305,.T.);
#5307=IFCFACE((#5306));
#5308=IFCPOLYLOOP((#4604,#4603,#4670));
#5309=IFCFACEOUTERBOUND(#5308,.T.);
#5310=IFCFACE((#5309));
#5311=IFCPOLYLOOP((#4559,#4668,#4667));
#5312=IFCFACEOUTERBOUND(#5311,.T.);
#5313=IFCFACE((#5312));
#5314=IFCPOLYLOOP((#4668,#4553,#4660));
#5315=IFCFACEOUTERBOUND(#5314,.T.);
#5316=IFCFACE((#5315));
#5317=IFCPOLYLOOP((#4660,#4607,#4669));
#5318=IFCFACEOUTERBOUND(#5317,.T.);
#5319=IFCFACE((#5318));
#5320=IFCPOLYLOOP((#4667,#4669,#4605));
#5321=IFCFACEOUTERBOUND(#5320,.T.);
#5322=IFCFACE((#5321));
#5323=IFCPOLYLOOP((#4607,#4606,#4669));
#5324=IFCFACEOUTERBOUND(#5323,.T.);
#5325=IFCFACE((#5324));
#5326=IFCPOLYLOOP((#4669,#4667,#4668));
#5327=IFCFACEOUTERBOUND(#5326,.T.);
#5328=IFCFACE((#5327));
#5329=IFCPOLYLOOP((#4558,#4668,#4559));
#5330=IFCFACEOUTERBOUND(#5329,.T.);
#5331=IFCFACE((#5330));
#5332=IFCPOLYLOOP((#4605,#4604,#4667));
#5333=IFCFACEOUTERBOUND(#5332,.T.);
#5334=IFCFACE((#5333));
#5335=IFCPOLYLOOP((#4560,#4671,#4561));
#5336=IFCFACEOUTERBOUND(#5335,.T.);
#5337=IFCFACE((#5336));
#5338=IFCCLOSEDSHELL((#4674,#4677,#4680,#4683,#4686,#4689,#4692,#4695,#4698,#4701,#4704,#4707,#4710,#4713,#4716,#4719,#4722,#4725,#4728,#4731,#4734,#4737,#4740,#4743,#4746,#4749,#4752,#4755,#4758,#4761,#4764,#4767,#4770,#4773,#4776,#4779,#4782,#4785,#4788,#4791,#4794,#4797,#4800,#4803,#4806,#4809,#4812,#4815,#4818,#4821,#4824,#4827,#4830,#4833,#4836,#4839,#4842,#4845,#4848,#4851,#4854,#4857,#4860,#4863,#4866,#4869,#4872,#4875,#4878,#4881,#4884,#4887,#4890,#4893,#4896,#4899,#4902,#4905,#4908,#4911,#4914,#4917,#4920,#4923,#4926,#4929,#4932,#4935,#4938,#4941,#4944,#4947,#4950,#4953,#4956,#4959,#4962,#4965,#4968,#4971,#4974,#4977,#4980,#4983,#4986,#4989,#4992,#4995,#4998,#5001,#5004,#5007,#5010,#5013,#5016,#5019,#5022,#5025,#5028,#5031,#5034,#5037,#5040,#5043,#5046,#5049,#5052,#5055,#5058,#5061,#5064,#5067,#5070,#5073,#5076,#5079,#5082,#5085,#5088,#5091,#5094,#5097,#5100,#5103,#5106,#5109,#5112,#5115,#5118,#5121,#5124,#5127,#5130,#5133,#5136,#5139,#5142,#5145,#5148,#5151,#5154,#5157,#5160,#5163,#5166,#5169,#5172,#5175,#5178,#5181,#5184,#5187,#5190,#5193,#5196,#5199,#5202,#5205,#5208,#5211,#5214,#5217,#5220,#5223,#5226,#5229,#5232,#5235,#5238,#5241,#5244,#5247,#5250,#5253,#5256,#5259,#5262,#5265,#5268,#5271,#5274,#5277,#5280,#5283,#5286,#5289,#5292,#5295,#5298,#5301,#5304,#5307,#5310,#5313,#5316,#5319,#5322,#5325,#5328,#5331,#5334,#5337));
#5339=IFCFACETEDBREP(#5338);
#5340=IFCSHAPEREPRESENTATION(#26,'Body','Brep',(#5339));
#5341=IFCAXIS2PLACEMENT3D(#3,$,$);
#5342=IFCREPRESENTATIONMAP(#5341,#5340);
#5343=IFCPIPEFITTINGTYPE('0rjoauMs9BC9x$YTWd8IcA',#18,'Elbow - Soldered - CU:Standard',$,$,$,(#5342),'509049',$,.NOTDEFINED.);
#5344=IFCMAPPEDITEM(#5342,#80);
#5345=IFCSHAPEREPRESENTATION(#26,'Body','MappedRepresentation',(#5344));
#5346=IFCPRODUCTDEFINITIONSHAPE($,$,(#5345));
#5347=IFCCARTESIANPOINT((-350.33913339896225,146.20758202865744,5102.8759753392114));
#5348=IFCAXIS2PLACEMENT3D(#5347,#7,#9);
#5349=IFCLOCALPLACEMENT(#36,#5348);
#5350=IFCFLOWFITTING('0rjoauMs9BC9x$YTWd8Ic8',#18,'Elbow - Soldered - CU:Standard:1394697',$,'Elbow - Soldered - CU:Standard',#5349,#5346,'1394697');
#5351=IFCPROPERTYSET('37sDc9lxxDQ6B0OdrPN9sn',#18,'Pset_DistributionFlowElementCommon',$,(#401));
#5352=IFCPROPERTYSET('0t2AsapbMly8GqmeozvHO0',#18,'Pset_QuantityTakeOff',$,(#401));
#5353=IFCRELDEFINESBYPROPERTIES('089zhbFamJb_rEUdq7uaju',#18,$,$,(#5350),#5351);
#5354=IFCRELDEFINESBYPROPERTIES('0Dh6tGT01u6GLJF4hqDwpv',#18,$,$,(#5350),#5352);
#5355=IFCAXIS2PLACEMENT3D(#3,$,$);
#5356=IFCLOCALPLACEMENT(#36,#5355);
#5357=IFCCARTESIANPOINT((-9.3968333114702328E-012,0.));
#5358=IFCAXIS2PLACEMENT2D(#5357,#11);
#5359=IFCCIRCLEPROFILEDEF(.AREA.,'Standard',#5358,7.5);
#5360=IFCCARTESIANPOINT((9.660866601028296,-5173.7924179713191,5102.875975339216));
#5361=IFCAXIS2PLACEMENT3D(#5360,#7,#6);
#5362=IFCEXTRUDEDAREASOLID(#5359,#5361,#9,5294.9999999999827);
#5363=IFCSHAPEREPRESENTATION(#26,'Body','SweptSolid',(#5362));
#5364=IFCPRODUCTDEFINITIONSHAPE($,$,(#5363));
#5365=IFCFLOWSEGMENT('0rjoauMs9BC9x$YTWd8IcF',#18,'Pipe Types:Standard:1394702',$,'Pipe Types:Standard',#5356,#5364,'1394702');
#5366=IFCPROPERTYSET('3rdpvIheqKJfbfkt$DVPoR',#18,'Pset_DistributionFlowElementCommon',$,(#401));
#5367=IFCPROPERTYLISTVALUE('ConnectionType',$,(IFCTEXT('Generic')),$);
#5368=IFCPROPERTYSET('0oQrBMxkIYFbIGZFYA6nql',#18,'Pset_DuctConnection',$,(#5367));
#5369=IFCPROPERTYENUMERATEDVALUE('Shape',$,(IFCLABEL('ROUND')),$);
#5370=IFCPROPERTYSINGLEVALUE('Length',$,IFCPOSITIVELENGTHMEASURE(5295.),$);
#5371=IFCPROPERTYSET('1ba196pzfYmAO4FjkQmcgq',#18,'Pset_DuctSegmentTypeCommon',$,(#5369,#5370));
#5372=IFCPROPERTYSET('1AIEWocXWquxkJktvs4KOx',#18,'Pset_FlowSegmentDuctSegment',$,(#5370));
#5373=IFCPROPERTYSINGLEVALUE('InvertElevation',$,IFCLENGTHMEASURE(5096.0759753392158),$);
#5374=IFCPROPERTYSET('2EZHZ0kKl7XwmLg4MD1mCm',#18,'Pset_FlowSegmentPipeSegment',$,(#5370,#5373));
#5375=IFCPROPERTYLISTVALUE('ConnectionType',$,(IFCLABEL('Generic')),$);
#5376=IFCPROPERTYSET('2C9AwwF1IZYS$2eLA75vhl',#18,'Pset_PipeConnection',$,(#5375));
#5377=IFCPROPERTYSET('081jp6lvQA9AEMmMk80Smi',#18,'Pset_QuantityTakeOff',$,(#401));
#5378=IFCRELDEFINESBYPROPERTIES('3$R1DHsnmyjR1NrBAYqBUD',#18,$,$,(#5365),#5366);
#5379=IFCRELDEFINESBYPROPERTIES('13mT5k27CSE_QxgzUSoE0m',#18,$,$,(#5365),#5368);
#5380=IFCRELDEFINESBYPROPERTIES('29vea4nxqaYMp7MzWbf5t8',#18,$,$,(#5365),#5371);
#5381=IFCRELDEFINESBYPROPERTIES('1pKr1QEfEGs18N92JeQGpK',#18,$,$,(#5365),#5372);
#5382=IFCRELDEFINESBYPROPERTIES('3dhpwSTS5i7D8HNZAZAFhn',#18,$,$,(#5365),#5374);
#5383=IFCRELDEFINESBYPROPERTIES('1_RtmQicJFQrf5wsu$HDvb',#18,$,$,(#5365),#5376);
#5384=IFCRELDEFINESBYPROPERTIES('047eWtCH4B0l7h6HcHd5mU',#18,$,$,(#5365),#5377);
#5385=IFCMAPPEDITEM(#5342,#80);
#5386=IFCSHAPEREPRESENTATION(#26,'Body','MappedRepresentation',(#5385));
#5387=IFCPRODUCTDEFINITIONSHAPE($,$,(#5386));
#5388=IFCCARTESIANPOINT((9.6608666010208317,146.20758202865116,5102.8759753392178));
#5389=IFCAXIS2PLACEMENT3D(#5388,#9,#7);
#5390=IFCLOCALPLACEMENT(#36,#5389);
#5391=IFCFLOWFITTING('0rjoauMs9BC9x$YTWd8IcN',#18,'Elbow - Soldered - CU:Standard:1394710',$,'Elbow - Soldered - CU:Standard',#5390,#5387,'1394710');
#5392=IFCPROPERTYSET('3u5HITfgOJWdFfcFv4PG6E',#18,'Pset_DistributionFlowElementCommon',$,(#401));
#5393=IFCPROPERTYSET('39BhvzmTm6ysO5T8M27I3r',#18,'Pset_QuantityTakeOff',$,(#401));
#5394=IFCRELDEFINESBYPROPERTIES('07$qT1Gn8aGcedzYvtGRot',#18,$,$,(#5391),#5392);
#5395=IFCRELDEFINESBYPROPERTIES('1IHlCvxUlw8qoe70KDaZ5V',#18,$,$,(#5391),#5393);
#5396=IFCMAPPEDITEM(#3422,#80);
#5397=IFCSHAPEREPRESENTATION(#26,'Body','MappedRepresentation',(#5396));
#5398=IFCPRODUCTDEFINITIONSHAPE($,$,(#5397));
#5399=IFCCARTESIANPOINT((-350.33913339895071,146.20758202869635,4397.9619128392178));
#5400=IFCAXIS2PLACEMENT3D(#5399,#6,#7);
#5401=IFCLOCALPLACEMENT(#36,#5400);
#5402=IFCFLOWFITTING('0rjoauMs9BC9x$YTWd8IdP',#18,'Elbow - Soldered - CU:Standard:1394776',$,'Elbow - Soldered - CU:Standard',#5401,#5398,'1394776');
#5403=IFCPROPERTYSET('2rqOxIyWzP9est8Bg1ORMr',#18,'Pset_DistributionFlowElementCommon',$,(#401));
#5404=IFCPROPERTYSET('0WXwj8KKiGzaJO41iwBQE7',#18,'Pset_QuantityTakeOff',$,(#401));
#5405=IFCRELDEFINESBYPROPERTIES('0NzJvIn0sfJ$FNmo7AX53G',#18,$,$,(#5402),#5403);
#5406=IFCRELDEFINESBYPROPERTIES('1FDaokDjpCj4SpxunTYUmZ',#18,$,$,(#5402),#5404);
#5407=IFCMAPPEDITEM(#4485,#80);
#5408=IFCSHAPEREPRESENTATION(#26,'Body','MappedRepresentation',(#5407));
#5409=IFCPRODUCTDEFINITIONSHAPE($,$,(#5408));
#5410=IFCCARTESIANPOINT((-350.33913339894877,146.20758202870888,4373.3949128392351));
#5411=IFCAXIS2PLACEMENT3D(#5410,#7,#10);
#5412=IFCLOCALPLACEMENT(#36,#5411);
#5413=IFCFLOWFITTING('0rjoauMs9BC9x$YTWd8IdR',#18,'Reducer - Soldered - CU:Standard:1394778',$,'Reducer - Soldered - CU:Standard',#5412,#5409,'1394778');
#5414=IFCPROPERTYSET('0X4xgI4RMuYRUF6MpwhRPu',#18,'Pset_DistributionFlowElementCommon',$,(#401));
#5415=IFCPROPERTYSET('1Kq$SF6dmiA1V6a_yf2qTu',#18,'Pset_QuantityTakeOff',$,(#401));
#5416=IFCRELDEFINESBYPROPERTIES('0iqwKuGLYmsEHrIlcIQCfU',#18,$,$,(#5413),#5414);
#5417=IFCRELDEFINESBYPROPERTIES('2qIXmJcJinIRAtdmWkwmdv',#18,$,$,(#5413),#5415);
#5418=IFCAXIS2PLACEMENT3D(#3,$,$);
#5419=IFCLOCALPLACEMENT(#36,#5418);
#5420=IFCCARTESIANPOINT((3.3839597790574773E-014,0.));
#5421=IFCAXIS2PLACEMENT2D(#5420,#11);
#5422=IFCCIRCLEPROFILEDEF(.AREA.,'Standard',#5421,7.5);
#5423=IFCCARTESIANPOINT((-325.33913339899772,146.20758202868407,4017.9619128392196));
#5424=IFCAXIS2PLACEMENT3D(#5423,#5,#8);
#5425=IFCEXTRUDEDAREASOLID(#5422,#5424,#9,310.00000000004377);
#5426=IFCSHAPEREPRESENTATION(#26,'Body','SweptSolid',(#5425));
#5427=IFCPRODUCTDEFINITIONSHAPE($,$,(#5426));
#5428=IFCFLOWSEGMENT('0rjoauMs9BC9x$YTWd8Idt',#18,'Pipe Types:Standard:1394806',$,'Pipe Types:Standard',#5419,#5427,'1394806');
#5429=IFCPROPERTYSET('0g$$U$$nssdZhezlWekmlz',#18,'Pset_DistributionFlowElementCommon',$,(#401));
#5430=IFCPROPERTYLISTVALUE('ConnectionType',$,(IFCTEXT('Generic')),$);
#5431=IFCPROPERTYSET('3V5o7e4UvDvGgnYepDsVtz',#18,'Pset_DuctConnection',$,(#5430));
#5432=IFCPROPERTYENUMERATEDVALUE('Shape',$,(IFCLABEL('ROUND')),$);
#5433=IFCPROPERTYSET('03i2yeIlw8cwUbfeUv3f9S',#18,'Pset_DuctSegmentTypeCommon',$,(#4513,#5432));
#5434=IFCPROPERTYSET('2RwFqN4tmfOCsX4I7oJkU8',#18,'Pset_FlowSegmentDuctSegment',$,(#4513));
#5435=IFCPROPERTYSINGLEVALUE('InvertElevation',$,IFCLENGTHMEASURE(4011.1619128392194),$);
#5436=IFCPROPERTYSET('0WVZDPQEJUPwJXQ_RgMBwk',#18,'Pset_FlowSegmentPipeSegment',$,(#4513,#5435));
#5437=IFCPROPERTYLISTVALUE('ConnectionType',$,(IFCLABEL('Generic')),$);
#5438=IFCPROPERTYSET('3zsfDY2nL4shbfp29EUERy',#18,'Pset_PipeConnection',$,(#5437));
#5439=IFCPROPERTYSET('3Ps0HIdCZw02Tbr2lAaYT0',#18,'Pset_QuantityTakeOff',$,(#401));
#5440=IFCRELDEFINESBYPROPERTIES('2whzaprYFoas1_WRUOcapJ',#18,$,$,(#5428),#5429);
#5441=IFCRELDEFINESBYPROPERTIES('0lRPiFmeyse8S_qmOO6RoA',#18,$,$,(#5428),#5431);
#5442=IFCRELDEFINESBYPROPERTIES('0tqgzhD5v1feg167Ruhwet',#18,$,$,(#5428),#5433);
#5443=IFCRELDEFINESBYPROPERTIES('1oqzpzorXrMjUXZW6Dkhy4',#18,$,$,(#5428),#5434);
#5444=IFCRELDEFINESBYPROPERTIES('2Fjb1KNObcm1QFEW$octUb',#18,$,$,(#5428),#5436);
#5445=IFCRELDEFINESBYPROPERTIES('2mE5Jl7IXOuEPNto6k_Tty',#18,$,$,(#5428),#5438);
#5446=IFCRELDEFINESBYPROPERTIES('2$sK055ArB$olH3QB2p9ef',#18,$,$,(#5428),#5439);
#5447=IFCMAPPEDITEM(#5342,#80);
#5448=IFCSHAPEREPRESENTATION(#26,'Body','MappedRepresentation',(#5447));
#5449=IFCPRODUCTDEFINITIONSHAPE($,$,(#5448));
#5450=IFCCARTESIANPOINT((-350.33913339898101,146.20758202868214,4017.9619128392328));
#5451=IFCAXIS2PLACEMENT3D(#5450,#8,#10);
#5452=IFCLOCALPLACEMENT(#36,#5451);
#5453=IFCFLOWFITTING('0rjoauMs9BC9x$YTWd8Ia5',#18,'Elbow - Soldered - CU:Standard:1394820',$,'Elbow - Soldered - CU:Standard',#5452,#5449,'1394820');
#5454=IFCPROPERTYSET('2uzHjfPi5CC379$A4GV_s2',#18,'Pset_DistributionFlowElementCommon',$,(#401));
#5455=IFCPROPERTYSET('0IICnodc3Kp_zUWzmUT_w3',#18,'Pset_QuantityTakeOff',$,(#401));
#5456=IFCRELDEFINESBYPROPERTIES('3CmVNvkOHofzk$oG1x1orP',#18,$,$,(#5453),#5454);
#5457=IFCRELDEFINESBYPROPERTIES('1MwlcsQ39RhhjalINNS$Nb',#18,$,$,(#5453),#5455);
#5458=IFCAXIS2PLACEMENT3D(#3,$,$);
#5459=IFCLOCALPLACEMENT(#36,#5458);
#5460=IFCCARTESIANPOINT((-1.4487577804089824E-011,0.));
#5461=IFCAXIS2PLACEMENT2D(#5460,#11);
#5462=IFCCIRCLEPROFILEDEF(.AREA.,'Standard',#5461,7.5);
#5463=IFCCARTESIANPOINT((9.6608666010317314,-5173.7924179713191,4017.9619128392246));
#5464=IFCAXIS2PLACEMENT3D(#5463,#7,#6);
#5465=IFCEXTRUDEDAREASOLID(#5462,#5464,#9,5295.0000000000073);
#5466=IFCSHAPEREPRESENTATION(#26,'Body','SweptSolid',(#5465));
#5467=IFCPRODUCTDEFINITIONSHAPE($,$,(#5466));
#5468=IFCFLOWSEGMENT('0rjoauMs9BC9x$YTWd8Ia9',#18,'Pipe Types:Standard:1394824',$,'Pipe Types:Standard',#5459,#5467,'1394824');
#5469=IFCPROPERTYSET('0IY35vtVGiQz9LQXNoOf_I',#18,'Pset_DistributionFlowElementCommon',$,(#401));
#5470=IFCPROPERTYLISTVALUE('ConnectionType',$,(IFCTEXT('Generic')),$);
#5471=IFCPROPERTYSET('1R87mPMOH8PS$eixMC8Hs8',#18,'Pset_DuctConnection',$,(#5470));
#5472=IFCPROPERTYENUMERATEDVALUE('Shape',$,(IFCLABEL('ROUND')),$);
#5473=IFCPROPERTYSET('23KM_O5AldArQlmix4Bk7Y',#18,'Pset_DuctSegmentTypeCommon',$,(#5370,#5472));
#5474=IFCPROPERTYSET('2gV2Q9VWoRqpjEs3E7n2Uq',#18,'Pset_FlowSegmentDuctSegment',$,(#5370));
#5475=IFCPROPERTYSINGLEVALUE('InvertElevation',$,IFCLENGTHMEASURE(4011.1619128392244),$);
#5476=IFCPROPERTYSET('0dsjK3TPJ_sYlU9bYDAz4r',#18,'Pset_FlowSegmentPipeSegment',$,(#5370,#5475));
#5477=IFCPROPERTYLISTVALUE('ConnectionType',$,(IFCLABEL('Generic')),$);
#5478=IFCPROPERTYSET('1ywRPaTQEPU29n4Vob0y0b',#18,'Pset_PipeConnection',$,(#5477));
#5479=IFCPROPERTYSET('3G8jfPfmNkEK4fMPKUsIw1',#18,'Pset_QuantityTakeOff',$,(#401));
#5480=IFCRELDEFINESBYPROPERTIES('0Cn4KEwC08xVwReYKntD7S',#18,$,$,(#5468),#5469);
#5481=IFCRELDEFINESBYPROPERTIES('1IQzE3_JtYqMcLRRdnWf67',#18,$,$,(#5468),#5471);
#5482=IFCRELDEFINESBYPROPERTIES('1FC4T8gEie2ABCCYE9GVUH',#18,$,$,(#5468),#5473);
#5483=IFCRELDEFINESBYPROPERTIES('1_WwsiONE4D$WXQRmlq8L8',#18,$,$,(#5468),#5474);
#5484=IFCRELDEFINESBYPROPERTIES('3LKvKc9P9Jl2ynbZfv0$9m',#18,$,$,(#5468),#5476);
#5485=IFCRELDEFINESBYPROPERTIES('0wi72f641S6ZCXSc8pLAjf',#18,$,$,(#5468),#5478);
#5486=IFCRELDEFINESBYPROPERTIES('2KF7lCzeQDMsL9raQc2wVa',#18,$,$,(#5468),#5479);
#5487=IFCMAPPEDITEM(#5342,#80);
#5488=IFCSHAPEREPRESENTATION(#26,'Body','MappedRepresentation',(#5487));
#5489=IFCPRODUCTDEFINITIONSHAPE($,$,(#5488));
#5490=IFCCARTESIANPOINT((9.6608666010293582,146.20758202867472,4017.961912839226));
#5491=IFCAXIS2PLACEMENT3D(#5490,#9,#7);
#5492=IFCLOCALPLACEMENT(#36,#5491);
#5493=IFCFLOWFITTING('0rjoauMs9BC9x$YTWd8IaH',#18,'Elbow - Soldered - CU:Standard:1394832',$,'Elbow - Soldered - CU:Standard',#5492,#5489,'1394832');
#5494=IFCPROPERTYSET('32A5zyK0rGXQMhI4ciJeqD',#18,'Pset_DistributionFlowElementCommon',$,(#401));
#5495=IFCPROPERTYSET('3AxmN33WRcQNxHOxGhGAYr',#18,'Pset_QuantityTakeOff',$,(#401));
#5496=IFCRELDEFINESBYPROPERTIES('2dDGB5LNqbJ0HcvvW81JrV',#18,$,$,(#5493),#5494);
#5497=IFCRELDEFINESBYPROPERTIES('2VBtTYnz_xcBGrorFumooo',#18,$,$,(#5493),#5495);
#5498=IFCAXIS2PLACEMENT3D(#3,$,$);
#5500=IFCCARTESIANPOINT((-19.599999999993827,-11.900000000008427,-0.));
#5501=IFCCARTESIANPOINT((-19.599999999993827,-10.30570230504331,5.9499999999980284));
#5502=IFCCARTESIANPOINT((-19.599999999993827,-3.0799466367285473,11.494517332838013));
#5503=IFCCARTESIANPOINT((-19.599999999993827,3.0799466367114392,11.494517332838079));
#5504=IFCCARTESIANPOINT((-19.599999999993827,10.305702305026323,5.9499999999982478));
#5505=IFCCARTESIANPOINT((-19.599999999993827,11.899999999991572,-0.));
#5506=IFCCARTESIANPOINT((-26.459999999993688,11.899999999991572,-0.));
#5507=IFCCARTESIANPOINT((-26.459999999993688,10.305702305026253,5.9499999999983659));
#5508=IFCCARTESIANPOINT((-26.459999999993688,3.0799466367113579,11.4945173328381));
#5509=IFCCARTESIANPOINT((-26.459999999993688,-3.0799466367286081,11.494517332837995));
#5510=IFCCARTESIANPOINT((-26.459999999993688,-10.305702305043322,5.9499999999980053));
#5511=IFCCARTESIANPOINT((-26.459999999993688,-11.900000000008427,-0.));
#5512=IFCCARTESIANPOINT((-19.599999999993827,10.305702305026431,-5.9500000000017943));
#5513=IFCCARTESIANPOINT((-19.599999999993827,3.0799466367116595,-11.494517332841754));
#5514=IFCCARTESIANPOINT((-19.599999999993827,-3.0799466367283372,-11.494517332841802));
#5515=IFCCARTESIANPOINT((-19.599999999993827,-10.3057023050432,-5.9500000000019559));
#5516=IFCCARTESIANPOINT((-26.459999999993688,-10.3057023050432,-5.9500000000019559));
#5517=IFCCARTESIANPOINT((-26.459999999993688,-3.0799466367283372,-11.494517332841802));
#5518=IFCCARTESIANPOINT((-26.459999999993688,3.0799466367116595,-11.494517332841754));
#5519=IFCCARTESIANPOINT((-26.459999999993688,10.305702305026431,-5.9500000000017943));
#5520=IFCCARTESIANPOINT((11.900000000006616,19.599999999991681,-0.));
#5521=IFCCARTESIANPOINT((10.305702305041439,19.599999999991692,-5.9500000000018618));
#5522=IFCCARTESIANPOINT((3.0799466367266275,19.599999999991724,-11.494517332841777));
#5523=IFCCARTESIANPOINT((-3.0799466367133617,19.599999999991756,-11.494517332841788));
#5524=IFCCARTESIANPOINT((-10.30570230502819,19.599999999991788,-5.9500000000018947));
#5525=IFCCARTESIANPOINT((-11.899999999993383,19.599999999991798,-0.));
#5526=IFCCARTESIANPOINT((-11.89999999999335,26.459999999991545,-0.));
#5527=IFCCARTESIANPOINT((-10.305702305028195,26.459999999991538,-5.9500000000018272));
#5528=IFCCARTESIANPOINT((-3.0799466367134083,26.459999999991503,-11.494517332841767));
#5529=IFCCARTESIANPOINT((3.0799466367265795,26.459999999991471,-11.494517332841799));
#5530=IFCCARTESIANPOINT((10.305702305041429,26.459999999991435,-5.9500000000019373));
#5531=IFCCARTESIANPOINT((11.900000000006649,26.45999999999081,-0.));
#5532=IFCCARTESIANPOINT((-10.305702305028268,19.599999999991788,5.9499999999980231));
#5533=IFCCARTESIANPOINT((-3.0799466367135024,19.599999999991756,11.494517332838011));
#5534=IFCCARTESIANPOINT((3.0799466367264841,19.59999999999172,11.494517332838077));
#5535=IFCCARTESIANPOINT((10.305702305041368,19.599999999991688,5.9499999999982469));
#5536=IFCCARTESIANPOINT((10.305702305041359,26.459999999991435,5.9499999999983206));
#5537=IFCCARTESIANPOINT((3.0799466367264663,26.459999999991471,11.494517332838091));
#5538=IFCCARTESIANPOINT((-3.0799466367135002,26.459999999991503,11.494517332838003));
#5539=IFCCARTESIANPOINT((-10.305702305028236,26.459999999991538,5.9499999999980178));
#5540=IFCCARTESIANPOINT((-11.,19.599999999991763,-0.));
#5541=IFCCARTESIANPOINT((-13.51888168178939,13.518881681787313,-0.));
#5542=IFCCARTESIANPOINT((-19.599999999993852,11.,-0.));
#5543=IFCCARTESIANPOINT((-19.599999999993827,8.428457454287436,7.0683169808022956));
#5544=IFCCARTESIANPOINT((-19.599999999993827,-1.908140054313106,10.833235967757632));
#5545=IFCCARTESIANPOINT((-19.599999999993827,-8.4252941743798342,7.072087250259063));
#5546=IFCCARTESIANPOINT((-19.599999999993852,-11.,-0.));
#5547=IFCCARTESIANPOINT((6.900377355810126,4.2999999999916056,-0.));
#5548=IFCCARTESIANPOINT((11.,19.599999999991656,-0.));
#5549=IFCCARTESIANPOINT((8.4252941743777878,19.599999999991699,7.072087250259063));
#5550=IFCCARTESIANPOINT((-1.9108622407336902,19.599999999991745,10.832756135761265));
#5551=IFCCARTESIANPOINT((-8.4284574542894735,19.59999999999178,7.0683169808023019));
#5552=IFCCARTESIANPOINT((-1.4061459638954652,-0.49577347467030414,-0.));
#5553=IFCCARTESIANPOINT((0.61746185098806472,3.9467691675971128,9.2397000625129806));
#5554=IFCCARTESIANPOINT((-8.4284574542895143,19.59999999999178,-7.0683169808059896));
#5555=IFCCARTESIANPOINT((1.908140054310991,19.599999999991727,-10.833235967761381));
#5556=IFCCARTESIANPOINT((8.4252941743777452,19.599999999991695,-7.0720872502628493));
#5557=IFCCARTESIANPOINT((-19.599999999993827,-8.4252941743797933,-7.0720872502628493));
#5558=IFCCARTESIANPOINT((-19.599999999993827,1.9108622407317084,-10.832756135764988));
#5559=IFCCARTESIANPOINT((-19.59999999999383,8.4284574542874662,-7.0683169808059896));
#5560=IFCCARTESIANPOINT((-7.5961820845483672,7.5961807606775578,-10.682435583362539));
#5561=IFCCARTESIANPOINT((1.3250726410670237,3.2648379896068689,-8.5294487817858275));
#5562=IFCCARTESIANPOINT((-35.,-11.900000000008427,-0.));
#5563=IFCCARTESIANPOINT((-35.,-10.30570230504331,5.9499999999980284));
#5564=IFCCARTESIANPOINT((-35.,-3.0799466367285473,11.494517332838013));
#5565=IFCCARTESIANPOINT((-35.,3.0799466367114392,11.494517332838079));
#5566=IFCCARTESIANPOINT((-35.,10.305702305026317,5.9499999999982558));
#5567=IFCCARTESIANPOINT((-35.,11.899999999991572,-0.));
#5568=IFCCARTESIANPOINT((-35.,10.305702305026431,-5.9500000000017943));
#5569=IFCCARTESIANPOINT((-35.,3.0799466367116595,-11.494517332841754));
#5570=IFCCARTESIANPOINT((-35.,-3.0799466367283372,-11.494517332841802));
#5571=IFCCARTESIANPOINT((-35.,-10.3057023050432,-5.9500000000019559));
#5572=IFCCARTESIANPOINT((-28.83999999999369,-11.900000000008427,-0.));
#5573=IFCCARTESIANPOINT((-28.83999999999369,-10.305702305043322,5.9499999999980053));
#5574=IFCCARTESIANPOINT((-28.83999999999369,-3.0799466367286081,11.494517332837995));
#5575=IFCCARTESIANPOINT((-28.83999999999369,3.0799466367113579,11.4945173328381));
#5576=IFCCARTESIANPOINT((-28.83999999999369,10.305702305026253,5.9499999999983659));
#5577=IFCCARTESIANPOINT((-28.83999999999369,11.899999999991572,-0.));
#5578=IFCCARTESIANPOINT((-28.83999999999369,10.305702305026431,-5.9500000000017943));
#5579=IFCCARTESIANPOINT((-28.83999999999369,3.0799466367116595,-11.494517332841754));
#5580=IFCCARTESIANPOINT((-28.83999999999369,-3.0799466367283372,-11.494517332841802));
#5581=IFCCARTESIANPOINT((-28.83999999999369,-10.3057023050432,-5.9500000000019559));
#5582=IFCCARTESIANPOINT((-11.899999999993311,35.,-0.));
#5583=IFCCARTESIANPOINT((-10.305702305028193,35.,5.9499999999980231));
#5584=IFCCARTESIANPOINT((-3.0799466367134283,35.,11.494517332838011));
#5585=IFCCARTESIANPOINT((3.0799466367265582,35.,11.494517332838077));
#5586=IFCCARTESIANPOINT((10.305702305041438,35.,5.9499999999982549));
#5587=IFCCARTESIANPOINT((11.90000000000669,35.,-0.));
#5588=IFCCARTESIANPOINT((10.305702305041514,35.,-5.9500000000018618));
#5589=IFCCARTESIANPOINT((3.0799466367267017,35.,-11.494517332841777));
#5590=IFCCARTESIANPOINT((-3.0799466367132879,35.,-11.494517332841788));
#5591=IFCCARTESIANPOINT((-10.305702305028115,35.,-5.9500000000018947));
#5592=IFCCARTESIANPOINT((-11.899999999993339,28.839999999991552,-0.));
#5593=IFCCARTESIANPOINT((-10.305702305028225,28.839999999991541,5.9499999999980178));
#5594=IFCCARTESIANPOINT((-3.0799466367134887,28.839999999991509,11.494517332838003));
#5595=IFCCARTESIANPOINT((3.0799466367264885,28.839999999991473,11.494517332838086));
#5596=IFCCARTESIANPOINT((10.305702305041386,28.839999999991441,5.9499999999982922));
#5597=IFCCARTESIANPOINT((11.90000000000666,28.839999999990809,-0.));
#5598=IFCCARTESIANPOINT((10.305702305041439,28.839999999991441,-5.9500000000019373));
#5599=IFCCARTESIANPOINT((3.0799466367265911,28.839999999991473,-11.494517332841799));
#5600=IFCCARTESIANPOINT((-3.0799466367133967,28.839999999991509,-11.494517332841767));
#5601=IFCCARTESIANPOINT((-10.305702305028186,28.839999999991541,-5.9500000000018272));
#5602=IFCCARTESIANPOINT((-13.089999999993589,27.649999999991554,-0.));
#5603=IFCCARTESIANPOINT((0.,27.649999999991145,-13.090000000001845));
#5604=IFCCARTESIANPOINT((13.090000000006368,27.64999999999074,-0.));
#5605=IFCCARTESIANPOINT((12.741457069618443,26.808542930378902,-0.));
#5606=IFCCARTESIANPOINT((-12.741457069605506,26.808542930379485,-0.));
#5607=IFCCARTESIANPOINT((-7.0293797457947722,27.649999999991362,-6.0606202542006944));
#5608=IFCCARTESIANPOINT((7.0293797427384597,27.649999999990932,-6.0606202572697887));
#5609=IFCCARTESIANPOINT((-2.3302461533993346E-009,26.777757649069617,-12.709501872302848));
#5610=IFCCARTESIANPOINT((-10.734748519652406,26.817849073814504,-6.8807369253698418));
#5611=IFCCARTESIANPOINT((10.734748517965651,26.817849073709692,-6.8807369278324533));
#5612=IFCCARTESIANPOINT((0.,27.649999999991145,13.089999999998113));
#5613=IFCCARTESIANPOINT((7.0293797491833496,27.649999999990932,6.0606202508211577));
#5614=IFCCARTESIANPOINT((-7.0293797404568981,27.649999999991362,6.0606202595348417));
#5615=IFCCARTESIANPOINT((6.7913595319391043E-009,26.777757649035042,12.709501872261857));
#5616=IFCCARTESIANPOINT((10.734748521398012,26.817849073893974,6.8807369228078992));
#5617=IFCCARTESIANPOINT((-10.734748516412838,26.817849073597834,6.8807369300274468));
#5618=IFCCARTESIANPOINT((-12.741457069605493,28.491457069603626,-0.));
#5619=IFCCARTESIANPOINT((12.741457069618491,28.491457069602671,-0.));
#5620=IFCCARTESIANPOINT((1.5149765776436154E-008,28.522242350313231,-12.709501872948822));
#5621=IFCCARTESIANPOINT((-10.734748525350437,28.482150925833469,-6.8807369170875594));
#5622=IFCCARTESIANPOINT((10.73474852007678,28.482150925800088,-6.8807369253943946));
#5623=IFCCARTESIANPOINT((-3.7206641219133417E-008,28.522242350393846,12.709501872858228));
#5624=IFCCARTESIANPOINT((10.734748529079251,28.482150925917825,6.8807369111323302));
#5625=IFCCARTESIANPOINT((-10.734748513419865,28.482150925862907,6.8807369356435322));
#5626=IFCCARTESIANPOINT((-27.649999999993689,13.089999999991683,-0.));
#5627=IFCCARTESIANPOINT((-27.649999999993689,-13.090000000008544,-0.));
#5628=IFCCARTESIANPOINT((-27.650000011738832,1.2630196372357539E-007,-13.09000000000198));
#5629=IFCCARTESIANPOINT((-27.189237894929949,-9.2325805339019649,-9.1480094814344337));
#5630=IFCCARTESIANPOINT((-28.355147071507361,-7.3195422790677194,-10.572004209647943));
#5631=IFCCARTESIANPOINT((-28.110762125134087,9.2325806075124071,-9.1480093951476569));
#5632=IFCCARTESIANPOINT((-26.944852948346121,7.3195425022535963,-10.57200407288787));
#5633=IFCCARTESIANPOINT((-27.650000009541074,-4.9791151163759544E-008,13.089999999998247));
#5634=IFCCARTESIANPOINT((-27.189237894578966,9.2325805555046188,9.148009459401905));
#5635=IFCCARTESIANPOINT((-28.355147068857026,7.3195423434011611,10.5720041674625));
#5636=IFCCARTESIANPOINT((-28.110762120796192,-9.2325805755069741,9.1480094300504717));
#5637=IFCCARTESIANPOINT((-26.944852943090552,-7.3195424246608898,10.572004121914951));
#5638=IFCPOLYLOOP((#5511,#5500,#5501,#5510));
#5639=IFCFACEOUTERBOUND(#5638,.T.);
#5640=IFCFACE((#5639));
#5641=IFCPOLYLOOP((#5562,#5572,#5573,#5563));
#5642=IFCFACEOUTERBOUND(#5641,.T.);
#5643=IFCFACE((#5642));
#5644=IFCPOLYLOOP((#5510,#5501,#5502,#5509));
#5645=IFCFACEOUTERBOUND(#5644,.T.);
#5646=IFCFACE((#5645));
#5647=IFCPOLYLOOP((#5563,#5573,#5574,#5564));
#5648=IFCFACEOUTERBOUND(#5647,.T.);
#5649=IFCFACE((#5648));
#5650=IFCPOLYLOOP((#5502,#5503,#5508,#5509));
#5651=IFCFACEOUTERBOUND(#5650,.T.);
#5652=IFCFACE((#5651));
#5653=IFCPOLYLOOP((#5533,#5534,#5537,#5538));
#5654=IFCFACEOUTERBOUND(#5653,.T.);
#5655=IFCFACE((#5654));
#5656=IFCPOLYLOOP((#5574,#5575,#5565,#5564));
#5657=IFCFACEOUTERBOUND(#5656,.T.);
#5658=IFCFACE((#5657));
#5659=IFCPOLYLOOP((#5594,#5595,#5585,#5584));
#5660=IFCFACEOUTERBOUND(#5659,.T.);
#5661=IFCFACE((#5660));
#5662=IFCPOLYLOOP((#5508,#5503,#5504,#5507));
#5663=IFCFACEOUTERBOUND(#5662,.T.);
#5664=IFCFACE((#5663));
#5665=IFCPOLYLOOP((#5565,#5575,#5576,#5566));
#5666=IFCFACEOUTERBOUND(#5665,.T.);
#5667=IFCFACE((#5666));
#5668=IFCPOLYLOOP((#5507,#5504,#5505,#5506));
#5669=IFCFACEOUTERBOUND(#5668,.T.);
#5670=IFCFACE((#5669));
#5671=IFCPOLYLOOP((#5566,#5576,#5577,#5567));
#5672=IFCFACEOUTERBOUND(#5671,.T.);
#5673=IFCFACE((#5672));
#5674=IFCPOLYLOOP((#5506,#5505,#5512,#5519));
#5675=IFCFACEOUTERBOUND(#5674,.T.);
#5676=IFCFACE((#5675));
#5677=IFCPOLYLOOP((#5567,#5577,#5578,#5568));
#5678=IFCFACEOUTERBOUND(#5677,.T.);
#5679=IFCFACE((#5678));
#5680=IFCPOLYLOOP((#5519,#5512,#5513,#5518));
#5681=IFCFACEOUTERBOUND(#5680,.T.);
#5682=IFCFACE((#5681));
#5683=IFCPOLYLOOP((#5568,#5578,#5579,#5569));
#5684=IFCFACEOUTERBOUND(#5683,.T.);
#5685=IFCFACE((#5684));
#5686=IFCPOLYLOOP((#5513,#5514,#5517,#5518));
#5687=IFCFACEOUTERBOUND(#5686,.T.);
#5688=IFCFACE((#5687));
#5689=IFCPOLYLOOP((#5522,#5523,#5528,#5529));
#5690=IFCFACEOUTERBOUND(#5689,.T.);
#5691=IFCFACE((#5690));
#5692=IFCPOLYLOOP((#5579,#5580,#5570,#5569));
#5693=IFCFACEOUTERBOUND(#5692,.T.);
#5694=IFCFACE((#5693));
#5695=IFCPOLYLOOP((#5599,#5600,#5590,#5589));
#5696=IFCFACEOUTERBOUND(#5695,.T.);
#5697=IFCFACE((#5696));
#5698=IFCPOLYLOOP((#5517,#5514,#5515,#5516));
#5699=IFCFACEOUTERBOUND(#5698,.T.);
#5700=IFCFACE((#5699));
#5701=IFCPOLYLOOP((#5570,#5580,#5581,#5571));
#5702=IFCFACEOUTERBOUND(#5701,.T.);
#5703=IFCFACE((#5702));
#5704=IFCPOLYLOOP((#5516,#5515,#5500,#5511));
#5705=IFCFACEOUTERBOUND(#5704,.T.);
#5706=IFCFACE((#5705));
#5707=IFCPOLYLOOP((#5571,#5581,#5572,#5562));
#5708=IFCFACEOUTERBOUND(#5707,.T.);
#5709=IFCFACE((#5708));
#5710=IFCPOLYLOOP((#5531,#5520,#5521,#5530));
#5711=IFCFACEOUTERBOUND(#5710,.T.);
#5712=IFCFACE((#5711));
#5713=IFCPOLYLOOP((#5587,#5597,#5598,#5588));
#5714=IFCFACEOUTERBOUND(#5713,.T.);
#5715=IFCFACE((#5714));
#5716=IFCPOLYLOOP((#5530,#5521,#5522,#5529));
#5717=IFCFACEOUTERBOUND(#5716,.T.);
#5718=IFCFACE((#5717));
#5719=IFCPOLYLOOP((#5588,#5598,#5599,#5589));
#5720=IFCFACEOUTERBOUND(#5719,.T.);
#5721=IFCFACE((#5720));
#5722=IFCPOLYLOOP((#5528,#5523,#5524,#5527));
#5723=IFCFACEOUTERBOUND(#5722,.T.);
#5724=IFCFACE((#5723));
#5725=IFCPOLYLOOP((#5590,#5600,#5601,#5591));
#5726=IFCFACEOUTERBOUND(#5725,.T.);
#5727=IFCFACE((#5726));
#5728=IFCPOLYLOOP((#5527,#5524,#5525,#5526));
#5729=IFCFACEOUTERBOUND(#5728,.T.);
#5730=IFCFACE((#5729));
#5731=IFCPOLYLOOP((#5591,#5601,#5592,#5582));
#5732=IFCFACEOUTERBOUND(#5731,.T.);
#5733=IFCFACE((#5732));
#5734=IFCPOLYLOOP((#5526,#5525,#5532,#5539));
#5735=IFCFACEOUTERBOUND(#5734,.T.);
#5736=IFCFACE((#5735));
#5737=IFCPOLYLOOP((#5582,#5592,#5593,#5583));
#5738=IFCFACEOUTERBOUND(#5737,.T.);
#5739=IFCFACE((#5738));
#5740=IFCPOLYLOOP((#5539,#5532,#5533,#5538));
#5741=IFCFACEOUTERBOUND(#5740,.T.);
#5742=IFCFACE((#5741));
#5743=IFCPOLYLOOP((#5583,#5593,#5594,#5584));
#5744=IFCFACEOUTERBOUND(#5743,.T.);
#5745=IFCFACE((#5744));
#5746=IFCPOLYLOOP((#5537,#5534,#5535,#5536));
#5747=IFCFACEOUTERBOUND(#5746,.T.);
#5748=IFCFACE((#5747));
#5749=IFCPOLYLOOP((#5585,#5595,#5596,#5586));
#5750=IFCFACEOUTERBOUND(#5749,.T.);
#5751=IFCFACE((#5750));
#5752=IFCPOLYLOOP((#5536,#5535,#5520,#5531));
#5753=IFCFACEOUTERBOUND(#5752,.T.);
#5754=IFCFACE((#5753));
#5755=IFCPOLYLOOP((#5586,#5596,#5597,#5587));
#5756=IFCFACEOUTERBOUND(#5755,.T.);
#5757=IFCFACE((#5756));
#5758=IFCPOLYLOOP((#5553,#5549,#5550));
#5759=IFCFACEOUTERBOUND(#5758,.T.);
#5760=IFCFACE((#5759));
#5761=IFCPOLYLOOP((#5547,#5549,#5553));
#5762=IFCFACEOUTERBOUND(#5761,.T.);
#5763=IFCFACE((#5762));
#5764=IFCPOLYLOOP((#5544,#5553,#5543));
#5765=IFCFACEOUTERBOUND(#5764,.T.);
#5766=IFCFACE((#5765));
#5767=IFCPOLYLOOP((#5553,#5550,#5551));
#5768=IFCFACEOUTERBOUND(#5767,.T.);
#5769=IFCFACE((#5768));
#5770=IFCPOLYLOOP((#5543,#5541,#5542));
#5771=IFCFACEOUTERBOUND(#5770,.T.);
#5772=IFCFACE((#5771));
#5773=IFCPOLYLOOP((#5551,#5541,#5543));
#5774=IFCFACEOUTERBOUND(#5773,.T.);
#5775=IFCFACE((#5774));
#5776=IFCPOLYLOOP((#5547,#5553,#5552));
#5777=IFCFACEOUTERBOUND(#5776,.T.);
#5778=IFCFACE((#5777));
#5779=IFCPOLYLOOP((#5547,#5548,#5549));
#5780=IFCFACEOUTERBOUND(#5779,.T.);
#5781=IFCFACE((#5780));
#5782=IFCPOLYLOOP((#5545,#5553,#5544));
#5783=IFCFACEOUTERBOUND(#5782,.T.);
#5784=IFCFACE((#5783));
#5785=IFCPOLYLOOP((#5545,#5546,#5552));
#5786=IFCFACEOUTERBOUND(#5785,.T.);
#5787=IFCFACE((#5786));
#5788=IFCPOLYLOOP((#5551,#5540,#5541));
#5789=IFCFACEOUTERBOUND(#5788,.T.);
#5790=IFCFACE((#5789));
#5791=IFCPOLYLOOP((#5553,#5551,#5543));
#5792=IFCFACEOUTERBOUND(#5791,.T.);
#5793=IFCFACE((#5792));
#5794=IFCPOLYLOOP((#5545,#5552,#5553));
#5795=IFCFACEOUTERBOUND(#5794,.T.);
#5796=IFCFACE((#5795));
#5797=IFCPOLYLOOP((#5559,#5542,#5541));
#5798=IFCFACEOUTERBOUND(#5797,.T.);
#5799=IFCFACE((#5798));
#5800=IFCPOLYLOOP((#5552,#5546,#5557));
#5801=IFCFACEOUTERBOUND(#5800,.T.);
#5802=IFCFACE((#5801));
#5803=IFCPOLYLOOP((#5541,#5560,#5559));
#5804=IFCFACEOUTERBOUND(#5803,.T.);
#5805=IFCFACE((#5804));
#5806=IFCPOLYLOOP((#5552,#5561,#5547));
#5807=IFCFACEOUTERBOUND(#5806,.T.);
#5808=IFCFACE((#5807));
#5809=IFCPOLYLOOP((#5557,#5561,#5552));
#5810=IFCFACEOUTERBOUND(#5809,.T.);
#5811=IFCFACE((#5810));
#5812=IFCPOLYLOOP((#5561,#5558,#5560));
#5813=IFCFACEOUTERBOUND(#5812,.T.);
#5814=IFCFACE((#5813));
#5815=IFCPOLYLOOP((#5554,#5560,#5541));
#5816=IFCFACEOUTERBOUND(#5815,.T.);
#5817=IFCFACE((#5816));
#5818=IFCPOLYLOOP((#5558,#5561,#5557));
#5819=IFCFACEOUTERBOUND(#5818,.T.);
#5820=IFCFACE((#5819));
#5821=IFCPOLYLOOP((#5556,#5561,#5555));
#5822=IFCFACEOUTERBOUND(#5821,.T.);
#5823=IFCFACE((#5822));
#5824=IFCPOLYLOOP((#5554,#5555,#5560));
#5825=IFCFACEOUTERBOUND(#5824,.T.);
#5826=IFCFACE((#5825));
#5827=IFCPOLYLOOP((#5558,#5559,#5560));
#5828=IFCFACEOUTERBOUND(#5827,.T.);
#5829=IFCFACE((#5828));
#5830=IFCPOLYLOOP((#5547,#5556,#5548));
#5831=IFCFACEOUTERBOUND(#5830,.T.);
#5832=IFCFACE((#5831));
#5833=IFCPOLYLOOP((#5547,#5561,#5556));
#5834=IFCFACEOUTERBOUND(#5833,.T.);
#5835=IFCFACE((#5834));
#5836=IFCPOLYLOOP((#5555,#5561,#5560));
#5837=IFCFACEOUTERBOUND(#5836,.T.);
#5838=IFCFACE((#5837));
#5839=IFCPOLYLOOP((#5554,#5541,#5540));
#5840=IFCFACEOUTERBOUND(#5839,.T.);
#5841=IFCFACE((#5840));
#5842=IFCPOLYLOOP((#5566,#5567,#5568,#5569,#5570,#5571,#5562,#5563,#5564,#5565));
#5843=IFCFACEOUTERBOUND(#5842,.T.);
#5844=IFCFACE((#5843));
#5845=IFCPOLYLOOP((#5558,#5513,#5559));
#5846=IFCFACEOUTERBOUND(#5845,.T.);
#5847=IFCFACE((#5846));
#5848=IFCPOLYLOOP((#5558,#5514,#5513));
#5849=IFCFACEOUTERBOUND(#5848,.T.);
#5850=IFCFACE((#5849));
#5851=IFCPOLYLOOP((#5514,#5558,#5557));
#5852=IFCFACEOUTERBOUND(#5851,.T.);
#5853=IFCFACE((#5852));
#5854=IFCPOLYLOOP((#5557,#5515,#5514));
#5855=IFCFACEOUTERBOUND(#5854,.T.);
#5856=IFCFACE((#5855));
#5857=IFCPOLYLOOP((#5557,#5546,#5515));
#5858=IFCFACEOUTERBOUND(#5857,.T.);
#5859=IFCFACE((#5858));
#5860=IFCPOLYLOOP((#5515,#5546,#5500));
#5861=IFCFACEOUTERBOUND(#5860,.T.);
#5862=IFCFACE((#5861));
#5863=IFCPOLYLOOP((#5500,#5546,#5501));
#5864=IFCFACEOUTERBOUND(#5863,.T.);
#5865=IFCFACE((#5864));
#5866=IFCPOLYLOOP((#5546,#5545,#5501));
#5867=IFCFACEOUTERBOUND(#5866,.T.);
#5868=IFCFACE((#5867));
#5869=IFCPOLYLOOP((#5545,#5502,#5501));
#5870=IFCFACEOUTERBOUND(#5869,.T.);
#5871=IFCFACE((#5870));
#5872=IFCPOLYLOOP((#5545,#5544,#5502));
#5873=IFCFACEOUTERBOUND(#5872,.T.);
#5874=IFCFACE((#5873));
#5875=IFCPOLYLOOP((#5502,#5544,#5503));
#5876=IFCFACEOUTERBOUND(#5875,.T.);
#5877=IFCFACE((#5876));
#5878=IFCPOLYLOOP((#5544,#5543,#5503));
#5879=IFCFACEOUTERBOUND(#5878,.T.);
#5880=IFCFACE((#5879));
#5881=IFCPOLYLOOP((#5503,#5543,#5504));
#5882=IFCFACEOUTERBOUND(#5881,.T.);
#5883=IFCFACE((#5882));
#5884=IFCPOLYLOOP((#5504,#5543,#5542));
#5885=IFCFACEOUTERBOUND(#5884,.T.);
#5886=IFCFACE((#5885));
#5887=IFCPOLYLOOP((#5512,#5542,#5559));
#5888=IFCFACEOUTERBOUND(#5887,.T.);
#5889=IFCFACE((#5888));
#5890=IFCPOLYLOOP((#5542,#5512,#5505));
#5891=IFCFACEOUTERBOUND(#5890,.T.);
#5892=IFCFACE((#5891));
#5893=IFCPOLYLOOP((#5542,#5505,#5504));
#5894=IFCFACEOUTERBOUND(#5893,.T.);
#5895=IFCFACE((#5894));
#5896=IFCPOLYLOOP((#5559,#5513,#5512));
#5897=IFCFACEOUTERBOUND(#5896,.T.);
#5898=IFCFACE((#5897));
#5899=IFCPOLYLOOP((#5583,#5584,#5585,#5586,#5587,#5588,#5589,#5590,#5591,#5582));
#5900=IFCFACEOUTERBOUND(#5899,.T.);
#5901=IFCFACE((#5900));
#5902=IFCPOLYLOOP((#5555,#5522,#5556));
#5903=IFCFACEOUTERBOUND(#5902,.T.);
#5904=IFCFACE((#5903));
#5905=IFCPOLYLOOP((#5555,#5523,#5522));
#5906=IFCFACEOUTERBOUND(#5905,.T.);
#5907=IFCFACE((#5906));
#5908=IFCPOLYLOOP((#5523,#5555,#5554));
#5909=IFCFACEOUTERBOUND(#5908,.T.);
#5910=IFCFACE((#5909));
#5911=IFCPOLYLOOP((#5554,#5524,#5523));
#5912=IFCFACEOUTERBOUND(#5911,.T.);
#5913=IFCFACE((#5912));
#5914=IFCPOLYLOOP((#5554,#5540,#5524));
#5915=IFCFACEOUTERBOUND(#5914,.T.);
#5916=IFCFACE((#5915));
#5917=IFCPOLYLOOP((#5524,#5540,#5525));
#5918=IFCFACEOUTERBOUND(#5917,.T.);
#5919=IFCFACE((#5918));
#5920=IFCPOLYLOOP((#5525,#5540,#5532));
#5921=IFCFACEOUTERBOUND(#5920,.T.);
#5922=IFCFACE((#5921));
#5923=IFCPOLYLOOP((#5540,#5551,#5532));
#5924=IFCFACEOUTERBOUND(#5923,.T.);
#5925=IFCFACE((#5924));
#5926=IFCPOLYLOOP((#5551,#5533,#5532));
#5927=IFCFACEOUTERBOUND(#5926,.T.);
#5928=IFCFACE((#5927));
#5929=IFCPOLYLOOP((#5551,#5550,#5533));
#5930=IFCFACEOUTERBOUND(#5929,.T.);
#5931=IFCFACE((#5930));
#5932=IFCPOLYLOOP((#5533,#5550,#5534));
#5933=IFCFACEOUTERBOUND(#5932,.T.);
#5934=IFCFACE((#5933));
#5935=IFCPOLYLOOP((#5550,#5549,#5534));
#5936=IFCFACEOUTERBOUND(#5935,.T.);
#5937=IFCFACE((#5936));
#5938=IFCPOLYLOOP((#5534,#5549,#5535));
#5939=IFCFACEOUTERBOUND(#5938,.T.);
#5940=IFCFACE((#5939));
#5941=IFCPOLYLOOP((#5535,#5549,#5548));
#5942=IFCFACEOUTERBOUND(#5941,.T.);
#5943=IFCFACE((#5942));
#5944=IFCPOLYLOOP((#5521,#5548,#5556));
#5945=IFCFACEOUTERBOUND(#5944,.T.);
#5946=IFCFACE((#5945));
#5947=IFCPOLYLOOP((#5548,#5521,#5520));
#5948=IFCFACEOUTERBOUND(#5947,.T.);
#5949=IFCFACE((#5948));
#5950=IFCPOLYLOOP((#5520,#5535,#5548));
#5951=IFCFACEOUTERBOUND(#5950,.T.);
#5952=IFCFACE((#5951));
#5953=IFCPOLYLOOP((#5556,#5522,#5521));
#5954=IFCFACEOUTERBOUND(#5953,.T.);
#5955=IFCFACE((#5954));
#5956=IFCPOLYLOOP((#5602,#5610,#5606));
#5957=IFCFACEOUTERBOUND(#5956,.T.);
#5958=IFCFACE((#5957));
#5959=IFCPOLYLOOP((#5527,#5526,#5610));
#5960=IFCFACEOUTERBOUND(#5959,.T.);
#5961=IFCFACE((#5960));
#5962=IFCPOLYLOOP((#5608,#5609,#5603));
#5963=IFCFACEOUTERBOUND(#5962,.T.);
#5964=IFCFACE((#5963));
#5965=IFCPOLYLOOP((#5526,#5606,#5610));
#5966=IFCFACEOUTERBOUND(#5965,.T.);
#5967=IFCFACE((#5966));
#5968=IFCPOLYLOOP((#5609,#5611,#5529));
#5969=IFCFACEOUTERBOUND(#5968,.T.);
#5970=IFCFACE((#5969));
#5971=IFCPOLYLOOP((#5609,#5528,#5610));
#5972=IFCFACEOUTERBOUND(#5971,.T.);
#5973=IFCFACE((#5972));
#5974=IFCPOLYLOOP((#5609,#5607,#5603));
#5975=IFCFACEOUTERBOUND(#5974,.T.);
#5976=IFCFACE((#5975));
#5977=IFCPOLYLOOP((#5609,#5610,#5607));
#5978=IFCFACEOUTERBOUND(#5977,.T.);
#5979=IFCFACE((#5978));
#5980=IFCPOLYLOOP((#5611,#5605,#5531));
#5981=IFCFACEOUTERBOUND(#5980,.T.);
#5982=IFCFACE((#5981));
#5983=IFCPOLYLOOP((#5609,#5608,#5611));
#5984=IFCFACEOUTERBOUND(#5983,.T.);
#5985=IFCFACE((#5984));
#5986=IFCPOLYLOOP((#5604,#5605,#5611));
#5987=IFCFACEOUTERBOUND(#5986,.T.);
#5988=IFCFACE((#5987));
#5989=IFCPOLYLOOP((#5528,#5527,#5610));
#5990=IFCFACEOUTERBOUND(#5989,.T.);
#5991=IFCFACE((#5990));
#5992=IFCPOLYLOOP((#5530,#5611,#5531));
#5993=IFCFACEOUTERBOUND(#5992,.T.);
#5994=IFCFACE((#5993));
#5995=IFCPOLYLOOP((#5602,#5607,#5610));
#5996=IFCFACEOUTERBOUND(#5995,.T.);
#5997=IFCFACE((#5996));
#5998=IFCPOLYLOOP((#5604,#5611,#5608));
#5999=IFCFACEOUTERBOUND(#5998,.T.);
#6000=IFCFACE((#5999));
#6001=IFCPOLYLOOP((#5609,#5529,#5528));
#6002=IFCFACEOUTERBOUND(#6001,.T.);
#6003=IFCFACE((#6002));
#6004=IFCPOLYLOOP((#5611,#5530,#5529));
#6005=IFCFACEOUTERBOUND(#6004,.T.);
#6006=IFCFACE((#6005));
#6007=IFCPOLYLOOP((#5604,#5616,#5605));
#6008=IFCFACEOUTERBOUND(#6007,.T.);
#6009=IFCFACE((#6008));
#6010=IFCPOLYLOOP((#5536,#5531,#5616));
#6011=IFCFACEOUTERBOUND(#6010,.T.);
#6012=IFCFACE((#6011));
#6013=IFCPOLYLOOP((#5614,#5615,#5612));
#6014=IFCFACEOUTERBOUND(#6013,.T.);
#6015=IFCFACE((#6014));
#6016=IFCPOLYLOOP((#5531,#5605,#5616));
#6017=IFCFACEOUTERBOUND(#6016,.T.);
#6018=IFCFACE((#6017));
#6019=IFCPOLYLOOP((#5615,#5617,#5538));
#6020=IFCFACEOUTERBOUND(#6019,.T.);
#6021=IFCFACE((#6020));
#6022=IFCPOLYLOOP((#5602,#5606,#5617));
#6023=IFCFACEOUTERBOUND(#6022,.T.);
#6024=IFCFACE((#6023));
#6025=IFCPOLYLOOP((#5615,#5613,#5612));
#6026=IFCFACEOUTERBOUND(#6025,.T.);
#6027=IFCFACE((#6026));
#6028=IFCPOLYLOOP((#5615,#5616,#5613));
#6029=IFCFACEOUTERBOUND(#6028,.T.);
#6030=IFCFACE((#6029));
#6031=IFCPOLYLOOP((#5617,#5606,#5526));
#6032=IFCFACEOUTERBOUND(#6031,.T.);
#6033=IFCFACE((#6032));
#6034=IFCPOLYLOOP((#5615,#5614,#5617));
#6035=IFCFACEOUTERBOUND(#6034,.T.);
#6036=IFCFACE((#6035));
#6037=IFCPOLYLOOP((#5615,#5537,#5616));
#6038=IFCFACEOUTERBOUND(#6037,.T.);
#6039=IFCFACE((#6038));
#6040=IFCPOLYLOOP((#5537,#5536,#5616));
#6041=IFCFACEOUTERBOUND(#6040,.T.);
#6042=IFCFACE((#6041));
#6043=IFCPOLYLOOP((#5539,#5617,#5526));
#6044=IFCFACEOUTERBOUND(#6043,.T.);
#6045=IFCFACE((#6044));
#6046=IFCPOLYLOOP((#5604,#5613,#5616));
#6047=IFCFACEOUTERBOUND(#6046,.T.);
#6048=IFCFACE((#6047));
#6049=IFCPOLYLOOP((#5602,#5617,#5614));
#6050=IFCFACEOUTERBOUND(#6049,.T.);
#6051=IFCFACE((#6050));
#6052=IFCPOLYLOOP((#5615,#5538,#5537));
#6053=IFCFACEOUTERBOUND(#6052,.T.);
#6054=IFCFACE((#6053));
#6055=IFCPOLYLOOP((#5617,#5539,#5538));
#6056=IFCFACEOUTERBOUND(#6055,.T.);
#6057=IFCFACE((#6056));
#6058=IFCPOLYLOOP((#5620,#5607,#5621));
#6059=IFCFACEOUTERBOUND(#6058,.T.);
#6060=IFCFACE((#6059));
#6061=IFCPOLYLOOP((#5620,#5599,#5622));
#6062=IFCFACEOUTERBOUND(#6061,.T.);
#6063=IFCFACE((#6062));
#6064=IFCPOLYLOOP((#5592,#5601,#5621));
#6065=IFCFACEOUTERBOUND(#6064,.T.);
#6066=IFCFACE((#6065));
#6067=IFCPOLYLOOP((#5621,#5618,#5592));
#6068=IFCFACEOUTERBOUND(#6067,.T.);
#6069=IFCFACE((#6068));
#6070=IFCPOLYLOOP((#5604,#5608,#5622));
#6071=IFCFACEOUTERBOUND(#6070,.T.);
#6072=IFCFACE((#6071));
#6073=IFCPOLYLOOP((#5602,#5618,#5621));
#6074=IFCFACEOUTERBOUND(#6073,.T.);
#6075=IFCFACE((#6074));
#6076=IFCPOLYLOOP((#5604,#5622,#5619));
#6077=IFCFACEOUTERBOUND(#6076,.T.);
#6078=IFCFACE((#6077));
#6079=IFCPOLYLOOP((#5597,#5619,#5622));
#6080=IFCFACEOUTERBOUND(#6079,.T.);
#6081=IFCFACE((#6080));
#6082=IFCPOLYLOOP((#5599,#5598,#5622));
#6083=IFCFACEOUTERBOUND(#6082,.T.);
#6084=IFCFACE((#6083));
#6085=IFCPOLYLOOP((#5620,#5608,#5603));
#6086=IFCFACEOUTERBOUND(#6085,.T.);
#6087=IFCFACE((#6086));
#6088=IFCPOLYLOOP((#5597,#5622,#5598));
#6089=IFCFACEOUTERBOUND(#6088,.T.);
#6090=IFCFACE((#6089));
#6091=IFCPOLYLOOP((#5621,#5601,#5600));
#6092=IFCFACEOUTERBOUND(#6091,.T.);
#6093=IFCFACE((#6092));
#6094=IFCPOLYLOOP((#5620,#5621,#5600));
#6095=IFCFACEOUTERBOUND(#6094,.T.);
#6096=IFCFACE((#6095));
#6097=IFCPOLYLOOP((#5602,#5621,#5607));
#6098=IFCFACEOUTERBOUND(#6097,.T.);
#6099=IFCFACE((#6098));
#6100=IFCPOLYLOOP((#5599,#5620,#5600));
#6101=IFCFACEOUTERBOUND(#6100,.T.);
#6102=IFCFACE((#6101));
#6103=IFCPOLYLOOP((#5620,#5622,#5608));
#6104=IFCFACEOUTERBOUND(#6103,.T.);
#6105=IFCFACE((#6104));
#6106=IFCPOLYLOOP((#5607,#5620,#5603));
#6107=IFCFACEOUTERBOUND(#6106,.T.);
#6108=IFCFACE((#6107));
#6109=IFCPOLYLOOP((#5623,#5613,#5624));
#6110=IFCFACEOUTERBOUND(#6109,.T.);
#6111=IFCFACE((#6110));
#6112=IFCPOLYLOOP((#5623,#5624,#5595));
#6113=IFCFACEOUTERBOUND(#6112,.T.);
#6114=IFCFACE((#6113));
#6115=IFCPOLYLOOP((#5597,#5596,#5624));
#6116=IFCFACEOUTERBOUND(#6115,.T.);
#6117=IFCFACE((#6116));
#6118=IFCPOLYLOOP((#5624,#5619,#5597));
#6119=IFCFACEOUTERBOUND(#6118,.T.);
#6120=IFCFACE((#6119));
#6121=IFCPOLYLOOP((#5602,#5614,#5625));
#6122=IFCFACEOUTERBOUND(#6121,.T.);
#6123=IFCFACE((#6122));
#6124=IFCPOLYLOOP((#5623,#5594,#5625));
#6125=IFCFACEOUTERBOUND(#6124,.T.);
#6126=IFCFACE((#6125));
#6127=IFCPOLYLOOP((#5594,#5593,#5625));
#6128=IFCFACEOUTERBOUND(#6127,.T.);
#6129=IFCFACE((#6128));
#6130=IFCPOLYLOOP((#5623,#5625,#5614));
#6131=IFCFACEOUTERBOUND(#6130,.T.);
#6132=IFCFACE((#6131));
#6133=IFCPOLYLOOP((#5602,#5625,#5618));
#6134=IFCFACEOUTERBOUND(#6133,.T.);
#6135=IFCFACE((#6134));
#6136=IFCPOLYLOOP((#5625,#5592,#5618));
#6137=IFCFACEOUTERBOUND(#6136,.T.);
#6138=IFCFACE((#6137));
#6139=IFCPOLYLOOP((#5623,#5614,#5612));
#6140=IFCFACEOUTERBOUND(#6139,.T.);
#6141=IFCFACE((#6140));
#6142=IFCPOLYLOOP((#5592,#5625,#5593));
#6143=IFCFACEOUTERBOUND(#6142,.T.);
#6144=IFCFACE((#6143));
#6145=IFCPOLYLOOP((#5624,#5596,#5595));
#6146=IFCFACEOUTERBOUND(#6145,.T.);
#6147=IFCFACE((#6146));
#6148=IFCPOLYLOOP((#5604,#5619,#5624));
#6149=IFCFACEOUTERBOUND(#6148,.T.);
#6150=IFCFACE((#6149));
#6151=IFCPOLYLOOP((#5604,#5624,#5613));
#6152=IFCFACEOUTERBOUND(#6151,.T.);
#6153=IFCFACE((#6152));
#6154=IFCPOLYLOOP((#5594,#5623,#5595));
#6155=IFCFACEOUTERBOUND(#6154,.T.);
#6156=IFCFACE((#6155));
#6157=IFCPOLYLOOP((#5613,#5623,#5612));
#6158=IFCFACEOUTERBOUND(#6157,.T.);
#6159=IFCFACE((#6158));
#6160=IFCPOLYLOOP((#5506,#5519,#5632));
#6161=IFCFACEOUTERBOUND(#6160,.T.);
#6162=IFCFACE((#6161));
#6163=IFCPOLYLOOP((#5579,#5631,#5628));
#6164=IFCFACEOUTERBOUND(#6163,.T.);
#6165=IFCFACE((#6164));
#6166=IFCPOLYLOOP((#5517,#5629,#5628));
#6167=IFCFACEOUTERBOUND(#6166,.T.);
#6168=IFCFACE((#6167));
#6169=IFCPOLYLOOP((#5518,#5628,#5632));
#6170=IFCFACEOUTERBOUND(#6169,.T.);
#6171=IFCFACE((#6170));
#6172=IFCPOLYLOOP((#5626,#5632,#5631));
#6173=IFCFACEOUTERBOUND(#6172,.T.);
#6174=IFCFACE((#6173));
#6175=IFCPOLYLOOP((#5626,#5631,#5577));
#6176=IFCFACEOUTERBOUND(#6175,.T.);
#6177=IFCFACE((#6176));
#6178=IFCPOLYLOOP((#5626,#5506,#5632));
#6179=IFCFACEOUTERBOUND(#6178,.T.);
#6180=IFCFACE((#6179));
#6181=IFCPOLYLOOP((#5577,#5631,#5578));
#6182=IFCFACEOUTERBOUND(#6181,.T.);
#6183=IFCFACE((#6182));
#6184=IFCPOLYLOOP((#5631,#5632,#5628));
#6185=IFCFACEOUTERBOUND(#6184,.T.);
#6186=IFCFACE((#6185));
#6187=IFCPOLYLOOP((#5627,#5572,#5630));
#6188=IFCFACEOUTERBOUND(#6187,.T.);
#6189=IFCFACE((#6188));
#6190=IFCPOLYLOOP((#5518,#5517,#5628));
#6191=IFCFACEOUTERBOUND(#6190,.T.);
#6192=IFCFACE((#6191));
#6193=IFCPOLYLOOP((#5516,#5511,#5629));
#6194=IFCFACEOUTERBOUND(#6193,.T.);
#6195=IFCFACE((#6194));
#6196=IFCPOLYLOOP((#5579,#5578,#5631));
#6197=IFCFACEOUTERBOUND(#6196,.T.);
#6198=IFCFACE((#6197));
#6199=IFCPOLYLOOP((#5580,#5630,#5581));
#6200=IFCFACEOUTERBOUND(#6199,.T.);
#6201=IFCFACE((#6200));
#6202=IFCPOLYLOOP((#5629,#5511,#5627));
#6203=IFCFACEOUTERBOUND(#6202,.T.);
#6204=IFCFACE((#6203));
#6205=IFCPOLYLOOP((#5627,#5630,#5629));
#6206=IFCFACEOUTERBOUND(#6205,.T.);
#6207=IFCFACE((#6206));
#6208=IFCPOLYLOOP((#5628,#5630,#5580));
#6209=IFCFACEOUTERBOUND(#6208,.T.);
#6210=IFCFACE((#6209));
#6211=IFCPOLYLOOP((#5572,#5581,#5630));
#6212=IFCFACEOUTERBOUND(#6211,.T.);
#6213=IFCFACE((#6212));
#6214=IFCPOLYLOOP((#5630,#5628,#5629));
#6215=IFCFACEOUTERBOUND(#6214,.T.);
#6216=IFCFACE((#6215));
#6217=IFCPOLYLOOP((#5516,#5629,#5517));
#6218=IFCFACEOUTERBOUND(#6217,.T.);
#6219=IFCFACE((#6218));
#6220=IFCPOLYLOOP((#5580,#5579,#5628));
#6221=IFCFACEOUTERBOUND(#6220,.T.);
#6222=IFCFACE((#6221));
#6223=IFCPOLYLOOP((#5518,#5632,#5519));
#6224=IFCFACEOUTERBOUND(#6223,.T.);
#6225=IFCFACE((#6224));
#6226=IFCPOLYLOOP((#5511,#5510,#5637));
#6227=IFCFACEOUTERBOUND(#6226,.T.);
#6228=IFCFACE((#6227));
#6229=IFCPOLYLOOP((#5574,#5636,#5633));
#6230=IFCFACEOUTERBOUND(#6229,.T.);
#6231=IFCFACE((#6230));
#6232=IFCPOLYLOOP((#5575,#5635,#5576));
#6233=IFCFACEOUTERBOUND(#6232,.T.);
#6234=IFCFACE((#6233));
#6235=IFCPOLYLOOP((#5509,#5633,#5637));
#6236=IFCFACEOUTERBOUND(#6235,.T.);
#6237=IFCFACE((#6236));
#6238=IFCPOLYLOOP((#5627,#5637,#5636));
#6239=IFCFACEOUTERBOUND(#6238,.T.);
#6240=IFCFACE((#6239));
#6241=IFCPOLYLOOP((#5627,#5636,#5572));
#6242=IFCFACEOUTERBOUND(#6241,.T.);
#6243=IFCFACE((#6242));
#6244=IFCPOLYLOOP((#5627,#5511,#5637));
#6245=IFCFACEOUTERBOUND(#6244,.T.);
#6246=IFCFACE((#6245));
#6247=IFCPOLYLOOP((#5572,#5636,#5573));
#6248=IFCFACEOUTERBOUND(#6247,.T.);
#6249=IFCFACE((#6248));
#6250=IFCPOLYLOOP((#5636,#5637,#5633));
#6251=IFCFACEOUTERBOUND(#6250,.T.);
#6252=IFCFACE((#6251));
#6253=IFCPOLYLOOP((#5626,#5635,#5634));
#6254=IFCFACEOUTERBOUND(#6253,.T.);
#6255=IFCFACE((#6254));
#6256=IFCPOLYLOOP((#5509,#5508,#5633));
#6257=IFCFACEOUTERBOUND(#6256,.T.);
#6258=IFCFACE((#6257));
#6259=IFCPOLYLOOP((#5507,#5506,#5634));
#6260=IFCFACEOUTERBOUND(#6259,.T.);
#6261=IFCFACE((#6260));
#6262=IFCPOLYLOOP((#5574,#5573,#5636));
#6263=IFCFACEOUTERBOUND(#6262,.T.);
#6264=IFCFACE((#6263));
#6265=IFCPOLYLOOP((#5508,#5634,#5633));
#6266=IFCFACEOUTERBOUND(#6265,.T.);
#6267=IFCFACE((#6266));
#6268=IFCPOLYLOOP((#5634,#5506,#5626));
#6269=IFCFACEOUTERBOUND(#6268,.T.);
#6270=IFCFACE((#6269));
#6271=IFCPOLYLOOP((#5626,#5577,#5635));
#6272=IFCFACEOUTERBOUND(#6271,.T.);
#6273=IFCFACE((#6272));
#6274=IFCPOLYLOOP((#5633,#5635,#5575));
#6275=IFCFACEOUTERBOUND(#6274,.T.);
#6276=IFCFACE((#6275));
#6277=IFCPOLYLOOP((#5577,#5576,#5635));
#6278=IFCFACEOUTERBOUND(#6277,.T.);
#6279=IFCFACE((#6278));
#6280=IFCPOLYLOOP((#5635,#5633,#5634));
#6281=IFCFACEOUTERBOUND(#6280,.T.);
#6282=IFCFACE((#6281));
#6283=IFCPOLYLOOP((#5507,#5634,#5508));
#6284=IFCFACEOUTERBOUND(#6283,.T.);
#6285=IFCFACE((#6284));
#6286=IFCPOLYLOOP((#5575,#5574,#5633));
#6287=IFCFACEOUTERBOUND(#6286,.T.);
#6288=IFCFACE((#6287));
#6289=IFCPOLYLOOP((#5509,#5637,#5510));
#6290=IFCFACEOUTERBOUND(#6289,.T.);
#6291=IFCFACE((#6290));
#6292=IFCCLOSEDSHELL((#5640,#5643,#5646,#5649,#5652,#5655,#5658,#5661,#5664,#5667,#5670,#5673,#5676,#5679,#5682,#5685,#5688,#5691,#5694,#5697,#5700,#5703,#5706,#5709,#5712,#5715,#5718,#5721,#5724,#5727,#5730,#5733,#5736,#5739,#5742,#5745,#5748,#5751,#5754,#5757,#5760,#5763,#5766,#5769,#5772,#5775,#5778,#5781,#5784,#5787,#5790,#5793,#5796,#5799,#5802,#5805,#5808,#5811,#5814,#5817,#5820,#5823,#5826,#5829,#5832,#5835,#5838,#5841,#5844,#5847,#5850,#5853,#5856,#5859,#5862,#5865,#5868,#5871,#5874,#5877,#5880,#5883,#5886,#5889,#5892,#5895,#5898,#5901,#5904,#5907,#5910,#5913,#5916,#5919,#5922,#5925,#5928,#5931,#5934,#5937,#5940,#5943,#5946,#5949,#5952,#5955,#5958,#5961,#5964,#5967,#5970,#5973,#5976,#5979,#5982,#5985,#5988,#5991,#5994,#5997,#6000,#6003,#6006,#6009,#6012,#6015,#6018,#6021,#6024,#6027,#6030,#6033,#6036,#6039,#6042,#6045,#6048,#6051,#6054,#6057,#6060,#6063,#6066,#6069,#6072,#6075,#6078,#6081,#6084,#6087,#6090,#6093,#6096,#6099,#6102,#6105,#6108,#6111,#6114,#6117,#6120,#6123,#6126,#6129,#6132,#6135,#6138,#6141,#6144,#6147,#6150,#6153,#6156,#6159,#6162,#6165,#6168,#6171,#6174,#6177,#6180,#6183,#6186,#6189,#6192,#6195,#6198,#6201,#6204,#6207,#6210,#6213,#6216,#6219,#6222,#6225,#6228,#6231,#6234,#6237,#6240,#6243,#6246,#6249,#6252,#6255,#6258,#6261,#6264,#6267,#6270,#6273,#6276,#6279,#6282,#6285,#6288,#6291));
#6293=IFCFACETEDBREP(#6292);
#6294=IFCSHAPEREPRESENTATION(#26,'Body','Brep',(#6293));
#6295=IFCAXIS2PLACEMENT3D(#3,$,$);
#6296=IFCREPRESENTATIONMAP(#6295,#6294);
#6297=IFCPIPEFITTINGTYPE('0rjoauMs9BC9x$YTWd8Iaj',#18,'Elbow - Soldered - CU:Standard',$,$,$,(#6296),'509049',$,.NOTDEFINED.);
#6298=IFCMAPPEDITEM(#6296,#80);
#6299=IFCSHAPEREPRESENTATION(#26,'Body','MappedRepresentation',(#6298));
#6300=IFCPRODUCTDEFINITIONSHAPE($,$,(#6299));
#6301=IFCCARTESIANPOINT((-178.53930067510115,33.547030790317933,4313.9236315892185));
#6302=IFCAXIS2PLACEMENT3D(#6301,#9,#7);
#6303=IFCLOCALPLACEMENT(#36,#6302);
#6304=IFCFLOWFITTING('0rjoauMs9BC9x$YTWd8Ian',#18,'Elbow - Soldered - CU:Standard:1394864',$,'Elbow - Soldered - CU:Standard',#6303,#6300,'1394864');
#6305=IFCPROPERTYSET('3dRF3DYhmWxRFSHo9G50_j',#18,'Pset_DistributionFlowElementCommon',$,(#401));
#6306=IFCPROPERTYSET('28PP0pMUHc4E54wbfew59w',#18,'Pset_QuantityTakeOff',$,(#401));
#6307=IFCRELDEFINESBYPROPERTIES('0D3k6qEWnYyr0OGPyMurpA',#18,$,$,(#6304),#6305);
#6308=IFCRELDEFINESBYPROPERTIES('3eMuzM2qonUrB5ewGJtly5',#18,$,$,(#6304),#6306);
#6309=IFCAXIS2PLACEMENT3D(#3,$,$);
#6310=IFCLOCALPLACEMENT(#36,#6309);
#6311=IFCCARTESIANPOINT((-8.6967766321777169E-012,0.));
#6312=IFCAXIS2PLACEMENT2D(#6311,#11);
#6313=IFCCIRCLEPROFILEDEF(.AREA.,'Standard',#6312,11.);
#6314=IFCCARTESIANPOINT((-178.53930067509299,-5173.7924179713191,4313.9236315892167));
#6315=IFCAXIS2PLACEMENT3D(#6314,#7,#6);
#6316=IFCEXTRUDEDAREASOLID(#6313,#6315,#9,5172.3394487616497);
#6317=IFCSHAPEREPRESENTATION(#26,'Body','SweptSolid',(#6316));
#6318=IFCPRODUCTDEFINITIONSHAPE($,$,(#6317));
#6319=IFCFLOWSEGMENT('0rjoauMs9BC9x$YTWd8Iap',#18,'Pipe Types:Standard:1394866',$,'Pipe Types:Standard',#6310,#6318,'1394866');
#6320=IFCPROPERTYSET('3xmpD72hesXI3sFiOxyyUh',#18,'Pset_DistributionFlowElementCommon',$,(#401));
#6321=IFCPROPERTYLISTVALUE('ConnectionType',$,(IFCTEXT('Generic')),$);
#6322=IFCPROPERTYSET('2_SRZ7r6fr1KWhnzHAHZAq',#18,'Pset_DuctConnection',$,(#6321));
#6323=IFCPROPERTYENUMERATEDVALUE('Shape',$,(IFCLABEL('ROUND')),$);
#6324=IFCPROPERTYSINGLEVALUE('Length',$,IFCPOSITIVELENGTHMEASURE(5172.3394487616497),$);
#6325=IFCPROPERTYSET('15GU44GfzLnBEexA_yLHiI',#18,'Pset_DuctSegmentTypeCommon',$,(#6323,#6324));
#6326=IFCPROPERTYSINGLEVALUE('Length',$,IFCPOSITIVELENGTHMEASURE(5172.3394487616497),$);
#6327=IFCPROPERTYSET('13cNbB$zfGbibXmd9L4tvU',#18,'Pset_FlowSegmentDuctSegment',$,(#6326));
#6328=IFCPROPERTYSINGLEVALUE('Length',$,IFCPOSITIVELENGTHMEASURE(5172.3394487616497),$);
#6329=IFCPROPERTYSINGLEVALUE('InvertElevation',$,IFCLENGTHMEASURE(4303.8236315892173),$);
#6330=IFCPROPERTYSET('2kSquO86c07vSYiLdGmBdw',#18,'Pset_FlowSegmentPipeSegment',$,(#6328,#6329));
#6331=IFCPROPERTYLISTVALUE('ConnectionType',$,(IFCLABEL('Generic')),$);
#6332=IFCPROPERTYSET('1rCMzgQCBB8WHcxtm91Jq8',#18,'Pset_PipeConnection',$,(#6331));
#6333=IFCPROPERTYSET('0M2d_ipX_jZ3$vu2itunf$',#18,'Pset_QuantityTakeOff',$,(#401));
#6334=IFCRELDEFINESBYPROPERTIES('1QIc7OQqZTVWKOzpEPUF_3',#18,$,$,(#6319),#6320);
#6335=IFCRELDEFINESBYPROPERTIES('1qQZJJLHB17RyA$qkvk2uQ',#18,$,$,(#6319),#6322);
#6336=IFCRELDEFINESBYPROPERTIES('0JV2Nv9rwpp9geq2UbxqlF',#18,$,$,(#6319),#6325);
#6337=IFCRELDEFINESBYPROPERTIES('3idNwDnEe06MTztovWmkJX',#18,$,$,(#6319),#6327);
#6338=IFCRELDEFINESBYPROPERTIES('2ZqB0wiwOl9R2SBifR6Mnt',#18,$,$,(#6319),#6330);
#6339=IFCRELDEFINESBYPROPERTIES('0Rwq3F3o8lw$VwHjahaTW3',#18,$,$,(#6319),#6332);
#6340=IFCRELDEFINESBYPROPERTIES('3uDNkQGT6Sv35Hc2w_woED',#18,$,$,(#6319),#6333);
#6341=IFCAXIS2PLACEMENT3D(#3,$,$);
#6343=IFCCARTESIANPOINT((150.,150.,100.));
#6344=IFCCARTESIANPOINT((-150.,150.,100.));
#6345=IFCCARTESIANPOINT((-150.,-150.,100.));
#6346=IFCCARTESIANPOINT((150.,-150.,100.));
#6347=IFCPOLYLOOP((#6343,#6344,#6345,#6346));
#6348=IFCFACEOUTERBOUND(#6347,.T.);
#6349=IFCFACE((#6348));
#6350=IFCCARTESIANPOINT((100.,100.,0.));
#6351=IFCCARTESIANPOINT((100.,-100.,0.));
#6352=IFCCARTESIANPOINT((-100.,-100.,0.));
#6353=IFCCARTESIANPOINT((-100.,100.,0.));
#6354=IFCPOLYLOOP((#6350,#6351,#6352,#6353));
#6355=IFCFACEOUTERBOUND(#6354,.T.);
#6356=IFCFACE((#6355));
#6357=IFCPOLYLOOP((#6350,#6353,#6344,#6343));
#6358=IFCFACEOUTERBOUND(#6357,.T.);
#6359=IFCFACE((#6358));
#6360=IFCPOLYLOOP((#6353,#6352,#6345,#6344));
#6361=IFCFACEOUTERBOUND(#6360,.T.);
#6362=IFCFACE((#6361));
#6363=IFCPOLYLOOP((#6352,#6351,#6346,#6345));
#6364=IFCFACEOUTERBOUND(#6363,.T.);
#6365=IFCFACE((#6364));
#6366=IFCPOLYLOOP((#6351,#6350,#6343,#6346));
#6367=IFCFACEOUTERBOUND(#6366,.T.);
#6368=IFCFACE((#6367));
#6369=IFCCLOSEDSHELL((#6349,#6356,#6359,#6362,#6365,#6368));
#6370=IFCFACETEDBREP(#6369);
#6371=IFCSHAPEREPRESENTATION(#26,'Body','Brep',(#6370));
#6372=IFCAXIS2PLACEMENT3D(#3,$,$);
#6373=IFCREPRESENTATIONMAP(#6372,#6371);
#6374=IFCAIRTERMINALTYPE('0Sathp0mD3TwMjw9RnC52X',#18,'Extract Grille:250 x 200 Face 300 x 300 Connection 2',$,$,$,(#6373),'1395111',$,.NOTDEFINED.);
#6375=IFCMAPPEDITEM(#6373,#80);
#6376=IFCSHAPEREPRESENTATION(#26,'Body','MappedRepresentation',(#6375));
#6377=IFCPRODUCTDEFINITIONSHAPE($,$,(#6376));
#6378=IFCCARTESIANPOINT((-1026.0051333989661,-2995.1135114527065,0.));
#6379=IFCAXIS2PLACEMENT3D(#6378,$,$);
#6380=IFCLOCALPLACEMENT(#51,#6379);
#6381=IFCFLOWTERMINAL('0Sathp0mD3TwMjw9RnC57h',#18,'Extract Grille:250 x 200 Face 300 x 300 Connection 2:1394913',$,'Extract Grille:250 x 200 Face 300 x 300 Connection 2',#6380,#6377,'1394913');
#6382=IFCPROPERTYSINGLEVALUE('Reference',$,IFCIDENTIFIER('250 x 200 Face 300 x 300 Connection 2'),$);
#6383=IFCPROPERTYSET('3r9k41H2$j1YoGlbvReOFM',#18,'Pset_DistributionFlowElementCommon',$,(#6382));
#6384=IFCPROPERTYSET('2pfdOMCZhtnk0f_2VyIMPY',#18,'Pset_QuantityTakeOff',$,(#6382));
#6385=IFCRELDEFINESBYPROPERTIES('19Rq0gfMNPkmUQuiPq30pJ',#18,$,$,(#6381),#6383);
#6386=IFCRELDEFINESBYPROPERTIES('2z48_$OKgsbVFThXPnslrV',#18,$,$,(#6381),#6384);
#6387=IFCAXIS2PLACEMENT3D(#3,$,$);
#6388=IFCLOCALPLACEMENT(#51,#6387);
#6389=IFCCARTESIANPOINT((0.,0.));
#6390=IFCAXIS2PLACEMENT2D(#6389,#11);
#6391=IFCRECTANGLEPROFILEDEF(.AREA.,'Flanged Radius Bend / Shoe Branch',#6390,1895.0000000000068,300.);
#6392=IFCCARTESIANPOINT((-1026.005133398967,-4247.6135114527042,559.7999999999962));
#6393=IFCAXIS2PLACEMENT3D(#6392,#9,#8);
#6394=IFCEXTRUDEDAREASOLID(#6391,#6393,#9,300.);
#6395=IFCSHAPEREPRESENTATION(#26,'Body','SweptSolid',(#6394));
#6396=IFCPRODUCTDEFINITIONSHAPE($,$,(#6395));
#6397=IFCFLOWSEGMENT('0Sathp0mD3TwMjw9RnC57s',#18,'Rectangular Duct:Flanged Radius Bend / Shoe Branch:1394940',$,'Rectangular Duct:Flanged Radius Bend / Shoe Branch',#6388,#6396,'1394940');
#6398=IFCPROPERTYSET('2XINoPojv_wkma7SP19I7e',#18,'Pset_DistributionFlowElementCommon',$,(#277));
#6399=IFCPROPERTYENUMERATEDVALUE('Shape',$,(IFCLABEL('RECTANGULAR')),$);
#6400=IFCPROPERTYSINGLEVALUE('Length',$,IFCPOSITIVELENGTHMEASURE(1895.),$);
#6401=IFCPROPERTYSET('0VmhOp8q2NK82Cu1QkS7ld',#18,'Pset_DuctSegmentTypeCommon',$,(#6399,#6400));
#6402=IFCPROPERTYSET('2u_17SERH7sHY$njZyzTm0',#18,'Pset_FlowSegmentDuctSegment',$,(#6400));
#6403=IFCPROPERTYSET('1a_EGrB5$OQtXEBrsJV9XP',#18,'Pset_FlowSegmentPipeSegment',$,(#6400));
#6404=IFCPROPERTYSET('06HMA76ZLvYO4soVx5Wlwn',#18,'Pset_QuantityTakeOff',$,(#277));
#6405=IFCRELDEFINESBYPROPERTIES('1qoU5rtGncV2KTU9jqtAVr',#18,$,$,(#6397),#6398);
#6406=IFCRELDEFINESBYPROPERTIES('1FsEfStiVacggqlgm4NzVw',#18,$,$,(#6397),#6401);
#6407=IFCRELDEFINESBYPROPERTIES('080VaAaGJA1tC1SvJ60An$',#18,$,$,(#6397),#6402);
#6408=IFCRELDEFINESBYPROPERTIES('1RnNmlLygBA5Bl92F12zmc',#18,$,$,(#6397),#6403);
#6409=IFCRELDEFINESBYPROPERTIES('2N3hGDuikqvg4AVSdEIjcX',#18,$,$,(#6397),#6404);
#6410=IFCAXIS2PLACEMENT3D(#3,$,$);
#6411=IFCLOCALPLACEMENT(#51,#6410);
#6412=IFCCARTESIANPOINT((0.,0.));
#6413=IFCAXIS2PLACEMENT2D(#6412,#11);
#6414=IFCRECTANGLEPROFILEDEF(.AREA.,'Flanged Radius Bend / Shoe Branch',#6413,300.,300.);
#6415=IFCCARTESIANPOINT((-1026.0051333989661,-2995.1135114527065,100.));
#6416=IFCAXIS2PLACEMENT3D(#6415,#9,#7);
#6417=IFCEXTRUDEDAREASOLID(#6414,#6416,#9,304.80000000000001);
#6418=IFCSHAPEREPRESENTATION(#26,'Body','SweptSolid',(#6417));
#6419=IFCPRODUCTDEFINITIONSHAPE($,$,(#6418));
#6420=IFCFLOWSEGMENT('0Sathp0mD3TwMjw9RnC50C',#18,'Rectangular Duct:Flanged Radius Bend / Shoe Branch:1394950',$,'Rectangular Duct:Flanged Radius Bend / Shoe Branch',#6411,#6419,'1394950');
#6421=IFCPROPERTYSET('2fssQ4bDnBSoRA$GBC0Wn_',#18,'Pset_DistributionFlowElementCommon',$,(#277));
#6422=IFCPROPERTYENUMERATEDVALUE('Shape',$,(IFCLABEL('RECTANGULAR')),$);
#6423=IFCPROPERTYSINGLEVALUE('Length',$,IFCPOSITIVELENGTHMEASURE(304.80000000000001),$);
#6424=IFCPROPERTYSET('0vfFJQPudLfX6tGsch6bhL',#18,'Pset_DuctSegmentTypeCommon',$,(#6422,#6423));
#6425=IFCPROPERTYSINGLEVALUE('Length',$,IFCPOSITIVELENGTHMEASURE(304.80000000000001),$);
#6426=IFCPROPERTYSET('3pbSpWV4N6NYEuDlr4Ejze',#18,'Pset_FlowSegmentDuctSegment',$,(#6425));
#6427=IFCPROPERTYSINGLEVALUE('Length',$,IFCPOSITIVELENGTHMEASURE(304.80000000000001),$);
#6428=IFCPROPERTYSET('1EoUajbMCwwUU5nKSGLSUd',#18,'Pset_FlowSegmentPipeSegment',$,(#6427));
#6429=IFCPROPERTYSET('1DY$ANx0qjZvf6vnrZ0Zl5',#18,'Pset_QuantityTakeOff',$,(#277));
#6430=IFCRELDEFINESBYPROPERTIES('1uV19klK0_sywSEwox7GQy',#18,$,$,(#6420),#6421);
#6431=IFCRELDEFINESBYPROPERTIES('3Ph1W5HaDmHxyY6lIEhfjg',#18,$,$,(#6420),#6424);
#6432=IFCRELDEFINESBYPROPERTIES('3lzo$MO__$xeHVD7mMAu3Z',#18,$,$,(#6420),#6426);
#6433=IFCRELDEFINESBYPROPERTIES('1DNXPnTqrpbjiQWBSESV4v',#18,$,$,(#6420),#6428);
#6434=IFCRELDEFINESBYPROPERTIES('2MHrLQIuF_CePZXbaleS0F',#18,$,$,(#6420),#6429);
#6435=IFCMAPPEDITEM(#392,#80);
#6436=IFCSHAPEREPRESENTATION(#26,'Body','MappedRepresentation',(#6435));
#6437=IFCPRODUCTDEFINITIONSHAPE($,$,(#6436));
#6438=IFCCARTESIANPOINT((-1026.0051333989661,-2995.1135114527156,709.79999999998154));
#6439=IFCAXIS2PLACEMENT3D(#6438,#5,#9);
#6440=IFCLOCALPLACEMENT(#51,#6439);
#6441=IFCFLOWFITTING('0Sathp0mD3TwMjw9RnC50D',#18,'Rectangular Medium Radius Bend - Flanged:Standard:1394951',$,'Rectangular Medium Radius Bend - Flanged:Standard',#6440,#6437,'1394951');
#6442=IFCPROPERTYSET('1se4xAv_gigf6eyWz8u13r',#18,'Pset_DistributionFlowElementCommon',$,(#401));
#6443=IFCPROPERTYSINGLEVALUE('FlangeThickness',$,IFCLENGTHMEASURE(5.),$);
#6444=IFCPROPERTYSET('18g2QfxENe_iH8RGEMqfMS',#18,'Pset_PipeConnectionFlanged',$,(#6443));
#6445=IFCPROPERTYSET('0flAbRUkDUmgfzkmvsX3Hp',#18,'Pset_QuantityTakeOff',$,(#401));
#6446=IFCRELDEFINESBYPROPERTIES('3Bt1OlGdPxvf8WrdSfrIge',#18,$,$,(#6441),#6442);
#6447=IFCRELDEFINESBYPROPERTIES('2cmLj6Q6NU_uTI8KfumSZO',#18,$,$,(#6441),#6444);
#6448=IFCRELDEFINESBYPROPERTIES('3XvApv2gaPhngYZtl6YN$x',#18,$,$,(#6441),#6445);
#6449=IFCAXIS2PLACEMENT3D(#3,$,$);
#6451=IFCCARTESIANPOINT((155.,-55.,106.));
#6452=IFCCARTESIANPOINT((155.,-55.,5.0847579388287043));
#6453=IFCCARTESIANPOINT((155.,-0.,0.));
#6454=IFCCARTESIANPOINT((155.,55.,5.0847579388283659));
#6455=IFCCARTESIANPOINT((155.,55.,106.));
#6456=IFCCARTESIANPOINT((-155.,-55.,106.));
#6457=IFCCARTESIANPOINT((-155.,55.,106.));
#6458=IFCCARTESIANPOINT((-155.,55.,5.0847579388288731));
#6459=IFCCARTESIANPOINT((-155.,-0.,0.));
#6460=IFCCARTESIANPOINT((-155.,-55.,5.0847579388292115));
#6461=IFCCARTESIANPOINT((176.,-76.009695129860077,4.6230776680973751));
#6462=IFCCARTESIANPOINT((176.,-25.583019098192029,-3.9251702867365119));
#6463=IFCCARTESIANPOINT((176.,25.563067710887427,-3.9268490430024237));
#6464=IFCCARTESIANPOINT((176.,75.990304788264496,4.6180886069947427));
#6465=IFCCARTESIANPOINT((176.,74.744564735783285,9.4604157047497193));
#6466=IFCCARTESIANPOINT((176.,25.147273570918848,1.0558335876935467));
#6467=IFCCARTESIANPOINT((176.,-25.157083007547609,1.0566589225450209));
#6468=IFCCARTESIANPOINT((176.,-74.75409836066909,9.4628685033796014));
#6469=IFCCARTESIANPOINT((-176.,-76.,4.6205829784358574));
#6470=IFCCARTESIANPOINT((-176.,-74.754098360669047,9.4628685033802107));
#6471=IFCCARTESIANPOINT((-176.,-25.157083007547609,1.0566589225455623));
#6472=IFCCARTESIANPOINT((-176.,25.147273570918848,1.0558335876940881));
#6473=IFCCARTESIANPOINT((-176.,74.74456473578141,9.4604157047497193));
#6474=IFCCARTESIANPOINT((-176.,75.990304788262563,4.6180886069948111));
#6475=IFCCARTESIANPOINT((-176.,25.563067710887427,-3.9268490430018823));
#6476=IFCCARTESIANPOINT((-176.,-25.583019098192029,-3.9251702867359706));
#6477=IFCCARTESIANPOINT((176.,-49.955590684106355,5.2597637129619601));
#6478=IFCCARTESIANPOINT((176.,-0.0049047183133869082,1.0562462551191822));
#6479=IFCCARTESIANPOINT((176.,49.945919153351049,5.2581246462216198));
#6480=IFCCARTESIANPOINT((0.,74.744564735783413,9.460415704750007));
#6481=IFCCARTESIANPOINT((-176.,49.945919153351049,5.2581246462221953));
#6482=IFCCARTESIANPOINT((-176.,-0.0049047183134630469,1.0562462551197576));
#6483=IFCCARTESIANPOINT((-176.,-49.955590684106355,5.2597637129625348));
#6484=IFCCARTESIANPOINT((0.,-74.754098360667243,9.4628685033794167));
#6485=IFCCARTESIANPOINT((155.,27.499999999992081,2.5423789694141585));
#6486=IFCCARTESIANPOINT((155.,-27.500000000009923,2.5423789694143353));
#6487=IFCCARTESIANPOINT((-155.,-27.50000000000939,2.5423789694148429));
#6488=IFCCARTESIANPOINT((-155.,27.499999999993594,2.5423789694148522));
#6489=IFCCARTESIANPOINT((176.,-62.354844522386877,7.3613161081705574));
#6490=IFCCARTESIANPOINT((-155.,41.249999999994131,3.8135684541218628));
#6491=IFCCARTESIANPOINT((176.,62.34524194456715,7.3592701754856567));
#6492=IFCCARTESIANPOINT((-155.,-13.750000000008358,1.2711894847078444));
#6493=IFCCARTESIANPOINT((-176.,62.34524194456715,7.3592701754862304));
#6494=IFCCARTESIANPOINT((155.,-41.250000000010765,3.8135684541213406));
#6495=IFCCARTESIANPOINT((-176.,-62.354844522386806,7.3613161081711196));
#6496=IFCCARTESIANPOINT((155.,13.749999999991926,1.271189484707256));
#6497=IFCCARTESIANPOINT((155.,41.249999999992397,3.8135684541210764));
#6498=IFCCARTESIANPOINT((155.,-13.750000000009077,1.2711894847073293));
#6499=IFCCARTESIANPOINT((-155.,-41.250000000010424,3.8135684541218411));
#6500=IFCCARTESIANPOINT((-155.,13.749999999993216,1.2711894847078564));
#6501=IFCCARTESIANPOINT((-155.,48.12499999999433,4.4491631964753608));
#6502=IFCCARTESIANPOINT((155.,-48.125000000011028,4.4491631964748288));
#6503=IFCCARTESIANPOINT((155.,48.124999999992639,4.4491631964745419));
#6504=IFCCARTESIANPOINT((-155.,-48.125000000010857,4.4491631964753324));
#6505=IFCCARTESIANPOINT((-176.,-12.580993862929464,1.0564525888325753));
#6506=IFCCARTESIANPOINT((-176.,12.571184426302692,1.0560399214069398));
#6507=IFCCARTESIANPOINT((-176.,37.546596362134949,3.1569791169581589));
#6508=IFCCARTESIANPOINT((176.,12.571184426302729,1.0560399214063645));
#6509=IFCCARTESIANPOINT((176.,37.546596362134949,3.1569791169575829));
#6510=IFCCARTESIANPOINT((176.,-37.556336845825989,3.158211317753389));
#6511=IFCCARTESIANPOINT((176.,-12.580993862929503,1.056452588832));
#6512=IFCCARTESIANPOINT((0.,55.,5.0847579388284334));
#6513=IFCCARTESIANPOINT((0.,-55.,5.0847579388285853));
#6514=IFCCARTESIANPOINT((-176.,-37.556336845825911,3.1582113177539508));
#6515=IFCPOLYLOOP((#6455,#6451,#6452,#6502,#6494,#6486,#6498,#6453,#6496,#6485,#6497,#6503,#6454));
#6516=IFCFACEOUTERBOUND(#6515,.T.);
#6517=IFCFACE((#6516));
#6518=IFCPOLYLOOP((#6457,#6458,#6501,#6490,#6488,#6500,#6459,#6492,#6487,#6499,#6504,#6460,#6456));
#6519=IFCFACEOUTERBOUND(#6518,.T.);
#6520=IFCFACE((#6519));
#6521=IFCPOLYLOOP((#6452,#6451,#6456,#6460,#6513));
#6522=IFCFACEOUTERBOUND(#6521,.T.);
#6523=IFCFACE((#6522));
#6524=IFCPOLYLOOP((#6455,#6454,#6512,#6458,#6457));
#6525=IFCFACEOUTERBOUND(#6524,.T.);
#6526=IFCFACE((#6525));
#6527=IFCPOLYLOOP((#6451,#6455,#6457,#6456));
#6528=IFCFACEOUTERBOUND(#6527,.T.);
#6529=IFCFACE((#6528));
#6530=IFCPOLYLOOP((#6464,#6465,#6491,#6479,#6509,#6466,#6508,#6478,#6511,#6467,#6510,#6477,#6489,#6468,#6461,#6462,#6463));
#6531=IFCFACEOUTERBOUND(#6530,.T.);
#6532=IFCFACE((#6531));
#6533=IFCPOLYLOOP((#6469,#6470,#6495,#6483,#6514,#6471,#6505,#6482,#6506,#6472,#6507,#6481,#6493,#6473,#6474,#6475,#6476));
#6534=IFCFACEOUTERBOUND(#6533,.T.);
#6535=IFCFACE((#6534));
#6536=IFCPOLYLOOP((#6469,#6476,#6461));
#6537=IFCFACEOUTERBOUND(#6536,.T.);
#6538=IFCFACE((#6537));
#6539=IFCPOLYLOOP((#6462,#6461,#6476));
#6540=IFCFACEOUTERBOUND(#6539,.T.);
#6541=IFCFACE((#6540));
#6542=IFCPOLYLOOP((#6476,#6475,#6463,#6462));
#6543=IFCFACEOUTERBOUND(#6542,.T.);
#6544=IFCFACE((#6543));
#6545=IFCPOLYLOOP((#6475,#6474,#6464,#6463));
#6546=IFCFACEOUTERBOUND(#6545,.T.);
#6547=IFCFACE((#6546));
#6548=IFCPOLYLOOP((#6464,#6474,#6473,#6480,#6465));
#6549=IFCFACEOUTERBOUND(#6548,.T.);
#6550=IFCFACE((#6549));
#6551=IFCPOLYLOOP((#6485,#6509,#6497));
#6552=IFCFACEOUTERBOUND(#6551,.T.);
#6553=IFCFACE((#6552));
#6554=IFCPOLYLOOP((#6487,#6492,#6471));
#6555=IFCFACEOUTERBOUND(#6554,.T.);
#6556=IFCFACE((#6555));
#6557=IFCPOLYLOOP((#6503,#6497,#6479,#6454));
#6558=IFCFACEOUTERBOUND(#6557,.T.);
#6559=IFCFACE((#6558));
#6560=IFCPOLYLOOP((#6480,#6473,#6458,#6512,#6454,#6465));
#6561=IFCFACEOUTERBOUND(#6560,.T.);
#6562=IFCFACE((#6561));
#6563=IFCPOLYLOOP((#6493,#6481,#6458,#6473));
#6564=IFCFACEOUTERBOUND(#6563,.T.);
#6565=IFCFACE((#6564));
#6566=IFCPOLYLOOP((#6472,#6506,#6500));
#6567=IFCFACEOUTERBOUND(#6566,.T.);
#6568=IFCFACE((#6567));
#6569=IFCPOLYLOOP((#6479,#6491,#6465,#6454));
#6570=IFCFACEOUTERBOUND(#6569,.T.);
#6571=IFCFACE((#6570));
#6572=IFCPOLYLOOP((#6472,#6488,#6507));
#6573=IFCFACEOUTERBOUND(#6572,.T.);
#6574=IFCFACE((#6573));
#6575=IFCPOLYLOOP((#6459,#6506,#6482,#6505));
#6576=IFCFACEOUTERBOUND(#6575,.T.);
#6577=IFCFACE((#6576));
#6578=IFCPOLYLOOP((#6481,#6507,#6490));
#6579=IFCFACEOUTERBOUND(#6578,.T.);
#6580=IFCFACE((#6579));
#6581=IFCPOLYLOOP((#6452,#6468,#6489,#6477));
#6582=IFCFACEOUTERBOUND(#6581,.T.);
#6583=IFCFACE((#6582));
#6584=IFCPOLYLOOP((#6485,#6496,#6466));
#6585=IFCFACEOUTERBOUND(#6584,.T.);
#6586=IFCFACE((#6585));
#6587=IFCPOLYLOOP((#6460,#6470,#6484,#6468,#6452,#6513));
#6588=IFCFACEOUTERBOUND(#6587,.T.);
#6589=IFCFACE((#6588));
#6590=IFCPOLYLOOP((#6504,#6499,#6483,#6460));
#6591=IFCFACEOUTERBOUND(#6590,.T.);
#6592=IFCFACE((#6591));
#6593=IFCPOLYLOOP((#6496,#6453,#6508));
#6594=IFCFACEOUTERBOUND(#6593,.T.);
#6595=IFCFACE((#6594));
#6596=IFCPOLYLOOP((#6453,#6511,#6478,#6508));
#6597=IFCFACEOUTERBOUND(#6596,.T.);
#6598=IFCFACE((#6597));
#6599=IFCPOLYLOOP((#6514,#6499,#6487));
#6600=IFCFACEOUTERBOUND(#6599,.T.);
#6601=IFCFACE((#6600));
#6602=IFCPOLYLOOP((#6467,#6486,#6510));
#6603=IFCFACEOUTERBOUND(#6602,.T.);
#6604=IFCFACE((#6603));
#6605=IFCPOLYLOOP((#6483,#6495,#6470,#6460));
#6606=IFCFACEOUTERBOUND(#6605,.T.);
#6607=IFCFACE((#6606));
#6608=IFCPOLYLOOP((#6467,#6511,#6498));
#6609=IFCFACEOUTERBOUND(#6608,.T.);
#6610=IFCFACE((#6609));
#6611=IFCPOLYLOOP((#6477,#6510,#6494));
#6612=IFCFACEOUTERBOUND(#6611,.T.);
#6613=IFCFACE((#6612));
#6614=IFCPOLYLOOP((#6492,#6459,#6505));
#6615=IFCFACEOUTERBOUND(#6614,.T.);
#6616=IFCFACE((#6615));
#6617=IFCPOLYLOOP((#6490,#6501,#6458,#6481));
#6618=IFCFACEOUTERBOUND(#6617,.T.);
#6619=IFCFACE((#6618));
#6620=IFCPOLYLOOP((#6494,#6502,#6452,#6477));
#6621=IFCFACEOUTERBOUND(#6620,.T.);
#6622=IFCFACE((#6621));
#6623=IFCPOLYLOOP((#6466,#6509,#6485));
#6624=IFCFACEOUTERBOUND(#6623,.T.);
#6625=IFCFACE((#6624));
#6626=IFCPOLYLOOP((#6498,#6486,#6467));
#6627=IFCFACEOUTERBOUND(#6626,.T.);
#6628=IFCFACE((#6627));
#6629=IFCPOLYLOOP((#6471,#6514,#6487));
#6630=IFCFACEOUTERBOUND(#6629,.T.);
#6631=IFCFACE((#6630));
#6632=IFCPOLYLOOP((#6500,#6488,#6472));
#6633=IFCFACEOUTERBOUND(#6632,.T.);
#6634=IFCFACE((#6633));
#6635=IFCPOLYLOOP((#6505,#6471,#6492));
#6636=IFCFACEOUTERBOUND(#6635,.T.);
#6637=IFCFACE((#6636));
#6638=IFCPOLYLOOP((#6500,#6506,#6459));
#6639=IFCFACEOUTERBOUND(#6638,.T.);
#6640=IFCFACE((#6639));
#6641=IFCPOLYLOOP((#6490,#6507,#6488));
#6642=IFCFACEOUTERBOUND(#6641,.T.);
#6643=IFCFACE((#6642));
#6644=IFCPOLYLOOP((#6508,#6466,#6496));
#6645=IFCFACEOUTERBOUND(#6644,.T.);
#6646=IFCFACE((#6645));
#6647=IFCPOLYLOOP((#6509,#6479,#6497));
#6648=IFCFACEOUTERBOUND(#6647,.T.);
#6649=IFCFACE((#6648));
#6650=IFCPOLYLOOP((#6494,#6510,#6486));
#6651=IFCFACEOUTERBOUND(#6650,.T.);
#6652=IFCFACE((#6651));
#6653=IFCPOLYLOOP((#6498,#6511,#6453));
#6654=IFCFACEOUTERBOUND(#6653,.T.);
#6655=IFCFACE((#6654));
#6656=IFCPOLYLOOP((#6514,#6483,#6499));
#6657=IFCFACEOUTERBOUND(#6656,.T.);
#6658=IFCFACE((#6657));
#6659=IFCPOLYLOOP((#6461,#6468,#6469));
#6660=IFCFACEOUTERBOUND(#6659,.T.);
#6661=IFCFACE((#6660));
#6662=IFCPOLYLOOP((#6469,#6468,#6484,#6470));
#6663=IFCFACEOUTERBOUND(#6662,.T.);
#6664=IFCFACE((#6663));
#6665=IFCCLOSEDSHELL((#6517,#6520,#6523,#6526,#6529,#6532,#6535,#6538,#6541,#6544,#6547,#6550,#6553,#6556,#6559,#6562,#6565,#6568,#6571,#6574,#6577,#6580,#6583,#6586,#6589,#6592,#6595,#6598,#6601,#6604,#6607,#6610,#6613,#6616,#6619,#6622,#6625,#6628,#6631,#6634,#6637,#6640,#6643,#6646,#6649,#6652,#6655,#6658,#6661,#6664));
#6666=IFCFACETEDBREP(#6665);
#6667=IFCSHAPEREPRESENTATION(#26,'Body','Brep',(#6666));
#6668=IFCAXIS2PLACEMENT3D(#3,$,$);
#6669=IFCREPRESENTATIONMAP(#6668,#6667);
#6670=IFCAIRTERMINALTYPE('01QSOWdwT1EO0AjU5aPwBQ',#18,'Supply Grille - Single Deflection - Curve Face Rectangular Neck:310x110 Connection 600 Diameter Duct',$,$,$,(#6669),'749576',$,.NOTDEFINED.);
#6671=IFCMAPPEDITEM(#6669,#80);
#6672=IFCSHAPEREPRESENTATION(#26,'Body','MappedRepresentation',(#6671));
#6673=IFCPRODUCTDEFINITIONSHAPE($,$,(#6672));
#6674=IFCCARTESIANPOINT((-1026.0051333990007,-3717.8356043550134,0.));
#6675=IFCAXIS2PLACEMENT3D(#6674,#9,#6);
#6676=IFCLOCALPLACEMENT(#51,#6675);
#6677=IFCFLOWTERMINAL('0Sathp0mD3TwMjw9RnC51J',#18,'Supply Grille - Single Deflection - Curve Face Rectangular Neck:310x110 Connection 600 Diameter Duct:1395033',$,'Supply Grille - Single Deflection - Curve Face Rectangular Neck:310x110 Connection 600 Diameter Duct',#6676,#6673,'1395033');
#6678=IFCPROPERTYSINGLEVALUE('Reference',$,IFCIDENTIFIER('310x110 Connection 600 Diameter Duct'),$);
#6679=IFCPROPERTYSET('3eVuHE8ovzudXYkEVcPk5I',#18,'Pset_DistributionFlowElementCommon',$,(#6678));
#6680=IFCPROPERTYSET('1JKmKTy7oa8VfFpwcOUTMt',#18,'Pset_QuantityTakeOff',$,(#6678));
#6681=IFCRELDEFINESBYPROPERTIES('08HTyOiHYSwh4De4RlZ7V_',#18,$,$,(#6677),#6679);
#6682=IFCRELDEFINESBYPROPERTIES('32iEGKTYxywJyK5sb90t81',#18,$,$,(#6677),#6680);
#6683=IFCAXIS2PLACEMENT3D(#3,$,$);
#6684=IFCLOCALPLACEMENT(#51,#6683);
#6685=IFCCARTESIANPOINT((0.,0.));
#6686=IFCAXIS2PLACEMENT2D(#6685,#11);
#6687=IFCRECTANGLEPROFILEDEF(.AREA.,'Flanged Radius Bend / Shoe Branch',#6686,109.9999999999999,309.99999999999989);
#6688=IFCCARTESIANPOINT((-1026.0051333990134,-3717.8356043549961,106.));
#6689=IFCAXIS2PLACEMENT3D(#6688,$,$);
#6690=IFCEXTRUDEDAREASOLID(#6687,#6689,#9,373.7999999999908);
#6691=IFCSHAPEREPRESENTATION(#26,'Body','SweptSolid',(#6690));
#6692=IFCPRODUCTDEFINITIONSHAPE($,$,(#6691));
#6693=IFCFLOWSEGMENT('0Sathp0mD3TwMjw9RnC51H',#18,'Rectangular Duct:Flanged Radius Bend / Shoe Branch:1395035',$,'Rectangular Duct:Flanged Radius Bend / Shoe Branch',#6684,#6692,'1395035');
#6694=IFCPROPERTYSET('0VAmMN8NLwj3rLnH53lP0z',#18,'Pset_DistributionFlowElementCommon',$,(#277));
#6695=IFCPROPERTYENUMERATEDVALUE('Shape',$,(IFCLABEL('RECTANGULAR')),$);
#6696=IFCPROPERTYSINGLEVALUE('Length',$,IFCPOSITIVELENGTHMEASURE(373.7999999999908),$);
#6697=IFCPROPERTYSET('1lZjV2me6120fkYrO2YwXL',#18,'Pset_DuctSegmentTypeCommon',$,(#6695,#6696));
#6698=IFCPROPERTYSINGLEVALUE('Length',$,IFCPOSITIVELENGTHMEASURE(373.7999999999908),$);
#6699=IFCPROPERTYSET('1iaxaSgEyUFGlyQ$$GVVfd',#18,'Pset_FlowSegmentDuctSegment',$,(#6698));
#6700=IFCPROPERTYSINGLEVALUE('Length',$,IFCPOSITIVELENGTHMEASURE(373.7999999999908),$);
#6701=IFCPROPERTYSET('2LeWBeOhUi6uEPWUx0yW8Y',#18,'Pset_FlowSegmentPipeSegment',$,(#6700));
#6702=IFCPROPERTYSET('0C7ZlqEwR0Fc61RO7x0WAP',#18,'Pset_QuantityTakeOff',$,(#277));
#6703=IFCRELDEFINESBYPROPERTIES('2XhWJ7Ybd_kqbhdQ5G$FOU',#18,$,$,(#6693),#6694);
#6704=IFCRELDEFINESBYPROPERTIES('1KIybLCTiwBES1KNXQeiF2',#18,$,$,(#6693),#6697);
#6705=IFCRELDEFINESBYPROPERTIES('0fO4SYr7snmzZeygKFpGiS',#18,$,$,(#6693),#6699);
#6706=IFCRELDEFINESBYPROPERTIES('3M_oVTen4xG16ZhNnfcKv9',#18,$,$,(#6693),#6701);
#6707=IFCRELDEFINESBYPROPERTIES('1MwNXGAqt7Muv5BM4lI1qX',#18,$,$,(#6693),#6702);
#6708=IFCAXIS2PLACEMENT3D(#3,$,$);
#6710=IFCCARTESIANPOINT((-33.,-201.));
#6711=IFCCARTESIANPOINT((47.,-201.));
#6712=IFCCARTESIANPOINT((47.,184.));
#6713=IFCCARTESIANPOINT((-28.,109.));
#6714=IFCCARTESIANPOINT((-33.,109.));
#6715=IFCPOLYLINE((#6710,#6711,#6712,#6713,#6714,#6710));
#6716=IFCARBITRARYCLOSEDPROFILEDEF(.AREA.,'Standard',#6715);
#6717=IFCCARTESIANPOINT((47.,-46.,-55.));
#6718=IFCAXIS2PLACEMENT3D(#6717,#9,#6);
#6719=IFCEXTRUDEDAREASOLID(#6716,#6718,#9,109.99999999999997);
#6720=IFCCARTESIANPOINT((-2.2204460492503131E-016,-4.2632564145606011E-014));
#6721=IFCAXIS2PLACEMENT2D(#6720,#11);
#6722=IFCRECTANGLEPROFILEDEF(.AREA.,'Standard',#6721,6.0960000000059615,385.00000000000034);
#6723=IFCCARTESIANPOINT((-3.0479999999968737,-37.500000000007191,-55.));
#6724=IFCAXIS2PLACEMENT3D(#6723,$,$);
#6725=IFCEXTRUDEDAREASOLID(#6722,#6724,#9,109.99999999999997);
#6726=IFCCARTESIANPOINT((-4.2188474935755949E-015,0.));
#6727=IFCAXIS2PLACEMENT2D(#6726,#11);
#6728=IFCRECTANGLEPROFILEDEF(.AREA.,'Standard',#6727,5.0000000000000391,410.00000000000006);
#6729=IFCCARTESIANPOINT((77.500000000005201,-0.,-105.));
#6730=IFCAXIS2PLACEMENT3D(#6729,#9,#6);
#6731=IFCEXTRUDEDAREASOLID(#6728,#6730,#9,210.);
#6732=IFCSHAPEREPRESENTATION(#26,'Body','SweptSolid',(#6719,#6725,#6731));
#6733=IFCAXIS2PLACEMENT3D(#3,$,$);
#6734=IFCREPRESENTATIONMAP(#6733,#6732);
#6735=IFCDUCTFITTINGTYPE('0Sathp0mD3TwMjw9RnC51N',#18,'Rectangular Shoe Branch - Flanged:Standard',$,$,$,(#6734),'498589',$,.NOTDEFINED.);
#6736=IFCMAPPEDITEM(#6734,#80);
#6737=IFCSHAPEREPRESENTATION(#26,'Body','MappedRepresentation',(#6736));
#6738=IFCPRODUCTDEFINITIONSHAPE($,$,(#6737));
#6739=IFCCARTESIANPOINT((-1026.0051333990134,-3717.8356043549875,559.80000000000109));
#6740=IFCAXIS2PLACEMENT3D(#6739,#5,#10);
#6741=IFCLOCALPLACEMENT(#51,#6740);
#6742=IFCFLOWFITTING('0Sathp0mD3TwMjw9RnC51M',#18,'Rectangular Shoe Branch - Flanged:Standard:1395036',$,'Rectangular Shoe Branch - Flanged:Standard',#6741,#6738,'1395036');
#6743=IFCPROPERTYSET('3MFLVx97r_BEGUdj33Q$AB',#18,'Pset_DistributionFlowElementCommon',$,(#401));
#6744=IFCPROPERTYSINGLEVALUE('FlangeThickness',$,IFCLENGTHMEASURE(5.),$);
#6745=IFCPROPERTYSET('2hen1rXuwlN_KzPTEyWI7s',#18,'Pset_PipeConnectionFlanged',$,(#6744));
#6746=IFCPROPERTYSET('3vWlgb42lt8fUs$Oxh9us2',#18,'Pset_QuantityTakeOff',$,(#401));
#6747=IFCRELDEFINESBYPROPERTIES('3hIJc2McIvG1NQuc97EkEj',#18,$,$,(#6742),#6743);
#6748=IFCRELDEFINESBYPROPERTIES('182K5VXugSnPsGhS6wDNL_',#18,$,$,(#6742),#6745);
#6749=IFCRELDEFINESBYPROPERTIES('3lE$9z9PEjeiMa_jOfD0KO',#18,$,$,(#6742),#6746);
#6750=IFCAXIS2PLACEMENT3D(#3,$,$);
#6752=IFCCARTESIANPOINT((150.,150.,100.));
#6753=IFCCARTESIANPOINT((-150.,150.,100.));
#6754=IFCCARTESIANPOINT((-150.,-150.,100.));
#6755=IFCCARTESIANPOINT((150.,-150.,100.));
#6756=IFCPOLYLOOP((#6752,#6753,#6754,#6755));
#6757=IFCFACEOUTERBOUND(#6756,.T.);
#6758=IFCFACE((#6757));
#6759=IFCCARTESIANPOINT((200.,200.,0.));
#6760=IFCCARTESIANPOINT((200.,-200.,0.));
#6761=IFCCARTESIANPOINT((-200.,-200.,0.));
#6762=IFCCARTESIANPOINT((-200.,200.,0.));
#6763=IFCPOLYLOOP((#6759,#6760,#6761,#6762));
#6764=IFCFACEOUTERBOUND(#6763,.T.);
#6765=IFCFACE((#6764));
#6766=IFCPOLYLOOP((#6759,#6762,#6753,#6752));
#6767=IFCFACEOUTERBOUND(#6766,.T.);
#6768=IFCFACE((#6767));
#6769=IFCPOLYLOOP((#6762,#6761,#6754,#6753));
#6770=IFCFACEOUTERBOUND(#6769,.T.);
#6771=IFCFACE((#6770));
#6772=IFCPOLYLOOP((#6761,#6760,#6755,#6754));
#6773=IFCFACEOUTERBOUND(#6772,.T.);
#6774=IFCFACE((#6773));
#6775=IFCPOLYLOOP((#6760,#6759,#6752,#6755));
#6776=IFCFACEOUTERBOUND(#6775,.T.);
#6777=IFCFACE((#6776));
#6778=IFCCLOSEDSHELL((#6758,#6765,#6768,#6771,#6774,#6777));
#6779=IFCFACETEDBREP(#6778);
#6780=IFCSHAPEREPRESENTATION(#26,'Body','Brep',(#6779));
#6781=IFCAXIS2PLACEMENT3D(#3,$,$);
#6782=IFCREPRESENTATIONMAP(#6781,#6780);
#6783=IFCAIRTERMINALTYPE('0Sathp0mD3TwMjw9RnC52q',#18,'Supply Diffuser:450 x 400 Face 300 x 300 Connection 2',$,$,$,(#6782),'1395134',$,.NOTDEFINED.);
#6784=IFCMAPPEDITEM(#6782,#80);
#6785=IFCSHAPEREPRESENTATION(#26,'Body','MappedRepresentation',(#6784));
#6786=IFCPRODUCTDEFINITIONSHAPE($,$,(#6785));
#6787=IFCCARTESIANPOINT((-720.13013339896565,1482.7470307902863,0.));
#6788=IFCAXIS2PLACEMENT3D(#6787,#9,#8);
#6789=IFCLOCALPLACEMENT(#51,#6788);
#6790=IFCFLOWTERMINAL('0Sathp0mD3TwMjw9RnC5EG',#18,'Supply Diffuser:450 x 400 Face 300 x 300 Connection 2:1395354',$,'Supply Diffuser:450 x 400 Face 300 x 300 Connection 2',#6789,#6786,'1395354');
#6791=IFCPROPERTYSET('1J9ttC2nlzGBCFcnVVQE1y',#18,'Pset_DistributionFlowElementCommon',$,(#249));
#6792=IFCPROPERTYSET('0OnE51jwAkyedgg4gyzdN_',#18,'Pset_QuantityTakeOff',$,(#249));
#6793=IFCRELDEFINESBYPROPERTIES('2pTnnzB5I5wKOEvptjOUXy',#18,$,$,(#6790),#6791);
#6794=IFCRELDEFINESBYPROPERTIES('2KV$6iljByynIjN_2VutV4',#18,$,$,(#6790),#6792);
#6795=IFCAXIS2PLACEMENT3D(#3,$,$);
#6796=IFCLOCALPLACEMENT(#51,#6795);
#6797=IFCCARTESIANPOINT((0.,0.));
#6798=IFCAXIS2PLACEMENT2D(#6797,#11);
#6799=IFCRECTANGLEPROFILEDEF(.AREA.,'Flanged Radius Bend / Shoe Branch',#6798,300.,300.);
#6800=IFCCARTESIANPOINT((-720.13013339896565,1482.7470307902863,100.));
#6801=IFCAXIS2PLACEMENT3D(#6800,#9,#7);
#6802=IFCEXTRUDEDAREASOLID(#6799,#6801,#9,233.82363158915751);
#6803=IFCSHAPEREPRESENTATION(#26,'Body','SweptSolid',(#6802));
#6804=IFCPRODUCTDEFINITIONSHAPE($,$,(#6803));
#6805=IFCFLOWSEGMENT('0Sathp0mD3TwMjw9RnC5EM',#18,'Rectangular Duct:Flanged Radius Bend / Shoe Branch:1395356',$,'Rectangular Duct:Flanged Radius Bend / Shoe Branch',#6796,#6804,'1395356');
#6806=IFCPROPERTYSET('3yoG5XVBHTC1zUbaqGfMgv',#18,'Pset_DistributionFlowElementCommon',$,(#277));
#6807=IFCPROPERTYENUMERATEDVALUE('Shape',$,(IFCLABEL('RECTANGULAR')),$);
#6808=IFCPROPERTYSINGLEVALUE('Length',$,IFCPOSITIVELENGTHMEASURE(233.82363158915805),$);
#6809=IFCPROPERTYSET('2XRQFF10j9VB4rB3GgGsOH',#18,'Pset_DuctSegmentTypeCommon',$,(#6807,#6808));
#6810=IFCPROPERTYSINGLEVALUE('Length',$,IFCPOSITIVELENGTHMEASURE(233.82363158915805),$);
#6811=IFCPROPERTYSET('1hXmzzdhHq0i$moY9jhlBo',#18,'Pset_FlowSegmentDuctSegment',$,(#6810));
#6812=IFCPROPERTYSINGLEVALUE('Length',$,IFCPOSITIVELENGTHMEASURE(233.82363158915805),$);
#6813=IFCPROPERTYSET('1$_ZyE6M57sRw8L3fzcJ6n',#18,'Pset_FlowSegmentPipeSegment',$,(#6812));
#6814=IFCPROPERTYSET('2RR68sKZ5AWU0gBLSuFRkA',#18,'Pset_QuantityTakeOff',$,(#277));
#6815=IFCRELDEFINESBYPROPERTIES('1bY8Qmns7B$3jwG$cJhGOO',#18,$,$,(#6805),#6806);
#6816=IFCRELDEFINESBYPROPERTIES('3VyE$Xyyn6I_$$MxK1H85v',#18,$,$,(#6805),#6809);
#6817=IFCRELDEFINESBYPROPERTIES('0wmAEEJnypxTKRexkTPduS',#18,$,$,(#6805),#6811);
#6818=IFCRELDEFINESBYPROPERTIES('3HCxJ_Bxvb2dznx0pEykdl',#18,$,$,(#6805),#6813);
#6819=IFCRELDEFINESBYPROPERTIES('1UIDRdrymbt76k1mA7EMpY',#18,$,$,(#6805),#6814);
#6820=IFCAXIS2PLACEMENT3D(#3,$,$);
#6822=IFCCARTESIANPOINT((-33.,-195.));
#6823=IFCCARTESIANPOINT((47.,-195.));
#6824=IFCCARTESIANPOINT((47.,180.));
#6825=IFCCARTESIANPOINT((-28.,105.));
#6826=IFCCARTESIANPOINT((-33.,105.));
#6827=IFCPOLYLINE((#6822,#6823,#6824,#6825,#6826,#6822));
#6828=IFCARBITRARYCLOSEDPROFILEDEF(.AREA.,'Standard',#6827);
#6829=IFCCARTESIANPOINT((47.,-45.,-150.));
#6830=IFCAXIS2PLACEMENT3D(#6829,#9,#6);
#6831=IFCEXTRUDEDAREASOLID(#6828,#6830,#9,299.99999999999892);
#6832=IFCCARTESIANPOINT((-4.4408920985006262E-016,0.));
#6833=IFCAXIS2PLACEMENT2D(#6832,#11);
#6834=IFCRECTANGLEPROFILEDEF(.AREA.,'Standard',#6833,6.0960000000167902,375.00000000000034);
#6835=IFCCARTESIANPOINT((-3.048000000002288,-37.500000000007219,-150.));
#6836=IFCAXIS2PLACEMENT3D(#6835,$,$);
#6837=IFCEXTRUDEDAREASOLID(#6834,#6836,#9,299.99999999999994);
#6838=IFCCARTESIANPOINT((4.2188474935755949E-015,0.));
#6839=IFCAXIS2PLACEMENT2D(#6838,#11);
#6840=IFCRECTANGLEPROFILEDEF(.AREA.,'Standard',#6839,5.0000000000000568,400.);
#6841=IFCCARTESIANPOINT((77.500000000004235,-0.,-200.));
#6842=IFCAXIS2PLACEMENT3D(#6841,#9,#6);
#6843=IFCEXTRUDEDAREASOLID(#6840,#6842,#9,400.);
#6844=IFCSHAPEREPRESENTATION(#26,'Body','SweptSolid',(#6831,#6837,#6843));
#6845=IFCAXIS2PLACEMENT3D(#3,$,$);
#6846=IFCREPRESENTATIONMAP(#6845,#6844);
#6847=IFCDUCTFITTINGTYPE('0SWlLUbBDElAk2yZgiviwb',#18,'Rectangular Shoe Branch - Flanged:Standard',$,$,$,(#6846),'498589',$,.NOTDEFINED.);
#6848=IFCMAPPEDITEM(#6846,#80);
#6849=IFCSHAPEREPRESENTATION(#26,'Body','MappedRepresentation',(#6848));
#6850=IFCPRODUCTDEFINITIONSHAPE($,$,(#6849));
#6851=IFCCARTESIANPOINT((-720.13013339897407,1482.7470307902863,413.8236315891653));
#6852=IFCAXIS2PLACEMENT3D(#6851,#7,#10);
#6853=IFCLOCALPLACEMENT(#51,#6852);
#6854=IFCFLOWFITTING('0Sathp0mD3TwMjw9RnC5EN',#18,'Rectangular Shoe Branch - Flanged:Standard:1395357',$,'Rectangular Shoe Branch - Flanged:Standard',#6853,#6850,'1395357');
#6855=IFCPROPERTYSET('1g0cKG79QNjHOlzpWB0zmu',#18,'Pset_DistributionFlowElementCommon',$,(#401));
#6856=IFCPROPERTYSINGLEVALUE('FlangeThickness',$,IFCLENGTHMEASURE(5.),$);
#6857=IFCPROPERTYSET('0yXUeMCIbd3ouMj8DMusrf',#18,'Pset_PipeConnectionFlanged',$,(#6856));
#6858=IFCPROPERTYSET('182AAqByVc5DbIZyc_RmfF',#18,'Pset_QuantityTakeOff',$,(#401));
#6859=IFCRELDEFINESBYPROPERTIES('1xlNelga_JG_lvS$Kul13i',#18,$,$,(#6854),#6855);
#6860=IFCRELDEFINESBYPROPERTIES('2fxGmL0r6QvHtsrddAaX1V',#18,$,$,(#6854),#6857);
#6861=IFCRELDEFINESBYPROPERTIES('1RRDE_$zMCuM$KsSLzVwON',#18,$,$,(#6854),#6858);
#6862=IFCCARTESIANPOINT((600.,-150.,-152.40000000000163));
#6863=IFCAXIS2PLACEMENT3D(#6862,#10,#7);
#6864=IFCLOCALPLACEMENT(#86,#6863);
#6865=IFCDISTRIBUTIONPORT('2OLJaBPWqWy9TWh2$4PAuZ',#18,'Port_1388577_1','Flow',$,#6864,$,.SOURCEANDSINK.);
#6866=IFCRELCONNECTSPORTTOELEMENT('34hG0gr2BsQH2XgJj3KIeK',#18,'1388577|2OLJaBPWqWy9TWh2$4PAuZ','Flow',#6865,#87);
#6867=IFCCARTESIANPOINT((600.,-150.,-152.40000000000163));
#6868=IFCAXIS2PLACEMENT3D(#6867,#10,#7);
#6869=IFCLOCALPLACEMENT(#98,#6868);
#6870=IFCDISTRIBUTIONPORT('2gP96jCxj4cKfrV0BJTVZ2',#18,'Port_1388586_1','Flow',$,#6869,$,.SOURCEANDSINK.);
#6871=IFCRELCONNECTSPORTTOELEMENT('05cE3fYkrGKYeig5gSjCni',#18,'1388586|2gP96jCxj4cKfrV0BJTVZ2','Flow',#6870,#99);
#6872=IFCCARTESIANPOINT((600.,-150.,-152.40000000000163));
#6873=IFCAXIS2PLACEMENT3D(#6872,#10,#7);
#6874=IFCLOCALPLACEMENT(#109,#6873);
#6875=IFCDISTRIBUTIONPORT('0phY0XJpjw1xy4cinlGN0_',#18,'Port_1388594_1','Flow',$,#6874,$,.SOURCEANDSINK.);
#6876=IFCRELCONNECTSPORTTOELEMENT('15zF1o2xYg2GIWTW9NJGRG',#18,'1388594|0phY0XJpjw1xy4cinlGN0_','Flow',#6875,#110);
#6877=IFCCARTESIANPOINT((600.,-150.,-152.40000000000163));
#6878=IFCAXIS2PLACEMENT3D(#6877,#10,#7);
#6879=IFCLOCALPLACEMENT(#120,#6878);
#6880=IFCDISTRIBUTIONPORT('1eAXdxbBQWHTpeUvCvZAHX',#18,'Port_1388602_1','Flow',$,#6879,$,.SOURCEANDSINK.);
#6881=IFCRELCONNECTSPORTTOELEMENT('1tufaiz0gvdMkeGwx$xJMB',#18,'1388602|1eAXdxbBQWHTpeUvCvZAHX','Flow',#6880,#121);
#6882=IFCCARTESIANPOINT((600.,-150.,-152.40000000000163));
#6883=IFCAXIS2PLACEMENT3D(#6882,#10,#7);
#6884=IFCLOCALPLACEMENT(#131,#6883);
#6885=IFCDISTRIBUTIONPORT('3psMqD0MMg$8dFN_p7ThZe',#18,'Port_1388610_1','Flow',$,#6884,$,.SOURCEANDSINK.);
#6886=IFCRELCONNECTSPORTTOELEMENT('2$jBHP1DVD1fF0UCyLWc4H',#18,'1388610|3psMqD0MMg$8dFN_p7ThZe','Flow',#6885,#132);
#6887=IFCCARTESIANPOINT((600.,-150.,-152.40000000000163));
#6888=IFCAXIS2PLACEMENT3D(#6887,#10,#7);
#6889=IFCLOCALPLACEMENT(#142,#6888);
#6890=IFCDISTRIBUTIONPORT('2AXc01ZPzrWRuB2aWw0XHc',#18,'Port_1388618_1','Flow',$,#6889,$,.SOURCEANDSINK.);
#6891=IFCRELCONNECTSPORTTOELEMENT('0AoPu6YmQkSjvIZRyvSJ9u',#18,'1388618|2AXc01ZPzrWRuB2aWw0XHc','Flow',#6890,#143);
#6892=IFCCARTESIANPOINT((543.99486660102673,-626.85296920966323,4555.2236315891487));
#6893=IFCAXIS2PLACEMENT3D(#6892,#5,#8);
#6894=IFCLOCALPLACEMENT(#1828,#6893);
#6895=IFCDISTRIBUTIONPORT('1f26fbSaZmlDHQ4GS1$lZA',#18,'InPort_1393287_1','Flow',$,#6894,$,.SINK.);
#6896=IFCRELCONNECTSPORTTOELEMENT('21h9Yr8TQ9gch8GS4P0qgB',#18,'1393287|21h9Yr8TQ9gch8GS4P0qgB','Flow',#6895,#1837);
#6897=IFCCARTESIANPOINT((-25.399999999986441,609.59999999998286,279.3999999999906));
#6898=IFCAXIS2PLACEMENT3D(#6897,#6,#7);
#6899=IFCLOCALPLACEMENT(#201,#6898);
#6900=IFCDISTRIBUTIONPORT('14auiST8_tNPKBA7_kL$RC',#18,'OutPort_1391872_1','Flow',$,#6899,$,.SOURCE.);
#6901=IFCRELCONNECTSPORTTOELEMENT('3eNXwSbPBVjjV6Ay_76sle',#18,'1391872|3eNXwSbPBVjjV6Ay_76sle','Flow',#6900,#202);
#6902=IFCRELCONNECTSPORTS('0lJG0G3VevcUDJ4KsdbgbT',#18,'1f26fbSaZmlDHQ4GS1$lZA|14auiST8_tNPKBA7_kL$RC','Flow',#6895,#6900,$);
#6903=IFCCARTESIANPOINT((1270.,609.59999999998706,279.39999999997764));
#6904=IFCAXIS2PLACEMENT3D(#6903,#6,#8);
#6905=IFCLOCALPLACEMENT(#201,#6904);
#6906=IFCDISTRIBUTIONPORT('1eCxVgThTenYGLocNnjhYR',#18,'InPort_1391872_2','Flow',$,#6905,$,.SINK.);
#6907=IFCRELCONNECTSPORTTOELEMENT('1HEnLTHn48AgeZpgPABDhv',#18,'1391872|1HEnLTHn48AgeZpgPABDhv','Flow',#6906,#202);
#6908=IFCAXIS2PLACEMENT3D(#3,#6,#8);
#6909=IFCLOCALPLACEMENT(#2501,#6908);
#6910=IFCDISTRIBUTIONPORT('3Dj6OXnKfvSvBlMgLfGEKL',#18,'OutPort_1394081_1','Flow',$,#6909,$,.SOURCE.);
#6911=IFCRELCONNECTSPORTTOELEMENT('0m0gIYn0PYmD04BimZOqq0',#18,'1394081|0m0gIYn0PYmD04BimZOqq0','Flow',#6910,#2502);
#6912=IFCRELCONNECTSPORTS('2EJ5srI2kGq$Phw_wwB$mg',#18,'1eCxVgThTenYGLocNnjhYR|3Dj6OXnKfvSvBlMgLfGEKL','Flow',#6906,#6910,$);
#6913=IFCCARTESIANPOINT((868.93400000001134,-50.800000000015828,122.13828125005975));
#6914=IFCAXIS2PLACEMENT3D(#6913,#8,#5);
#6915=IFCLOCALPLACEMENT(#201,#6914);
#6916=IFCDISTRIBUTIONPORT('0q$lsnmaTDaUU_6jhDkhr$',#18,'Port_1391872_3','Flow',$,#6915,$,.SOURCEANDSINK.);
#6917=IFCRELCONNECTSPORTTOELEMENT('2VhvAB5W438vcjixLVTCCU',#18,'1391872|2VhvAB5W438vcjixLVTCCU','Flow',#6916,#202);
#6918=IFCCARTESIANPOINT((-350.33913339897111,33.547030790335533,4397.9619128392178));
#6919=IFCAXIS2PLACEMENT3D(#6918,#8,#6);
#6920=IFCLOCALPLACEMENT(#2607,#6919);
#6921=IFCDISTRIBUTIONPORT('24MS_tHPdWzqDRiEHUyJVh',#18,'Port_1394390_0','Flow',$,#6920,$,.SOURCEANDSINK.);
#6922=IFCRELCONNECTSPORTTOELEMENT('340G9RVM6DqHBOHrWcBVq0',#18,'1394390|340G9RVM6DqHBOHrWcBVq0','Flow',#6921,#2616);
#6923=IFCRELCONNECTSPORTS('1wFZB1_A_qEv3VnxLS_ACC',#18,'0q$lsnmaTDaUU_6jhDkhr$|24MS_tHPdWzqDRiEHUyJVh','Flow',#6916,#6921,$);
#6924=IFCCARTESIANPOINT((868.93400000000975,-50.80000000001948,387.05234375005978));
#6925=IFCAXIS2PLACEMENT3D(#6924,#8,#5);
#6926=IFCLOCALPLACEMENT(#201,#6925);
#6927=IFCDISTRIBUTIONPORT('0EqhjUWUrFn6LrDsm2atGB',#18,'Port_1391872_4','Flow',$,#6926,$,.SOURCEANDSINK.);
#6928=IFCRELCONNECTSPORTTOELEMENT('0Ttv2nS0Ys$CxMXW0CC74B',#18,'1391872|0Ttv2nS0Ys$CxMXW0CC74B','Flow',#6927,#202);
#6929=IFCCARTESIANPOINT((-350.33913339896935,33.547030790339193,4662.8759753392178));
#6930=IFCAXIS2PLACEMENT3D(#6929,#8,#6);
#6931=IFCLOCALPLACEMENT(#2543,#6930);
#6932=IFCDISTRIBUTIONPORT('1NW05HKSXhTVA9FU60U1J7',#18,'Port_1394345_0','Flow',$,#6931,$,.SOURCEANDSINK.);
#6933=IFCRELCONNECTSPORTTOELEMENT('3P2HlOENQX93TuDDuPaFYx',#18,'1394345|3P2HlOENQX93TuDDuPaFYx','Flow',#6932,#2552);
#6934=IFCRELCONNECTSPORTS('0woPOmTXrb6TXdtNVuCE68',#18,'0EqhjUWUrFn6LrDsm2atGB|1NW05HKSXhTVA9FU60U1J7','Flow',#6927,#6932,$);
#6935=IFCAXIS2PLACEMENT3D(#3,#5,#7);
#6936=IFCLOCALPLACEMENT(#1821,#6935);
#6937=IFCDISTRIBUTIONPORT('3JRQ4HeKR0qfb72oabIaBe',#18,'InPort_1392626_1','Flow',$,#6936,$,.SINK.);
#6938=IFCRELCONNECTSPORTTOELEMENT('2R1wc6Kj2Iyohk_uAiEN3d',#18,'1392626|2R1wc6Kj2Iyohk_uAiEN3d','Flow',#6937,#1822);
#6939=IFCCARTESIANPOINT((919.73400000001254,-50.800000000014492,38.100000000060639));
#6940=IFCAXIS2PLACEMENT3D(#6939,#8,#5);
#6941=IFCLOCALPLACEMENT(#201,#6940);
#6942=IFCDISTRIBUTIONPORT('2RE9SA302kP7SSWZRy_xw_',#18,'OutPort_1391872_5','Flow',$,#6941,$,.SOURCE.);
#6943=IFCRELCONNECTSPORTTOELEMENT('1o_j8$WaIxgfIGV8H4X$1Y',#18,'1391872|1o_j8$WaIxgfIGV8H4X$1Y','Flow',#6942,#202);
#6944=IFCRELCONNECTSPORTS('20VPL3JvxnzCFsOr4$NPdo',#18,'3JRQ4HeKR0qfb72oabIaBe|2RE9SA302kP7SSWZRy_xw_','Flow',#6937,#6942,$);
#6945=IFCCARTESIANPOINT((132.08000000001442,-50.800000000018741,169.67200000002816));
#6946=IFCAXIS2PLACEMENT3D(#6945,#8,#5);
#6947=IFCLOCALPLACEMENT(#201,#6946);
#6948=IFCDISTRIBUTIONPORT('0ID8v6qpsGeXMKLXhsWyX1',#18,'Port_1391872_6','Flow',$,#6947,$,.SOURCEANDSINK.);
#6949=IFCRELCONNECTSPORTTOELEMENT('0CXpocx4nHh_9IjIXHsWv3',#18,'1391872|0ID8v6qpsGeXMKLXhsWyX1','Flow',#6948,#202);
#6950=IFCCARTESIANPOINT((0.,0.,100.));
#6951=IFCAXIS2PLACEMENT3D(#6950,#10,#6);
#6952=IFCLOCALPLACEMENT(#247,#6951);
#6953=IFCDISTRIBUTIONPORT('222S9XrTqAYU6qzmVQGnXE',#18,'InPort_1392016_0','Flow',$,#6952,$,.SINK.);
#6954=IFCRELCONNECTSPORTTOELEMENT('2jX0BqMy9UTc9W47HW8SVc',#18,'1392016|2jX0BqMy9UTc9W47HW8SVc','Flow',#6953,#248);
#6955=IFCCARTESIANPOINT((-2237.2551333989641,1482.7470307902918,4115.8236315891536));
#6956=IFCAXIS2PLACEMENT3D(#6955,#10,#7);
#6957=IFCLOCALPLACEMENT(#293,#6956);
#6958=IFCDISTRIBUTIONPORT('0cCgWcEUDMYqHse5$ZglSf',#18,'OutPort_1392182_0','Flow',$,#6957,$,.SOURCE.);
#6959=IFCRELCONNECTSPORTTOELEMENT('0wzbwsQ2coHUKPhQ6FDunQ',#18,'1392182|0wzbwsQ2coHUKPhQ6FDunQ','Flow',#6958,#302);
#6960=IFCRELCONNECTSPORTS('3MCRet64U9fiuKuWziyJHg',#18,'222S9XrTqAYU6qzmVQGnXE|0cCgWcEUDMYqHse5$ZglSf','Flow',#6953,#6958,$);
#6961=IFCCARTESIANPOINT((0.,0.,100.));
#6962=IFCAXIS2PLACEMENT3D(#6961,#10,#6);
#6963=IFCLOCALPLACEMENT(#259,#6962);
#6964=IFCDISTRIBUTIONPORT('3I18e_CKbk64_ALHx3qk$v',#18,'InPort_1392152_0','Flow',$,#6963,$,.SINK.);
#6965=IFCRELCONNECTSPORTTOELEMENT('1fwCnPXu0M40RLuv9PG3VL',#18,'1392152|1fwCnPXu0M40RLuv9PG3VL','Flow',#6964,#260);
#6966=IFCCARTESIANPOINT((773.99486660103355,1482.747030790282,4115.8236315891536));
#6967=IFCAXIS2PLACEMENT3D(#6966,#10,#8);
#6968=IFCLOCALPLACEMENT(#316,#6967);
#6969=IFCDISTRIBUTIONPORT('2dJoVJnZbytfimP2GZE1A6',#18,'OutPort_1392410_0','Flow',$,#6968,$,.SOURCE.);
#6970=IFCRELCONNECTSPORTTOELEMENT('1pXU5br2TNTg$aCnnSyT1e',#18,'1392410|1pXU5br2TNTg$aCnnSyT1e','Flow',#6969,#325);
#6971=IFCRELCONNECTSPORTS('01qUJz0Qs2uFZ7fAbZe8z9',#18,'3I18e_CKbk64_ALHx3qk$v|2dJoVJnZbytfimP2GZE1A6','Flow',#6964,#6969,$);
#6972=IFCCARTESIANPOINT((0.,305.,-0.));
#6973=IFCAXIS2PLACEMENT3D(#6972,#8,#5);
#6974=IFCLOCALPLACEMENT(#399,#6973);
#6975=IFCDISTRIBUTIONPORT('00omoqORtDUtkn3mUWiFrR',#18,'InPort_1392440_2','Flow',$,#6974,$,.SINK.);
#6976=IFCRELCONNECTSPORTTOELEMENT('2d2MWaysM7udOYKdTpB8H7',#18,'1392440|2d2MWaysM7udOYKdTpB8H7','Flow',#6975,#400);
#6977=IFCCARTESIANPOINT((-1932.2551333989782,1482.7470307902877,563.82363158935698));
#6978=IFCAXIS2PLACEMENT3D(#6977,#6,#7);
#6979=IFCLOCALPLACEMENT(#266,#6978);
#6980=IFCDISTRIBUTIONPORT('1LYYzkMhymVjidkyvEw$8r',#18,'OutPort_1392164_0','Flow',$,#6979,$,.SOURCE.);
#6981=IFCRELCONNECTSPORTTOELEMENT('1nhIQPEpfRZSvyNd_Q2nTa',#18,'1392164|1nhIQPEpfRZSvyNd_Q2nTa','Flow',#6980,#276);
#6982=IFCRELCONNECTSPORTS('1In9o5Hhu_tJH7sU9sME4j',#18,'00omoqORtDUtkn3mUWiFrR|1LYYzkMhymVjidkyvEw$8r','Flow',#6975,#6980,$);
#6983=IFCCARTESIANPOINT((491.99486660104679,1482.747030790285,563.82363158935698));
#6984=IFCAXIS2PLACEMENT3D(#6983,#6,#7);
#6985=IFCLOCALPLACEMENT(#266,#6984);
#6986=IFCDISTRIBUTIONPORT('2C2G9Jb$Ek48cxLc9wfe7_',#18,'InPort_1392164_1','Flow',$,#6985,$,.SINK.);
#6987=IFCRELCONNECTSPORTTOELEMENT('2BQc_90HdD$V5hM2SvWPuS',#18,'1392164|2BQc_90HdD$V5hM2SvWPuS','Flow',#6986,#276);
#6988=IFCCARTESIANPOINT((-282.,-0.,-0.));
#6989=IFCAXIS2PLACEMENT3D(#6988,#6,#8);
#6990=IFCLOCALPLACEMENT(#451,#6989);
#6991=IFCDISTRIBUTIONPORT('2LVi7FLc6_DW3USS56b$T_',#18,'OutPort_1392456_1','Flow',$,#6990,$,.SOURCE.);
#6992=IFCRELCONNECTSPORTTOELEMENT('38QkKmeXd0hiN736zr_ieT',#18,'1392456|38QkKmeXd0hiN736zr_ieT','Flow',#6991,#452);
#6993=IFCRELCONNECTSPORTS('1r0OfJwxeW3jQ1kagh_wFk',#18,'2C2G9Jb$Ek48cxLc9wfe7_|2LVi7FLc6_DW3USS56b$T_','Flow',#6986,#6991,$);
#6994=IFCCARTESIANPOINT((-720.13013339894906,1482.7470307902863,563.82363158935698));
#6995=IFCAXIS2PLACEMENT3D(#6994,#6,#7);
#6996=IFCLOCALPLACEMENT(#266,#6995);
#6997=IFCDISTRIBUTIONPORT('0F_x6H3pYxRGPkaEt02XY3',#18,'InPort_1392164_2','Flow',$,#6996,$,.SINK.);
#6998=IFCRELCONNECTSPORTTOELEMENT('0W3R96pCBOSYc$FPHLE6rp',#18,'1392164|0W3R96pCBOSYc$FPHLE6rp','Flow',#6997,#276);
#6999=IFCCARTESIANPOINT((-0.,-37.500000000035193,-0.));
#7000=IFCAXIS2PLACEMENT3D(#6999,#6,#8);
#7001=IFCLOCALPLACEMENT(#6853,#7000);
#7002=IFCDISTRIBUTIONPORT('1Ix$XJSqz8jHMAIK2$vkOV',#18,'OutPort_1395357_1','Flow',$,#7001,$,.SOURCE.);
#7003=IFCRELCONNECTSPORTTOELEMENT('3lmzlGXO4fQBSwVdog9BYG',#18,'1395357|3lmzlGXO4fQBSwVdog9BYG','Flow',#7002,#6854);
#7004=IFCRELCONNECTSPORTS('2huMpZHI_7PwqwsfwjK0oj',#18,'0F_x6H3pYxRGPkaEt02XY3|1Ix$XJSqz8jHMAIK2$vkOV','Flow',#6997,#7002,$);
#7005=IFCCARTESIANPOINT((-2237.2551333989809,1482.7470307902877,4258.8236315893555));
#7006=IFCAXIS2PLACEMENT3D(#7005,#10,#7);
#7007=IFCLOCALPLACEMENT(#293,#7006);
#7008=IFCDISTRIBUTIONPORT('0KKAb9Kr8Bb1dSoa4FpxYP',#18,'InPort_1392182_1','Flow',$,#7007,$,.SINK.);
#7009=IFCRELCONNECTSPORTTOELEMENT('1n7xGHdqEkPRCmUiQFjoUs',#18,'1392182|1n7xGHdqEkPRCmUiQFjoUs','Flow',#7008,#302);
#7010=IFCCARTESIANPOINT((-305.,-0.,-0.));
#7011=IFCAXIS2PLACEMENT3D(#7010,#6,#8);
#7012=IFCLOCALPLACEMENT(#399,#7011);
#7013=IFCDISTRIBUTIONPORT('0MVhguYgk7FCfYp_JI9JuR',#18,'OutPort_1392440_1','Flow',$,#7012,$,.SOURCE.);
#7014=IFCRELCONNECTSPORTTOELEMENT('0qEQQMn8DfM7nnwNMjG_E2',#18,'1392440|0qEQQMn8DfM7nnwNMjG_E2','Flow',#7013,#400);
#7015=IFCRELCONNECTSPORTS('094ZuwrgG0_OxZaDlhH_4A',#18,'0KKAb9Kr8Bb1dSoa4FpxYP|0MVhguYgk7FCfYp_JI9JuR','Flow',#7008,#7013,$);
#7016=IFCCARTESIANPOINT((773.9948666010489,1482.747030790285,4258.8236315893582));
#7017=IFCAXIS2PLACEMENT3D(#7016,#10,#8);
#7018=IFCLOCALPLACEMENT(#316,#7017);
#7019=IFCDISTRIBUTIONPORT('2KprUIjsiRPGvUCxAaqLdB',#18,'InPort_1392410_1','Flow',$,#7018,$,.SINK.);
#7020=IFCRELCONNECTSPORTTOELEMENT('2BIR8Ca_zi6YL2KGuVJGRT',#18,'1392410|2BIR8Ca_zi6YL2KGuVJGRT','Flow',#7019,#325);
#7021=IFCCARTESIANPOINT((0.,-305.,-0.));
#7022=IFCAXIS2PLACEMENT3D(#7021,#8,#5);
#7023=IFCLOCALPLACEMENT(#451,#7022);
#7024=IFCDISTRIBUTIONPORT('1bGXPsZJMlzy1JlROJ$Wk4',#18,'OutPort_1392456_3','Flow',$,#7023,$,.SOURCE.);
#7025=IFCRELCONNECTSPORTTOELEMENT('1p3NbbF6QW132lCEy0v4pk',#18,'1392456|1p3NbbF6QW132lCEy0v4pk','Flow',#7024,#452);
#7026=IFCRELCONNECTSPORTS('2HSH8DvxyOOAwgRs06m5op',#18,'2KprUIjsiRPGvUCxAaqLdB|1bGXPsZJMlzy1JlROJ$Wk4','Flow',#7019,#7024,$);
#7027=IFCCARTESIANPOINT((282.,-0.,-0.));
#7028=IFCAXIS2PLACEMENT3D(#7027,#6,#8);
#7029=IFCLOCALPLACEMENT(#451,#7028);
#7030=IFCDISTRIBUTIONPORT('3UvuXA0I9N45PUSP11NUYJ',#18,'InPort_1392456_2','Flow',$,#7029,$,.SINK.);
#7031=IFCRELCONNECTSPORTTOELEMENT('2YkjPYEVt0RT0ymu6g76zU',#18,'1392456|2YkjPYEVt0RT0ymu6g76zU','Flow',#7030,#452);
#7032=IFCCARTESIANPOINT((1055.9948666010462,1482.747030790285,563.82363158935698));
#7033=IFCAXIS2PLACEMENT3D(#7032,#6,#7);
#7034=IFCLOCALPLACEMENT(#461,#7033);
#7035=IFCDISTRIBUTIONPORT('29cKXJOMKD$hNaFJYNCPXf',#18,'OutPort_1392470_0','Flow',$,#7034,$,.SOURCE.);
#7036=IFCRELCONNECTSPORTTOELEMENT('0Ct2cMYYMMHSgDKVr8u$se',#18,'1392470|0Ct2cMYYMMHSgDKVr8u$se','Flow',#7035,#470);
#7037=IFCRELCONNECTSPORTS('0VAmCk4zgaNwh686myf8kq',#18,'3UvuXA0I9N45PUSP11NUYJ|29cKXJOMKD$hNaFJYNCPXf','Flow',#7030,#7035,$);
#7038=IFCCARTESIANPOINT((1370.9948666010516,1482.7470307902931,563.82363158935698));
#7039=IFCAXIS2PLACEMENT3D(#7038,#6,#7);
#7040=IFCLOCALPLACEMENT(#461,#7039);
#7041=IFCDISTRIBUTIONPORT('0d01JTfPmTigcrqp9Oubkc',#18,'InPort_1392470_1','Flow',$,#7040,$,.SINK.);
#7042=IFCRELCONNECTSPORTTOELEMENT('3RXOb8HgFeS$Sl5TluKlh1',#18,'1392470|3RXOb8HgFeS$Sl5TluKlh1','Flow',#7041,#470);
#7043=IFCCARTESIANPOINT((0.,305.,0.));
#7044=IFCAXIS2PLACEMENT3D(#7043,#7,#6);
#7045=IFCLOCALPLACEMENT(#513,#7044);
#7046=IFCDISTRIBUTIONPORT('3Ml1RHQKRenWaV4fnThDSH',#18,'OutPort_1392487_2','Flow',$,#7045,$,.SOURCE.);
#7047=IFCRELCONNECTSPORTTOELEMENT('0g3J$wbVtNNmkSaqGSPaGs',#18,'1392487|0g3J$wbVtNNmkSaqGSPaGs','Flow',#7046,#514);
#7048=IFCRELCONNECTSPORTS('2gnWbFcyU23EWBTjWOAgyL',#18,'0d01JTfPmTigcrqp9Oubkc|3Ml1RHQKRenWaV4fnThDSH','Flow',#7041,#7046,$);
#7049=IFCCARTESIANPOINT((-305.,-0.,0.));
#7050=IFCAXIS2PLACEMENT3D(#7049,#5,#7);
#7051=IFCLOCALPLACEMENT(#513,#7050);
#7052=IFCDISTRIBUTIONPORT('2xXwf08NCCmtIJKju5s7yY',#18,'InPort_1392487_1','Flow',$,#7051,$,.SINK.);
#7053=IFCRELCONNECTSPORTTOELEMENT('0h9ERBoOF4X1N16dEryhSY',#18,'1392487|0h9ERBoOF4X1N16dEryhSY','Flow',#7052,#514);
#7054=IFCCARTESIANPOINT((1675.9948666010544,1177.7470307902918,563.82363158935698));
#7055=IFCAXIS2PLACEMENT3D(#7054,#7,#5);
#7056=IFCLOCALPLACEMENT(#484,#7055);
#7057=IFCDISTRIBUTIONPORT('0syJeO76xu1$VgTknblo$L',#18,'OutPort_1392480_0','Flow',$,#7056,$,.SOURCE.);
#7058=IFCRELCONNECTSPORTTOELEMENT('2hGTYqbbbjpBBCsnOIL0PS',#18,'1392480|2hGTYqbbbjpBBCsnOIL0PS','Flow',#7057,#493);
#7059=IFCRELCONNECTSPORTS('1TLZNH9Z0B5xwSLbVlcvMa',#18,'2xXwf08NCCmtIJKju5s7yY|0syJeO76xu1$VgTknblo$L','Flow',#7052,#7057,$);
#7060=IFCCARTESIANPOINT((1675.994866601058,-321.85296920966891,563.82363158935482));
#7061=IFCAXIS2PLACEMENT3D(#7060,#7,#5);
#7062=IFCLOCALPLACEMENT(#484,#7061);
#7063=IFCDISTRIBUTIONPORT('009Jy$wFWjFKSusQZqzn7K',#18,'InPort_1392480_1','Flow',$,#7062,$,.SINK.);
#7064=IFCRELCONNECTSPORTTOELEMENT('3NzZj2QU3CkNk9B9tbSt6I',#18,'1392480|3NzZj2QU3CkNk9B9tbSt6I','Flow',#7063,#493);
#7065=IFCCARTESIANPOINT((0.,305.,0.));
#7066=IFCAXIS2PLACEMENT3D(#7065,#7,#6);
#7067=IFCLOCALPLACEMENT(#1908,#7066);
#7068=IFCDISTRIBUTIONPORT('08jjNdBBtGUniOXssL41fU',#18,'OutPort_1393359_2','Flow',$,#7067,$,.SOURCE.);
#7069=IFCRELCONNECTSPORTTOELEMENT('2ecZtVlW3FwdUKFLAdB6rn',#18,'1393359|2ecZtVlW3FwdUKFLAdB6rn','Flow',#7068,#1909);
#7070=IFCRELCONNECTSPORTS('3dV7zHSJ57hQ6TI8mMzhqx',#18,'009Jy$wFWjFKSusQZqzn7K|08jjNdBBtGUniOXssL41fU','Flow',#7063,#7068,$);
#7071=IFCCARTESIANPOINT((-372.40463339897275,33.547030790336102,4313.9236315892185));
#7072=IFCAXIS2PLACEMENT3D(#7071,#5,#8);
#7073=IFCLOCALPLACEMENT(#523,#7072);
#7074=IFCDISTRIBUTIONPORT('0kmFRsHom5VrWGPZXmAsv7',#18,'InPort_1392610_0','Flow',$,#7073,$,.SINK.);
#7075=IFCRELCONNECTSPORTTOELEMENT('2p$aeU$$ick66T3R1vsDU7',#18,'1392610|2p$aeU$$ick66T3R1vsDU7','Flow',#7074,#533);
#7076=IFCCARTESIANPOINT((28.73449999999935,0.,0.));
#7077=IFCAXIS2PLACEMENT3D(#7076,#5,#7);
#7078=IFCLOCALPLACEMENT(#1821,#7077);
#7079=IFCDISTRIBUTIONPORT('3TV5ZdZE6HvkjLaUDKIGnt',#18,'OutPort_1392626_2','Flow',$,#7078,$,.SOURCE.);
#7080=IFCRELCONNECTSPORTTOELEMENT('0kVFeZlr5fOGaNKHhNqmCk',#18,'1392626|0kVFeZlr5fOGaNKHhNqmCk','Flow',#7079,#1822);
#7081=IFCRELCONNECTSPORTS('0ZwApfeX8ys23wkoLc6Hag',#18,'0kmFRsHom5VrWGPZXmAsv7|3TV5ZdZE6HvkjLaUDKIGnt','Flow',#7074,#7079,$);
#7082=IFCCARTESIANPOINT((0.,35.,-0.));
#7083=IFCAXIS2PLACEMENT3D(#7082,#8,#5);
#7084=IFCLOCALPLACEMENT(#6303,#7083);
#7085=IFCDISTRIBUTIONPORT('2_uacc8R2uCfw20w5OUZId',#18,'InPort_1394864_2','Flow',$,#7084,$,.SINK.);
#7086=IFCRELCONNECTSPORTTOELEMENT('2GScVn3QBxu5$DDM_xKjyj',#18,'1394864|2GScVn3QBxu5$DDM_xKjyj','Flow',#7085,#6304);
#7087=IFCCARTESIANPOINT((-213.53930067508449,33.547030790330886,4313.9236315892167));
#7088=IFCAXIS2PLACEMENT3D(#7087,#5,#8);
#7089=IFCLOCALPLACEMENT(#523,#7088);
#7090=IFCDISTRIBUTIONPORT('3w1IfG74J_1AoILoePRVDM',#18,'OutPort_1392610_1','Flow',$,#7089,$,.SOURCE.);
#7091=IFCRELCONNECTSPORTTOELEMENT('22OgjOR1uIYdHuvHj3wB5j',#18,'1392610|22OgjOR1uIYdHuvHj3wB5j','Flow',#7090,#533);
#7092=IFCRELCONNECTSPORTS('2eORvHqHiSMVMa8S76tDBI',#18,'2_uacc8R2uCfw20w5OUZId|3w1IfG74J_1AoILoePRVDM','Flow',#7085,#7090,$);
#7093=IFCCARTESIANPOINT((8.0187433669590593,0.14669481018981542,-0.));
#7094=IFCDIRECTION((-0.99983270695649284,-0.018290929447463307,0.));
#7095=IFCDIRECTION((0.018290929447463307,-0.99983270695649284,0.));
#7096=IFCAXIS2PLACEMENT3D(#7093,#7094,#7095);
#7097=IFCLOCALPLACEMENT(#2155,#7096);
#7098=IFCDISTRIBUTIONPORT('2KCk7heCmPUCgedQRjYkcl',#18,'InPort_1393365_2','Flow',$,#7097,$,.SINK.);
#7099=IFCRELCONNECTSPORTTOELEMENT('2wLX7agVhndtBdmi7uB7Tj',#18,'1393365|2wLX7agVhndtBdmi7uB7Tj','Flow',#7098,#2156);
#7100=IFCCARTESIANPOINT((552.79122161772682,-626.85296920966516,4555.2236315891432));
#7101=IFCAXIS2PLACEMENT3D(#7100,#5,#8);
#7102=IFCLOCALPLACEMENT(#1828,#7101);
#7103=IFCDISTRIBUTIONPORT('3SiSkzBh4IcTqo$Tq1SvKT',#18,'OutPort_1393287_0','Flow',$,#7102,$,.SOURCE.);
#7104=IFCRELCONNECTSPORTTOELEMENT('11SJaP0VX_4X_BIJ8dVksU',#18,'1393287|11SJaP0VX_4X_BIJ8dVksU','Flow',#7103,#1837);
#7105=IFCRELCONNECTSPORTS('3tF9c_JtP2Va71qW8uydP4',#18,'2KCk7heCmPUCgedQRjYkcl|3SiSkzBh4IcTqo$Tq1SvKT','Flow',#7098,#7103,$);
#7106=IFCCARTESIANPOINT((115.79411254969355,0.,0.));
#7107=IFCAXIS2PLACEMENT3D(#7106,#6,#8);
#7108=IFCLOCALPLACEMENT(#2068,#7107);
#7109=IFCDISTRIBUTIONPORT('0HPtXTdFmL0iud_ogrYJmH',#18,'InPort_1393360_2','Flow',$,#7108,$,.SINK.);
#7110=IFCRELCONNECTSPORTTOELEMENT('0bYNmPQE0vagGn1osPNnZ6',#18,'1393360|0bYNmPQE0vagGn1osPNnZ6','Flow',#7109,#2069);
#7111=IFCCARTESIANPOINT((1255.2007540513632,-626.85296920969438,4563.8236315893773));
#7112=IFCAXIS2PLACEMENT3D(#7111,#5,#8);
#7113=IFCLOCALPLACEMENT(#1853,#7112);
#7114=IFCDISTRIBUTIONPORT('3kuxlhEMjz7hPqk2MEx2AX',#18,'OutPort_1393357_0','Flow',$,#7113,$,.SOURCE.);
#7115=IFCRELCONNECTSPORTTOELEMENT('08P1iVQ7BYWqe4p8kVE65m',#18,'1393357|08P1iVQ7BYWqe4p8kVE65m','Flow',#7114,#1862);
#7116=IFCRELCONNECTSPORTS('2BWAbTd5EMF3xwO0PgGa$L',#18,'0HPtXTdFmL0iud_ogrYJmH|3kuxlhEMjz7hPqk2MEx2AX','Flow',#7109,#7114,$);
#7117=IFCCARTESIANPOINT((1038.9311373605008,-626.8529692096613,4563.8236315893655));
#7118=IFCAXIS2PLACEMENT3D(#7117,#5,#8);
#7119=IFCLOCALPLACEMENT(#1853,#7118);
#7120=IFCDISTRIBUTIONPORT('2clkW5GAVDQ2aL6WxVCRp$',#18,'InPort_1393357_1','Flow',$,#7119,$,.SINK.);
#7121=IFCRELCONNECTSPORTTOELEMENT('1p4Nnespjk188BvscN3Iqy',#18,'1393357|1p4Nnespjk188BvscN3Iqy','Flow',#7120,#1862);
#7122=IFCCARTESIANPOINT((-8.0200850713744334,-0.,-0.));
#7123=IFCAXIS2PLACEMENT3D(#7122,#6,#8);
#7124=IFCLOCALPLACEMENT(#2140,#7123);
#7125=IFCDISTRIBUTIONPORT('1F6miSuvKiskhx9GKBI1XC',#18,'OutPort_1393362_1','Flow',$,#7124,$,.SOURCE.);
#7126=IFCRELCONNECTSPORTTOELEMENT('3BjOTbATdSiYlj$VmfLSxt',#18,'1393362|3BjOTbATdSiYlj$VmfLSxt','Flow',#7125,#2141);
#7127=IFCRELCONNECTSPORTS('2G2C0TGYhRRpcEjEjHU_zO',#18,'2clkW5GAVDQ2aL6WxVCRp$|1F6miSuvKiskhx9GKBI1XC','Flow',#7120,#7125,$);
#7128=IFCCARTESIANPOINT((8.0187433669591943,0.14669481018927399,-0.));
#7129=IFCDIRECTION((-0.99983270695649296,-0.018290929447452357,0.));
#7130=IFCDIRECTION((0.018290929447452357,-0.99983270695649296,0.));
#7131=IFCAXIS2PLACEMENT3D(#7128,#7129,#7130);
#7132=IFCLOCALPLACEMENT(#2140,#7131);
#7133=IFCDISTRIBUTIONPORT('0QUR1V55PiE6d3B3svf$31',#18,'InPort_1393362_2','Flow',$,#7132,$,.SINK.);
#7134=IFCRELCONNECTSPORTTOELEMENT('3wX_PTLKTG6f95ZJKLkM8T',#18,'1393362|3wX_PTLKTG6f95ZJKLkM8T','Flow',#7133,#2141);
#7135=IFCCARTESIANPOINT((1022.8923089221671,-626.8529692096613,4563.6769367791594));
#7136=IFCDIRECTION((0.99983270695649251,0.,0.018290929447482219));
#7137=IFCAXIS2PLACEMENT3D(#7135,#7136,#8);
#7138=IFCLOCALPLACEMENT(#1878,#7137);
#7139=IFCDISTRIBUTIONPORT('3Cuii8wfpiJYfNahyj_YPc',#18,'OutPort_1393358_0','Flow',$,#7138,$,.SOURCE.);
#7140=IFCRELCONNECTSPORTTOELEMENT('2udMU68JLtr6MUjLUl3TPr',#18,'1393358|2udMU68JLtr6MUjLUl3TPr','Flow',#7139,#1888);
#7141=IFCRELCONNECTSPORTS('199r4Ng6hXs$JihmHsLij1',#18,'0QUR1V55PiE6d3B3svf$31|3Cuii8wfpiJYfNahyj_YPc','Flow',#7133,#7139,$);
#7142=IFCCARTESIANPOINT((568.83005005606026,-626.85296920966516,4555.370326399343));
#7143=IFCDIRECTION((0.99983270695649251,0.,0.018290929447482219));
#7144=IFCAXIS2PLACEMENT3D(#7142,#7143,#8);
#7145=IFCLOCALPLACEMENT(#1878,#7144);
#7146=IFCDISTRIBUTIONPORT('09eh3XC1U7UtrAJpntjn0J',#18,'InPort_1393358_1','Flow',$,#7145,$,.SINK.);
#7147=IFCRELCONNECTSPORTTOELEMENT('07v8eC$ihoVkAPup_VSZ$s',#18,'1393358|07v8eC$ihoVkAPup_VSZ$s','Flow',#7146,#1888);
#7148=IFCCARTESIANPOINT((-8.0200850713745186,-0.,-0.));
#7149=IFCAXIS2PLACEMENT3D(#7148,#6,#8);
#7150=IFCLOCALPLACEMENT(#2155,#7149);
#7151=IFCDISTRIBUTIONPORT('053ld0pJfl0tkFWKTbrdsk',#18,'OutPort_1393365_1','Flow',$,#7150,$,.SOURCE.);
#7152=IFCRELCONNECTSPORTTOELEMENT('3uVJu$1USPqrapJGFQU_S6',#18,'1393365|3uVJu$1USPqrapJGFQU_S6','Flow',#7151,#2156);
#7153=IFCRELCONNECTSPORTS('1F4Zbw4$BYEXnFN3MGrKFl',#18,'09eh3XC1U7UtrAJpntjn0J|053ld0pJfl0tkFWKTbrdsk','Flow',#7146,#7151,$);
#7154=IFCCARTESIANPOINT((-305.,-0.,0.));
#7155=IFCAXIS2PLACEMENT3D(#7154,#5,#7);
#7156=IFCLOCALPLACEMENT(#1908,#7155);
#7157=IFCDISTRIBUTIONPORT('0FSI0BVtS3sCf_rUzH$yJl',#18,'InPort_1393359_1','Flow',$,#7156,$,.SINK.);
#7158=IFCRELCONNECTSPORTTOELEMENT('3MbduwqAmPjQvkDkSSOYd1',#18,'1393359|3MbduwqAmPjQvkDkSSOYd1','Flow',#7157,#1909);
#7159=IFCAXIS2PLACEMENT3D(#3,#6,#8);
#7160=IFCLOCALPLACEMENT(#2068,#7159);
#7161=IFCDISTRIBUTIONPORT('3MdAIaWABvCWoNbsboEGlw',#18,'OutPort_1393360_1','Flow',$,#7160,$,.SOURCE.);
#7162=IFCRELCONNECTSPORTTOELEMENT('2N$WddXeKxVzq7FJuIR3uh',#18,'1393360|2N$WddXeKxVzq7FJuIR3uh','Flow',#7161,#2069);
#7163=IFCRELCONNECTSPORTS('23Hy49V11xEKrQblt$zFq$',#18,'0FSI0BVtS3sCf_rUzH$yJl|3MdAIaWABvCWoNbsboEGlw','Flow',#7157,#7161,$);
#7164=IFCCARTESIANPOINT((762.74486660103503,-2117.2529692097182,4115.823631589159));
#7165=IFCAXIS2PLACEMENT3D(#7164,#9,#6);
#7166=IFCLOCALPLACEMENT(#2298,#7165);
#7167=IFCDISTRIBUTIONPORT('2HD$gDllHJ1n_88Sj1ukPg',#18,'InPort_1393960_0','Flow',$,#7166,$,.SINK.);
#7168=IFCRELCONNECTSPORTTOELEMENT('2Oldb49JbQSNnil3KzZZjy',#18,'1393960|2Oldb49JbQSNnil3KzZZjy','Flow',#7167,#2307);
#7169=IFCCARTESIANPOINT((0.,0.,100.));
#7170=IFCAXIS2PLACEMENT3D(#7169,$,$);
#7171=IFCLOCALPLACEMENT(#2203,#7170);
#7172=IFCDISTRIBUTIONPORT('1RaJjQvaKb8IQvlnDzbtJd',#18,'OutPort_1393393_0','Flow',$,#7171,$,.SOURCE.);
#7173=IFCRELCONNECTSPORTTOELEMENT('3Fgwe580prry0FQIcManh8',#18,'1393393|3Fgwe580prry0FQIcManh8','Flow',#7172,#2204);
#7174=IFCRELCONNECTSPORTS('091s8W10aRrgpCvWN6J9D6',#18,'2HD$gDllHJ1n_88Sj1ukPg|1RaJjQvaKb8IQvlnDzbtJd','Flow',#7167,#7172,$);
#7175=IFCCARTESIANPOINT((974.288455329567,-0.,0.));
#7176=IFCAXIS2PLACEMENT3D(#7175,#6,#8);
#7177=IFCLOCALPLACEMENT(#2501,#7176);
#7178=IFCDISTRIBUTIONPORT('1eJAzupk0HDtm$5MqQavlM',#18,'InPort_1394081_2','Flow',$,#7177,$,.SINK.);
#7179=IFCRELCONNECTSPORTTOELEMENT('0ci8yupPNqTzqLFj$tv$jj',#18,'1394081|0ci8yupPNqTzqLFj$tv$jj','Flow',#7178,#2502);
#7180=IFCCARTESIANPOINT((-1725.6935887285413,-626.85296920966414,555.22363158915755));
#7181=IFCAXIS2PLACEMENT3D(#7180,#5,#8);
#7182=IFCLOCALPLACEMENT(#2211,#7181);
#7183=IFCDISTRIBUTIONPORT('2o1jySJ31axMEx1NSQvp7F',#18,'OutPort_1393708_0','Flow',$,#7182,$,.SOURCE.);
#7184=IFCRELCONNECTSPORTTOELEMENT('10$_XmIaDUMlR9A0vWObAi',#18,'1393708|10$_XmIaDUMlR9A0vWObAi','Flow',#7183,#2220);
#7185=IFCRELCONNECTSPORTS('14msHb8huKayiVVJGat0Ca',#18,'1eJAzupk0HDtm$5MqQavlM|2o1jySJ31axMEx1NSQvp7F','Flow',#7178,#7183,$);
#7186=IFCCARTESIANPOINT((-1932.255133398965,-626.85296920965243,555.22363158913367));
#7187=IFCAXIS2PLACEMENT3D(#7186,#5,#8);
#7188=IFCLOCALPLACEMENT(#2211,#7187);
#7189=IFCDISTRIBUTIONPORT('1s7HTIBwOCyWxV_lRd6vY1',#18,'InPort_1393708_1','Flow',$,#7188,$,.SINK.);
#7190=IFCRELCONNECTSPORTTOELEMENT('0T$uwwTxPUbL0j6OzNZR3c',#18,'1393708|0T$uwwTxPUbL0j6OzNZR3c','Flow',#7189,#2220);
#7191=IFCCARTESIANPOINT((-305.,-0.,0.));
#7192=IFCAXIS2PLACEMENT3D(#7191,#6,#8);
#7193=IFCLOCALPLACEMENT(#2240,#7192);
#7194=IFCDISTRIBUTIONPORT('1gTBIefIz19CPPlWFWNb13',#18,'OutPort_1393726_1','Flow',$,#7193,$,.SOURCE.);
#7195=IFCRELCONNECTSPORTTOELEMENT('0wU1n75tDOr7c6nkyTZ3PR',#18,'1393726|0wU1n75tDOr7c6nkyTZ3PR','Flow',#7194,#2241);
#7196=IFCRELCONNECTSPORTS('3c2jOoYOGtPKRxAQ7bT_7Y',#18,'1s7HTIBwOCyWxV_lRd6vY1|1gTBIefIz19CPPlWFWNb13','Flow',#7189,#7194,$);
#7197=IFCCARTESIANPOINT((0.,305.,0.));
#7198=IFCAXIS2PLACEMENT3D(#7197,#8,#5);
#7199=IFCLOCALPLACEMENT(#2240,#7198);
#7200=IFCDISTRIBUTIONPORT('0dnZLeDOwB9IH3A_0_E4zR',#18,'InPort_1393726_2','Flow',$,#7199,$,.SINK.);
#7201=IFCRELCONNECTSPORTTOELEMENT('29B910PauxV3pjTWRuQzIY',#18,'1393726|29B910PauxV3pjTWRuQzIY','Flow',#7200,#2241);
#7202=IFCCARTESIANPOINT((-2237.2551333989663,-931.85296920965516,555.22363158913322));
#7203=IFCAXIS2PLACEMENT3D(#7202,#7,#5);
#7204=IFCLOCALPLACEMENT(#2250,#7203);
#7205=IFCDISTRIBUTIONPORT('2aKxClyYMy37Epc3yuRn$n',#18,'OutPort_1393904_0','Flow',$,#7204,$,.SOURCE.);
#7206=IFCRELCONNECTSPORTTOELEMENT('210fQuwDQajcuA5bVKqFuv',#18,'1393904|210fQuwDQajcuA5bVKqFuv','Flow',#7205,#2259);
#7207=IFCRELCONNECTSPORTS('0WWXR1vG2XezoDebemU9_D',#18,'0dnZLeDOwB9IH3A_0_E4zR|2aKxClyYMy37Epc3yuRn$n','Flow',#7200,#7205,$);
#7208=IFCCARTESIANPOINT((-2237.2551333989577,-1812.2529692097232,555.22363158913151));
#7209=IFCAXIS2PLACEMENT3D(#7208,#7,#5);
#7210=IFCLOCALPLACEMENT(#2250,#7209);
#7211=IFCDISTRIBUTIONPORT('3aYaRnrZsp6t97GeP8brkn',#18,'InPort_1393904_1','Flow',$,#7210,$,.SINK.);
#7212=IFCRELCONNECTSPORTTOELEMENT('1j2gb20akU9sCSK99WcgSL',#18,'1393904|1j2gb20akU9sCSK99WcgSL','Flow',#7211,#2259);
#7213=IFCCARTESIANPOINT((-305.,-0.,0.));
#7214=IFCAXIS2PLACEMENT3D(#7213,#6,#8);
#7215=IFCLOCALPLACEMENT(#2341,#7214);
#7216=IFCDISTRIBUTIONPORT('26cjlly$baZn9W7KYYOkX1',#18,'OutPort_1394005_1','Flow',$,#7215,$,.SOURCE.);
#7217=IFCRELCONNECTSPORTTOELEMENT('244WB19uS9tTTtuHPzsoY2',#18,'1394005|244WB19uS9tTTtuHPzsoY2','Flow',#7216,#2342);
#7218=IFCRELCONNECTSPORTS('3MKgL2QFwnXQ6y_rAcbxv8',#18,'3aYaRnrZsp6t97GeP8brkn|26cjlly$baZn9W7KYYOkX1','Flow',#7211,#7216,$);
#7219=IFCCARTESIANPOINT((0.,305.,0.));
#7220=IFCAXIS2PLACEMENT3D(#7219,#8,#5);
#7221=IFCLOCALPLACEMENT(#2341,#7220);
#7222=IFCDISTRIBUTIONPORT('3F16hOugU0U3Kt6hEcV0MY',#18,'InPort_1394005_2','Flow',$,#7221,$,.SINK.);
#7223=IFCRELCONNECTSPORTTOELEMENT('15LaXQ$sJy21DA_znJrdqR',#18,'1394005|15LaXQ$sJy21DA_znJrdqR','Flow',#7222,#2342);
#7224=IFCCARTESIANPOINT((-1932.2551333989552,-2117.2529692097164,555.22363158913322));
#7225=IFCAXIS2PLACEMENT3D(#7224,#6,#7);
#7226=IFCLOCALPLACEMENT(#2275,#7225);
#7227=IFCDISTRIBUTIONPORT('1N0qUWwmSFUTj74WUxOuUu',#18,'OutPort_1393911_0','Flow',$,#7226,$,.SOURCE.);
#7228=IFCRELCONNECTSPORTTOELEMENT('3JbNTuuOWPtlvirIviw4Sw',#18,'1393911|3JbNTuuOWPtlvirIviw4Sw','Flow',#7227,#2284);
#7229=IFCRELCONNECTSPORTS('3Jn6ic1gbtpeRHB51Mv3ez',#18,'3F16hOugU0U3Kt6hEcV0MY|1N0qUWwmSFUTj74WUxOuUu','Flow',#7222,#7227,$);
#7230=IFCCARTESIANPOINT((457.74486660104947,-2117.2529692097369,555.22363158917381));
#7231=IFCAXIS2PLACEMENT3D(#7230,#6,#7);
#7232=IFCLOCALPLACEMENT(#2275,#7231);
#7233=IFCDISTRIBUTIONPORT('2$4oNjSwBGzwhKTu6FqWdh',#18,'InPort_1393911_1','Flow',$,#7232,$,.SINK.);
#7234=IFCRELCONNECTSPORTTOELEMENT('3nrzOB2UBu58bR5Fy8uX9P',#18,'1393911|3nrzOB2UBu58bR5Fy8uX9P','Flow',#7233,#2284);
#7235=IFCCARTESIANPOINT((0.,305.,-0.));
#7236=IFCAXIS2PLACEMENT3D(#7235,#7,#6);
#7237=IFCLOCALPLACEMENT(#2327,#7236);
#7238=IFCDISTRIBUTIONPORT('09L7HT7UefYvKJAAVUk0DL',#18,'OutPort_1393965_2','Flow',$,#7237,$,.SOURCE.);
#7239=IFCRELCONNECTSPORTTOELEMENT('3gZHMf2W4oOmMPf0ExhegR',#18,'1393965|3gZHMf2W4oOmMPf0ExhegR','Flow',#7238,#2328);
#7240=IFCRELCONNECTSPORTS('0Vjn$Hm4vy5VzzMKzOAC5$',#18,'2$4oNjSwBGzwhKTu6FqWdh|09L7HT7UefYvKJAAVUk0DL','Flow',#7233,#7238,$);
#7241=IFCCARTESIANPOINT((-305.,-0.,-0.));
#7242=IFCAXIS2PLACEMENT3D(#7241,#5,#7);
#7243=IFCLOCALPLACEMENT(#2327,#7242);
#7244=IFCDISTRIBUTIONPORT('0aWkmGzmaHgSWDPAc2rtnU',#18,'InPort_1393965_1','Flow',$,#7243,$,.SINK.);
#7245=IFCRELCONNECTSPORTTOELEMENT('1XQ_u46yQ2$rEfzq8kOl1s',#18,'1393965|1XQ_u46yQ2$rEfzq8kOl1s','Flow',#7244,#2328);
#7246=IFCCARTESIANPOINT((762.74486660104344,-2117.252969209716,4250.2236315891423));
#7247=IFCAXIS2PLACEMENT3D(#7246,#9,#6);
#7248=IFCLOCALPLACEMENT(#2298,#7247);
#7249=IFCDISTRIBUTIONPORT('3AjAiBGUYjb66JpReUPuZr',#18,'OutPort_1393960_1','Flow',$,#7248,$,.SOURCE.);
#7250=IFCRELCONNECTSPORTTOELEMENT('093yNrHPbMrswC14H3SPLb',#18,'1393960|093yNrHPbMrswC14H3SPLb','Flow',#7249,#2307);
#7251=IFCRELCONNECTSPORTS('3Z0g31wJCngb9FD_8uiO0r',#18,'0aWkmGzmaHgSWDPAc2rtnU|3AjAiBGUYjb66JpReUPuZr','Flow',#7244,#7249,$);
#7252=IFCCARTESIANPOINT((-350.33913339898214,146.20758202867191,4708.2659753391999));
#7253=IFCAXIS2PLACEMENT3D(#7252,#10,#5);
#7254=IFCLOCALPLACEMENT(#2511,#7253);
#7255=IFCDISTRIBUTIONPORT('0UgJrA6oppT9rKK4e4u2TQ',#18,'Port_1394327_0','Flow',$,#7254,$,.SOURCEANDSINK.);
#7256=IFCRELCONNECTSPORTTOELEMENT('3A85UvJwFM5VYFtu6C0K0X',#18,'1394327|3A85UvJwFM5VYFtu6C0K0X','Flow',#7255,#2520);
#7257=IFCCARTESIANPOINT((20.822999999999144,-0.,-0.));
#7258=IFCAXIS2PLACEMENT3D(#7257,#5,#7);
#7259=IFCLOCALPLACEMENT(#4492,#7258);
#7260=IFCDISTRIBUTIONPORT('0mc0VuUJx2V5Qe8radnOwd',#18,'Port_1394567_2','Flow',$,#7259,$,.SOURCEANDSINK.);
#7261=IFCRELCONNECTSPORTTOELEMENT('2E4XKiLEaLtCgxUpt6qn7z',#18,'1394567|2E4XKiLEaLtCgxUpt6qn7z','Flow',#7260,#4493);
#7262=IFCRELCONNECTSPORTS('3IVcYunjfULepgofmwBaUB',#18,'0UgJrA6oppT9rKK4e4u2TQ|0mc0VuUJx2V5Qe8radnOwd','Flow',#7255,#7260,$);
#7263=IFCCARTESIANPOINT((-350.33913339897919,146.20758202865557,5077.8759753392251));
#7264=IFCAXIS2PLACEMENT3D(#7263,#9,#6);
#7265=IFCLOCALPLACEMENT(#2511,#7264);
#7266=IFCDISTRIBUTIONPORT('2$yoVxfSVqFPt1qouGvlBP',#18,'Port_1394327_1','Flow',$,#7265,$,.SOURCEANDSINK.);
#7267=IFCRELCONNECTSPORTTOELEMENT('2BSjwEevcNlQlKmacYiYep',#18,'1394327|2BSjwEevcNlQlKmacYiYep','Flow',#7266,#2520);
#7268=IFCCARTESIANPOINT((-25.,-0.,-0.));
#7269=IFCAXIS2PLACEMENT3D(#7268,#6,#8);
#7270=IFCLOCALPLACEMENT(#5349,#7269);
#7271=IFCDISTRIBUTIONPORT('0TWJ_CE2udJ_AmllQMozxo',#18,'Port_1394697_1','Flow',$,#7270,$,.SOURCEANDSINK.);
#7272=IFCRELCONNECTSPORTTOELEMENT('06BjDOzn_oNhoc6nmdo4om',#18,'1394697|06BjDOzn_oNhoc6nmdo4om','Flow',#7271,#5350);
#7273=IFCRELCONNECTSPORTS('1HSB_V8YpjOTpYPvcts4BA',#18,'2$yoVxfSVqFPt1qouGvlBP|0TWJ_CE2udJ_AmllQMozxo','Flow',#7266,#7271,$);
#7274=IFCCARTESIANPOINT((-350.33913339897788,121.64058202867258,4662.8759753392005));
#7275=IFCAXIS2PLACEMENT3D(#7274,#7,#5);
#7276=IFCLOCALPLACEMENT(#2543,#7275);
#7277=IFCDISTRIBUTIONPORT('35rF$$P$NeJQqLKcwIoLWR',#18,'Port_1394345_1','Flow',$,#7276,$,.SOURCEANDSINK.);
#7278=IFCRELCONNECTSPORTTOELEMENT('0M7iFrn1dLZo2_3FM3m9Lq',#18,'1394345|0M7iFrn1dLZo2_3FM3m9Lq','Flow',#7277,#2552);
#7279=IFCCARTESIANPOINT((-24.566999999986791,-0.,-0.));
#7280=IFCAXIS2PLACEMENT3D(#7279,#6,#8);
#7281=IFCLOCALPLACEMENT(#3429,#7280);
#7282=IFCDISTRIBUTIONPORT('2mOUl7_40KQve_YxNxzSFz',#18,'Port_1394565_1','Flow',$,#7281,$,.SOURCEANDSINK.);
#7283=IFCRELCONNECTSPORTTOELEMENT('3XU3aLZSlC1epaYNg9PJoS',#18,'1394565|3XU3aLZSlC1epaYNg9PJoS','Flow',#7282,#3430);
#7284=IFCRELCONNECTSPORTS('0jjJ41F5TZ0J1vZf3u2Id1',#18,'35rF$$P$NeJQqLKcwIoLWR|2mOUl7_40KQve_YxNxzSFz','Flow',#7277,#7282,$);
#7285=IFCCARTESIANPOINT((-350.33913339894463,146.20758202870886,4352.5719128392357));
#7286=IFCAXIS2PLACEMENT3D(#7285,#9,#6);
#7287=IFCLOCALPLACEMENT(#2575,#7286);
#7288=IFCDISTRIBUTIONPORT('0zwFXQUktQwJyi6AoTROnP',#18,'Port_1394378_0','Flow',$,#7287,$,.SOURCEANDSINK.);
#7289=IFCRELCONNECTSPORTTOELEMENT('2dCa2_KEYxWPpWsNIYOpAL',#18,'1394378|2dCa2_KEYxWPpWsNIYOpAL','Flow',#7288,#2584);
#7290=IFCCARTESIANPOINT((20.822999999999684,-0.,-0.));
#7291=IFCAXIS2PLACEMENT3D(#7290,#5,#7);
#7292=IFCLOCALPLACEMENT(#5412,#7291);
#7293=IFCDISTRIBUTIONPORT('0k00rQ$oKe7NLFNvmMWkAH',#18,'Port_1394778_2','Flow',$,#7292,$,.SOURCEANDSINK.);
#7294=IFCRELCONNECTSPORTTOELEMENT('0OSpvYe5qJ67ZvcH_H0OxB',#18,'1394778|0OSpvYe5qJ67ZvcH_H0OxB','Flow',#7293,#5413);
#7295=IFCRELCONNECTSPORTS('1IuP81B1l9DvEnWIbPtNzu',#18,'0zwFXQUktQwJyi6AoTROnP|0k00rQ$oKe7NLFNvmMWkAH','Flow',#7288,#7293,$);
#7296=IFCCARTESIANPOINT((-350.33913339899794,146.20758202868402,4042.9619128392192));
#7297=IFCAXIS2PLACEMENT3D(#7296,#10,#5);
#7298=IFCLOCALPLACEMENT(#2575,#7297);
#7299=IFCDISTRIBUTIONPORT('29W$SElKcj7UbG_3QXG7I6',#18,'Port_1394378_1','Flow',$,#7298,$,.SOURCEANDSINK.);
#7300=IFCRELCONNECTSPORTTOELEMENT('1KwTNZG33v5S9nyGQzIbVz',#18,'1394378|1KwTNZG33v5S9nyGQzIbVz','Flow',#7299,#2584);
#7301=IFCCARTESIANPOINT((-25.,-0.,-0.));
#7302=IFCAXIS2PLACEMENT3D(#7301,#6,#8);
#7303=IFCLOCALPLACEMENT(#5452,#7302);
#7304=IFCDISTRIBUTIONPORT('2JVpLbq$qr2jd88MoDrzvX',#18,'Port_1394820_1','Flow',$,#7303,$,.SOURCEANDSINK.);
#7305=IFCRELCONNECTSPORTTOELEMENT('29NTyLjTmOT5PnCoNioxM5',#18,'1394820|29NTyLjTmOT5PnCoNioxM5','Flow',#7304,#5453);
#7306=IFCRELCONNECTSPORTS('2_pIRBv3hVbhKvARcw6IqH',#18,'29W$SElKcj7UbG_3QXG7I6|2JVpLbq$qr2jd88MoDrzvX','Flow',#7299,#7304,$);
#7307=IFCCARTESIANPOINT((-350.33913339896884,121.64058202869342,4397.961912839226));
#7308=IFCAXIS2PLACEMENT3D(#7307,#7,#5);
#7309=IFCLOCALPLACEMENT(#2607,#7308);
#7310=IFCDISTRIBUTIONPORT('1jWA2kAsW$m7oaXr2NwA$B',#18,'Port_1394390_1','Flow',$,#7309,$,.SOURCEANDSINK.);
#7311=IFCRELCONNECTSPORTTOELEMENT('2OUrzLtUWZrosy06Fn9Uzk',#18,'1394390|2OUrzLtUWZrosy06Fn9Uzk','Flow',#7310,#2616);
#7312=IFCCARTESIANPOINT((-24.566999999986809,-0.,-0.));
#7313=IFCAXIS2PLACEMENT3D(#7312,#6,#8);
#7314=IFCLOCALPLACEMENT(#5401,#7313);
#7315=IFCDISTRIBUTIONPORT('3xWEiGcGGq0SiUBxdheYLs',#18,'Port_1394776_1','Flow',$,#7314,$,.SOURCEANDSINK.);
#7316=IFCRELCONNECTSPORTTOELEMENT('2I4Vkv94EumZhjtZcJtYBx',#18,'1394776|2I4Vkv94EumZhjtZcJtYBx','Flow',#7315,#5402);
#7317=IFCRELCONNECTSPORTS('3qY2mhOgeql_TSfb9qGJB5',#18,'1jWA2kAsW$m7oaXr2NwA$B|3xWEiGcGGq0SiUBxdheYLs','Flow',#7310,#7315,$);
#7318=IFCCARTESIANPOINT((0.,24.566999999982851,-0.));
#7319=IFCAXIS2PLACEMENT3D(#7318,#7,#6);
#7320=IFCLOCALPLACEMENT(#3429,#7319);
#7321=IFCDISTRIBUTIONPORT('00_IxtEZS_UhBAMDI1gmF_',#18,'Port_1394565_2','Flow',$,#7320,$,.SOURCEANDSINK.);
#7322=IFCRELCONNECTSPORTTOELEMENT('0w$Y0hF4L0hGzBkRHjzy1j',#18,'1394565|0w$Y0hF4L0hGzBkRHjzy1j','Flow',#7321,#3430);
#7323=IFCAXIS2PLACEMENT3D(#3,#6,#8);
#7324=IFCLOCALPLACEMENT(#4492,#7323);
#7325=IFCDISTRIBUTIONPORT('2HeW4_T8tLHr_c1dhAzLr5',#18,'Port_1394567_1','Flow',$,#7324,$,.SOURCEANDSINK.);
#7326=IFCRELCONNECTSPORTTOELEMENT('3SZJ_urPgUhHx0vD9TT1gV',#18,'1394567|3SZJ_urPgUhHx0vD9TT1gV','Flow',#7325,#4493);
#7327=IFCRELCONNECTSPORTS('1iCE6fN0nQrC58_7ulKaf0',#18,'00_IxtEZS_UhBAMDI1gmF_|2HeW4_T8tLHr_c1dhAzLr5','Flow',#7321,#7325,$);
#7328=IFCCARTESIANPOINT((-325.33913339897896,146.20758202865554,5102.8759753392242));
#7329=IFCAXIS2PLACEMENT3D(#7328,#6,#7);
#7330=IFCLOCALPLACEMENT(#4499,#7329);
#7331=IFCDISTRIBUTIONPORT('2JdKzsv5o25IjpjMDyhsuy',#18,'Port_1394685_0','Flow',$,#7330,$,.SOURCEANDSINK.);
#7332=IFCRELCONNECTSPORTTOELEMENT('2BA_vXCQkZD3ipo34pBeGr',#18,'1394685|2BA_vXCQkZD3ipo34pBeGr','Flow',#7331,#4508);
#7333=IFCCARTESIANPOINT((0.,25.,-0.));
#7334=IFCAXIS2PLACEMENT3D(#7333,#7,#6);
#7335=IFCLOCALPLACEMENT(#5349,#7334);
#7336=IFCDISTRIBUTIONPORT('0KaNbiP11FGGS7$_JmL7vd',#18,'Port_1394697_2','Flow',$,#7335,$,.SOURCEANDSINK.);
#7337=IFCRELCONNECTSPORTTOELEMENT('1hvsbHbZ9_3fznApCg5Ky1',#18,'1394697|1hvsbHbZ9_3fznApCg5Ky1','Flow',#7336,#5350);
#7338=IFCRELCONNECTSPORTS('0wTDqDxK9xpa4$uiqoVMZ9',#18,'2JdKzsv5o25IjpjMDyhsuy|0KaNbiP11FGGS7$_JmL7vd','Flow',#7331,#7336,$);
#7339=IFCCARTESIANPOINT((-15.339133398962483,146.20758202866406,5102.875975339216));
#7340=IFCAXIS2PLACEMENT3D(#7339,#5,#8);
#7341=IFCLOCALPLACEMENT(#4499,#7340);
#7342=IFCDISTRIBUTIONPORT('0$JnezkLBwyQeXG$WdNhKm',#18,'Port_1394685_1','Flow',$,#7341,$,.SOURCEANDSINK.);
#7343=IFCRELCONNECTSPORTTOELEMENT('00GR1jJGbSF6Lh2sMmq4BK',#18,'1394685|00GR1jJGbSF6Lh2sMmq4BK','Flow',#7342,#4508);
#7344=IFCCARTESIANPOINT((0.,25.,-0.));
#7345=IFCAXIS2PLACEMENT3D(#7344,#7,#6);
#7346=IFCLOCALPLACEMENT(#5390,#7345);
#7347=IFCDISTRIBUTIONPORT('28UcXQ0nmF1Ktgg2n3IF5r',#18,'Port_1394710_2','Flow',$,#7346,$,.SOURCEANDSINK.);
#7348=IFCRELCONNECTSPORTTOELEMENT('1g1mGPnvGbUSQ9OxQ_xMil',#18,'1394710|1g1mGPnvGbUSQ9OxQ_xMil','Flow',#7347,#5391);
#7349=IFCRELCONNECTSPORTS('3KH8mt4WgNh_wZP7ASGebE',#18,'0$JnezkLBwyQeXG$WdNhKm|28UcXQ0nmF1Ktgg2n3IF5r','Flow',#7342,#7347,$);
#7350=IFCCARTESIANPOINT((9.6608666010376929,121.20758202866438,5102.875975339216));
#7351=IFCAXIS2PLACEMENT3D(#7350,#7,#5);
#7352=IFCLOCALPLACEMENT(#5356,#7351);
#7353=IFCDISTRIBUTIONPORT('00bOLc5jOjcxADmR0J2jk7',#18,'Port_1394702_0','Flow',$,#7352,$,.SOURCEANDSINK.);
#7354=IFCRELCONNECTSPORTTOELEMENT('3fmpk5st1RHt_vraMXQc2V',#18,'1394702|3fmpk5st1RHt_vraMXQc2V','Flow',#7353,#5365);
#7355=IFCCARTESIANPOINT((-25.,-0.,-0.));
#7356=IFCAXIS2PLACEMENT3D(#7355,#6,#8);
#7357=IFCLOCALPLACEMENT(#5390,#7356);
#7358=IFCDISTRIBUTIONPORT('1pRW7bO1eNnLNdZBkk6fyg',#18,'Port_1394710_1','Flow',$,#7357,$,.SOURCEANDSINK.);
#7359=IFCRELCONNECTSPORTTOELEMENT('2Z7yNX_g9H6gl3ypLB$k3N',#18,'1394710|2Z7yNX_g9H6gl3ypLB$k3N','Flow',#7358,#5391);
#7360=IFCRELCONNECTSPORTS('0XrNvirwMmWKagbyWM41R9',#18,'00bOLc5jOjcxADmR0J2jk7|1pRW7bO1eNnLNdZBkk6fyg','Flow',#7353,#7358,$);
#7361=IFCCARTESIANPOINT((9.6608666010188848,-5173.7924179713191,5102.8759753392178));
#7362=IFCAXIS2PLACEMENT3D(#7361,#8,#6);
#7363=IFCLOCALPLACEMENT(#5356,#7362);
#7364=IFCDISTRIBUTIONPORT('33sxkEiqe_qzwkNwMIOSRM',#18,'Port_1394702_1','Flow',$,#7363,$,.SOURCEANDSINK.);
#7365=IFCRELCONNECTSPORTTOELEMENT('1oEd6a1jy_VtuKNTStP7yc',#18,'1394702|33sxkEiqe_qzwkNwMIOSRM','Flow',#7364,#5365);
#7366=IFCCARTESIANPOINT((0.,24.566999999982851,-0.));
#7367=IFCAXIS2PLACEMENT3D(#7366,#7,#6);
#7368=IFCLOCALPLACEMENT(#5401,#7367);
#7369=IFCDISTRIBUTIONPORT('20moGIRng21vZk8qPq0XRK',#18,'Port_1394776_2','Flow',$,#7368,$,.SOURCEANDSINK.);
#7370=IFCRELCONNECTSPORTTOELEMENT('1jeT8bITLx$lmWmZVUrWpS',#18,'1394776|1jeT8bITLx$lmWmZVUrWpS','Flow',#7369,#5402);
#7371=IFCAXIS2PLACEMENT3D(#3,#6,#8);
#7372=IFCLOCALPLACEMENT(#5412,#7371);
#7373=IFCDISTRIBUTIONPORT('3eCL4Kc_LzfKtMZZxcUwkE',#18,'Port_1394778_1','Flow',$,#7372,$,.SOURCEANDSINK.);
#7374=IFCRELCONNECTSPORTTOELEMENT('03u8IEA3$WOvshOM$_gW5n',#18,'1394778|03u8IEA3$WOvshOM$_gW5n','Flow',#7373,#5413);
#7375=IFCRELCONNECTSPORTS('2nrcqUBz1DpBxj9vPwntp6',#18,'20moGIRng21vZk8qPq0XRK|3eCL4Kc_LzfKtMZZxcUwkE','Flow',#7369,#7373,$);
#7376=IFCCARTESIANPOINT((-325.33913339899772,146.20758202868402,4017.9619128392196));
#7377=IFCAXIS2PLACEMENT3D(#7376,#6,#7);
#7378=IFCLOCALPLACEMENT(#5419,#7377);
#7379=IFCDISTRIBUTIONPORT('1ozmuLIJH962keDKLyWkUI',#18,'Port_1394806_0','Flow',$,#7378,$,.SOURCEANDSINK.);
#7380=IFCRELCONNECTSPORTTOELEMENT('0Sv9XOtnXY9Q5$mzZ2zWJh',#18,'1394806|0Sv9XOtnXY9Q5$mzZ2zWJh','Flow',#7379,#5428);
#7381=IFCCARTESIANPOINT((0.,25.,-0.));
#7382=IFCAXIS2PLACEMENT3D(#7381,#7,#6);
#7383=IFCLOCALPLACEMENT(#5452,#7382);
#7384=IFCDISTRIBUTIONPORT('1KCGf_sN9tZAq8U4Y_2mE4',#18,'Port_1394820_2','Flow',$,#7383,$,.SOURCEANDSINK.);
#7385=IFCRELCONNECTSPORTTOELEMENT('1rxnRwti2PEdZNJI5H25qR',#18,'1394820|1rxnRwti2PEdZNJI5H25qR','Flow',#7384,#5453);
#7386=IFCRELCONNECTSPORTS('13JrwiheFkySnfYHsifD3S',#18,'1ozmuLIJH962keDKLyWkUI|1KCGf_sN9tZAq8U4Y_2mE4','Flow',#7379,#7384,$);
#7387=IFCCARTESIANPOINT((-15.339133398953955,146.20758202868763,4017.9619128392246));
#7388=IFCAXIS2PLACEMENT3D(#7387,#5,#8);
#7389=IFCLOCALPLACEMENT(#5419,#7388);
#7390=IFCDISTRIBUTIONPORT('0GEjVD3T9IzPGSLjH87L6y',#18,'Port_1394806_1','Flow',$,#7389,$,.SOURCEANDSINK.);
#7391=IFCRELCONNECTSPORTTOELEMENT('20AKJn5W3IuAIkKdtdCpIj',#18,'1394806|20AKJn5W3IuAIkKdtdCpIj','Flow',#7390,#5428);
#7392=IFCCARTESIANPOINT((0.,25.,-0.));
#7393=IFCAXIS2PLACEMENT3D(#7392,#7,#6);
#7394=IFCLOCALPLACEMENT(#5492,#7393);
#7395=IFCDISTRIBUTIONPORT('2oDJeqLBXEGkrsxt1iJeGw',#18,'Port_1394832_2','Flow',$,#7394,$,.SOURCEANDSINK.);
#7396=IFCRELCONNECTSPORTTOELEMENT('0b_j1NH8Gwb6QOrJOpWT9_',#18,'1394832|0b_j1NH8Gwb6QOrJOpWT9_','Flow',#7395,#5493);
#7397=IFCRELCONNECTSPORTS('0_vLXNgEIugTaT6RJjMnrw',#18,'0GEjVD3T9IzPGSLjH87L6y|2oDJeqLBXEGkrsxt1iJeGw','Flow',#7390,#7395,$);
#7398=IFCCARTESIANPOINT((9.6608666010462194,121.20758202868794,4017.9619128392246));
#7399=IFCAXIS2PLACEMENT3D(#7398,#7,#5);
#7400=IFCLOCALPLACEMENT(#5459,#7399);
#7401=IFCDISTRIBUTIONPORT('12f_ratV0QO4L8Frhu7zKU',#18,'Port_1394824_0','Flow',$,#7400,$,.SOURCEANDSINK.);
#7402=IFCRELCONNECTSPORTTOELEMENT('1XUD0Vo5FmVWnFNPndIg3x',#18,'1394824|1XUD0Vo5FmVWnFNPndIg3x','Flow',#7401,#5468);
#7403=IFCCARTESIANPOINT((-25.,-0.,-0.));
#7404=IFCAXIS2PLACEMENT3D(#7403,#6,#8);
#7405=IFCLOCALPLACEMENT(#5492,#7404);
#7406=IFCDISTRIBUTIONPORT('2InSD7mpbS$Ae$8v2Xzwnw',#18,'Port_1394832_1','Flow',$,#7405,$,.SOURCEANDSINK.);
#7407=IFCRELCONNECTSPORTTOELEMENT('18kUQ5xoiZbeUmwU9X1BJY',#18,'1394832|18kUQ5xoiZbeUmwU9X1BJY','Flow',#7406,#5493);
#7408=IFCRELCONNECTSPORTS('3tahj1aOfGyCNaKhiBL2vD',#18,'12f_ratV0QO4L8Frhu7zKU|2InSD7mpbS$Ae$8v2Xzwnw','Flow',#7401,#7406,$);
#7409=IFCCARTESIANPOINT((9.660866601017231,-5173.7924179713191,4017.9619128392269));
#7410=IFCAXIS2PLACEMENT3D(#7409,#8,#6);
#7411=IFCLOCALPLACEMENT(#5459,#7410);
#7412=IFCDISTRIBUTIONPORT('3C1IHH1bSff27XI6E0hjK2',#18,'Port_1394824_1','Flow',$,#7411,$,.SOURCEANDSINK.);
#7413=IFCRELCONNECTSPORTTOELEMENT('3ba5FHzYTAMqsCH33HSZfF',#18,'1394824|3C1IHH1bSff27XI6E0hjK2','Flow',#7412,#5468);
#7414=IFCCARTESIANPOINT((-178.53930067508429,-1.4529692096688205,4313.9236315892167));
#7415=IFCAXIS2PLACEMENT3D(#7414,#8,#6);
#7416=IFCLOCALPLACEMENT(#6310,#7415);
#7417=IFCDISTRIBUTIONPORT('0yfSumDzg5$_Wv$GvReCEI',#18,'InPort_1394866_0','Flow',$,#7416,$,.SINK.);
#7418=IFCRELCONNECTSPORTTOELEMENT('32Ldr6qU1LNdwTYZ1K0RVM',#18,'1394866|32Ldr6qU1LNdwTYZ1K0RVM','Flow',#7417,#6319);
#7419=IFCCARTESIANPOINT((-35.,-0.,-0.));
#7420=IFCAXIS2PLACEMENT3D(#7419,#6,#8);
#7421=IFCLOCALPLACEMENT(#6303,#7420);
#7422=IFCDISTRIBUTIONPORT('2p5zWIe1$pbyTKC4hifLm9',#18,'OutPort_1394864_1','Flow',$,#7421,$,.SOURCE.);
#7423=IFCRELCONNECTSPORTTOELEMENT('2oiuQ$MOirPObvlEkiNsJA',#18,'1394864|2oiuQ$MOirPObvlEkiNsJA','Flow',#7422,#6304);
#7424=IFCRELCONNECTSPORTS('3nd5Zl1Z1bUPmzu97_2ygi',#18,'0yfSumDzg5$_Wv$GvReCEI|2p5zWIe1$pbyTKC4hifLm9','Flow',#7417,#7422,$);
#7425=IFCCARTESIANPOINT((-178.53930067510171,-5173.7924179713191,4313.9236315892185));
#7426=IFCAXIS2PLACEMENT3D(#7425,#8,#6);
#7427=IFCLOCALPLACEMENT(#6310,#7426);
#7428=IFCDISTRIBUTIONPORT('2H6TqN1F9P7ug_xVAsrRk1',#18,'OutPort_1394866_1','Flow',$,#7427,$,.SOURCE.);
#7429=IFCRELCONNECTSPORTTOELEMENT('36phvOnofO9ZDR6s9e7b8N',#18,'1394866|2H6TqN1F9P7ug_xVAsrRk1','Flow',#7428,#6319);
#7430=IFCCARTESIANPOINT((-1026.0051333989661,-2995.1135114527065,100.));
#7431=IFCAXIS2PLACEMENT3D(#7430,#9,#6);
#7432=IFCLOCALPLACEMENT(#6411,#7431);
#7433=IFCDISTRIBUTIONPORT('0RKIgja1A48mgYhL9WBKkL',#18,'InPort_1394950_0','Flow',$,#7432,$,.SINK.);
#7434=IFCRELCONNECTSPORTTOELEMENT('1X$4cOSEvJDbvZetdBR_hN',#18,'1394950|1X$4cOSEvJDbvZetdBR_hN','Flow',#7433,#6420);
#7435=IFCCARTESIANPOINT((0.,0.,100.));
#7436=IFCAXIS2PLACEMENT3D(#7435,$,$);
#7437=IFCLOCALPLACEMENT(#6380,#7436);
#7438=IFCDISTRIBUTIONPORT('2e9PTrareKQoc98zkoyo8s',#18,'OutPort_1394913_0','Flow',$,#7437,$,.SOURCE.);
#7439=IFCRELCONNECTSPORTTOELEMENT('1Pqjl9GdceW_1Is7zkj3dc',#18,'1394913|1Pqjl9GdceW_1Is7zkj3dc','Flow',#7438,#6381);
#7440=IFCRELCONNECTSPORTS('2G04xaO8ZDcwjmrPxnCM6j',#18,'0RKIgja1A48mgYhL9WBKkL|2e9PTrareKQoc98zkoyo8s','Flow',#7433,#7438,$);
#7441=IFCCARTESIANPOINT((-1026.0051333989679,-3300.1135114527005,709.80000000019436));
#7442=IFCAXIS2PLACEMENT3D(#7441,#8,#6);
#7443=IFCLOCALPLACEMENT(#6388,#7442);
#7444=IFCDISTRIBUTIONPORT('1XmK6_Pc3cukY4tMLm3YhY',#18,'InPort_1394940_0','Flow',$,#7443,$,.SINK.);
#7445=IFCRELCONNECTSPORTTOELEMENT('3DVBs78OFm1jJBi7904YIZ',#18,'1394940|3DVBs78OFm1jJBi7904YIZ','Flow',#7444,#6397);
#7446=IFCCARTESIANPOINT((0.,305.,-0.));
#7447=IFCAXIS2PLACEMENT3D(#7446,#7,#6);
#7448=IFCLOCALPLACEMENT(#6440,#7447);
#7449=IFCDISTRIBUTIONPORT('2nUbjz1iCfdGtBE15HzS4V',#18,'OutPort_1394951_2','Flow',$,#7448,$,.SOURCE.);
#7450=IFCRELCONNECTSPORTTOELEMENT('38Riivd8W1$rf2q6vNHESX',#18,'1394951|38Riivd8W1$rf2q6vNHESX','Flow',#7449,#6441);
#7451=IFCRELCONNECTSPORTS('2UWMp8617I8uBllAhdMET7',#18,'1XmK6_Pc3cukY4tMLm3YhY|2nUbjz1iCfdGtBE15HzS4V','Flow',#7444,#7449,$);
#7452=IFCCARTESIANPOINT((-1026.0051333989661,-5195.1135114527078,709.80000000018629));
#7453=IFCAXIS2PLACEMENT3D(#7452,#8,#6);
#7454=IFCLOCALPLACEMENT(#6388,#7453);
#7455=IFCDISTRIBUTIONPORT('1i3HtABN6uRMlE3th7QcrN',#18,'OutPort_1394940_1','Flow',$,#7454,$,.SOURCE.);
#7456=IFCRELCONNECTSPORTTOELEMENT('3Kdho3sGc4XQ0jq_7Twcwe',#18,'1394940|1i3HtABN6uRMlE3th7QcrN','Flow',#7455,#6397);
#7457=IFCCARTESIANPOINT((-0.,-37.500000000015838,0.));
#7458=IFCAXIS2PLACEMENT3D(#7457,#5,#7);
#7459=IFCLOCALPLACEMENT(#6741,#7458);
#7460=IFCDISTRIBUTIONPORT('0005llIVdJC_EXn6ss5bUQ',#18,'InPort_1395036_1','Flow',$,#7459,$,.SINK.);
#7461=IFCRELCONNECTSPORTTOELEMENT('3ZmPoAHFpmmMfVc1A5rsWo',#18,'1395036|3ZmPoAHFpmmMfVc1A5rsWo','Flow',#7460,#6742);
#7462=IFCCARTESIANPOINT((-1026.0051333989675,-3717.8356043550048,709.80000000019277));
#7463=IFCAXIS2PLACEMENT3D(#7462,#8,#6);
#7464=IFCLOCALPLACEMENT(#6388,#7463);
#7465=IFCDISTRIBUTIONPORT('3GZ0mRSH9sWarQz2QsFlWv',#18,'OutPort_1394940_2','Flow',$,#7464,$,.SOURCE.);
#7466=IFCRELCONNECTSPORTTOELEMENT('0tjuiFb14QoYjpjR0o3zzy',#18,'1394940|0tjuiFb14QoYjpjR0o3zzy','Flow',#7465,#6397);
#7467=IFCRELCONNECTSPORTS('3pvwKaCD8855S2TfA$WyBn',#18,'0005llIVdJC_EXn6ss5bUQ|3GZ0mRSH9sWarQz2QsFlWv','Flow',#7460,#7465,$);
#7468=IFCCARTESIANPOINT((-305.,-0.,-0.));
#7469=IFCAXIS2PLACEMENT3D(#7468,#5,#7);
#7470=IFCLOCALPLACEMENT(#6440,#7469);
#7471=IFCDISTRIBUTIONPORT('0LfkxGEGp4XU4fnFQ$tAxF',#18,'InPort_1394951_1','Flow',$,#7470,$,.SINK.);
#7472=IFCRELCONNECTSPORTTOELEMENT('3rLBhj9evPC8D7wlJaWpzS',#18,'1394951|3rLBhj9evPC8D7wlJaWpzS','Flow',#7471,#6441);
#7473=IFCCARTESIANPOINT((-1026.0051333989679,-2995.1135114526978,404.80000000019277));
#7474=IFCAXIS2PLACEMENT3D(#7473,#9,#6);
#7475=IFCLOCALPLACEMENT(#6411,#7474);
#7476=IFCDISTRIBUTIONPORT('1$E35zERtzul3y1Vhqew6g',#18,'OutPort_1394950_1','Flow',$,#7475,$,.SOURCE.);
#7477=IFCRELCONNECTSPORTTOELEMENT('1Hb5q46pbsY3OEejYPxzLY',#18,'1394950|1Hb5q46pbsY3OEejYPxzLY','Flow',#7476,#6420);
#7478=IFCRELCONNECTSPORTS('01u6j$KbzaTEfcjMuI$zGg',#18,'0LfkxGEGp4XU4fnFQ$tAxF|1$E35zERtzul3y1Vhqew6g','Flow',#7471,#7476,$);
#7479=IFCCARTESIANPOINT((0.,-0.,106.));
#7480=IFCAXIS2PLACEMENT3D(#7479,#10,#5);
#7481=IFCLOCALPLACEMENT(#6676,#7480);
#7482=IFCDISTRIBUTIONPORT('0wYehEMIidibbkVskiozWa',#18,'InPort_1395033_1','Flow',$,#7481,$,.SINK.);
#7483=IFCRELCONNECTSPORTTOELEMENT('3Cci5xmgQjneaKraHyC9wq',#18,'1395033|3Cci5xmgQjneaKraHyC9wq','Flow',#7482,#6677);
#7484=IFCCARTESIANPOINT((-1026.0051333990134,-3717.8356043549961,106.));
#7485=IFCAXIS2PLACEMENT3D(#7484,#10,#8);
#7486=IFCLOCALPLACEMENT(#6684,#7485);
#7487=IFCDISTRIBUTIONPORT('3CZowebq0yhq7YaoT4dg9p',#18,'OutPort_1395035_0','Flow',$,#7486,$,.SOURCE.);
#7488=IFCRELCONNECTSPORTTOELEMENT('2Q7G0hfAljtTbME44$hy$S',#18,'1395035|2Q7G0hfAljtTbME44$hy$S','Flow',#7487,#6693);
#7489=IFCRELCONNECTSPORTS('0SNS0etoa8VjxVqNUUWdBg',#18,'0wYehEMIidibbkVskiozWa|3CZowebq0yhq7YaoT4dg9p','Flow',#7482,#7487,$);
#7490=IFCCARTESIANPOINT((-1026.0051333990134,-3717.8356043549961,479.80000000018816));
#7491=IFCAXIS2PLACEMENT3D(#7490,#10,#8);
#7492=IFCLOCALPLACEMENT(#6684,#7491);
#7493=IFCDISTRIBUTIONPORT('2coz_LsKLTsrUEtFpr5FW_',#18,'InPort_1395035_1','Flow',$,#7492,$,.SINK.);
#7494=IFCRELCONNECTSPORTTOELEMENT('3F6Z0NVZfbs0IDqpbfB0K8',#18,'1395035|3F6Z0NVZfbs0IDqpbfB0K8','Flow',#7493,#6693);
#7495=IFCCARTESIANPOINT((80.,-0.,-0.));
#7496=IFCAXIS2PLACEMENT3D(#7495,#5,#7);
#7497=IFCLOCALPLACEMENT(#6741,#7496);
#7498=IFCDISTRIBUTIONPORT('2nvq4FwlFuU2ypi3MaYiMr',#18,'OutPort_1395036_2','Flow',$,#7497,$,.SOURCE.);
#7499=IFCRELCONNECTSPORTTOELEMENT('18$_VPLqtDniCWvrlfUdTJ',#18,'1395036|18$_VPLqtDniCWvrlfUdTJ','Flow',#7498,#6742);
#7500=IFCRELCONNECTSPORTS('2FEq5j6dNA82cQIumjf3HF',#18,'2coz_LsKLTsrUEtFpr5FW_|2nvq4FwlFuU2ypi3MaYiMr','Flow',#7493,#7498,$);
#7501=IFCCARTESIANPOINT((0.,0.,100.));
#7502=IFCAXIS2PLACEMENT3D(#7501,#10,#6);
#7503=IFCLOCALPLACEMENT(#6789,#7502);
#7504=IFCDISTRIBUTIONPORT('3Yutsck90QiPrTQNkSRJVA',#18,'InPort_1395354_0','Flow',$,#7503,$,.SINK.);
#7505=IFCRELCONNECTSPORTTOELEMENT('1tDAuQWnFwYM6_yyHEIXvL',#18,'1395354|1tDAuQWnFwYM6_yyHEIXvL','Flow',#7504,#6790);
#7506=IFCCARTESIANPOINT((-720.13013339896565,1482.7470307902863,100.));
#7507=IFCAXIS2PLACEMENT3D(#7506,#10,#5);
#7508=IFCLOCALPLACEMENT(#6796,#7507);
#7509=IFCDISTRIBUTIONPORT('36JoDrVXzus83Eq2G3UtfN',#18,'OutPort_1395356_0','Flow',$,#7508,$,.SOURCE.);
#7510=IFCRELCONNECTSPORTTOELEMENT('0Z9RySHHaU9Q1FbcLIjjPN',#18,'1395356|0Z9RySHHaU9Q1FbcLIjjPN','Flow',#7509,#6805);
#7511=IFCRELCONNECTSPORTS('00asrCI7AWJk9$zbt64myC',#18,'3Yutsck90QiPrTQNkSRJVA|36JoDrVXzus83Eq2G3UtfN','Flow',#7504,#7509,$);
#7512=IFCCARTESIANPOINT((-720.13013339895724,1482.7470307902836,333.82363158935084));
#7513=IFCAXIS2PLACEMENT3D(#7512,#10,#5);
#7514=IFCLOCALPLACEMENT(#6796,#7513);
#7515=IFCDISTRIBUTIONPORT('36n_J8BPf8Xcmdknx7wpTn',#18,'InPort_1395356_1','Flow',$,#7514,$,.SINK.);
#7516=IFCRELCONNECTSPORTTOELEMENT('0kcYMGnIYYOEOtLEzaIVhd',#18,'1395356|0kcYMGnIYYOEOtLEzaIVhd','Flow',#7515,#6805);
#7517=IFCCARTESIANPOINT((80.,-0.,-0.));
#7518=IFCAXIS2PLACEMENT3D(#7517,#5,#7);
#7519=IFCLOCALPLACEMENT(#6853,#7518);
#7520=IFCDISTRIBUTIONPORT('0RYodHDsAl23hLQdQ$S_a4',#18,'OutPort_1395357_2','Flow',$,#7519,$,.SOURCE.);
#7521=IFCRELCONNECTSPORTTOELEMENT('3v55b78m4bz99U6QN2guHK',#18,'1395357|3v55b78m4bz99U6QN2guHK','Flow',#7520,#6854);
#7522=IFCRELCONNECTSPORTS('3bF4BSCMcNOlSdQhQDX3l0',#18,'36n_J8BPf8Xcmdknx7wpTn|0RYodHDsAl23hLQdQ$S_a4','Flow',#7515,#7520,$);
#7523=IFCCARTESIANPOINT((-0.,-37.500000000035193,-0.));
#7524=IFCAXIS2PLACEMENT3D(#7523,#5,#7);
#7525=IFCLOCALPLACEMENT(#6853,#7524);
#7526=IFCDISTRIBUTIONPORT('0nz4GrXLNjdCA8vlUtTWkf',#18,'InPort_1395357_1','Flow',$,#7525,$,.SINK.);
#7527=IFCRELCONNECTSPORTTOELEMENT('1bHifT5wCGrY_4TXrt5YES',#18,'1395357|1bHifT5wCGrY_4TXrt5YES','Flow',#7526,#6854);
#7528=IFCCARTESIANPOINT((-720.13013339894906,1482.7470307902863,563.82363158935698));
#7529=IFCAXIS2PLACEMENT3D(#7528,#5,#8);
#7530=IFCLOCALPLACEMENT(#266,#7529);
#7531=IFCDISTRIBUTIONPORT('28zZ6941TvgDCwIk6qJ331',#18,'OutPort_1392164_2','Flow',$,#7530,$,.SOURCE.);
#7532=IFCRELCONNECTSPORTTOELEMENT('01NjGkG0y$9Tk5KcrEdmYD',#18,'1392164|01NjGkG0y$9Tk5KcrEdmYD','Flow',#7531,#276);
#7533=IFCRELCONNECTSPORTS('3BcBjLZQq3V8LecX8gqXet',#18,'0nz4GrXLNjdCA8vlUtTWkf|28zZ6941TvgDCwIk6qJ331','Flow',#7526,#7531,$);
#7534=IFCPROPERTYSINGLEVALUE('Name',$,IFCLABEL('Ground 0.00m'),$);
#7535=IFCPROPERTYSET('2iCNiIXnwd6YSxBeqDqA0y',#18,'Pset_AirSideSystemInformation',$,(#7534));
#7536=IFCPROPERTYSINGLEVALUE('AboveGround',$,IFCLOGICAL(.U.),$);
#7537=IFCPROPERTYSET('2T7Sly02z$pOqVY5YjybgF',#18,'Pset_BuildingStoreyCommon',$,(#7536));
#7538=IFCPROPERTYSINGLEVALUE('Name',$,IFCLABEL('Ground 0.00m'),$);
#7539=IFCPROPERTYSET('0LlAEFpSYJTai$oAlIqjWL',#18,'Pset_ProductRequirements',$,(#7538));
#7540=IFCRELDEFINESBYPROPERTIES('2BkTg_ONF9yjn$TyH7JtfN',#18,$,$,(#40),#7535);
#7541=IFCRELDEFINESBYPROPERTIES('1njTJySBESwOW8urnxU8lG',#18,$,$,(#40),#7537);
#7542=IFCRELDEFINESBYPROPERTIES('2fsYg6LlbD8ZTEFMZMWbRz',#18,$,$,(#40),#7539);
#7543=IFCPROPERTYSINGLEVALUE('Name',$,IFCLABEL('Level 0'),$);
#7544=IFCPROPERTYSET('3pajDo1QSo$Zr5kcJ7WZvz',#18,'Pset_AirSideSystemInformation',$,(#7543));
#7545=IFCPROPERTYSET('2QFFSloDKLdASEirlNrsWG',#18,'Pset_BuildingStoreyCommon',$,(#7536));
#7546=IFCPROPERTYSINGLEVALUE('Name',$,IFCLABEL('Level 0'),$);
#7547=IFCPROPERTYSET('0Jn3ZcoXbsSExgN1KMPBrd',#18,'Pset_ProductRequirements',$,(#7546));
#7548=IFCRELDEFINESBYPROPERTIES('1Da_uB3ifLZAiBs8ApqL8T',#18,$,$,(#37),#7544);
#7549=IFCRELDEFINESBYPROPERTIES('24vWbHxUvnwTMhwrnGQFQP',#18,$,$,(#37),#7545);
#7550=IFCRELDEFINESBYPROPERTIES('3dNMqG5qInx8MCGyv3CU_c',#18,$,$,(#37),#7547);
#7551=IFCRELCONTAINEDINSPATIALSTRUCTURE('3Zu5Bv0LOHrPC10066FoQQ',#18,$,$,(#87,#99,#110,#121,#132,#143,#202,#248,#260,#302,#325,#400,#452,#533,#1822,#1837,#1862,#1888,#2141,#2156,#2204,#2307,#2328,#2520,#2552,#2584,#2616,#3430,#4493,#4508,#5350,#5365,#5391,#5402,#5413,#5428,#5453,#5468,#5493,#6304,#6319),#37);
#7552=IFCPROPERTYSINGLEVALUE('Name',$,IFCLABEL('Floor 0.15m'),$);
#7553=IFCPROPERTYSET('3FsCUBCPjyTO9mGsrB9b9_',#18,'Pset_AirSideSystemInformation',$,(#7552));
#7554=IFCPROPERTYSET('1wNjw6WmilMZaGeIEV$nIo',#18,'Pset_BuildingStoreyCommon',$,(#7536));
#7555=IFCPROPERTYSINGLEVALUE('Name',$,IFCLABEL('Floor 0.15m'),$);
#7556=IFCPROPERTYSET('1t1nTKop7YjVlkhw_pMj$_',#18,'Pset_ProductRequirements',$,(#7555));
#7557=IFCRELDEFINESBYPROPERTIES('0I33lqniVTBD1hlirSr9tb',#18,$,$,(#44),#7553);
#7558=IFCRELDEFINESBYPROPERTIES('1E7PK86IMsw6y4yVsCcKVP',#18,$,$,(#44),#7554);
#7559=IFCRELDEFINESBYPROPERTIES('0n3nLlL0gTPPAoNxsukOUO',#18,$,$,(#44),#7556);
#7560=IFCPROPERTYSINGLEVALUE('Name',$,IFCLABEL('1st Floor 6.40m'),$);
#7561=IFCPROPERTYSET('1RrOe9VPGZWbXpuXJjQy5X',#18,'Pset_AirSideSystemInformation',$,(#7560));
#7562=IFCPROPERTYSET('0qfNWn7R7Bo2XIhyYug4UV',#18,'Pset_BuildingStoreyCommon',$,(#7536));
#7563=IFCPROPERTYSINGLEVALUE('Name',$,IFCLABEL('1st Floor 6.40m'),$);
#7564=IFCPROPERTYSET('17RkvbUFkzu0$H65Xrtg8B',#18,'Pset_ProductRequirements',$,(#7563));
#7565=IFCRELDEFINESBYPROPERTIES('3olGPhu7Z0IiFLiOA3hhB7',#18,$,$,(#48),#7561);
#7566=IFCRELDEFINESBYPROPERTIES('3eTxoPvnPSxwgyoPWyqjpk',#18,$,$,(#48),#7562);
#7567=IFCRELDEFINESBYPROPERTIES('0xus5dJLQYzbWbsbPhhqPo',#18,$,$,(#48),#7564);
#7568=IFCPROPERTYSINGLEVALUE('Name',$,IFCLABEL('Level 1'),$);
#7569=IFCPROPERTYSET('2mTLlmyrfKDEBBLtdwqw7L',#18,'Pset_AirSideSystemInformation',$,(#7568));
#7570=IFCPROPERTYSET('2y6jqut2mGsxPM5c1zUPr2',#18,'Pset_BuildingStoreyCommon',$,(#7536));
#7571=IFCPROPERTYSINGLEVALUE('Name',$,IFCLABEL('Level 1'),$);
#7572=IFCPROPERTYSET('1NhGbMdWc6$OcOXv1TJ_Wu',#18,'Pset_ProductRequirements',$,(#7571));
#7573=IFCRELDEFINESBYPROPERTIES('16d15dL922K3ec_Ua5xAkw',#18,$,$,(#52),#7569);
#7574=IFCRELDEFINESBYPROPERTIES('03h9WtlPXy$ENv9AiS5UZC',#18,$,$,(#52),#7570);
#7575=IFCRELDEFINESBYPROPERTIES('0ZduuN29N$9gX6yyEYBAf0',#18,$,$,(#52),#7572);
#7576=IFCRELCONTAINEDINSPATIALSTRUCTURE('15Z0v90RiHrPC20066FoKR',#18,$,$,(#276,#470,#493,#514,#1909,#2069,#2220,#2241,#2259,#2284,#2342,#2502,#6381,#6397,#6420,#6441,#6677,#6693,#6742,#6790,#6805,#6854),#52);
#7577=IFCPROPERTYSINGLEVALUE('Name',$,IFCLABEL('C.F. 6.10m'),$);
#7578=IFCPROPERTYSET('19iSLkYO$TffmBjWw8BCba',#18,'Pset_AirSideSystemInformation',$,(#7577));
#7579=IFCPROPERTYSET('3kTwvicwhopnz9rToGmwSO',#18,'Pset_BuildingStoreyCommon',$,(#7536));
#7580=IFCPROPERTYSINGLEVALUE('Name',$,IFCLABEL('C.F. 6.10m'),$);
#7581=IFCPROPERTYSET('2uHoeJWx4ZOoGA26Cyl9Qr',#18,'Pset_ProductRequirements',$,(#7580));
#7582=IFCRELDEFINESBYPROPERTIES('3leRXfeVO2FwFhK4vsGOaO',#18,$,$,(#56),#7578);
#7583=IFCRELDEFINESBYPROPERTIES('2SR3L_mElgSE63viSCRAD6',#18,$,$,(#56),#7579);
#7584=IFCRELDEFINESBYPROPERTIES('3kaaAKbL04PUoBgcavEuac',#18,$,$,(#56),#7581);
#7585=IFCRELAGGREGATES('249CE65zYT6A98KnFWqEf9',#18,$,$,#29,(#59));
#7586=IFCRELAGGREGATES('3lx9YtmoWaWdwm2clJw16m',#18,$,$,#59,(#34));
#7587=IFCRELAGGREGATES('27PCKGLxT4mxtV9cw6mgBW',#18,$,$,#34,(#37,#40,#44,#48,#52,#56));
#7588=IFCPROPERTYSINGLEVALUE('NumberOfStoreys',$,IFCINTEGER(6),$);
#7589=IFCPROPERTYSINGLEVALUE('IsLandmarked',$,IFCLOGICAL(.U.),$);
#7590=IFCPROPERTYSET('0CI4jeS9a$k8TTi_hApRZp',#18,'Pset_BuildingCommon',$,(#7588,#7589));
#7591=IFCRELDEFINESBYPROPERTIES('1VLG1WBwNITtR7QCVXOH1F',#18,$,$,(#34),#7590);
#7592=IFCRELASSOCIATESMATERIAL('0c1VBEgMyMsBFbepKpSc8e',#18,$,$,(#78,#87,#99,#110,#121,#132,#143,#195,#202,#241,#248,#260,#393,#400,#445,#452,#514,#1815,#1822,#1909,#2062,#2069,#2134,#2141,#2156,#2197,#2204,#2241,#2328,#2342,#2495,#2502,#3423,#3430,#4486,#4493,#5343,#5350,#5391,#5402,#5413,#5453,#5493,#6297,#6304,#6374,#6381,#6441,#6670,#6677,#6735,#6742,#6783,#6790,#6847,#6854),#79);
#7593=IFCRELDEFINESBYTYPE('2WZwDIIIam8M7_GF569A_0',#18,$,$,(#87,#99,#110,#121,#132,#143),#78);
#7594=IFCRELDEFINESBYTYPE('1fSdPnUUThNNhM91rMe9Ra',#18,$,$,(#202),#195);
#7595=IFCRELDEFINESBYTYPE('09laQMhx$FMfrRIiB1wQ0u',#18,$,$,(#248,#260),#241);
#7596=IFCRELDEFINESBYTYPE('2GYFH0GaYe$x2qGbhAVz1T',#18,$,$,(#276,#302,#325,#470,#493,#1837,#1862,#1888,#2220,#2259,#2284,#2307,#6397,#6420,#6693,#6805),#275);
#7597=IFCRELDEFINESBYTYPE('03P_2ice5tthKwFMB4IwWK',#18,$,$,(#400,#514,#1909,#2241,#2328,#2342,#6441),#393);
#7598=IFCRELDEFINESBYTYPE('3eMH8e7BMoq0cuQt3i_wa4',#18,$,$,(#452),#445);
#7599=IFCRELDEFINESBYTYPE('1LArC7$fxWsoPqLQts_zkH',#18,$,$,(#533,#2520,#2552,#2584,#2616,#4508,#5365,#5428,#5468,#6319),#532);
#7600=IFCRELDEFINESBYTYPE('1iAUcf01FN3wR$DB_z$WHP',#18,$,$,(#1822),#1815);
#7601=IFCRELDEFINESBYTYPE('2vF4jbkVK6ITxO5rF6verc',#18,$,$,(#2069),#2062);
#7602=IFCRELDEFINESBYTYPE('22EuoVBYEPDuUXsbv4Rpzx',#18,$,$,(#2141,#2156),#2134);
#7603=IFCRELDEFINESBYTYPE('1T0XImLFCJBj8z3rafNfyr',#18,$,$,(#2204),#2197);
#7604=IFCRELDEFINESBYTYPE('0NYpq$Sh_GedB4WyKVjSJ0',#18,$,$,(#2502),#2495);
#7605=IFCRELDEFINESBYTYPE('1T0jm4q2XU$VehEkEDThRT',#18,$,$,(#3430,#5402),#3423);
#7606=IFCRELDEFINESBYTYPE('3fxAA8MuAxddjwIrKrG6yp',#18,$,$,(#4493,#5413),#4486);
#7607=IFCRELDEFINESBYTYPE('28gUgS1J6ljqk6vmtpFmXH',#18,$,$,(#5350,#5391,#5453,#5493),#5343);
#7608=IFCRELDEFINESBYTYPE('2wpTJeSbvAedgRH$1AKmWJ',#18,$,$,(#6304),#6297);
#7609=IFCRELDEFINESBYTYPE('2ah1XbPA5hFoFokxUKmSUj',#18,$,$,(#6381),#6374);
#7610=IFCRELDEFINESBYTYPE('14cO4rvX1G9o_Ag0iBjDUB',#18,$,$,(#6677),#6670);
#7611=IFCRELDEFINESBYTYPE('2JDjizd9IS8BCN_q9YI6ku',#18,$,$,(#6742),#6735);
#7612=IFCRELDEFINESBYTYPE('1i34vLa6RD9rAQ9MSdH4mj',#18,$,$,(#6790),#6783);
#7613=IFCRELDEFINESBYTYPE('3IxHPJzyZ8YAUBBoy5ZUCI',#18,$,$,(#6854),#6847);
#7614=IFCSYSTEM('1mBTphUvP9RxcYiwuWawBk',#18,'Mechanical Supply Air 2',$,'Supply Air');
#7615=IFCRELSERVICESBUILDINGS('31lx7ARGvZPUBdo6bC3i$Q',#18,$,$,#7614,(#34));
#7616=IFCRELASSIGNSTOGROUP('0MkFuWfJ60R2zqeNUWMsAk',#18,$,$,(#202,#260,#276,#325,#452,#470,#493,#514,#1837,#1862,#1888,#1909,#2069,#2141,#2156,#6895,#6900,#6964,#6969,#6986,#6991,#7019,#7024,#7030,#7035,#7041,#7046,#7052,#7057,#7063,#7068,#7098,#7103,#7109,#7114,#7120,#7125,#7133,#7139,#7146,#7151,#7157,#7161),$,#7614);
#7617=IFCSYSTEM('0H1pIA0hDErxqKZwQbe90M',#18,'Mechanical Return Air 1',$,'Return Air');
#7618=IFCRELSERVICESBUILDINGS('0E1lQ4dFdF4gLnluXdYFoY',#18,$,$,#7617,(#34));
#7619=IFCRELASSIGNSTOGROUP('3CaF95ZY8V1i2M2L9wpXWC',#18,$,$,(#202,#2204,#2220,#2241,#2259,#2284,#2307,#2328,#2342,#2502,#6906,#6910,#7167,#7172,#7178,#7183,#7189,#7194,#7200,#7205,#7211,#7216,#7222,#7227,#7233,#7238,#7244,#7249),$,#7617);
#7620=IFCSYSTEM('0rjoauMs9BC9x$YTWd8ITD',#18,'Hydronic Return 1',$,'Hydronic Return');
#7621=IFCRELSERVICESBUILDINGS('1bPEEyj5hQaJIw3vj6AKmv',#18,$,$,#7620,(#34));
#7622=IFCRELASSIGNSTOGROUP('2qy0EAuImRW913_oWj8nRK',#18,$,$,(#202,#2584,#2616,#5402,#5413,#5428,#5453,#5468,#5493,#6916,#6921,#7288,#7293,#7299,#7304,#7310,#7315,#7369,#7373,#7379,#7384,#7390,#7395,#7401,#7406,#7412),$,#7620);
#7623=IFCSYSTEM('0rjoauMs9BC9x$YTWd8ISO',#18,'Hydronic Supply 1',$,'Hydronic Supply');
#7624=IFCRELSERVICESBUILDINGS('2c$HVm9M8mFqXFCKCVv12K',#18,$,$,#7623,(#34));
#7625=IFCRELASSIGNSTOGROUP('1qwxHqGlNQUDDntf_qfKnA',#18,$,$,(#202,#2520,#2552,#3430,#4493,#4508,#5350,#5365,#5391,#6927,#6932,#7255,#7260,#7266,#7271,#7277,#7282,#7321,#7325,#7331,#7336,#7342,#7347,#7353,#7358,#7364),$,#7623);
#7626=IFCSYSTEM('2W2DoYBEb5MOqNjYUEJIYz',#18,'Sanitary 1',$,'Sanitary');
#7627=IFCRELSERVICESBUILDINGS('0HF64hdFC0IvDoZPL0j2Lm',#18,$,$,#7626,(#34));
#7628=IFCRELASSIGNSTOGROUP('2fZo5KK36IwqznH6HBmmBt',#18,$,$,(#202,#533,#1822,#6304,#6319,#6937,#6942,#7074,#7079,#7085,#7090,#7417,#7422,#7428),$,#7626);
#7629=IFCSYSTEM('1mBTphUvP9RxcYiwuWawFP',#18,'Mechanical Supply Air 1',$,'Supply Air');
#7630=IFCRELSERVICESBUILDINGS('2tzqdndwqMR60Opj79JHzN',#18,$,$,#7629,(#34));
#7631=IFCRELASSIGNSTOGROUP('0q31Chyf$EXXKRvrW9E7Ct',#18,$,$,(#248,#276,#302,#400,#6790,#6805,#6854,#6953,#6958,#6975,#6980,#6997,#7002,#7008,#7013,#7504,#7509,#7515,#7520,#7526,#7531),$,#7629);
#7632=IFCSYSTEM('0Sathp0mD3TwMjw9RnC57t',#18,'Mechanical Exhaust Air 1',$,'Exhaust Air');
#7633=IFCRELSERVICESBUILDINGS('39mdCAj6KeZWvvm9ZLwh5A',#18,$,$,#7632,(#34));
#7634=IFCRELASSIGNSTOGROUP('0yKenStDg6N9SojtzTOLU8',#18,$,$,(#6381,#6397,#6420,#6441,#6677,#6693,#6742,#7433,#7438,#7444,#7449,#7455,#7460,#7465,#7471,#7476,#7482,#7487,#7493,#7498),$,#7632);
#7635=IFCPRESENTATIONLAYERASSIGNMENT('E-LITE-EQPM-OTLN',$,(#75,#82,#94,#105,#116,#127,#138),$);
#7636=IFCPRESENTATIONLAYERASSIGNMENT('M-EQPM-____-OTLN',$,(#192,#197),$);
#7637=IFCPRESENTATIONLAYERASSIGNMENT('M-HVAC-CDFF-OTLN',$,(#238,#243,#255,#2194,#2199,#6371,#6376,#6667,#6672,#6780,#6785),$);
#7638=IFCPRESENTATIONLAYERASSIGNMENT('M-HVAC-DUCT-OTLN',$,(#273,#300,#323,#390,#395,#442,#447,#468,#491,#509,#1835,#1860,#1886,#1904,#2059,#2064,#2131,#2136,#2150,#2218,#2236,#2257,#2282,#2305,#2323,#2337,#2492,#2497,#6395,#6418,#6436,#6691,#6732,#6737,#6803,#6844,#6849),$);
#7639=IFCPRESENTATIONLAYERASSIGNMENT('P-PIPE-____-OTLN',$,(#530,#1812,#1817,#2518,#2550,#2582,#2614,#3420,#3425,#4483,#4488,#4506,#5340,#5345,#5363,#5386,#5397,#5408,#5426,#5448,#5466,#5488,#6294,#6299,#6317),$);
#7640=IFCUNITASSIGNMENT((#19,#20,#21,#74));
ENDSEC;

END-ISO-10303-21;