ISO-10303-21;
HEADER;
FILE_DESCRIPTION(('ViewDefinition [CoordinationView_V2.0]','RevitIdentifiers [ContentGUID: d2c7dfa5-6843-4f27-8a52-7812fb023398, VersionGUID: ea19a69e-79bb-4a6b-b96d-47f8a85f4072, NumberOfSaves: 4]','CoordinateReference [CoordinateBase: Shared Coordinates]'),'2;1');
FILE_NAME('Sensor.ifc','2026-08-13T09:58:50-08:00',(''),(''),'ODA SDAI 25.12','Autodesk Revit 26.0.4.409 (ENG) - IFC 26.0.4.409','');
FILE_SCHEMA(('IFC2X3'));
ENDSEC;

DATA;
#1=IFCORGANIZATION($,'Autodesk Revit 2026 (ENG)',$,$,$);
#2=IFCAPPLICATION(#1,'2026','Autodesk Revit 2026 (ENG)','Revit');
#3=IFCCARTESIANPOINT((0.,0.,0.));
#4=IFCCARTESIANPOINT((0.,0.));
#5=IFCDIRECTION((1.,0.,0.));
#6=IFCDIRECTION((-1.,0.,0.));
#7=IFCDIRECTION((0.,1.,0.));
#8=IFCDIRECTION((0.,-1.,0.));
#9=IFCDIRECTION((0.,0.,1.));
#10=IFCDIRECTION((0.,0.,-1.));
#11=IFCDIRECTION((1.,0.));
#12=IFCDIRECTION((-1.,0.));
#13=IFCDIRECTION((0.,1.));
#14=IFCDIRECTION((0.,-1.));
#15=IFCPERSON($,'','24110957d',$,$,$,$,$);
#16=IFCORGANIZATION($,'','',$,$);
#17=IFCPERSONANDORGANIZATION(#15,#16,$);
#18=IFCOWNERHISTORY(#17,#2,$,.NOCHANGE.,$,$,$,1786638706);
#19=IFCSIUNIT(*,.LENGTHUNIT.,.MILLI.,.METRE.);
#20=IFCSIUNIT(*,.AREAUNIT.,$,.SQUARE_METRE.);
#21=IFCSIUNIT(*,.VOLUMEUNIT.,$,.CUBIC_METRE.);
#22=IFCAXIS2PLACEMENT3D(#3,$,$);
#23=IFCDIRECTION((6.123233995736766E-017,1.));
#24=IFCGEOMETRICREPRESENTATIONCONTEXT($,'Model',3,0.01,#22,#23);
#25=IFCGEOMETRICREPRESENTATIONSUBCONTEXT('Axis','Model',*,*,*,*,#24,$,.GRAPH_VIEW.,$);
#26=IFCGEOMETRICREPRESENTATIONSUBCONTEXT('Body','Model',*,*,*,*,#24,$,.MODEL_VIEW.,$);
#27=IFCGEOMETRICREPRESENTATIONSUBCONTEXT('Box','Model',*,*,*,*,#24,$,.MODEL_VIEW.,$);
#28=IFCGEOMETRICREPRESENTATIONSUBCONTEXT('FootPrint','Model',*,*,*,*,#24,$,.MODEL_VIEW.,$);
#29=IFCPROJECT('3Inz_bQ4DF9ufIU184$Sne',#18,'Project Number',$,$,'Project Name','Project Status',(#24),#10964);
#30=IFCCLASSIFICATION('CSI (Construction Specifications Institute)','1998',$,'Uniformat');
#31=IFCAXIS2PLACEMENT3D(#3,$,$);
#32=IFCLOCALPLACEMENT(#43,#31);
#33=IFCPOSTALADDRESS($,$,$,$,('Enter address here'),$,'London','London','','United Kingdom');
#34=IFCBUILDING('3Inz_bQ4DF9ufIU184$Snf',#18,'',$,$,#32,$,'',.ELEMENT.,$,$,#33);
#35=IFCAXIS2PLACEMENT3D(#3,$,$);
#36=IFCLOCALPLACEMENT(#32,#35);
#37=IFCBUILDINGSTOREY('3Zu5Bv0LOHrPC10026FoQQ',#18,'Level 0',$,'Level:Circle Head - Project Datum',#36,$,'Level 0',.ELEMENT.,0.);
#38=IFCCARTESIANPOINT((0.,0.,4000.));
#39=IFCAXIS2PLACEMENT3D(#38,$,$);
#40=IFCLOCALPLACEMENT(#32,#39);
#41=IFCBUILDINGSTOREY('15Z0v90RiHrPC20026FoKR',#18,'Level 1',$,'Level:Circle Head - Project Datum',#40,$,'Level 1',.ELEMENT.,3999.9999999999995);
#42=IFCAXIS2PLACEMENT3D(#3,$,$);
#43=IFCLOCALPLACEMENT($,#42);
#44=IFCSITE('3Inz_bQ4DF9ufIU184$Sng',#18,'Default',$,$,#43,$,$,.ELEMENT.,(51,30,23,112487),(0,-7,-37,-956022),0.,$,$);
#45=IFCAXIS2PLACEMENT3D(#3,$,$);
#47=IFCCARTESIANPOINT((-8.8915143979640554,16.931156862761856,3.0168134359407883));
#48=IFCCARTESIANPOINT((-8.8915143979640536,18.027156862761849,3.0168134359407803));
#49=IFCCARTESIANPOINT((-9.9875143979639738,18.027156862761849,3.0168134359407803));
#50=IFCCARTESIANPOINT((-9.9875143979640111,16.931156862761856,3.0168134359407883));
#51=IFCPOLYLOOP((#47,#48,#49,#50));
#52=IFCFACEOUTERBOUND(#51,.T.);
#53=IFCFACE((#52));
#54=IFCCARTESIANPOINT((-9.9875143979639773,16.931156862761824,2.4668137187197861));
#55=IFCCARTESIANPOINT((-8.8915143979640554,16.931156862761824,2.4668137187197861));
#56=IFCPOLYLOOP((#47,#50,#54,#55));
#57=IFCFACEOUTERBOUND(#56,.T.);
#58=IFCFACE((#57));
#59=IFCCARTESIANPOINT((-9.987514397963956,18.027156862761814,2.4668137187197754));
#60=IFCCARTESIANPOINT((-8.8915143979640554,18.027156862761814,2.4668137187197754));
#61=IFCPOLYLOOP((#59,#60,#55,#54));
#62=IFCFACEOUTERBOUND(#61,.T.);
#63=IFCFACE((#62));
#64=IFCPOLYLOOP((#48,#47,#55,#60));
#65=IFCFACEOUTERBOUND(#64,.T.);
#66=IFCFACE((#65));
#67=IFCPOLYLOOP((#50,#49,#59,#54));
#68=IFCFACEOUTERBOUND(#67,.T.);
#69=IFCFACE((#68));
#70=IFCPOLYLOOP((#49,#48,#60,#59));
#71=IFCFACEOUTERBOUND(#70,.T.);
#72=IFCFACE((#71));
#73=IFCCARTESIANPOINT((-13.092036730667589,-13.800000000089687,-2.2900000004832868));
#74=IFCCARTESIANPOINT((-13.092036730667591,-13.80000000008968,-1.1900000422103143));
#75=IFCCARTESIANPOINT((-13.092036730667592,-13.800000000089671,-0.090000083937341824));
#76=IFCCARTESIANPOINT((-14.542036730667563,-15.250000000089658,-0.090000083937334538));
#77=IFCCARTESIANPOINT((-15.992036730667555,-13.800000000089693,-0.090000083937345002));
#78=IFCCARTESIANPOINT((-15.992036730667555,-13.8000000000897,-1.1900000422103174));
#79=IFCCARTESIANPOINT((-15.992036730667555,-13.800000000089707,-2.2900000004832899));
#80=IFCCARTESIANPOINT((-14.542036730667562,-15.250000000089674,-2.2900000004832792));
#81=IFCCARTESIANPOINT((-14.542036701579114,-15.250000000089669,-1.5702469099081704));
#82=IFCCARTESIANPOINT((-14.542036729686982,-15.250000000089663,-0.88905206181838348));
#83=IFCCARTESIANPOINT((-14.542036730667585,-12.350000000089709,-2.2900000004833054));
#84=IFCCARTESIANPOINT((-14.542036730667585,-12.350000000089693,-0.09000008393735974));
#85=IFCCARTESIANPOINT((-14.542036759756032,-12.350000000089704,-1.5702469099081962));
#86=IFCCARTESIANPOINT((-14.542036731648162,-12.350000000089699,-0.88905206181840879));
#87=IFCPOLYLOOP((#80,#81,#79));
#88=IFCFACEOUTERBOUND(#87,.T.);
#89=IFCFACE((#88));
#90=IFCPOLYLOOP((#75,#82,#74));
#91=IFCFACEOUTERBOUND(#90,.T.);
#92=IFCFACE((#91));
#93=IFCPOLYLOOP((#77,#78,#82,#76));
#94=IFCFACEOUTERBOUND(#93,.T.);
#95=IFCFACE((#94));
#96=IFCPOLYLOOP((#81,#74,#82));
#97=IFCFACEOUTERBOUND(#96,.T.);
#98=IFCFACE((#97));
#99=IFCPOLYLOOP((#82,#78,#81));
#100=IFCFACEOUTERBOUND(#99,.T.);
#101=IFCFACE((#100));
#102=IFCPOLYLOOP((#73,#81,#80));
#103=IFCFACEOUTERBOUND(#102,.T.);
#104=IFCFACE((#103));
#105=IFCPOLYLOOP((#79,#81,#78));
#106=IFCFACEOUTERBOUND(#105,.T.);
#107=IFCFACE((#106));
#108=IFCPOLYLOOP((#76,#82,#75));
#109=IFCFACEOUTERBOUND(#108,.T.);
#110=IFCFACE((#109));
#111=IFCPOLYLOOP((#81,#73,#74));
#112=IFCFACEOUTERBOUND(#111,.T.);
#113=IFCFACE((#112));
#114=IFCPOLYLOOP((#80,#79,#83,#73));
#115=IFCFACEOUTERBOUND(#114,.T.);
#116=IFCFACE((#115));
#117=IFCPOLYLOOP((#83,#85,#73));
#118=IFCFACEOUTERBOUND(#117,.T.);
#119=IFCFACE((#118));
#120=IFCPOLYLOOP((#77,#86,#78));
#121=IFCFACEOUTERBOUND(#120,.T.);
#122=IFCFACE((#121));
#123=IFCPOLYLOOP((#75,#74,#86,#84));
#124=IFCFACEOUTERBOUND(#123,.T.);
#125=IFCFACE((#124));
#126=IFCPOLYLOOP((#85,#78,#86));
#127=IFCFACEOUTERBOUND(#126,.T.);
#128=IFCFACE((#127));
#129=IFCPOLYLOOP((#86,#74,#85));
#130=IFCFACEOUTERBOUND(#129,.T.);
#131=IFCFACE((#130));
#132=IFCPOLYLOOP((#79,#85,#83));
#133=IFCFACEOUTERBOUND(#132,.T.);
#134=IFCFACE((#133));
#135=IFCPOLYLOOP((#73,#85,#74));
#136=IFCFACEOUTERBOUND(#135,.T.);
#137=IFCFACE((#136));
#138=IFCPOLYLOOP((#84,#86,#77));
#139=IFCFACEOUTERBOUND(#138,.T.);
#140=IFCFACE((#139));
#141=IFCPOLYLOOP((#85,#79,#78));
#142=IFCFACEOUTERBOUND(#141,.T.);
#143=IFCFACE((#142));
#144=IFCCARTESIANPOINT((11.907991177311208,-13.800000000036059,-2.2900000004832943));
#145=IFCCARTESIANPOINT((11.90799117731121,-13.800000000036052,-1.1900000422103221));
#146=IFCCARTESIANPOINT((11.907991177311212,-13.800000000036041,-0.090000083937349762));
#147=IFCCARTESIANPOINT((10.457991177311198,-15.250000000036025,-0.090000083937337189));
#148=IFCCARTESIANPOINT((9.0079911773112116,-13.800000000036015,-0.090000083937347639));
#149=IFCCARTESIANPOINT((9.0079911773112116,-13.800000000036023,-1.1900000422103201));
#150=IFCCARTESIANPOINT((9.0079911773112116,-13.800000000036032,-2.2900000004832926));
#151=IFCCARTESIANPOINT((10.457991177311197,-15.250000000036041,-2.2900000004832819));
#152=IFCCARTESIANPOINT((10.457991206399647,-15.250000000036035,-1.5702469099081726));
#153=IFCCARTESIANPOINT((10.457991178291776,-15.25000000003603,-0.88905206181838559));
#154=IFCCARTESIANPOINT((10.457991177311204,-12.350000000036031,-2.2900000004833037));
#155=IFCCARTESIANPOINT((10.4579911773112,-12.350000000036014,-0.090000083937353439));
#156=IFCCARTESIANPOINT((10.457991148222753,-12.350000000036026,-1.5702469099081893));
#157=IFCCARTESIANPOINT((10.457991176330623,-12.350000000036019,-0.88905206181840235));
#158=IFCPOLYLOOP((#151,#152,#150));
#159=IFCFACEOUTERBOUND(#158,.T.);
#160=IFCFACE((#159));
#161=IFCPOLYLOOP((#146,#147,#153,#145));
#162=IFCFACEOUTERBOUND(#161,.T.);
#163=IFCFACE((#162));
#164=IFCPOLYLOOP((#148,#149,#153));
#165=IFCFACEOUTERBOUND(#164,.T.);
#166=IFCFACE((#165));
#167=IFCPOLYLOOP((#148,#153,#147));
#168=IFCFACEOUTERBOUND(#167,.T.);
#169=IFCFACE((#168));
#170=IFCPOLYLOOP((#152,#145,#153));
#171=IFCFACEOUTERBOUND(#170,.T.);
#172=IFCFACE((#171));
#173=IFCPOLYLOOP((#153,#149,#152));
#174=IFCFACEOUTERBOUND(#173,.T.);
#175=IFCFACE((#174));
#176=IFCPOLYLOOP((#144,#152,#151));
#177=IFCFACEOUTERBOUND(#176,.T.);
#178=IFCFACE((#177));
#179=IFCPOLYLOOP((#150,#152,#149));
#180=IFCFACEOUTERBOUND(#179,.T.);
#181=IFCFACE((#180));
#182=IFCPOLYLOOP((#152,#144,#145));
#183=IFCFACEOUTERBOUND(#182,.T.);
#184=IFCFACE((#183));
#185=IFCPOLYLOOP((#151,#150,#154,#144));
#186=IFCFACEOUTERBOUND(#185,.T.);
#187=IFCFACE((#186));
#188=IFCPOLYLOOP((#154,#156,#144));
#189=IFCFACEOUTERBOUND(#188,.T.);
#190=IFCFACE((#189));
#191=IFCPOLYLOOP((#148,#155,#157,#149));
#192=IFCFACEOUTERBOUND(#191,.T.);
#193=IFCFACE((#192));
#194=IFCPOLYLOOP((#146,#145,#157));
#195=IFCFACEOUTERBOUND(#194,.T.);
#196=IFCFACE((#195));
#197=IFCPOLYLOOP((#146,#157,#155));
#198=IFCFACEOUTERBOUND(#197,.T.);
#199=IFCFACE((#198));
#200=IFCPOLYLOOP((#156,#149,#157));
#201=IFCFACEOUTERBOUND(#200,.T.);
#202=IFCFACE((#201));
#203=IFCPOLYLOOP((#157,#145,#156));
#204=IFCFACEOUTERBOUND(#203,.T.);
#205=IFCFACE((#204));
#206=IFCPOLYLOOP((#150,#156,#154));
#207=IFCFACEOUTERBOUND(#206,.T.);
#208=IFCFACE((#207));
#209=IFCPOLYLOOP((#144,#156,#145));
#210=IFCFACEOUTERBOUND(#209,.T.);
#211=IFCFACE((#210));
#212=IFCPOLYLOOP((#156,#150,#149));
#213=IFCFACEOUTERBOUND(#212,.T.);
#214=IFCFACE((#213));
#215=IFCCARTESIANPOINT((6.9079855957154557,-13.800000000046763,-2.2900000004832903));
#216=IFCCARTESIANPOINT((6.9079855957154566,-13.800000000046754,-1.1900000422103176));
#217=IFCCARTESIANPOINT((6.9079855957154583,-13.800000000046744,-0.090000083937345043));
#218=IFCCARTESIANPOINT((5.4579855957154617,-15.250000000046743,-0.09000008393733247));
#219=IFCCARTESIANPOINT((4.0079855957154598,-13.800000000046751,-0.090000083937342934));
#220=IFCCARTESIANPOINT((4.0079855957154589,-13.80000000004676,-1.1900000422103154));
#221=IFCCARTESIANPOINT((4.0079855957154589,-13.800000000046767,-2.2900000004832881));
#222=IFCCARTESIANPOINT((5.4579855957154599,-15.250000000046759,-2.2900000004832775));
#223=IFCCARTESIANPOINT((5.457985624803908,-15.250000000046754,-1.5702469099081686));
#224=IFCCARTESIANPOINT((5.4579855966960391,-15.250000000046748,-0.88905206181838103));
#225=IFCCARTESIANPOINT((5.4579855957154439,-12.350000000046768,-2.2900000004833041));
#226=IFCCARTESIANPOINT((5.4579855957154439,-12.35000000004675,-0.090000083937358685));
#227=IFCCARTESIANPOINT((5.4579855666269967,-12.350000000046755,-1.5702469099081944));
#228=IFCCARTESIANPOINT((5.4579855947348666,-12.350000000046753,-0.88905206181840757));
#229=IFCPOLYLOOP((#222,#223,#221));
#230=IFCFACEOUTERBOUND(#229,.T.);
#231=IFCFACE((#230));
#232=IFCPOLYLOOP((#217,#218,#224,#216));
#233=IFCFACEOUTERBOUND(#232,.T.);
#234=IFCFACE((#233));
#235=IFCPOLYLOOP((#219,#220,#224,#218));
#236=IFCFACEOUTERBOUND(#235,.T.);
#237=IFCFACE((#236));
#238=IFCPOLYLOOP((#223,#216,#224));
#239=IFCFACEOUTERBOUND(#238,.T.);
#240=IFCFACE((#239));
#241=IFCPOLYLOOP((#224,#220,#223));
#242=IFCFACEOUTERBOUND(#241,.T.);
#243=IFCFACE((#242));
#244=IFCPOLYLOOP((#215,#223,#222));
#245=IFCFACEOUTERBOUND(#244,.T.);
#246=IFCFACE((#245));
#247=IFCPOLYLOOP((#221,#223,#220));
#248=IFCFACEOUTERBOUND(#247,.T.);
#249=IFCFACE((#248));
#250=IFCPOLYLOOP((#223,#215,#216));
#251=IFCFACEOUTERBOUND(#250,.T.);
#252=IFCFACE((#251));
#253=IFCPOLYLOOP((#222,#221,#225,#215));
#254=IFCFACEOUTERBOUND(#253,.T.);
#255=IFCFACE((#254));
#256=IFCPOLYLOOP((#225,#227,#215));
#257=IFCFACEOUTERBOUND(#256,.T.);
#258=IFCFACE((#257));
#259=IFCPOLYLOOP((#219,#226,#228,#220));
#260=IFCFACEOUTERBOUND(#259,.T.);
#261=IFCFACE((#260));
#262=IFCPOLYLOOP((#217,#216,#228,#226));
#263=IFCFACEOUTERBOUND(#262,.T.);
#264=IFCFACE((#263));
#265=IFCPOLYLOOP((#227,#220,#228));
#266=IFCFACEOUTERBOUND(#265,.T.);
#267=IFCFACE((#266));
#268=IFCPOLYLOOP((#228,#216,#227));
#269=IFCFACEOUTERBOUND(#268,.T.);
#270=IFCFACE((#269));
#271=IFCPOLYLOOP((#221,#227,#225));
#272=IFCFACEOUTERBOUND(#271,.T.);
#273=IFCFACE((#272));
#274=IFCPOLYLOOP((#215,#227,#216));
#275=IFCFACEOUTERBOUND(#274,.T.);
#276=IFCFACE((#275));
#277=IFCPOLYLOOP((#227,#221,#220));
#278=IFCFACEOUTERBOUND(#277,.T.);
#279=IFCFACE((#278));
#280=IFCCARTESIANPOINT((1.9079800141197081,-13.800000000057498,-2.2900000004832872));
#281=IFCCARTESIANPOINT((1.9079800141197074,-13.800000000057489,-1.1900000422103152));
#282=IFCCARTESIANPOINT((1.9079800141197065,-13.80000000005748,-0.090000083937342934));
#283=IFCCARTESIANPOINT((0.45798001411970463,-15.250000000057483,-0.090000083937333539));
#284=IFCCARTESIANPOINT((-0.99201998588030305,-13.800000000057487,-0.090000083937343989));
#285=IFCCARTESIANPOINT((-0.99201998588030282,-13.800000000057494,-1.1900000422103161));
#286=IFCCARTESIANPOINT((-0.99201998588030305,-13.800000000057501,-2.2900000004832886));
#287=IFCCARTESIANPOINT((0.45798001411970546,-15.250000000057499,-2.2900000004832779));
#288=IFCCARTESIANPOINT((0.45798004320815383,-15.250000000057494,-1.5702469099081693));
#289=IFCCARTESIANPOINT((0.4579800151002838,-15.250000000057488,-0.88905206181838226));
#290=IFCCARTESIANPOINT((0.45798001411967226,-12.350000000057511,-2.2900000004833045));
#291=IFCCARTESIANPOINT((0.45798001411967126,-12.350000000057499,-0.090000083937354453));
#292=IFCCARTESIANPOINT((0.45797998503122345,-12.350000000057509,-1.5702469099081904));
#293=IFCCARTESIANPOINT((0.4579800131390927,-12.350000000057504,-0.88905206181840291));
#294=IFCPOLYLOOP((#287,#288,#286));
#295=IFCFACEOUTERBOUND(#294,.T.);
#296=IFCFACE((#295));
#297=IFCPOLYLOOP((#282,#283,#289,#281));
#298=IFCFACEOUTERBOUND(#297,.T.);
#299=IFCFACE((#298));
#300=IFCPOLYLOOP((#284,#285,#289,#283));
#301=IFCFACEOUTERBOUND(#300,.T.);
#302=IFCFACE((#301));
#303=IFCPOLYLOOP((#288,#281,#289));
#304=IFCFACEOUTERBOUND(#303,.T.);
#305=IFCFACE((#304));
#306=IFCPOLYLOOP((#289,#285,#288));
#307=IFCFACEOUTERBOUND(#306,.T.);
#308=IFCFACE((#307));
#309=IFCPOLYLOOP((#280,#288,#287));
#310=IFCFACEOUTERBOUND(#309,.T.);
#311=IFCFACE((#310));
#312=IFCPOLYLOOP((#286,#288,#285));
#313=IFCFACEOUTERBOUND(#312,.T.);
#314=IFCFACE((#313));
#315=IFCPOLYLOOP((#288,#280,#281));
#316=IFCFACEOUTERBOUND(#315,.T.);
#317=IFCFACE((#316));
#318=IFCPOLYLOOP((#287,#286,#290,#280));
#319=IFCFACEOUTERBOUND(#318,.T.);
#320=IFCFACE((#319));
#321=IFCPOLYLOOP((#290,#292,#280));
#322=IFCFACEOUTERBOUND(#321,.T.);
#323=IFCFACE((#322));
#324=IFCPOLYLOOP((#284,#291,#293,#285));
#325=IFCFACEOUTERBOUND(#324,.T.);
#326=IFCFACE((#325));
#327=IFCPOLYLOOP((#282,#281,#293,#291));
#328=IFCFACEOUTERBOUND(#327,.T.);
#329=IFCFACE((#328));
#330=IFCPOLYLOOP((#292,#285,#293));
#331=IFCFACEOUTERBOUND(#330,.T.);
#332=IFCFACE((#331));
#333=IFCPOLYLOOP((#293,#281,#292));
#334=IFCFACEOUTERBOUND(#333,.T.);
#335=IFCFACE((#334));
#336=IFCPOLYLOOP((#286,#292,#290));
#337=IFCFACEOUTERBOUND(#336,.T.);
#338=IFCFACE((#337));
#339=IFCPOLYLOOP((#280,#292,#281));
#340=IFCFACEOUTERBOUND(#339,.T.);
#341=IFCFACE((#340));
#342=IFCPOLYLOOP((#292,#286,#285));
#343=IFCFACEOUTERBOUND(#342,.T.);
#344=IFCFACE((#343));
#345=IFCCARTESIANPOINT((-3.092025567476032,-13.800000000068247,-2.2900000004832859));
#346=IFCCARTESIANPOINT((-3.0920255674760337,-13.800000000068239,-1.1900000422103139));
#347=IFCCARTESIANPOINT((-3.0920255674760369,-13.800000000068232,-0.090000083937341824));
#348=IFCCARTESIANPOINT((-4.5420255674760535,-15.250000000068226,-0.090000083937334538));
#349=IFCCARTESIANPOINT((-5.9920255674760599,-13.800000000068222,-0.090000083937345002));
#350=IFCCARTESIANPOINT((-5.9920255674760599,-13.800000000068229,-1.190000042210317));
#351=IFCCARTESIANPOINT((-5.9920255674760599,-13.800000000068234,-2.290000000483289));
#352=IFCCARTESIANPOINT((-4.5420255674760508,-15.250000000068241,-2.2900000004832783));
#353=IFCCARTESIANPOINT((-4.5420255383876036,-15.250000000068235,-1.5702469099081697));
#354=IFCCARTESIANPOINT((-4.5420255664954734,-15.250000000068232,-0.88905206181838314));
#355=IFCCARTESIANPOINT((-4.5420255674760837,-12.350000000068256,-2.290000000483305));
#356=IFCCARTESIANPOINT((-4.5420255674760845,-12.350000000068244,-0.090000083937359782));
#357=IFCCARTESIANPOINT((-4.5420255965645326,-12.350000000068253,-1.5702469099081957));
#358=IFCCARTESIANPOINT((-4.5420255684566628,-12.350000000068247,-0.88905206181840823));
#359=IFCPOLYLOOP((#352,#353,#351));
#360=IFCFACEOUTERBOUND(#359,.T.);
#361=IFCFACE((#360));
#362=IFCPOLYLOOP((#347,#348,#354,#346));
#363=IFCFACEOUTERBOUND(#362,.T.);
#364=IFCFACE((#363));
#365=IFCPOLYLOOP((#349,#350,#354,#348));
#366=IFCFACEOUTERBOUND(#365,.T.);
#367=IFCFACE((#366));
#368=IFCPOLYLOOP((#353,#346,#354));
#369=IFCFACEOUTERBOUND(#368,.T.);
#370=IFCFACE((#369));
#371=IFCPOLYLOOP((#354,#350,#353));
#372=IFCFACEOUTERBOUND(#371,.T.);
#373=IFCFACE((#372));
#374=IFCPOLYLOOP((#345,#353,#352));
#375=IFCFACEOUTERBOUND(#374,.T.);
#376=IFCFACE((#375));
#377=IFCPOLYLOOP((#351,#353,#350));
#378=IFCFACEOUTERBOUND(#377,.T.);
#379=IFCFACE((#378));
#380=IFCPOLYLOOP((#353,#345,#346));
#381=IFCFACEOUTERBOUND(#380,.T.);
#382=IFCFACE((#381));
#383=IFCPOLYLOOP((#352,#351,#355,#345));
#384=IFCFACEOUTERBOUND(#383,.T.);
#385=IFCFACE((#384));
#386=IFCPOLYLOOP((#355,#357,#345));
#387=IFCFACEOUTERBOUND(#386,.T.);
#388=IFCFACE((#387));
#389=IFCPOLYLOOP((#349,#356,#358,#350));
#390=IFCFACEOUTERBOUND(#389,.T.);
#391=IFCFACE((#390));
#392=IFCPOLYLOOP((#347,#346,#358,#356));
#393=IFCFACEOUTERBOUND(#392,.T.);
#394=IFCFACE((#393));
#395=IFCPOLYLOOP((#357,#350,#358));
#396=IFCFACEOUTERBOUND(#395,.T.);
#397=IFCFACE((#396));
#398=IFCPOLYLOOP((#358,#346,#357));
#399=IFCFACEOUTERBOUND(#398,.T.);
#400=IFCFACE((#399));
#401=IFCPOLYLOOP((#351,#357,#355));
#402=IFCFACEOUTERBOUND(#401,.T.);
#403=IFCFACE((#402));
#404=IFCPOLYLOOP((#345,#357,#346));
#405=IFCFACEOUTERBOUND(#404,.T.);
#406=IFCFACE((#405));
#407=IFCPOLYLOOP((#357,#351,#350));
#408=IFCFACEOUTERBOUND(#407,.T.);
#409=IFCFACE((#408));
#410=IFCCARTESIANPOINT((-8.0920311490718149,-13.800000000079018,-2.2900000004832917));
#411=IFCCARTESIANPOINT((-8.0920311490718149,-13.800000000079011,-1.1900000422103192));
#412=IFCCARTESIANPOINT((-8.0920311490718113,-13.800000000079001,-0.090000083937346639));
#413=IFCCARTESIANPOINT((-9.5420311490718355,-15.250000000078977,-0.090000083937334066));
#414=IFCCARTESIANPOINT((-10.992031149071817,-13.800000000078958,-0.090000083937344516));
#415=IFCCARTESIANPOINT((-10.992031149071817,-13.800000000078967,-1.190000042210317));
#416=IFCCARTESIANPOINT((-10.992031149071817,-13.800000000078974,-2.2900000004832894));
#417=IFCCARTESIANPOINT((-9.5420311490718372,-15.250000000078991,-2.2900000004832788));
#418=IFCCARTESIANPOINT((-9.54203111998339,-15.250000000078987,-1.57024690990817));
#419=IFCCARTESIANPOINT((-9.5420311480912563,-15.250000000078984,-0.88905206181838303));
#420=IFCCARTESIANPOINT((-9.5420311490718319,-12.350000000078966,-2.2900000004833054));
#421=IFCCARTESIANPOINT((-9.5420311490718301,-12.350000000078952,-0.090000083937355563));
#422=IFCCARTESIANPOINT((-9.5420311781602791,-12.350000000078962,-1.5702469099081913));
#423=IFCCARTESIANPOINT((-9.5420311500524093,-12.350000000078957,-0.88905206181840379));
#424=IFCPOLYLOOP((#417,#418,#416));
#425=IFCFACEOUTERBOUND(#424,.T.);
#426=IFCFACE((#425));
#427=IFCPOLYLOOP((#412,#419,#411));
#428=IFCFACEOUTERBOUND(#427,.T.);
#429=IFCFACE((#428));
#430=IFCPOLYLOOP((#414,#415,#419,#413));
#431=IFCFACEOUTERBOUND(#430,.T.);
#432=IFCFACE((#431));
#433=IFCPOLYLOOP((#418,#411,#419));
#434=IFCFACEOUTERBOUND(#433,.T.);
#435=IFCFACE((#434));
#436=IFCPOLYLOOP((#419,#415,#418));
#437=IFCFACEOUTERBOUND(#436,.T.);
#438=IFCFACE((#437));
#439=IFCPOLYLOOP((#410,#418,#417));
#440=IFCFACEOUTERBOUND(#439,.T.);
#441=IFCFACE((#440));
#442=IFCPOLYLOOP((#416,#418,#415));
#443=IFCFACEOUTERBOUND(#442,.T.);
#444=IFCFACE((#443));
#445=IFCPOLYLOOP((#413,#419,#412));
#446=IFCFACEOUTERBOUND(#445,.T.);
#447=IFCFACE((#446));
#448=IFCPOLYLOOP((#418,#410,#411));
#449=IFCFACEOUTERBOUND(#448,.T.);
#450=IFCFACE((#449));
#451=IFCPOLYLOOP((#417,#416,#420,#410));
#452=IFCFACEOUTERBOUND(#451,.T.);
#453=IFCFACE((#452));
#454=IFCPOLYLOOP((#420,#422,#410));
#455=IFCFACEOUTERBOUND(#454,.T.);
#456=IFCFACE((#455));
#457=IFCPOLYLOOP((#414,#423,#415));
#458=IFCFACEOUTERBOUND(#457,.T.);
#459=IFCFACE((#458));
#460=IFCPOLYLOOP((#412,#411,#423,#421));
#461=IFCFACEOUTERBOUND(#460,.T.);
#462=IFCFACE((#461));
#463=IFCPOLYLOOP((#422,#415,#423));
#464=IFCFACEOUTERBOUND(#463,.T.);
#465=IFCFACE((#464));
#466=IFCPOLYLOOP((#423,#411,#422));
#467=IFCFACEOUTERBOUND(#466,.T.);
#468=IFCFACE((#467));
#469=IFCPOLYLOOP((#416,#422,#420));
#470=IFCFACEOUTERBOUND(#469,.T.);
#471=IFCFACE((#470));
#472=IFCPOLYLOOP((#410,#422,#411));
#473=IFCFACEOUTERBOUND(#472,.T.);
#474=IFCFACE((#473));
#475=IFCPOLYLOOP((#421,#423,#414));
#476=IFCFACEOUTERBOUND(#475,.T.);
#477=IFCFACE((#476));
#478=IFCPOLYLOOP((#422,#416,#415));
#479=IFCFACEOUTERBOUND(#478,.T.);
#480=IFCFACE((#479));
#481=IFCCARTESIANPOINT((-18.092042312263359,-13.800000000100447,-2.2900000004832872));
#482=IFCCARTESIANPOINT((-18.092042312263342,-13.800000000100438,-1.190000042210315));
#483=IFCCARTESIANPOINT((-18.09204231226332,-13.800000000100431,-0.090000083937342878));
#484=IFCCARTESIANPOINT((-19.542042312263323,-15.250000000100425,-0.090000083937335593));
#485=IFCCARTESIANPOINT((-20.99204231226333,-13.800000000100438,-0.090000083937346056));
#486=IFCCARTESIANPOINT((-20.992042312263308,-13.800000000100443,-1.1900000422103181));
#487=IFCCARTESIANPOINT((-20.99204231226329,-13.80000000010045,-2.2900000004832903));
#488=IFCCARTESIANPOINT((-19.542042312263323,-15.2500000001004,-2.2900000004832797));
#489=IFCCARTESIANPOINT((-19.542042283174872,-15.250000000100409,-1.5702469099081708));
#490=IFCCARTESIANPOINT((-19.542042311282742,-15.250000000100416,-0.88905206181838403));
#491=IFCCARTESIANPOINT((-19.542042312263344,-12.35000000010047,-2.2900000004833063));
#492=IFCCARTESIANPOINT((-19.542042312263344,-12.350000000100456,-0.090000083937356562));
#493=IFCCARTESIANPOINT((-19.542042341351788,-12.350000000100467,-1.5702469099081917));
#494=IFCCARTESIANPOINT((-19.542042313243922,-12.350000000100462,-0.88905206181840446));
#495=IFCPOLYLOOP((#488,#489,#487));
#496=IFCFACEOUTERBOUND(#495,.T.);
#497=IFCFACE((#496));
#498=IFCPOLYLOOP((#483,#490,#482));
#499=IFCFACEOUTERBOUND(#498,.T.);
#500=IFCFACE((#499));
#501=IFCPOLYLOOP((#485,#486,#490,#484));
#502=IFCFACEOUTERBOUND(#501,.T.);
#503=IFCFACE((#502));
#504=IFCPOLYLOOP((#489,#482,#490));
#505=IFCFACEOUTERBOUND(#504,.T.);
#506=IFCFACE((#505));
#507=IFCPOLYLOOP((#490,#486,#489));
#508=IFCFACEOUTERBOUND(#507,.T.);
#509=IFCFACE((#508));
#510=IFCPOLYLOOP((#481,#489,#488));
#511=IFCFACEOUTERBOUND(#510,.T.);
#512=IFCFACE((#511));
#513=IFCPOLYLOOP((#487,#489,#486));
#514=IFCFACEOUTERBOUND(#513,.T.);
#515=IFCFACE((#514));
#516=IFCPOLYLOOP((#484,#490,#483));
#517=IFCFACEOUTERBOUND(#516,.T.);
#518=IFCFACE((#517));
#519=IFCPOLYLOOP((#489,#481,#482));
#520=IFCFACEOUTERBOUND(#519,.T.);
#521=IFCFACE((#520));
#522=IFCPOLYLOOP((#488,#487,#491,#481));
#523=IFCFACEOUTERBOUND(#522,.T.);
#524=IFCFACE((#523));
#525=IFCPOLYLOOP((#491,#493,#481));
#526=IFCFACEOUTERBOUND(#525,.T.);
#527=IFCFACE((#526));
#528=IFCPOLYLOOP((#485,#494,#486));
#529=IFCFACEOUTERBOUND(#528,.T.);
#530=IFCFACE((#529));
#531=IFCPOLYLOOP((#483,#482,#494,#492));
#532=IFCFACEOUTERBOUND(#531,.T.);
#533=IFCFACE((#532));
#534=IFCPOLYLOOP((#493,#486,#494));
#535=IFCFACEOUTERBOUND(#534,.T.);
#536=IFCFACE((#535));
#537=IFCPOLYLOOP((#494,#482,#493));
#538=IFCFACEOUTERBOUND(#537,.T.);
#539=IFCFACE((#538));
#540=IFCPOLYLOOP((#487,#493,#491));
#541=IFCFACEOUTERBOUND(#540,.T.);
#542=IFCFACE((#541));
#543=IFCPOLYLOOP((#481,#493,#482));
#544=IFCFACEOUTERBOUND(#543,.T.);
#545=IFCFACE((#544));
#546=IFCPOLYLOOP((#492,#494,#485));
#547=IFCFACEOUTERBOUND(#546,.T.);
#548=IFCFACE((#547));
#549=IFCPOLYLOOP((#493,#487,#486));
#550=IFCFACEOUTERBOUND(#549,.T.);
#551=IFCFACE((#550));
#552=IFCCARTESIANPOINT((12.457985595715453,-8.6500000000253259,-2.2024822884511321));
#553=IFCCARTESIANPOINT((10.457985595715444,-10.65000000002531,-2.2024822884511179));
#554=IFCCARTESIANPOINT((8.4579855957154475,-8.650000000025333,-2.2024822884511321));
#555=IFCCARTESIANPOINT((10.45798559571543,-6.6500000000253143,-2.2024822884511464));
#556=IFCCARTESIANPOINT((8.4579855957154475,-8.650000000025349,-4.4900000004833389));
#557=IFCCARTESIANPOINT((10.45798559571543,-6.6500000000253348,-4.4900000004833522));
#558=IFCCARTESIANPOINT((12.457985595715444,-8.6500000000253152,-4.490000000483338));
#559=IFCCARTESIANPOINT((12.457985595715453,-8.6500000000253081,-3.3462411444672306));
#560=IFCCARTESIANPOINT((8.4579855957154368,-8.6500000000253401,-3.3462411444672315));
#561=IFCCARTESIANPOINT((10.457985547090798,-6.6500000000253232,-3.7416145510283196));
#562=IFCCARTESIANPOINT((10.45798559474721,-6.6500000000253099,-3.0333212112512022));
#563=IFCCARTESIANPOINT((11.957985595715444,-6.150000000025293,-3.4900000004833518));
#564=IFCCARTESIANPOINT((8.9579855957154546,-6.150000000025293,-3.4900000004833518));
#565=IFCCARTESIANPOINT((8.9579855957154546,-5.3500000000252799,-3.4900000004833576));
#566=IFCCARTESIANPOINT((11.957985595715444,-5.3500000000252799,-3.4900000004833576));
#567=IFCCARTESIANPOINT((11.957985595715442,-6.150000000025301,-4.4900000004833522));
#568=IFCCARTESIANPOINT((11.957985595715442,-5.3500000000252799,-4.4900000004833585));
#569=IFCCARTESIANPOINT((8.9579855957154528,-5.3500000000252967,-4.4900000004833585));
#570=IFCCARTESIANPOINT((8.9579855957154546,-6.150000000025301,-4.4900000004833522));
#571=IFCCARTESIANPOINT((7.4579855957154484,-8.6500000000252832,-2.2024822884511321));
#572=IFCCARTESIANPOINT((5.457985595715467,-10.650000000025294,-2.2024822884511179));
#573=IFCCARTESIANPOINT((3.4579855957154488,-8.650000000025317,-2.2024822884511321));
#574=IFCCARTESIANPOINT((5.4579855957154484,-6.6500000000253143,-2.2024822884511464));
#575=IFCCARTESIANPOINT((3.4579855957154431,-8.6500000000253277,-4.4900000004833389));
#576=IFCCARTESIANPOINT((5.4579855957154493,-6.6500000000253241,-4.4900000004833522));
#577=IFCCARTESIANPOINT((7.457985595715459,-8.6500000000253241,-4.490000000483338));
#578=IFCCARTESIANPOINT((7.4579855957154564,-8.650000000025317,-3.3462411444672306));
#579=IFCCARTESIANPOINT((3.4579855957154444,-8.6500000000253205,-3.3462411444672315));
#580=IFCCARTESIANPOINT((5.457985547090817,-6.6500000000253205,-3.7416145510283196));
#581=IFCCARTESIANPOINT((5.4579855947472282,-6.650000000025317,-3.0333212112512022));
#582=IFCCARTESIANPOINT((6.9579855957154519,-6.150000000025301,-3.4900000004833518));
#583=IFCCARTESIANPOINT((3.9579855957154622,-6.150000000025301,-3.4900000004833518));
#584=IFCCARTESIANPOINT((3.9579855957154622,-5.3500000000252887,-3.4900000004833576));
#585=IFCCARTESIANPOINT((6.9579855957154519,-5.3500000000252887,-3.4900000004833576));
#586=IFCCARTESIANPOINT((6.9579855957154519,-6.150000000025301,-4.4900000004833522));
#587=IFCCARTESIANPOINT((6.9579855957154519,-5.3500000000252887,-4.4900000004833585));
#588=IFCCARTESIANPOINT((3.957985595715463,-5.3500000000253056,-4.4900000004833585));
#589=IFCCARTESIANPOINT((3.9579855957154622,-6.150000000025301,-4.4900000004833522));
#590=IFCCARTESIANPOINT((2.4579855957154737,-8.650000000025333,-2.2024822884511321));
#591=IFCCARTESIANPOINT((0.45798559571545872,-10.650000000025319,-2.2024822884511179));
#592=IFCCARTESIANPOINT((-1.5420144042845416,-8.6500000000252744,-2.2024822884511321));
#593=IFCCARTESIANPOINT((0.45798559571547559,-6.6500000000252975,-2.2024822884511464));
#594=IFCCARTESIANPOINT((-1.5420144042845432,-8.6500000000252939,-4.4900000004833363));
#595=IFCCARTESIANPOINT((0.4579855957154742,-6.6500000000253143,-4.4900000004833522));
#596=IFCCARTESIANPOINT((2.4579855957154604,-8.6500000000253259,-4.490000000483338));
#597=IFCCARTESIANPOINT((2.4579855957154604,-8.650000000025317,-3.3462411444672311));
#598=IFCCARTESIANPOINT((-1.5420144042845425,-8.6500000000252868,-3.3462411444672293));
#599=IFCCARTESIANPOINT((0.45798554709084216,-6.6500000000253099,-3.7416145510283205));
#600=IFCCARTESIANPOINT((0.45798559474725459,-6.6500000000253037,-3.0333212112512022));
#601=IFCCARTESIANPOINT((1.9579855957154606,-6.150000000025301,-3.4900000004833518));
#602=IFCCARTESIANPOINT((-1.042014404284529,-6.150000000025301,-3.4900000004833518));
#603=IFCCARTESIANPOINT((-1.042014404284529,-5.3500000000252967,-3.4900000004833576));
#604=IFCCARTESIANPOINT((1.9579855957154606,-5.3500000000252967,-3.4900000004833576));
#605=IFCCARTESIANPOINT((1.9579855957154606,-6.150000000025301,-4.4900000004833522));
#606=IFCCARTESIANPOINT((1.9579855957154606,-5.3500000000253056,-4.4900000004833585));
#607=IFCCARTESIANPOINT((-1.042014404284529,-5.3500000000253056,-4.4900000004833585));
#608=IFCCARTESIANPOINT((-1.042014404284529,-6.150000000025301,-4.4900000004833522));
#609=IFCCARTESIANPOINT((-2.5420144042845139,-8.6500000000253419,-2.2024822884511321));
#610=IFCCARTESIANPOINT((-4.5420144042845303,-10.650000000025328,-2.2024822884511179));
#611=IFCCARTESIANPOINT((-6.542014404284517,-8.650000000025333,-2.2024822884511321));
#612=IFCCARTESIANPOINT((-4.5420144042845312,-6.6500000000253312,-2.2024822884511464));
#613=IFCCARTESIANPOINT((-6.5420144042845196,-8.650000000025349,-4.4900000004833398));
#614=IFCCARTESIANPOINT((-4.5420144042845321,-6.6500000000253472,-4.4900000004833558));
#615=IFCCARTESIANPOINT((-2.5420144042845307,-8.650000000025333,-4.4900000004833407));
#616=IFCCARTESIANPOINT((-2.5420144042845307,-8.6500000000253259,-3.3462411444672342));
#617=IFCCARTESIANPOINT((-6.5420144042845179,-8.6500000000253401,-3.3462411444672333));
#618=IFCCARTESIANPOINT((-4.5420144529091653,-6.6500000000253428,-3.7416145510283236));
#619=IFCCARTESIANPOINT((-4.5420144052527522,-6.6500000000253365,-3.0333212112512058));
#620=IFCCARTESIANPOINT((-3.0420144042845303,-6.1500000000253099,-3.4900000004833518));
#621=IFCCARTESIANPOINT((-6.0420144042845196,-6.1500000000253099,-3.4900000004833518));
#622=IFCCARTESIANPOINT((-6.0420144042845196,-5.3500000000252967,-3.4900000004833576));
#623=IFCCARTESIANPOINT((-3.0420144042845303,-5.3500000000252967,-3.4900000004833576));
#624=IFCCARTESIANPOINT((-3.0420144042845307,-6.1500000000253099,-4.4900000004833522));
#625=IFCCARTESIANPOINT((-3.0420144042845307,-5.3500000000253056,-4.4900000004833585));
#626=IFCCARTESIANPOINT((-6.0420144042845196,-5.3500000000253136,-4.4900000004833585));
#627=IFCCARTESIANPOINT((-6.0420144042845196,-6.1500000000253099,-4.4900000004833522));
#628=IFCCARTESIANPOINT((-7.5420144042845259,-8.650000000025317,-2.2024822884511321));
#629=IFCCARTESIANPOINT((-9.542014404284517,-10.650000000025319,-2.2024822884511179));
#630=IFCCARTESIANPOINT((-11.542014404284533,-8.6500000000252921,-2.2024822884511321));
#631=IFCCARTESIANPOINT((-9.5420144042845116,-6.6500000000253143,-2.2024822884511464));
#632=IFCCARTESIANPOINT((-11.542014404284538,-8.6500000000253099,-4.4900000004833363));
#633=IFCCARTESIANPOINT((-9.5420144042845134,-6.6500000000253241,-4.4900000004833522));
#634=IFCCARTESIANPOINT((-7.5420144042845196,-8.6500000000253419,-4.490000000483338));
#635=IFCCARTESIANPOINT((-7.5420144042845196,-8.650000000025333,-3.3462411444672311));
#636=IFCCARTESIANPOINT((-11.542014404284538,-8.6500000000253028,-3.3462411444672293));
#637=IFCCARTESIANPOINT((-9.5420144529091449,-6.6500000000253188,-3.7416145510283205));
#638=IFCCARTESIANPOINT((-9.5420144052527309,-6.6500000000253134,-3.0333212112512022));
#639=IFCCARTESIANPOINT((-8.0420144042845223,-6.1500000000253179,-3.4900000004833518));
#640=IFCCARTESIANPOINT((-11.042014404284512,-6.1500000000253179,-3.4900000004833518));
#641=IFCCARTESIANPOINT((-11.042014404284512,-5.3500000000253056,-3.4900000004833576));
#642=IFCCARTESIANPOINT((-8.0420144042845223,-5.3500000000253056,-3.4900000004833576));
#643=IFCCARTESIANPOINT((-8.0420144042845223,-6.1500000000253268,-4.4900000004833522));
#644=IFCCARTESIANPOINT((-8.0420144042845223,-5.3500000000253136,-4.4900000004833585));
#645=IFCCARTESIANPOINT((-11.042014404284512,-5.3500000000253225,-4.4900000004833585));
#646=IFCCARTESIANPOINT((-11.042014404284512,-6.1500000000253268,-4.4900000004833522));
#647=IFCCARTESIANPOINT((-12.542014404284528,-8.6500000000253081,-2.2024822884511321));
#648=IFCCARTESIANPOINT((-14.542014404284503,-10.650000000025319,-2.2024822884511179));
#649=IFCCARTESIANPOINT((-16.542014404284529,-8.6500000000252992,-2.2024822884511321));
#650=IFCCARTESIANPOINT((-14.542014404284506,-6.6500000000253143,-2.2024822884511464));
#651=IFCCARTESIANPOINT((-16.542014404284533,-8.650000000025317,-4.4900000004833389));
#652=IFCCARTESIANPOINT((-14.542014404284506,-6.6500000000253312,-4.490000000483354));
#653=IFCCARTESIANPOINT((-12.542014404284513,-8.6500000000253507,-4.4900000004833398));
#654=IFCCARTESIANPOINT((-12.542014404284513,-8.6500000000253419,-3.3462411444672324));
#655=IFCCARTESIANPOINT((-16.542014404284529,-8.6500000000253081,-3.346241144467232));
#656=IFCCARTESIANPOINT((-14.542014452909138,-6.6500000000253285,-3.7416145510283223));
#657=IFCCARTESIANPOINT((-14.542014405252726,-6.6500000000253223,-3.0333212112512045));
#658=IFCCARTESIANPOINT((-13.042014404284517,-6.1500000000253268,-3.4900000004833518));
#659=IFCCARTESIANPOINT((-16.042014404284505,-6.1500000000253268,-3.4900000004833518));
#660=IFCCARTESIANPOINT((-16.042014404284505,-5.3500000000253136,-3.4900000004833576));
#661=IFCCARTESIANPOINT((-13.042014404284517,-5.3500000000253136,-3.4900000004833576));
#662=IFCCARTESIANPOINT((-13.042014404284517,-6.1500000000253348,-4.4900000004833522));
#663=IFCCARTESIANPOINT((-13.042014404284517,-5.3500000000253225,-4.4900000004833585));
#664=IFCCARTESIANPOINT((-16.042014404284505,-5.3500000000253305,-4.4900000004833585));
#665=IFCCARTESIANPOINT((-16.042014404284505,-6.1500000000253348,-4.4900000004833522));
#666=IFCCARTESIANPOINT((-17.542014404284501,-8.6500000000253259,-2.2024822884511321));
#667=IFCCARTESIANPOINT((-19.542014404284487,-10.650000000025328,-2.2024822884511179));
#668=IFCCARTESIANPOINT((-21.542014404284501,-8.650000000025317,-2.2024822884511321));
#669=IFCCARTESIANPOINT((-19.54201440428449,-6.6500000000253401,-2.2024822884511464));
#670=IFCCARTESIANPOINT((-21.542014404284487,-8.6500000000253383,-4.4900000004833363));
#671=IFCCARTESIANPOINT((-19.542014404284497,-6.6500000000253721,-4.4900000004833522));
#672=IFCCARTESIANPOINT((-17.542014404284526,-8.6500000000253596,-4.490000000483338));
#673=IFCCARTESIANPOINT((-17.542014404284526,-8.6500000000253507,-3.3462411444672311));
#674=IFCCARTESIANPOINT((-21.542014404284487,-8.6500000000253294,-3.3462411444672293));
#675=IFCCARTESIANPOINT((-19.542014452909125,-6.6500000000253667,-3.7416145510283205));
#676=IFCCARTESIANPOINT((-19.542014405252715,-6.6500000000253614,-3.0333212112512027));
#677=IFCCARTESIANPOINT((-18.042014404284505,-6.1500000000253348,-3.4900000004833518));
#678=IFCCARTESIANPOINT((-21.042014404284494,-6.1500000000253348,-3.4900000004833518));
#679=IFCCARTESIANPOINT((-21.042014404284494,-5.3500000000253225,-3.4900000004833576));
#680=IFCCARTESIANPOINT((-18.042014404284505,-5.3500000000253225,-3.4900000004833576));
#681=IFCCARTESIANPOINT((-18.042014404284505,-6.1500000000253525,-4.4900000004833522));
#682=IFCCARTESIANPOINT((-18.042014404284505,-5.3500000000253225,-4.4900000004833585));
#683=IFCCARTESIANPOINT((-21.042014404284494,-5.3500000000253394,-4.4900000004833585));
#684=IFCCARTESIANPOINT((-21.042014404284494,-6.1500000000253525,-4.4900000004833522));
#685=IFCCARTESIANPOINT((12.90798559571544,-4.9000000000252895,-3.4900000004833598));
#686=IFCCARTESIANPOINT((12.90798559571544,-4.9000000000252575,0.90999999951664234));
#687=IFCCARTESIANPOINT((12.90798559571544,-4.1000000000252559,1.7099999995166371));
#688=IFCCARTESIANPOINT((12.90798559571544,-4.1000000000252177,7.0099999995166389));
#689=IFCCARTESIANPOINT((12.90798559571544,-12.270000000025219,7.0099999995166984));
#690=IFCCARTESIANPOINT((12.90798559571544,-12.270000000025233,4.9099999995166961));
#691=IFCCARTESIANPOINT((12.90798559571544,-15.330000000025237,4.9099999995167183));
#692=IFCCARTESIANPOINT((12.90798559571544,-15.330000000025223,7.0099999995167206));
#693=IFCCARTESIANPOINT((12.90798559571544,-18.,7.0099999995167392));
#694=IFCCARTESIANPOINT((12.90798559571544,-18.,-1.4900000004831579));
#695=IFCCARTESIANPOINT((12.90798559571544,-15.652173913068287,-2.2900000004832797));
#696=IFCCARTESIANPOINT((12.90798559571544,-11.250000000025285,-2.2900000004833112));
#697=IFCCARTESIANPOINT((12.90798559571544,-11.250000000025299,-4.4900000004833185));
#698=IFCCARTESIANPOINT((12.90798559571544,-4.4500000000252973,-4.4900000004833629));
#699=IFCCARTESIANPOINT((12.90798559571544,-4.4500000000252893,-3.4900000004833642));
#700=IFCCARTESIANPOINT((-21.992014404284554,-4.9000000000252895,-3.4900000004833598));
#701=IFCCARTESIANPOINT((-21.992014404284554,-4.4500000000252893,-3.4900000004833642));
#702=IFCCARTESIANPOINT((-21.992014404284554,-4.4500000000252973,-4.4900000004833629));
#703=IFCCARTESIANPOINT((-21.992014404284554,-11.250000000025299,-4.4900000004833185));
#704=IFCCARTESIANPOINT((-21.992014404284554,-11.250000000025285,-2.2900000004833112));
#705=IFCCARTESIANPOINT((-21.992014404284554,-15.652173913068287,-2.2900000004832797));
#706=IFCCARTESIANPOINT((-21.992014404284554,-18.,-1.4900000004831579));
#707=IFCCARTESIANPOINT((-21.992014404284554,-18.,7.0099999995167392));
#708=IFCCARTESIANPOINT((-21.992014404284554,-15.330000000025223,7.0099999995167206));
#709=IFCCARTESIANPOINT((-21.992014404284554,-15.330000000025237,4.9099999995167183));
#710=IFCCARTESIANPOINT((-21.992014404284554,-12.270000000025233,4.9099999995166961));
#711=IFCCARTESIANPOINT((-21.992014404284554,-12.270000000025219,7.0099999995166984));
#712=IFCCARTESIANPOINT((-21.992014404284554,-4.1000000000252177,7.0099999995166389));
#713=IFCCARTESIANPOINT((-21.992014404284554,-4.1000000000252559,1.7099999995166371));
#714=IFCCARTESIANPOINT((-21.992014404284554,-4.9000000000252575,0.90999999951664234));
#715=IFCCARTESIANPOINT((10.45798559571544,-10.650000000025319,-4.4900000004833194));
#716=IFCCARTESIANPOINT((5.457985595715467,-10.650000000025303,-4.4900000004833194));
#717=IFCCARTESIANPOINT((0.45798559571545766,-10.650000000025328,-4.4900000004833194));
#718=IFCCARTESIANPOINT((-4.542014404284533,-10.650000000025337,-4.4900000004833194));
#719=IFCCARTESIANPOINT((-9.5420144042845152,-10.650000000025328,-4.4900000004833194));
#720=IFCCARTESIANPOINT((-14.542014404284503,-10.650000000025328,-4.4900000004833194));
#721=IFCCARTESIANPOINT((-19.542014404284487,-10.650000000025337,-4.4900000004833194));
#722=IFCCARTESIANPOINT((11.957985489978725,-11.250000000025301,-2.2900000004833108));
#723=IFCCARTESIANPOINT((-21.042014682091342,-11.250000000025301,-2.290000000483309));
#724=IFCCARTESIANPOINT((11.957985558937455,-15.652173913068296,-2.2900000004832801));
#725=IFCCARTESIANPOINT((11.957985595715442,-18.,-1.4900000004831617));
#726=IFCCARTESIANPOINT((-21.042014404284561,-18.,-1.4900000004831588));
#727=IFCCARTESIANPOINT((-21.042014404284568,-18.,-0.090000000483259859));
#728=IFCCARTESIANPOINT((11.957985595715442,-18.,-0.090000000483259859));
#729=IFCCARTESIANPOINT((-21.042014500913005,-15.652173913068296,-2.2900000004832801));
#730=IFCCARTESIANPOINT((-21.042014682091342,-11.249999951352233,-0.089999806929363227));
#731=IFCCARTESIANPOINT((11.957985489978727,-11.249999951352217,-0.089999806929363158));
#732=IFCCARTESIANPOINT((10.45798564434007,-10.650000000025319,-3.7416145510282948));
#733=IFCCARTESIANPOINT((10.45798559668366,-10.650000000025315,-3.0333212112511778));
#734=IFCCARTESIANPOINT((5.4579856443400985,-10.650000000025294,-3.7416145510282939));
#735=IFCCARTESIANPOINT((5.4579855966836872,-10.650000000025289,-3.0333212112511769));
#736=IFCCARTESIANPOINT((0.45798564434008926,-10.650000000025329,-3.7416145510282952));
#737=IFCCARTESIANPOINT((0.45798559668367811,-10.650000000025326,-3.0333212112511778));
#738=IFCCARTESIANPOINT((-4.5420143556599006,-10.65000000002534,-3.7416145510282948));
#739=IFCCARTESIANPOINT((-4.5420144033163119,-10.650000000025337,-3.0333212112511778));
#740=IFCCARTESIANPOINT((-9.5420143556598855,-10.650000000025329,-3.7416145510282957));
#741=IFCCARTESIANPOINT((-9.5420144033162959,-10.650000000025326,-3.0333212112511778));
#742=IFCCARTESIANPOINT((-14.542014355659871,-10.650000000025326,-3.7416145510282939));
#743=IFCCARTESIANPOINT((-14.542014403316283,-10.650000000025321,-3.0333212112511774));
#744=IFCCARTESIANPOINT((-19.542014355659859,-10.650000000025328,-3.7416145510282939));
#745=IFCCARTESIANPOINT((-19.542014403316269,-10.65000000002531,-3.0333212112511774));
#746=IFCPOLYLOOP((#553,#554,#555,#552));
#747=IFCFACEOUTERBOUND(#746,.T.);
#748=IFCFACE((#747));
#749=IFCPOLYLOOP((#572,#573,#574,#571));
#750=IFCFACEOUTERBOUND(#749,.T.);
#751=IFCFACE((#750));
#752=IFCPOLYLOOP((#590,#591,#592,#593));
#753=IFCFACEOUTERBOUND(#752,.T.);
#754=IFCFACE((#753));
#755=IFCPOLYLOOP((#610,#611,#612,#609));
#756=IFCFACEOUTERBOUND(#755,.T.);
#757=IFCFACE((#756));
#758=IFCPOLYLOOP((#629,#630,#631,#628));
#759=IFCFACEOUTERBOUND(#758,.T.);
#760=IFCFACE((#759));
#761=IFCPOLYLOOP((#647,#648,#649,#650));
#762=IFCFACEOUTERBOUND(#761,.T.);
#763=IFCFACE((#762));
#764=IFCPOLYLOOP((#667,#668,#669,#666));
#765=IFCFACEOUTERBOUND(#764,.T.);
#766=IFCFACE((#765));
#767=IFCPOLYLOOP((#558,#561,#557));
#768=IFCFACEOUTERBOUND(#767,.T.);
#769=IFCFACE((#768));
#770=IFCPOLYLOOP((#560,#562,#555,#554));
#771=IFCFACEOUTERBOUND(#770,.T.);
#772=IFCFACE((#771));
#773=IFCPOLYLOOP((#562,#559,#552));
#774=IFCFACEOUTERBOUND(#773,.T.);
#775=IFCFACE((#774));
#776=IFCPOLYLOOP((#562,#560,#561));
#777=IFCFACEOUTERBOUND(#776,.T.);
#778=IFCFACE((#777));
#779=IFCPOLYLOOP((#561,#559,#562));
#780=IFCFACEOUTERBOUND(#779,.T.);
#781=IFCFACE((#780));
#782=IFCPOLYLOOP((#557,#561,#556));
#783=IFCFACEOUTERBOUND(#782,.T.);
#784=IFCFACE((#783));
#785=IFCPOLYLOOP((#559,#561,#558));
#786=IFCFACEOUTERBOUND(#785,.T.);
#787=IFCFACE((#786));
#788=IFCPOLYLOOP((#560,#556,#561));
#789=IFCFACEOUTERBOUND(#788,.T.);
#790=IFCFACE((#789));
#791=IFCPOLYLOOP((#555,#562,#552));
#792=IFCFACEOUTERBOUND(#791,.T.);
#793=IFCFACE((#792));
#794=IFCPOLYLOOP((#563,#564,#565,#566));
#795=IFCFACEOUTERBOUND(#794,.T.);
#796=IFCFACE((#795));
#797=IFCPOLYLOOP((#582,#583,#584,#585));
#798=IFCFACEOUTERBOUND(#797,.T.);
#799=IFCFACE((#798));
#800=IFCPOLYLOOP((#602,#603,#604,#601));
#801=IFCFACEOUTERBOUND(#800,.T.);
#802=IFCFACE((#801));
#803=IFCPOLYLOOP((#620,#621,#622,#623));
#804=IFCFACEOUTERBOUND(#803,.T.);
#805=IFCFACE((#804));
#806=IFCPOLYLOOP((#639,#640,#641,#642));
#807=IFCFACEOUTERBOUND(#806,.T.);
#808=IFCFACE((#807));
#809=IFCPOLYLOOP((#658,#659,#660,#661));
#810=IFCFACEOUTERBOUND(#809,.T.);
#811=IFCFACE((#810));
#812=IFCPOLYLOOP((#677,#678,#679,#680));
#813=IFCFACEOUTERBOUND(#812,.T.);
#814=IFCFACE((#813));
#815=IFCPOLYLOOP((#567,#563,#566,#568));
#816=IFCFACEOUTERBOUND(#815,.T.);
#817=IFCFACE((#816));
#818=IFCPOLYLOOP((#568,#566,#565,#569));
#819=IFCFACEOUTERBOUND(#818,.T.);
#820=IFCFACE((#819));
#821=IFCPOLYLOOP((#585,#584,#588,#587));
#822=IFCFACEOUTERBOUND(#821,.T.);
#823=IFCFACE((#822));
#824=IFCPOLYLOOP((#606,#604,#603,#607));
#825=IFCFACEOUTERBOUND(#824,.T.);
#826=IFCFACE((#825));
#827=IFCPOLYLOOP((#625,#623,#622,#626));
#828=IFCFACEOUTERBOUND(#827,.T.);
#829=IFCFACE((#828));
#830=IFCPOLYLOOP((#644,#642,#641,#645));
#831=IFCFACEOUTERBOUND(#830,.T.);
#832=IFCFACE((#831));
#833=IFCPOLYLOOP((#663,#661,#660,#664));
#834=IFCFACEOUTERBOUND(#833,.T.);
#835=IFCFACE((#834));
#836=IFCPOLYLOOP((#682,#680,#679,#683));
#837=IFCFACEOUTERBOUND(#836,.T.);
#838=IFCFACE((#837));
#839=IFCPOLYLOOP((#565,#564,#570,#569));
#840=IFCFACEOUTERBOUND(#839,.T.);
#841=IFCFACE((#840));
#842=IFCPOLYLOOP((#570,#564,#563,#567));
#843=IFCFACEOUTERBOUND(#842,.T.);
#844=IFCFACE((#843));
#845=IFCPOLYLOOP((#589,#583,#582,#586));
#846=IFCFACEOUTERBOUND(#845,.T.);
#847=IFCFACE((#846));
#848=IFCPOLYLOOP((#608,#602,#601,#605));
#849=IFCFACEOUTERBOUND(#848,.T.);
#850=IFCFACE((#849));
#851=IFCPOLYLOOP((#627,#621,#620,#624));
#852=IFCFACEOUTERBOUND(#851,.T.);
#853=IFCFACE((#852));
#854=IFCPOLYLOOP((#640,#639,#643,#646));
#855=IFCFACEOUTERBOUND(#854,.T.);
#856=IFCFACE((#855));
#857=IFCPOLYLOOP((#665,#659,#658,#662));
#858=IFCFACEOUTERBOUND(#857,.T.);
#859=IFCFACE((#858));
#860=IFCPOLYLOOP((#684,#678,#677,#681));
#861=IFCFACEOUTERBOUND(#860,.T.);
#862=IFCFACE((#861));
#863=IFCPOLYLOOP((#577,#580,#576));
#864=IFCFACEOUTERBOUND(#863,.T.);
#865=IFCFACE((#864));
#866=IFCPOLYLOOP((#579,#581,#574,#573));
#867=IFCFACEOUTERBOUND(#866,.T.);
#868=IFCFACE((#867));
#869=IFCPOLYLOOP((#581,#578,#571));
#870=IFCFACEOUTERBOUND(#869,.T.);
#871=IFCFACE((#870));
#872=IFCPOLYLOOP((#581,#579,#580));
#873=IFCFACEOUTERBOUND(#872,.T.);
#874=IFCFACE((#873));
#875=IFCPOLYLOOP((#580,#578,#581));
#876=IFCFACEOUTERBOUND(#875,.T.);
#877=IFCFACE((#876));
#878=IFCPOLYLOOP((#576,#580,#575));
#879=IFCFACEOUTERBOUND(#878,.T.);
#880=IFCFACE((#879));
#881=IFCPOLYLOOP((#578,#580,#577));
#882=IFCFACEOUTERBOUND(#881,.T.);
#883=IFCFACE((#882));
#884=IFCPOLYLOOP((#579,#575,#580));
#885=IFCFACEOUTERBOUND(#884,.T.);
#886=IFCFACE((#885));
#887=IFCPOLYLOOP((#574,#581,#571));
#888=IFCFACEOUTERBOUND(#887,.T.);
#889=IFCFACE((#888));
#890=IFCPOLYLOOP((#586,#582,#585,#587));
#891=IFCFACEOUTERBOUND(#890,.T.);
#892=IFCFACE((#891));
#893=IFCPOLYLOOP((#584,#583,#589,#588));
#894=IFCFACEOUTERBOUND(#893,.T.);
#895=IFCFACE((#894));
#896=IFCPOLYLOOP((#596,#599,#595));
#897=IFCFACEOUTERBOUND(#896,.T.);
#898=IFCFACE((#897));
#899=IFCPOLYLOOP((#598,#600,#593,#592));
#900=IFCFACEOUTERBOUND(#899,.T.);
#901=IFCFACE((#900));
#902=IFCPOLYLOOP((#600,#597,#590,#593));
#903=IFCFACEOUTERBOUND(#902,.T.);
#904=IFCFACE((#903));
#905=IFCPOLYLOOP((#600,#598,#599));
#906=IFCFACEOUTERBOUND(#905,.T.);
#907=IFCFACE((#906));
#908=IFCPOLYLOOP((#599,#597,#600));
#909=IFCFACEOUTERBOUND(#908,.T.);
#910=IFCFACE((#909));
#911=IFCPOLYLOOP((#595,#599,#594));
#912=IFCFACEOUTERBOUND(#911,.T.);
#913=IFCFACE((#912));
#914=IFCPOLYLOOP((#597,#599,#596));
#915=IFCFACEOUTERBOUND(#914,.T.);
#916=IFCFACE((#915));
#917=IFCPOLYLOOP((#598,#594,#599));
#918=IFCFACEOUTERBOUND(#917,.T.);
#919=IFCFACE((#918));
#920=IFCPOLYLOOP((#605,#601,#604,#606));
#921=IFCFACEOUTERBOUND(#920,.T.);
#922=IFCFACE((#921));
#923=IFCPOLYLOOP((#603,#602,#608,#607));
#924=IFCFACEOUTERBOUND(#923,.T.);
#925=IFCFACE((#924));
#926=IFCPOLYLOOP((#615,#618,#614));
#927=IFCFACEOUTERBOUND(#926,.T.);
#928=IFCFACE((#927));
#929=IFCPOLYLOOP((#617,#619,#611));
#930=IFCFACEOUTERBOUND(#929,.T.);
#931=IFCFACE((#930));
#932=IFCPOLYLOOP((#619,#616,#609,#612));
#933=IFCFACEOUTERBOUND(#932,.T.);
#934=IFCFACE((#933));
#935=IFCPOLYLOOP((#619,#617,#618));
#936=IFCFACEOUTERBOUND(#935,.T.);
#937=IFCFACE((#936));
#938=IFCPOLYLOOP((#618,#616,#619));
#939=IFCFACEOUTERBOUND(#938,.T.);
#940=IFCFACE((#939));
#941=IFCPOLYLOOP((#614,#618,#613));
#942=IFCFACEOUTERBOUND(#941,.T.);
#943=IFCFACE((#942));
#944=IFCPOLYLOOP((#616,#618,#615));
#945=IFCFACEOUTERBOUND(#944,.T.);
#946=IFCFACE((#945));
#947=IFCPOLYLOOP((#611,#619,#612));
#948=IFCFACEOUTERBOUND(#947,.T.);
#949=IFCFACE((#948));
#950=IFCPOLYLOOP((#617,#613,#618));
#951=IFCFACEOUTERBOUND(#950,.T.);
#952=IFCFACE((#951));
#953=IFCPOLYLOOP((#624,#620,#623,#625));
#954=IFCFACEOUTERBOUND(#953,.T.);
#955=IFCFACE((#954));
#956=IFCPOLYLOOP((#622,#621,#627,#626));
#957=IFCFACEOUTERBOUND(#956,.T.);
#958=IFCFACE((#957));
#959=IFCPOLYLOOP((#634,#637,#633));
#960=IFCFACEOUTERBOUND(#959,.T.);
#961=IFCFACE((#960));
#962=IFCPOLYLOOP((#636,#638,#630));
#963=IFCFACEOUTERBOUND(#962,.T.);
#964=IFCFACE((#963));
#965=IFCPOLYLOOP((#638,#635,#628,#631));
#966=IFCFACEOUTERBOUND(#965,.T.);
#967=IFCFACE((#966));
#968=IFCPOLYLOOP((#638,#636,#637));
#969=IFCFACEOUTERBOUND(#968,.T.);
#970=IFCFACE((#969));
#971=IFCPOLYLOOP((#637,#635,#638));
#972=IFCFACEOUTERBOUND(#971,.T.);
#973=IFCFACE((#972));
#974=IFCPOLYLOOP((#633,#637,#632));
#975=IFCFACEOUTERBOUND(#974,.T.);
#976=IFCFACE((#975));
#977=IFCPOLYLOOP((#635,#637,#634));
#978=IFCFACEOUTERBOUND(#977,.T.);
#979=IFCFACE((#978));
#980=IFCPOLYLOOP((#630,#638,#631));
#981=IFCFACEOUTERBOUND(#980,.T.);
#982=IFCFACE((#981));
#983=IFCPOLYLOOP((#636,#632,#637));
#984=IFCFACEOUTERBOUND(#983,.T.);
#985=IFCFACE((#984));
#986=IFCPOLYLOOP((#644,#643,#639,#642));
#987=IFCFACEOUTERBOUND(#986,.T.);
#988=IFCFACE((#987));
#989=IFCPOLYLOOP((#641,#640,#646,#645));
#990=IFCFACEOUTERBOUND(#989,.T.);
#991=IFCFACE((#990));
#992=IFCPOLYLOOP((#653,#656,#652));
#993=IFCFACEOUTERBOUND(#992,.T.);
#994=IFCFACE((#993));
#995=IFCPOLYLOOP((#655,#657,#650,#649));
#996=IFCFACEOUTERBOUND(#995,.T.);
#997=IFCFACE((#996));
#998=IFCPOLYLOOP((#657,#654,#647,#650));
#999=IFCFACEOUTERBOUND(#998,.T.);
#1000=IFCFACE((#999));
#1001=IFCPOLYLOOP((#657,#655,#656));
#1002=IFCFACEOUTERBOUND(#1001,.T.);
#1003=IFCFACE((#1002));
#1004=IFCPOLYLOOP((#656,#654,#657));
#1005=IFCFACEOUTERBOUND(#1004,.T.);
#1006=IFCFACE((#1005));
#1007=IFCPOLYLOOP((#652,#656,#651));
#1008=IFCFACEOUTERBOUND(#1007,.T.);
#1009=IFCFACE((#1008));
#1010=IFCPOLYLOOP((#654,#656,#653));
#1011=IFCFACEOUTERBOUND(#1010,.T.);
#1012=IFCFACE((#1011));
#1013=IFCPOLYLOOP((#655,#651,#656));
#1014=IFCFACEOUTERBOUND(#1013,.T.);
#1015=IFCFACE((#1014));
#1016=IFCPOLYLOOP((#663,#662,#658,#661));
#1017=IFCFACEOUTERBOUND(#1016,.T.);
#1018=IFCFACE((#1017));
#1019=IFCPOLYLOOP((#660,#659,#665,#664));
#1020=IFCFACEOUTERBOUND(#1019,.T.);
#1021=IFCFACE((#1020));
#1022=IFCPOLYLOOP((#672,#675,#671));
#1023=IFCFACEOUTERBOUND(#1022,.T.);
#1024=IFCFACE((#1023));
#1025=IFCPOLYLOOP((#674,#676,#669,#668));
#1026=IFCFACEOUTERBOUND(#1025,.T.);
#1027=IFCFACE((#1026));
#1028=IFCPOLYLOOP((#676,#673,#666,#669));
#1029=IFCFACEOUTERBOUND(#1028,.T.);
#1030=IFCFACE((#1029));
#1031=IFCPOLYLOOP((#676,#674,#675));
#1032=IFCFACEOUTERBOUND(#1031,.T.);
#1033=IFCFACE((#1032));
#1034=IFCPOLYLOOP((#675,#673,#676));
#1035=IFCFACEOUTERBOUND(#1034,.T.);
#1036=IFCFACE((#1035));
#1037=IFCPOLYLOOP((#671,#675,#670));
#1038=IFCFACEOUTERBOUND(#1037,.T.);
#1039=IFCFACE((#1038));
#1040=IFCPOLYLOOP((#673,#675,#672));
#1041=IFCFACEOUTERBOUND(#1040,.T.);
#1042=IFCFACE((#1041));
#1043=IFCPOLYLOOP((#674,#670,#675));
#1044=IFCFACEOUTERBOUND(#1043,.T.);
#1045=IFCFACE((#1044));
#1046=IFCPOLYLOOP((#681,#677,#680,#682));
#1047=IFCFACEOUTERBOUND(#1046,.T.);
#1048=IFCFACE((#1047));
#1049=IFCPOLYLOOP((#678,#684,#683,#679));
#1050=IFCFACEOUTERBOUND(#1049,.T.);
#1051=IFCFACE((#1050));
#1052=IFCPOLYLOOP((#690,#691,#692,#693,#694,#695,#696,#697,#698,#699,#685,#686,#687,#688,#689));
#1053=IFCFACEOUTERBOUND(#1052,.T.);
#1054=IFCFACE((#1053));
#1055=IFCPOLYLOOP((#708,#709,#710,#711,#712,#713,#714,#700,#701,#702,#703,#704,#705,#706,#707));
#1056=IFCFACEOUTERBOUND(#1055,.T.);
#1057=IFCFACE((#1056));
#1058=IFCPOLYLOOP((#701,#700,#685,#699));
#1059=IFCFACEOUTERBOUND(#1058,.T.);
#1060=IFCFACE((#1059));
#1061=IFCPOLYLOOP((#701,#699,#698,#702));
#1062=IFCFACEOUTERBOUND(#1061,.T.);
#1063=IFCFACE((#1062));
#1064=IFCPOLYLOOP((#682,#683,#702));
#1065=IFCFACEOUTERBOUND(#1064,.T.);
#1066=IFCFACE((#1065));
#1067=IFCPOLYLOOP((#664,#682,#702));
#1068=IFCFACEOUTERBOUND(#1067,.T.);
#1069=IFCFACE((#1068));
#1070=IFCPOLYLOOP((#682,#664,#681));
#1071=IFCFACEOUTERBOUND(#1070,.T.);
#1072=IFCFACE((#1071));
#1073=IFCPOLYLOOP((#684,#702,#683));
#1074=IFCFACEOUTERBOUND(#1073,.T.);
#1075=IFCFACE((#1074));
#1076=IFCPOLYLOOP((#671,#684,#681));
#1077=IFCFACEOUTERBOUND(#1076,.T.);
#1078=IFCFACE((#1077));
#1079=IFCPOLYLOOP((#684,#670,#702));
#1080=IFCFACEOUTERBOUND(#1079,.T.);
#1081=IFCFACE((#1080));
#1082=IFCPOLYLOOP((#670,#684,#671));
#1083=IFCFACEOUTERBOUND(#1082,.T.);
#1084=IFCFACE((#1083));
#1085=IFCPOLYLOOP((#671,#681,#672));
#1086=IFCFACEOUTERBOUND(#1085,.T.);
#1087=IFCFACE((#1086));
#1088=IFCPOLYLOOP((#703,#702,#670));
#1089=IFCFACEOUTERBOUND(#1088,.T.);
#1090=IFCFACE((#1089));
#1091=IFCPOLYLOOP((#670,#721,#703));
#1092=IFCFACEOUTERBOUND(#1091,.T.);
#1093=IFCFACE((#1092));
#1094=IFCPOLYLOOP((#720,#703,#721));
#1095=IFCFACEOUTERBOUND(#1094,.T.);
#1096=IFCFACE((#1095));
#1097=IFCPOLYLOOP((#720,#721,#672));
#1098=IFCFACEOUTERBOUND(#1097,.T.);
#1099=IFCFACE((#1098));
#1100=IFCPOLYLOOP((#681,#665,#672));
#1101=IFCFACEOUTERBOUND(#1100,.T.);
#1102=IFCFACE((#1101));
#1103=IFCPOLYLOOP((#651,#672,#665));
#1104=IFCFACEOUTERBOUND(#1103,.T.);
#1105=IFCFACE((#1104));
#1106=IFCPOLYLOOP((#720,#672,#651));
#1107=IFCFACEOUTERBOUND(#1106,.T.);
#1108=IFCFACE((#1107));
#1109=IFCPOLYLOOP((#651,#665,#652));
#1110=IFCFACEOUTERBOUND(#1109,.T.);
#1111=IFCFACE((#1110));
#1112=IFCPOLYLOOP((#703,#720,#719));
#1113=IFCFACEOUTERBOUND(#1112,.T.);
#1114=IFCFACE((#1113));
#1115=IFCPOLYLOOP((#653,#719,#720));
#1116=IFCFACEOUTERBOUND(#1115,.T.);
#1117=IFCFACE((#1116));
#1118=IFCPOLYLOOP((#652,#662,#653));
#1119=IFCFACEOUTERBOUND(#1118,.T.);
#1120=IFCFACE((#1119));
#1121=IFCPOLYLOOP((#646,#653,#662));
#1122=IFCFACEOUTERBOUND(#1121,.T.);
#1123=IFCFACE((#1122));
#1124=IFCPOLYLOOP((#646,#632,#653));
#1125=IFCFACEOUTERBOUND(#1124,.T.);
#1126=IFCFACE((#1125));
#1127=IFCPOLYLOOP((#632,#719,#653));
#1128=IFCFACEOUTERBOUND(#1127,.T.);
#1129=IFCFACE((#1128));
#1130=IFCPOLYLOOP((#719,#718,#703));
#1131=IFCFACEOUTERBOUND(#1130,.T.);
#1132=IFCFACE((#1131));
#1133=IFCPOLYLOOP((#719,#634,#718));
#1134=IFCFACEOUTERBOUND(#1133,.T.);
#1135=IFCFACE((#1134));
#1136=IFCPOLYLOOP((#634,#613,#718));
#1137=IFCFACEOUTERBOUND(#1136,.T.);
#1138=IFCFACE((#1137));
#1139=IFCPOLYLOOP((#627,#613,#634));
#1140=IFCFACEOUTERBOUND(#1139,.T.);
#1141=IFCFACE((#1140));
#1142=IFCPOLYLOOP((#643,#627,#634));
#1143=IFCFACEOUTERBOUND(#1142,.T.);
#1144=IFCFACE((#1143));
#1145=IFCPOLYLOOP((#634,#633,#643));
#1146=IFCFACEOUTERBOUND(#1145,.T.);
#1147=IFCFACE((#1146));
#1148=IFCPOLYLOOP((#646,#643,#633));
#1149=IFCFACEOUTERBOUND(#1148,.T.);
#1150=IFCFACE((#1149));
#1151=IFCPOLYLOOP((#646,#633,#632));
#1152=IFCFACEOUTERBOUND(#1151,.T.);
#1153=IFCFACE((#1152));
#1154=IFCPOLYLOOP((#626,#627,#643));
#1155=IFCFACEOUTERBOUND(#1154,.T.);
#1156=IFCFACE((#1155));
#1157=IFCPOLYLOOP((#626,#643,#644));
#1158=IFCFACEOUTERBOUND(#1157,.T.);
#1159=IFCFACE((#1158));
#1160=IFCPOLYLOOP((#702,#644,#645));
#1161=IFCFACEOUTERBOUND(#1160,.T.);
#1162=IFCFACE((#1161));
#1163=IFCPOLYLOOP((#626,#644,#702));
#1164=IFCFACEOUTERBOUND(#1163,.T.);
#1165=IFCFACE((#1164));
#1166=IFCPOLYLOOP((#702,#663,#664));
#1167=IFCFACEOUTERBOUND(#1166,.T.);
#1168=IFCFACE((#1167));
#1169=IFCPOLYLOOP((#702,#645,#663));
#1170=IFCFACEOUTERBOUND(#1169,.T.);
#1171=IFCFACE((#1170));
#1172=IFCPOLYLOOP((#625,#626,#702));
#1173=IFCFACEOUTERBOUND(#1172,.T.);
#1174=IFCFACE((#1173));
#1175=IFCPOLYLOOP((#625,#702,#698));
#1176=IFCFACEOUTERBOUND(#1175,.T.);
#1177=IFCFACE((#1176));
#1178=IFCPOLYLOOP((#625,#698,#607));
#1179=IFCFACEOUTERBOUND(#1178,.T.);
#1180=IFCFACE((#1179));
#1181=IFCPOLYLOOP((#698,#606,#607));
#1182=IFCFACEOUTERBOUND(#1181,.T.);
#1183=IFCFACE((#1182));
#1184=IFCPOLYLOOP((#698,#588,#606));
#1185=IFCFACEOUTERBOUND(#1184,.T.);
#1186=IFCFACE((#1185));
#1187=IFCPOLYLOOP((#587,#588,#698));
#1188=IFCFACEOUTERBOUND(#1187,.T.);
#1189=IFCFACE((#1188));
#1190=IFCPOLYLOOP((#698,#569,#587));
#1191=IFCFACEOUTERBOUND(#1190,.T.);
#1192=IFCFACE((#1191));
#1193=IFCPOLYLOOP((#569,#698,#568));
#1194=IFCFACEOUTERBOUND(#1193,.T.);
#1195=IFCFACE((#1194));
#1196=IFCPOLYLOOP((#567,#568,#698));
#1197=IFCFACEOUTERBOUND(#1196,.T.);
#1198=IFCFACE((#1197));
#1199=IFCPOLYLOOP((#558,#567,#698));
#1200=IFCFACEOUTERBOUND(#1199,.T.);
#1201=IFCFACE((#1200));
#1202=IFCPOLYLOOP((#698,#697,#558));
#1203=IFCFACEOUTERBOUND(#1202,.T.);
#1204=IFCFACE((#1203));
#1205=IFCPOLYLOOP((#717,#697,#718));
#1206=IFCFACEOUTERBOUND(#1205,.T.);
#1207=IFCFACE((#1206));
#1208=IFCPOLYLOOP((#697,#717,#716));
#1209=IFCFACEOUTERBOUND(#1208,.T.);
#1210=IFCFACE((#1209));
#1211=IFCPOLYLOOP((#558,#697,#715));
#1212=IFCFACEOUTERBOUND(#1211,.T.);
#1213=IFCFACE((#1212));
#1214=IFCPOLYLOOP((#716,#715,#697));
#1215=IFCFACEOUTERBOUND(#1214,.T.);
#1216=IFCFACE((#1215));
#1217=IFCPOLYLOOP((#697,#703,#718));
#1218=IFCFACEOUTERBOUND(#1217,.T.);
#1219=IFCFACE((#1218));
#1220=IFCPOLYLOOP((#715,#716,#556));
#1221=IFCFACEOUTERBOUND(#1220,.T.);
#1222=IFCFACE((#1221));
#1223=IFCPOLYLOOP((#567,#558,#557));
#1224=IFCFACEOUTERBOUND(#1223,.T.);
#1225=IFCFACE((#1224));
#1226=IFCPOLYLOOP((#567,#557,#570));
#1227=IFCFACEOUTERBOUND(#1226,.T.);
#1228=IFCFACE((#1227));
#1229=IFCPOLYLOOP((#556,#570,#557));
#1230=IFCFACEOUTERBOUND(#1229,.T.);
#1231=IFCFACE((#1230));
#1232=IFCPOLYLOOP((#570,#587,#569));
#1233=IFCFACEOUTERBOUND(#1232,.T.);
#1234=IFCFACE((#1233));
#1235=IFCPOLYLOOP((#556,#586,#570));
#1236=IFCFACEOUTERBOUND(#1235,.T.);
#1237=IFCFACE((#1236));
#1238=IFCPOLYLOOP((#570,#586,#587));
#1239=IFCFACEOUTERBOUND(#1238,.T.);
#1240=IFCFACE((#1239));
#1241=IFCPOLYLOOP((#606,#588,#589));
#1242=IFCFACEOUTERBOUND(#1241,.T.);
#1243=IFCFACE((#1242));
#1244=IFCPOLYLOOP((#606,#589,#605));
#1245=IFCFACEOUTERBOUND(#1244,.T.);
#1246=IFCFACE((#1245));
#1247=IFCPOLYLOOP((#575,#605,#589));
#1248=IFCFACEOUTERBOUND(#1247,.T.);
#1249=IFCFACE((#1248));
#1250=IFCPOLYLOOP((#586,#576,#589));
#1251=IFCFACEOUTERBOUND(#1250,.T.);
#1252=IFCFACE((#1251));
#1253=IFCPOLYLOOP((#589,#576,#575));
#1254=IFCFACEOUTERBOUND(#1253,.T.);
#1255=IFCFACE((#1254));
#1256=IFCPOLYLOOP((#717,#596,#575));
#1257=IFCFACEOUTERBOUND(#1256,.T.);
#1258=IFCFACE((#1257));
#1259=IFCPOLYLOOP((#605,#575,#596));
#1260=IFCFACEOUTERBOUND(#1259,.T.);
#1261=IFCFACE((#1260));
#1262=IFCPOLYLOOP((#575,#716,#717));
#1263=IFCFACEOUTERBOUND(#1262,.T.);
#1264=IFCFACE((#1263));
#1265=IFCPOLYLOOP((#596,#595,#605));
#1266=IFCFACEOUTERBOUND(#1265,.T.);
#1267=IFCFACE((#1266));
#1268=IFCPOLYLOOP((#605,#595,#608));
#1269=IFCFACEOUTERBOUND(#1268,.T.);
#1270=IFCFACE((#1269));
#1271=IFCPOLYLOOP((#608,#595,#594));
#1272=IFCFACEOUTERBOUND(#1271,.T.);
#1273=IFCFACE((#1272));
#1274=IFCPOLYLOOP((#624,#608,#594));
#1275=IFCFACEOUTERBOUND(#1274,.T.);
#1276=IFCFACE((#1275));
#1277=IFCPOLYLOOP((#594,#615,#624));
#1278=IFCFACEOUTERBOUND(#1277,.T.);
#1279=IFCFACE((#1278));
#1280=IFCPOLYLOOP((#718,#615,#594));
#1281=IFCFACEOUTERBOUND(#1280,.T.);
#1282=IFCFACE((#1281));
#1283=IFCPOLYLOOP((#718,#594,#717));
#1284=IFCFACEOUTERBOUND(#1283,.T.);
#1285=IFCFACE((#1284));
#1286=IFCPOLYLOOP((#615,#614,#624));
#1287=IFCFACEOUTERBOUND(#1286,.T.);
#1288=IFCFACE((#1287));
#1289=IFCPOLYLOOP((#627,#624,#614));
#1290=IFCFACEOUTERBOUND(#1289,.T.);
#1291=IFCFACE((#1290));
#1292=IFCPOLYLOOP((#627,#614,#613));
#1293=IFCFACEOUTERBOUND(#1292,.T.);
#1294=IFCFACE((#1293));
#1295=IFCPOLYLOOP((#625,#608,#624));
#1296=IFCFACEOUTERBOUND(#1295,.T.);
#1297=IFCFACE((#1296));
#1298=IFCPOLYLOOP((#608,#625,#607));
#1299=IFCFACEOUTERBOUND(#1298,.T.);
#1300=IFCFACE((#1299));
#1301=IFCPOLYLOOP((#663,#645,#662));
#1302=IFCFACEOUTERBOUND(#1301,.T.);
#1303=IFCFACE((#1302));
#1304=IFCPOLYLOOP((#662,#645,#646));
#1305=IFCFACEOUTERBOUND(#1304,.T.);
#1306=IFCFACE((#1305));
#1307=IFCPOLYLOOP((#662,#652,#665));
#1308=IFCFACEOUTERBOUND(#1307,.T.);
#1309=IFCFACE((#1308));
#1310=IFCPOLYLOOP((#556,#716,#577));
#1311=IFCFACEOUTERBOUND(#1310,.T.);
#1312=IFCFACE((#1311));
#1313=IFCPOLYLOOP((#556,#577,#586));
#1314=IFCFACEOUTERBOUND(#1313,.T.);
#1315=IFCFACE((#1314));
#1316=IFCPOLYLOOP((#577,#576,#586));
#1317=IFCFACEOUTERBOUND(#1316,.T.);
#1318=IFCFACE((#1317));
#1319=IFCPOLYLOOP((#681,#664,#665));
#1320=IFCFACEOUTERBOUND(#1319,.T.);
#1321=IFCFACE((#1320));
#1322=IFCPOLYLOOP((#723,#704,#703,#697,#696,#722));
#1323=IFCFACEOUTERBOUND(#1322,.T.);
#1324=IFCFACE((#1323));
#1325=IFCPOLYLOOP((#724,#722,#696,#695));
#1326=IFCFACEOUTERBOUND(#1325,.T.);
#1327=IFCFACE((#1326));
#1328=IFCPOLYLOOP((#729,#705,#704,#723));
#1329=IFCFACEOUTERBOUND(#1328,.T.);
#1330=IFCFACE((#1329));
#1331=IFCPOLYLOOP((#695,#694,#725,#724));
#1332=IFCFACEOUTERBOUND(#1331,.T.);
#1333=IFCFACE((#1332));
#1334=IFCPOLYLOOP((#729,#726,#706,#705));
#1335=IFCFACEOUTERBOUND(#1334,.T.);
#1336=IFCFACE((#1335));
#1337=IFCPOLYLOOP((#706,#726,#727,#728,#725,#694,#693,#707));
#1338=IFCFACEOUTERBOUND(#1337,.T.);
#1339=IFCFACE((#1338));
#1340=IFCPOLYLOOP((#708,#707,#693,#692));
#1341=IFCFACEOUTERBOUND(#1340,.T.);
#1342=IFCFACE((#1341));
#1343=IFCPOLYLOOP((#712,#711,#689,#688));
#1344=IFCFACEOUTERBOUND(#1343,.T.);
#1345=IFCFACE((#1344));
#1346=IFCPOLYLOOP((#709,#708,#692,#691));
#1347=IFCFACEOUTERBOUND(#1346,.T.);
#1348=IFCFACE((#1347));
#1349=IFCPOLYLOOP((#710,#709,#691,#690));
#1350=IFCFACEOUTERBOUND(#1349,.T.);
#1351=IFCFACE((#1350));
#1352=IFCPOLYLOOP((#690,#689,#711,#710));
#1353=IFCFACEOUTERBOUND(#1352,.T.);
#1354=IFCFACE((#1353));
#1355=IFCPOLYLOOP((#712,#688,#687,#713));
#1356=IFCFACEOUTERBOUND(#1355,.T.);
#1357=IFCFACE((#1356));
#1358=IFCPOLYLOOP((#687,#686,#714,#713));
#1359=IFCFACEOUTERBOUND(#1358,.T.);
#1360=IFCFACE((#1359));
#1361=IFCPOLYLOOP((#700,#714,#686,#685));
#1362=IFCFACEOUTERBOUND(#1361,.T.);
#1363=IFCFACE((#1362));
#1364=IFCPOLYLOOP((#730,#727,#726,#729,#723));
#1365=IFCFACEOUTERBOUND(#1364,.T.);
#1366=IFCFACE((#1365));
#1367=IFCPOLYLOOP((#722,#731,#730,#723));
#1368=IFCFACEOUTERBOUND(#1367,.T.);
#1369=IFCFACE((#1368));
#1370=IFCPOLYLOOP((#724,#725,#728,#731,#722));
#1371=IFCFACEOUTERBOUND(#1370,.T.);
#1372=IFCFACE((#1371));
#1373=IFCPOLYLOOP((#556,#732,#715));
#1374=IFCFACEOUTERBOUND(#1373,.T.);
#1375=IFCFACE((#1374));
#1376=IFCPOLYLOOP((#559,#733,#553,#552));
#1377=IFCFACEOUTERBOUND(#1376,.T.);
#1378=IFCFACE((#1377));
#1379=IFCPOLYLOOP((#733,#560,#554));
#1380=IFCFACEOUTERBOUND(#1379,.T.);
#1381=IFCFACE((#1380));
#1382=IFCPOLYLOOP((#733,#559,#732));
#1383=IFCFACEOUTERBOUND(#1382,.T.);
#1384=IFCFACE((#1383));
#1385=IFCPOLYLOOP((#732,#560,#733));
#1386=IFCFACEOUTERBOUND(#1385,.T.);
#1387=IFCFACE((#1386));
#1388=IFCPOLYLOOP((#715,#732,#558));
#1389=IFCFACEOUTERBOUND(#1388,.T.);
#1390=IFCFACE((#1389));
#1391=IFCPOLYLOOP((#560,#732,#556));
#1392=IFCFACEOUTERBOUND(#1391,.T.);
#1393=IFCFACE((#1392));
#1394=IFCPOLYLOOP((#559,#558,#732));
#1395=IFCFACEOUTERBOUND(#1394,.T.);
#1396=IFCFACE((#1395));
#1397=IFCPOLYLOOP((#553,#733,#554));
#1398=IFCFACEOUTERBOUND(#1397,.T.);
#1399=IFCFACE((#1398));
#1400=IFCPOLYLOOP((#575,#734,#716));
#1401=IFCFACEOUTERBOUND(#1400,.T.);
#1402=IFCFACE((#1401));
#1403=IFCPOLYLOOP((#578,#735,#572,#571));
#1404=IFCFACEOUTERBOUND(#1403,.T.);
#1405=IFCFACE((#1404));
#1406=IFCPOLYLOOP((#735,#579,#573,#572));
#1407=IFCFACEOUTERBOUND(#1406,.T.);
#1408=IFCFACE((#1407));
#1409=IFCPOLYLOOP((#735,#578,#734));
#1410=IFCFACEOUTERBOUND(#1409,.T.);
#1411=IFCFACE((#1410));
#1412=IFCPOLYLOOP((#734,#579,#735));
#1413=IFCFACEOUTERBOUND(#1412,.T.);
#1414=IFCFACE((#1413));
#1415=IFCPOLYLOOP((#716,#734,#577));
#1416=IFCFACEOUTERBOUND(#1415,.T.);
#1417=IFCFACE((#1416));
#1418=IFCPOLYLOOP((#579,#734,#575));
#1419=IFCFACEOUTERBOUND(#1418,.T.);
#1420=IFCFACE((#1419));
#1421=IFCPOLYLOOP((#578,#577,#734));
#1422=IFCFACEOUTERBOUND(#1421,.T.);
#1423=IFCFACE((#1422));
#1424=IFCPOLYLOOP((#594,#736,#717));
#1425=IFCFACEOUTERBOUND(#1424,.T.);
#1426=IFCFACE((#1425));
#1427=IFCPOLYLOOP((#597,#737,#591,#590));
#1428=IFCFACEOUTERBOUND(#1427,.T.);
#1429=IFCFACE((#1428));
#1430=IFCPOLYLOOP((#737,#598,#592,#591));
#1431=IFCFACEOUTERBOUND(#1430,.T.);
#1432=IFCFACE((#1431));
#1433=IFCPOLYLOOP((#737,#597,#736));
#1434=IFCFACEOUTERBOUND(#1433,.T.);
#1435=IFCFACE((#1434));
#1436=IFCPOLYLOOP((#736,#598,#737));
#1437=IFCFACEOUTERBOUND(#1436,.T.);
#1438=IFCFACE((#1437));
#1439=IFCPOLYLOOP((#717,#736,#596));
#1440=IFCFACEOUTERBOUND(#1439,.T.);
#1441=IFCFACE((#1440));
#1442=IFCPOLYLOOP((#598,#736,#594));
#1443=IFCFACEOUTERBOUND(#1442,.T.);
#1444=IFCFACE((#1443));
#1445=IFCPOLYLOOP((#597,#596,#736));
#1446=IFCFACEOUTERBOUND(#1445,.T.);
#1447=IFCFACE((#1446));
#1448=IFCPOLYLOOP((#613,#738,#718));
#1449=IFCFACEOUTERBOUND(#1448,.T.);
#1450=IFCFACE((#1449));
#1451=IFCPOLYLOOP((#616,#739,#610,#609));
#1452=IFCFACEOUTERBOUND(#1451,.T.);
#1453=IFCFACE((#1452));
#1454=IFCPOLYLOOP((#739,#617,#611,#610));
#1455=IFCFACEOUTERBOUND(#1454,.T.);
#1456=IFCFACE((#1455));
#1457=IFCPOLYLOOP((#739,#616,#738));
#1458=IFCFACEOUTERBOUND(#1457,.T.);
#1459=IFCFACE((#1458));
#1460=IFCPOLYLOOP((#738,#617,#739));
#1461=IFCFACEOUTERBOUND(#1460,.T.);
#1462=IFCFACE((#1461));
#1463=IFCPOLYLOOP((#718,#738,#615));
#1464=IFCFACEOUTERBOUND(#1463,.T.);
#1465=IFCFACE((#1464));
#1466=IFCPOLYLOOP((#617,#738,#613));
#1467=IFCFACEOUTERBOUND(#1466,.T.);
#1468=IFCFACE((#1467));
#1469=IFCPOLYLOOP((#616,#615,#738));
#1470=IFCFACEOUTERBOUND(#1469,.T.);
#1471=IFCFACE((#1470));
#1472=IFCPOLYLOOP((#632,#740,#719));
#1473=IFCFACEOUTERBOUND(#1472,.T.);
#1474=IFCFACE((#1473));
#1475=IFCPOLYLOOP((#635,#741,#628));
#1476=IFCFACEOUTERBOUND(#1475,.T.);
#1477=IFCFACE((#1476));
#1478=IFCPOLYLOOP((#741,#636,#630,#629));
#1479=IFCFACEOUTERBOUND(#1478,.T.);
#1480=IFCFACE((#1479));
#1481=IFCPOLYLOOP((#741,#635,#740));
#1482=IFCFACEOUTERBOUND(#1481,.T.);
#1483=IFCFACE((#1482));
#1484=IFCPOLYLOOP((#740,#636,#741));
#1485=IFCFACEOUTERBOUND(#1484,.T.);
#1486=IFCFACE((#1485));
#1487=IFCPOLYLOOP((#719,#740,#634));
#1488=IFCFACEOUTERBOUND(#1487,.T.);
#1489=IFCFACE((#1488));
#1490=IFCPOLYLOOP((#636,#740,#632));
#1491=IFCFACEOUTERBOUND(#1490,.T.);
#1492=IFCFACE((#1491));
#1493=IFCPOLYLOOP((#628,#741,#629));
#1494=IFCFACEOUTERBOUND(#1493,.T.);
#1495=IFCFACE((#1494));
#1496=IFCPOLYLOOP((#635,#634,#740));
#1497=IFCFACEOUTERBOUND(#1496,.T.);
#1498=IFCFACE((#1497));
#1499=IFCPOLYLOOP((#651,#742,#720));
#1500=IFCFACEOUTERBOUND(#1499,.T.);
#1501=IFCFACE((#1500));
#1502=IFCPOLYLOOP((#654,#743,#648,#647));
#1503=IFCFACEOUTERBOUND(#1502,.T.);
#1504=IFCFACE((#1503));
#1505=IFCPOLYLOOP((#743,#655,#649,#648));
#1506=IFCFACEOUTERBOUND(#1505,.T.);
#1507=IFCFACE((#1506));
#1508=IFCPOLYLOOP((#743,#654,#742));
#1509=IFCFACEOUTERBOUND(#1508,.T.);
#1510=IFCFACE((#1509));
#1511=IFCPOLYLOOP((#742,#655,#743));
#1512=IFCFACEOUTERBOUND(#1511,.T.);
#1513=IFCFACE((#1512));
#1514=IFCPOLYLOOP((#720,#742,#653));
#1515=IFCFACEOUTERBOUND(#1514,.T.);
#1516=IFCFACE((#1515));
#1517=IFCPOLYLOOP((#655,#742,#651));
#1518=IFCFACEOUTERBOUND(#1517,.T.);
#1519=IFCFACE((#1518));
#1520=IFCPOLYLOOP((#654,#653,#742));
#1521=IFCFACEOUTERBOUND(#1520,.T.);
#1522=IFCFACE((#1521));
#1523=IFCPOLYLOOP((#670,#744,#721));
#1524=IFCFACEOUTERBOUND(#1523,.T.);
#1525=IFCFACE((#1524));
#1526=IFCPOLYLOOP((#673,#745,#667,#666));
#1527=IFCFACEOUTERBOUND(#1526,.T.);
#1528=IFCFACE((#1527));
#1529=IFCPOLYLOOP((#745,#674,#668,#667));
#1530=IFCFACEOUTERBOUND(#1529,.T.);
#1531=IFCFACE((#1530));
#1532=IFCPOLYLOOP((#745,#673,#744));
#1533=IFCFACEOUTERBOUND(#1532,.T.);
#1534=IFCFACE((#1533));
#1535=IFCPOLYLOOP((#744,#674,#745));
#1536=IFCFACEOUTERBOUND(#1535,.T.);
#1537=IFCFACE((#1536));
#1538=IFCPOLYLOOP((#721,#744,#672));
#1539=IFCFACEOUTERBOUND(#1538,.T.);
#1540=IFCFACE((#1539));
#1541=IFCPOLYLOOP((#674,#744,#670));
#1542=IFCFACEOUTERBOUND(#1541,.T.);
#1543=IFCFACE((#1542));
#1544=IFCPOLYLOOP((#673,#672,#744));
#1545=IFCFACEOUTERBOUND(#1544,.T.);
#1546=IFCFACE((#1545));
#1547=IFCCARTESIANPOINT((-13.971514397964057,16.931156862761856,3.0168134359407892));
#1548=IFCCARTESIANPOINT((-13.971514397964061,18.027156862761849,3.0168134359407812));
#1549=IFCCARTESIANPOINT((-15.06751439796396,18.027156862761849,3.0168134359407812));
#1550=IFCCARTESIANPOINT((-15.067514397964009,16.931156862761842,3.0168134359407892));
#1551=IFCPOLYLOOP((#1547,#1548,#1549,#1550));
#1552=IFCFACEOUTERBOUND(#1551,.T.);
#1553=IFCFACE((#1552));
#1554=IFCCARTESIANPOINT((-15.067514397963956,16.931156862761824,2.4668137187197861));
#1555=IFCCARTESIANPOINT((-13.971514397964057,16.931156862761824,2.4668137187197861));
#1556=IFCPOLYLOOP((#1547,#1550,#1554,#1555));
#1557=IFCFACEOUTERBOUND(#1556,.T.);
#1558=IFCFACE((#1557));
#1559=IFCCARTESIANPOINT((-15.067514397963956,18.027156862761814,2.4668137187197754));
#1560=IFCCARTESIANPOINT((-13.971514397964057,18.027156862761814,2.4668137187197754));
#1561=IFCPOLYLOOP((#1559,#1560,#1555,#1554));
#1562=IFCFACEOUTERBOUND(#1561,.T.);
#1563=IFCFACE((#1562));
#1564=IFCPOLYLOOP((#1548,#1547,#1555,#1560));
#1565=IFCFACEOUTERBOUND(#1564,.T.);
#1566=IFCFACE((#1565));
#1567=IFCPOLYLOOP((#1550,#1549,#1559,#1554));
#1568=IFCFACEOUTERBOUND(#1567,.T.);
#1569=IFCFACE((#1568));
#1570=IFCPOLYLOOP((#1549,#1548,#1560,#1559));
#1571=IFCFACEOUTERBOUND(#1570,.T.);
#1572=IFCFACE((#1571));
#1573=IFCCARTESIANPOINT((43.182965720740825,22.499999983152385,5.1380537199123566));
#1574=IFCCARTESIANPOINT((43.297041730501149,23.685920168943152,6.5066874605697755));
#1575=IFCCARTESIANPOINT((43.382681673907157,22.499999995587203,7.5343534578741922));
#1576=IFCCARTESIANPOINT((43.382650482635242,18.501128203789996,7.534356057916769));
#1577=IFCCARTESIANPOINT((43.382619273812708,14.500000017856831,7.5343586600178751));
#1578=IFCCARTESIANPOINT((43.268543265196321,13.3140800417231,6.165724933066298));
#1579=IFCCARTESIANPOINT((43.182903320646346,14.500000001627024,5.1380589220559392));
#1580=IFCCARTESIANPOINT((43.182934511887858,18.498871795802959,5.1380563216483877));
#1581=IFCCARTESIANPOINT((41.701761093833689,22.500024445548515,5.2615348194796807));
#1582=IFCCARTESIANPOINT((41.701730165096244,18.534808444588926,5.2615373978637958));
#1583=IFCCARTESIANPOINT((41.701698693727636,14.500024463967769,5.2615400214845245));
#1584=IFCCARTESIANPOINT((41.782639508250583,13.323620841148678,6.2328224387899374));
#1585=IFCCARTESIANPOINT((41.901414646905565,14.500024480252977,7.6578397595851975));
#1586=IFCCARTESIANPOINT((41.901445575612527,18.46524047469417,7.6578371808360197));
#1587=IFCCARTESIANPOINT((41.901477046981157,22.500024457893012,7.6578345572152324));
#1588=IFCCARTESIANPOINT((41.820536233247097,23.676428294642687,6.6865521493552222));
#1589=IFCCARTESIANPOINT((42.783568621999457,22.500009889970954,7.5842987096870162));
#1590=IFCCARTESIANPOINT((41.761148663540389,23.08822637009559,5.974043484417451));
#1591=IFCCARTESIANPOINT((42.583852688544226,22.500009877626159,5.1879989703098115));
#1592=IFCCARTESIANPOINT((43.251686819266872,23.214416082584538,5.9625392040680447));
#1593=IFCCARTESIANPOINT((42.515901452661403,23.679792958821604,6.1900262439102542));
#1594=IFCCARTESIANPOINT((42.504232889991719,23.411010167315286,7.1835886855848798));
#1595=IFCCARTESIANPOINT((42.583791075265161,14.500009896032413,5.1880041067205722));
#1596=IFCCARTESIANPOINT((41.842018664262888,13.911822660766907,6.94533180038251));
#1597=IFCCARTESIANPOINT((42.78349029019158,14.500009912448323,7.5843052398434025));
#1598=IFCCARTESIANPOINT((43.313891483174167,13.78558401581426,6.709873708262041));
#1599=IFCCARTESIANPOINT((42.550598416256022,13.320232174377328,6.607358778183869));
#1600=IFCCARTESIANPOINT((42.374631830164411,13.589017150143254,5.6294385581040034));
#1601=IFCCARTESIANPOINT((41.901461311296849,20.482632466293602,7.6578358690256279));
#1602=IFCCARTESIANPOINT((43.382626464908789,16.500564110889499,7.5343580601622664));
#1603=IFCCARTESIANPOINT((41.701714429411936,16.517416454278347,5.2615387096741584));
#1604=IFCCARTESIANPOINT((43.182950116314345,20.499435889477681,5.1380550207803708));
#1605=IFCPOLYLOOP((#1577,#1579,#1580));
#1606=IFCFACEOUTERBOUND(#1605,.T.);
#1607=IFCFACE((#1606));
#1608=IFCPOLYLOOP((#1576,#1580,#1604,#1573,#1592,#1574,#1575));
#1609=IFCFACEOUTERBOUND(#1608,.T.);
#1610=IFCFACE((#1609));
#1611=IFCPOLYLOOP((#1579,#1577,#1598));
#1612=IFCFACEOUTERBOUND(#1611,.T.);
#1613=IFCFACE((#1612));
#1614=IFCPOLYLOOP((#1580,#1576,#1602));
#1615=IFCFACEOUTERBOUND(#1614,.T.);
#1616=IFCFACE((#1615));
#1617=IFCPOLYLOOP((#1586,#1601,#1587,#1588,#1590,#1581,#1582,#1603,#1583,#1585));
#1618=IFCFACEOUTERBOUND(#1617,.T.);
#1619=IFCFACE((#1618));
#1620=IFCPOLYLOOP((#1583,#1584,#1596));
#1621=IFCFACEOUTERBOUND(#1620,.T.);
#1622=IFCFACE((#1621));
#1623=IFCPOLYLOOP((#1593,#1590,#1588));
#1624=IFCFACEOUTERBOUND(#1623,.T.);
#1625=IFCFACE((#1624));
#1626=IFCPOLYLOOP((#1574,#1594,#1575));
#1627=IFCFACEOUTERBOUND(#1626,.T.);
#1628=IFCFACE((#1627));
#1629=IFCPOLYLOOP((#1591,#1581,#1590));
#1630=IFCFACEOUTERBOUND(#1629,.T.);
#1631=IFCFACE((#1630));
#1632=IFCPOLYLOOP((#1575,#1594,#1587,#1589));
#1633=IFCFACEOUTERBOUND(#1632,.T.);
#1634=IFCFACE((#1633));
#1635=IFCPOLYLOOP((#1593,#1588,#1594));
#1636=IFCFACEOUTERBOUND(#1635,.T.);
#1637=IFCFACE((#1636));
#1638=IFCPOLYLOOP((#1588,#1587,#1594));
#1639=IFCFACEOUTERBOUND(#1638,.T.);
#1640=IFCFACE((#1639));
#1641=IFCPOLYLOOP((#1574,#1592,#1593));
#1642=IFCFACEOUTERBOUND(#1641,.T.);
#1643=IFCFACE((#1642));
#1644=IFCPOLYLOOP((#1592,#1573,#1591));
#1645=IFCFACEOUTERBOUND(#1644,.T.);
#1646=IFCFACE((#1645));
#1647=IFCPOLYLOOP((#1590,#1593,#1591));
#1648=IFCFACEOUTERBOUND(#1647,.T.);
#1649=IFCFACE((#1648));
#1650=IFCPOLYLOOP((#1591,#1593,#1592));
#1651=IFCFACEOUTERBOUND(#1650,.T.);
#1652=IFCFACE((#1651));
#1653=IFCPOLYLOOP((#1593,#1594,#1574));
#1654=IFCFACEOUTERBOUND(#1653,.T.);
#1655=IFCFACE((#1654));
#1656=IFCPOLYLOOP((#1599,#1596,#1584));
#1657=IFCFACEOUTERBOUND(#1656,.T.);
#1658=IFCFACE((#1657));
#1659=IFCPOLYLOOP((#1578,#1600,#1579));
#1660=IFCFACEOUTERBOUND(#1659,.T.);
#1661=IFCFACE((#1660));
#1662=IFCPOLYLOOP((#1597,#1585,#1596));
#1663=IFCFACEOUTERBOUND(#1662,.T.);
#1664=IFCFACE((#1663));
#1665=IFCPOLYLOOP((#1579,#1600,#1583,#1595));
#1666=IFCFACEOUTERBOUND(#1665,.T.);
#1667=IFCFACE((#1666));
#1668=IFCPOLYLOOP((#1599,#1584,#1600));
#1669=IFCFACEOUTERBOUND(#1668,.T.);
#1670=IFCFACE((#1669));
#1671=IFCPOLYLOOP((#1584,#1583,#1600));
#1672=IFCFACEOUTERBOUND(#1671,.T.);
#1673=IFCFACE((#1672));
#1674=IFCPOLYLOOP((#1578,#1598,#1599));
#1675=IFCFACEOUTERBOUND(#1674,.T.);
#1676=IFCFACE((#1675));
#1677=IFCPOLYLOOP((#1598,#1577,#1597));
#1678=IFCFACEOUTERBOUND(#1677,.T.);
#1679=IFCFACE((#1678));
#1680=IFCPOLYLOOP((#1596,#1599,#1597));
#1681=IFCFACEOUTERBOUND(#1680,.T.);
#1682=IFCFACE((#1681));
#1683=IFCPOLYLOOP((#1597,#1599,#1598));
#1684=IFCFACEOUTERBOUND(#1683,.T.);
#1685=IFCFACE((#1684));
#1686=IFCPOLYLOOP((#1599,#1600,#1578));
#1687=IFCFACEOUTERBOUND(#1686,.T.);
#1688=IFCFACE((#1687));
#1689=IFCPOLYLOOP((#1575,#1589,#1587,#1601,#1586,#1585,#1602,#1576));
#1690=IFCFACEOUTERBOUND(#1689,.T.);
#1691=IFCFACE((#1690));
#1692=IFCPOLYLOOP((#1602,#1585,#1597));
#1693=IFCFACEOUTERBOUND(#1692,.T.);
#1694=IFCFACE((#1693));
#1695=IFCPOLYLOOP((#1579,#1595,#1583,#1603,#1582,#1581,#1591,#1573,#1604,#1580));
#1696=IFCFACEOUTERBOUND(#1695,.T.);
#1697=IFCFACE((#1696));
#1698=IFCPOLYLOOP((#1579,#1598,#1578));
#1699=IFCFACEOUTERBOUND(#1698,.T.);
#1700=IFCFACE((#1699));
#1701=IFCPOLYLOOP((#1580,#1602,#1577));
#1702=IFCFACEOUTERBOUND(#1701,.T.);
#1703=IFCFACE((#1702));
#1704=IFCPOLYLOOP((#1583,#1596,#1585));
#1705=IFCFACEOUTERBOUND(#1704,.T.);
#1706=IFCFACE((#1705));
#1707=IFCPOLYLOOP((#1602,#1597,#1577));
#1708=IFCFACEOUTERBOUND(#1707,.T.);
#1709=IFCFACE((#1708));
#1710=IFCCARTESIANPOINT((-16.289526745723499,13.927144515085951,6.2168141988802628));
#1711=IFCCARTESIANPOINT((-2.5895130327414879,13.927144515085951,6.2168141988802628));
#1712=IFCCARTESIANPOINT((-2.5895130327414879,20.127169210548942,6.2168141988802184));
#1713=IFCCARTESIANPOINT((-16.289526745723499,20.127169210548942,6.2168141988802184));
#1714=IFCPOLYLOOP((#1710,#1711,#1712,#1713));
#1715=IFCFACEOUTERBOUND(#1714,.T.);
#1716=IFCFACE((#1715));
#1717=IFCCARTESIANPOINT((-2.5895130327414879,13.927144515085928,3.0168134359408088));
#1718=IFCCARTESIANPOINT((-2.5895130327414879,20.127169210548917,3.0168134359407639));
#1719=IFCPOLYLOOP((#1711,#1717,#1718,#1712));
#1720=IFCFACEOUTERBOUND(#1719,.T.);
#1721=IFCFACE((#1720));
#1722=IFCCARTESIANPOINT((-16.289526745723499,13.927144515085917,3.0168134359408101));
#1723=IFCCARTESIANPOINT((-16.289526745723499,20.127169210548907,3.0168134359407652));
#1724=IFCPOLYLOOP((#1717,#1722,#1723,#1718));
#1725=IFCFACEOUTERBOUND(#1724,.T.);
#1726=IFCFACE((#1725));
#1727=IFCPOLYLOOP((#1722,#1710,#1713,#1723));
#1728=IFCFACEOUTERBOUND(#1727,.T.);
#1729=IFCFACE((#1728));
#1730=IFCPOLYLOOP((#1710,#1722,#1717,#1711));
#1731=IFCFACEOUTERBOUND(#1730,.T.);
#1732=IFCFACE((#1731));
#1733=IFCPOLYLOOP((#1713,#1712,#1718,#1723));
#1734=IFCFACEOUTERBOUND(#1733,.T.);
#1735=IFCFACE((#1734));
#1736=IFCCARTESIANPOINT((-6.3515143979640554,16.931156862761856,3.0168134359407892));
#1737=IFCCARTESIANPOINT((-6.3515143979640554,18.027156862761849,3.0168134359407812));
#1738=IFCCARTESIANPOINT((-7.4475143979639835,18.027156862761849,3.0168134359407812));
#1739=IFCCARTESIANPOINT((-7.4475143979640102,16.931156862761874,3.0168134359407892));
#1740=IFCPOLYLOOP((#1736,#1737,#1738,#1739));
#1741=IFCFACEOUTERBOUND(#1740,.T.);
#1742=IFCFACE((#1741));
#1743=IFCCARTESIANPOINT((-7.4475143979639773,16.931156862761824,2.4668137187197861));
#1744=IFCCARTESIANPOINT((-6.3515143979640563,16.931156862761824,2.4668137187197861));
#1745=IFCPOLYLOOP((#1736,#1739,#1743,#1744));
#1746=IFCFACEOUTERBOUND(#1745,.T.);
#1747=IFCFACE((#1746));
#1748=IFCCARTESIANPOINT((-7.4475143979639666,18.027156862761814,2.4668137187197754));
#1749=IFCCARTESIANPOINT((-6.3515143979640563,18.027156862761814,2.4668137187197754));
#1750=IFCPOLYLOOP((#1748,#1749,#1744,#1743));
#1751=IFCFACEOUTERBOUND(#1750,.T.);
#1752=IFCFACE((#1751));
#1753=IFCPOLYLOOP((#1737,#1736,#1744,#1749));
#1754=IFCFACEOUTERBOUND(#1753,.T.);
#1755=IFCFACE((#1754));
#1756=IFCPOLYLOOP((#1739,#1738,#1748,#1743));
#1757=IFCFACEOUTERBOUND(#1756,.T.);
#1758=IFCFACE((#1757));
#1759=IFCPOLYLOOP((#1738,#1737,#1749,#1748));
#1760=IFCFACEOUTERBOUND(#1759,.T.);
#1761=IFCFACE((#1760));
#1762=IFCCARTESIANPOINT((-40.800822310523571,-48.506928139839552,7.499999999998459));
#1763=IFCCARTESIANPOINT((0.,-48.506928139839552,7.499999999998459));
#1764=IFCCARTESIANPOINT((40.800822310548206,-48.506928139839552,7.499999999998459));
#1765=IFCCARTESIANPOINT((40.669960228136723,-51.080594316814405,7.4999999999984768));
#1766=IFCCARTESIANPOINT((39.457594777082136,-53.357259365254826,7.4999999999984936));
#1767=IFCCARTESIANPOINT((37.435307796448548,-54.884032625246377,7.4999999999985043));
#1768=IFCCARTESIANPOINT((34.957985595715435,-55.426629109028966,7.4999999999985087));
#1769=IFCCARTESIANPOINT((0.,-55.426629109028966,7.4999999999985087));
#1770=IFCCARTESIANPOINT((-34.957985595690808,-55.426629109028966,7.4999999999985087));
#1771=IFCCARTESIANPOINT((-37.433316530684976,-54.884948408130164,7.4999999999985043));
#1772=IFCCARTESIANPOINT((-39.45759477705753,-53.357259365254841,7.4999999999984936));
#1773=IFCCARTESIANPOINT((-40.669350605780259,-51.082795728227801,7.4999999999984768));
#1774=IFCCARTESIANPOINT((-40.837727337475513,-48.50692813983953,8.1942950115908424));
#1775=IFCCARTESIANPOINT((-40.874480936222028,-48.50692813983953,8.8885980557406263));
#1776=IFCCARTESIANPOINT((-39.180208217718537,-48.506928139839516,10.631803174119522));
#1777=IFCCARTESIANPOINT((-37.132780554190127,-48.506928139839509,11.947466487550439));
#1778=IFCCARTESIANPOINT((-34.838708985504759,-48.506928139839509,12.765191283329706));
#1779=IFCCARTESIANPOINT((-32.427734366648771,-48.506928139839495,13.041238181906971));
#1780=IFCCARTESIANPOINT((0.,-48.506928139839495,13.041238181906971));
#1781=IFCCARTESIANPOINT((32.427734366673249,-48.506928139839495,13.04123818190698));
#1782=IFCCARTESIANPOINT((34.838708985529045,-48.506928139839509,12.765191283329777));
#1783=IFCCARTESIANPOINT((37.132780554214563,-48.506928139839509,11.947466487550534));
#1784=IFCCARTESIANPOINT((39.180208217743072,-48.506928139839516,10.631803174119581));
#1785=IFCCARTESIANPOINT((40.874480936246663,-48.50692813983953,8.8885980557406121));
#1786=IFCCARTESIANPOINT((40.837727337500112,-48.50692813983953,8.1942950115908459));
#1787=IFCCARTESIANPOINT((32.427734366673391,-55.717033096621151,13.041238181907024));
#1788=IFCCARTESIANPOINT((0.,-52.111980618230319,13.041238181906996));
#1789=IFCCARTESIANPOINT((0.,-55.717033096621101,13.041238181907024));
#1790=IFCCARTESIANPOINT((33.701978436626021,-55.713029963161624,12.964853845186447));
#1791=IFCCARTESIANPOINT((34.957985595715442,-55.70107773092051,12.736791668070008));
#1792=IFCCARTESIANPOINT((36.492579736649333,-55.481120827369487,12.236356845289027));
#1793=IFCCARTESIANPOINT((37.858969490375578,-54.9104839690822,11.554956191758095));
#1794=IFCCARTESIANPOINT((39.007791645026387,-54.059013843973553,10.769845423301476));
#1795=IFCCARTESIANPOINT((39.918282006221702,-52.974282639998314,9.968613511268245));
#1796=IFCCARTESIANPOINT((40.574893922233926,-51.662579992583126,9.2594512494126846));
#1797=IFCCARTESIANPOINT((40.920853933959521,-50.131534393497162,8.827841832959864));
#1798=IFCCARTESIANPOINT((32.427734366673405,-51.453772640273968,13.041238181906992));
#1799=IFCCARTESIANPOINT((35.459145172670048,-52.087473516363652,12.601414933571553));
#1800=IFCCARTESIANPOINT((34.957985595715449,-55.563853419974791,10.118395834034263));
#1801=IFCCARTESIANPOINT((0.,-55.571831102825065,10.270619090952751));
#1802=IFCCARTESIANPOINT((-32.427734366648771,-55.717033096621144,13.041238181907024));
#1803=IFCCARTESIANPOINT((-40.920853933934893,-50.131534393497162,8.8278418329598765));
#1804=IFCCARTESIANPOINT((-40.574893922209299,-51.662579992583119,9.2594512494126953));
#1805=IFCCARTESIANPOINT((-39.918282006197067,-52.974282639998314,9.9686135112682557));
#1806=IFCCARTESIANPOINT((-39.00779164500176,-54.059013843973538,10.769845423301476));
#1807=IFCCARTESIANPOINT((-37.858969490350944,-54.910483969082193,11.554956191758098));
#1808=IFCCARTESIANPOINT((-36.492579736624727,-55.481120827369487,12.236356845289018));
#1809=IFCCARTESIANPOINT((-34.957985595690822,-55.70107773092051,12.736791668070008));
#1810=IFCCARTESIANPOINT((-33.701978436601401,-55.71302996316161,12.964853845186447));
#1811=IFCCARTESIANPOINT((-32.427734366648963,-51.453772640273975,13.041238181906991));
#1812=IFCCARTESIANPOINT((-35.459145172645449,-52.087473516363701,12.601414933571547));
#1813=IFCCARTESIANPOINT((-34.957985595690836,-55.563853419974791,10.118395834034263));
#1814=IFCPOLYLOOP((#1772,#1773,#1762,#1763,#1764,#1765,#1766,#1767,#1768,#1769,#1770,#1771));
#1815=IFCFACEOUTERBOUND(#1814,.T.);
#1816=IFCFACE((#1815));
#1817=IFCPOLYLOOP((#1782,#1783,#1784,#1785,#1786,#1764,#1763,#1762,#1774,#1775,#1776,#1777,#1778,#1779,#1780,#1781));
#1818=IFCFACEOUTERBOUND(#1817,.T.);
#1819=IFCFACE((#1818));
#1820=IFCPOLYLOOP((#1788,#1789,#1787));
#1821=IFCFACEOUTERBOUND(#1820,.T.);
#1822=IFCFACE((#1821));
#1823=IFCPOLYLOOP((#1788,#1787,#1798));
#1824=IFCFACEOUTERBOUND(#1823,.T.);
#1825=IFCFACE((#1824));
#1826=IFCPOLYLOOP((#1788,#1802,#1789));
#1827=IFCFACEOUTERBOUND(#1826,.T.);
#1828=IFCFACE((#1827));
#1829=IFCPOLYLOOP((#1788,#1798,#1781));
#1830=IFCFACEOUTERBOUND(#1829,.T.);
#1831=IFCFACE((#1830));
#1832=IFCPOLYLOOP((#1781,#1780,#1788));
#1833=IFCFACEOUTERBOUND(#1832,.T.);
#1834=IFCFACE((#1833));
#1835=IFCPOLYLOOP((#1780,#1779,#1788));
#1836=IFCFACEOUTERBOUND(#1835,.T.);
#1837=IFCFACE((#1836));
#1838=IFCPOLYLOOP((#1788,#1779,#1811));
#1839=IFCFACEOUTERBOUND(#1838,.T.);
#1840=IFCFACE((#1839));
#1841=IFCPOLYLOOP((#1788,#1811,#1802));
#1842=IFCFACEOUTERBOUND(#1841,.T.);
#1843=IFCFACE((#1842));
#1844=IFCPOLYLOOP((#1798,#1799,#1782));
#1845=IFCFACEOUTERBOUND(#1844,.T.);
#1846=IFCFACE((#1845));
#1847=IFCPOLYLOOP((#1798,#1787,#1790));
#1848=IFCFACEOUTERBOUND(#1847,.T.);
#1849=IFCFACE((#1848));
#1850=IFCPOLYLOOP((#1794,#1783,#1799));
#1851=IFCFACEOUTERBOUND(#1850,.T.);
#1852=IFCFACE((#1851));
#1853=IFCPOLYLOOP((#1791,#1792,#1799));
#1854=IFCFACEOUTERBOUND(#1853,.T.);
#1855=IFCFACE((#1854));
#1856=IFCPOLYLOOP((#1781,#1798,#1782));
#1857=IFCFACEOUTERBOUND(#1856,.T.);
#1858=IFCFACE((#1857));
#1859=IFCPOLYLOOP((#1798,#1790,#1799));
#1860=IFCFACEOUTERBOUND(#1859,.T.);
#1861=IFCFACE((#1860));
#1862=IFCPOLYLOOP((#1790,#1791,#1799));
#1863=IFCFACEOUTERBOUND(#1862,.T.);
#1864=IFCFACE((#1863));
#1865=IFCPOLYLOOP((#1799,#1792,#1793));
#1866=IFCFACEOUTERBOUND(#1865,.T.);
#1867=IFCFACE((#1866));
#1868=IFCPOLYLOOP((#1797,#1785,#1784));
#1869=IFCFACEOUTERBOUND(#1868,.T.);
#1870=IFCFACE((#1869));
#1871=IFCPOLYLOOP((#1782,#1799,#1783));
#1872=IFCFACEOUTERBOUND(#1871,.T.);
#1873=IFCFACE((#1872));
#1874=IFCPOLYLOOP((#1796,#1797,#1784));
#1875=IFCFACEOUTERBOUND(#1874,.T.);
#1876=IFCFACE((#1875));
#1877=IFCPOLYLOOP((#1799,#1793,#1794));
#1878=IFCFACEOUTERBOUND(#1877,.T.);
#1879=IFCFACE((#1878));
#1880=IFCPOLYLOOP((#1784,#1794,#1795));
#1881=IFCFACEOUTERBOUND(#1880,.T.);
#1882=IFCFACE((#1881));
#1883=IFCPOLYLOOP((#1784,#1795,#1796));
#1884=IFCFACEOUTERBOUND(#1883,.T.);
#1885=IFCFACE((#1884));
#1886=IFCPOLYLOOP((#1784,#1783,#1794));
#1887=IFCFACEOUTERBOUND(#1886,.T.);
#1888=IFCFACE((#1887));
#1889=IFCPOLYLOOP((#1797,#1764,#1786));
#1890=IFCFACEOUTERBOUND(#1889,.T.);
#1891=IFCFACE((#1890));
#1892=IFCPOLYLOOP((#1765,#1764,#1797));
#1893=IFCFACEOUTERBOUND(#1892,.T.);
#1894=IFCFACE((#1893));
#1895=IFCPOLYLOOP((#1786,#1785,#1797));
#1896=IFCFACEOUTERBOUND(#1895,.T.);
#1897=IFCFACE((#1896));
#1898=IFCPOLYLOOP((#1796,#1795,#1766));
#1899=IFCFACEOUTERBOUND(#1898,.T.);
#1900=IFCFACE((#1899));
#1901=IFCPOLYLOOP((#1796,#1765,#1797));
#1902=IFCFACEOUTERBOUND(#1901,.T.);
#1903=IFCFACE((#1902));
#1904=IFCPOLYLOOP((#1766,#1765,#1796));
#1905=IFCFACEOUTERBOUND(#1904,.T.);
#1906=IFCFACE((#1905));
#1907=IFCPOLYLOOP((#1767,#1766,#1794));
#1908=IFCFACEOUTERBOUND(#1907,.T.);
#1909=IFCFACE((#1908));
#1910=IFCPOLYLOOP((#1767,#1800,#1768));
#1911=IFCFACEOUTERBOUND(#1910,.T.);
#1912=IFCFACE((#1911));
#1913=IFCPOLYLOOP((#1800,#1767,#1793));
#1914=IFCFACEOUTERBOUND(#1913,.T.);
#1915=IFCFACE((#1914));
#1916=IFCPOLYLOOP((#1793,#1767,#1794));
#1917=IFCFACEOUTERBOUND(#1916,.T.);
#1918=IFCFACE((#1917));
#1919=IFCPOLYLOOP((#1800,#1793,#1792));
#1920=IFCFACEOUTERBOUND(#1919,.T.);
#1921=IFCFACE((#1920));
#1922=IFCPOLYLOOP((#1800,#1792,#1791));
#1923=IFCFACEOUTERBOUND(#1922,.T.);
#1924=IFCFACE((#1923));
#1925=IFCPOLYLOOP((#1795,#1794,#1766));
#1926=IFCFACEOUTERBOUND(#1925,.T.);
#1927=IFCFACE((#1926));
#1928=IFCPOLYLOOP((#1801,#1787,#1789));
#1929=IFCFACEOUTERBOUND(#1928,.T.);
#1930=IFCFACE((#1929));
#1931=IFCPOLYLOOP((#1787,#1801,#1769));
#1932=IFCFACEOUTERBOUND(#1931,.T.);
#1933=IFCFACE((#1932));
#1934=IFCPOLYLOOP((#1801,#1789,#1802));
#1935=IFCFACEOUTERBOUND(#1934,.T.);
#1936=IFCFACE((#1935));
#1937=IFCPOLYLOOP((#1802,#1769,#1801));
#1938=IFCFACEOUTERBOUND(#1937,.T.);
#1939=IFCFACE((#1938));
#1940=IFCPOLYLOOP((#1769,#1768,#1787));
#1941=IFCFACEOUTERBOUND(#1940,.T.);
#1942=IFCFACE((#1941));
#1943=IFCPOLYLOOP((#1770,#1769,#1802));
#1944=IFCFACEOUTERBOUND(#1943,.T.);
#1945=IFCFACE((#1944));
#1946=IFCPOLYLOOP((#1800,#1787,#1768));
#1947=IFCFACEOUTERBOUND(#1946,.T.);
#1948=IFCFACE((#1947));
#1949=IFCPOLYLOOP((#1790,#1787,#1800));
#1950=IFCFACEOUTERBOUND(#1949,.T.);
#1951=IFCFACE((#1950));
#1952=IFCPOLYLOOP((#1800,#1791,#1790));
#1953=IFCFACEOUTERBOUND(#1952,.T.);
#1954=IFCFACE((#1953));
#1955=IFCPOLYLOOP((#1813,#1770,#1802));
#1956=IFCFACEOUTERBOUND(#1955,.T.);
#1957=IFCFACE((#1956));
#1958=IFCPOLYLOOP((#1802,#1810,#1813));
#1959=IFCFACEOUTERBOUND(#1958,.T.);
#1960=IFCFACE((#1959));
#1961=IFCPOLYLOOP((#1813,#1810,#1809));
#1962=IFCFACEOUTERBOUND(#1961,.T.);
#1963=IFCFACE((#1962));
#1964=IFCPOLYLOOP((#1778,#1812,#1811));
#1965=IFCFACEOUTERBOUND(#1964,.T.);
#1966=IFCFACE((#1965));
#1967=IFCPOLYLOOP((#1810,#1802,#1811));
#1968=IFCFACEOUTERBOUND(#1967,.T.);
#1969=IFCFACE((#1968));
#1970=IFCPOLYLOOP((#1812,#1777,#1806));
#1971=IFCFACEOUTERBOUND(#1970,.T.);
#1972=IFCFACE((#1971));
#1973=IFCPOLYLOOP((#1812,#1808,#1809));
#1974=IFCFACEOUTERBOUND(#1973,.T.);
#1975=IFCFACE((#1974));
#1976=IFCPOLYLOOP((#1778,#1811,#1779));
#1977=IFCFACEOUTERBOUND(#1976,.T.);
#1978=IFCFACE((#1977));
#1979=IFCPOLYLOOP((#1812,#1810,#1811));
#1980=IFCFACEOUTERBOUND(#1979,.T.);
#1981=IFCFACE((#1980));
#1982=IFCPOLYLOOP((#1812,#1809,#1810));
#1983=IFCFACEOUTERBOUND(#1982,.T.);
#1984=IFCFACE((#1983));
#1985=IFCPOLYLOOP((#1807,#1808,#1812));
#1986=IFCFACEOUTERBOUND(#1985,.T.);
#1987=IFCFACE((#1986));
#1988=IFCPOLYLOOP((#1776,#1775,#1803));
#1989=IFCFACEOUTERBOUND(#1988,.T.);
#1990=IFCFACE((#1989));
#1991=IFCPOLYLOOP((#1777,#1812,#1778));
#1992=IFCFACEOUTERBOUND(#1991,.T.);
#1993=IFCFACE((#1992));
#1994=IFCPOLYLOOP((#1776,#1803,#1804));
#1995=IFCFACEOUTERBOUND(#1994,.T.);
#1996=IFCFACE((#1995));
#1997=IFCPOLYLOOP((#1806,#1807,#1812));
#1998=IFCFACEOUTERBOUND(#1997,.T.);
#1999=IFCFACE((#1998));
#2000=IFCPOLYLOOP((#1805,#1806,#1776));
#2001=IFCFACEOUTERBOUND(#2000,.T.);
#2002=IFCFACE((#2001));
#2003=IFCPOLYLOOP((#1804,#1805,#1776));
#2004=IFCFACEOUTERBOUND(#2003,.T.);
#2005=IFCFACE((#2004));
#2006=IFCPOLYLOOP((#1806,#1777,#1776));
#2007=IFCFACEOUTERBOUND(#2006,.T.);
#2008=IFCFACE((#2007));
#2009=IFCPOLYLOOP((#1774,#1762,#1803));
#2010=IFCFACEOUTERBOUND(#2009,.T.);
#2011=IFCFACE((#2010));
#2012=IFCPOLYLOOP((#1803,#1762,#1773));
#2013=IFCFACEOUTERBOUND(#2012,.T.);
#2014=IFCFACE((#2013));
#2015=IFCPOLYLOOP((#1803,#1775,#1774));
#2016=IFCFACEOUTERBOUND(#2015,.T.);
#2017=IFCFACE((#2016));
#2018=IFCPOLYLOOP((#1772,#1805,#1804));
#2019=IFCFACEOUTERBOUND(#2018,.T.);
#2020=IFCFACE((#2019));
#2021=IFCPOLYLOOP((#1803,#1773,#1804));
#2022=IFCFACEOUTERBOUND(#2021,.T.);
#2023=IFCFACE((#2022));
#2024=IFCPOLYLOOP((#1804,#1773,#1772));
#2025=IFCFACEOUTERBOUND(#2024,.T.);
#2026=IFCFACE((#2025));
#2027=IFCPOLYLOOP((#1806,#1772,#1771));
#2028=IFCFACEOUTERBOUND(#2027,.T.);
#2029=IFCFACE((#2028));
#2030=IFCPOLYLOOP((#1770,#1813,#1771));
#2031=IFCFACEOUTERBOUND(#2030,.T.);
#2032=IFCFACE((#2031));
#2033=IFCPOLYLOOP((#1807,#1771,#1813));
#2034=IFCFACEOUTERBOUND(#2033,.T.);
#2035=IFCFACE((#2034));
#2036=IFCPOLYLOOP((#1806,#1771,#1807));
#2037=IFCFACEOUTERBOUND(#2036,.T.);
#2038=IFCFACE((#2037));
#2039=IFCPOLYLOOP((#1808,#1807,#1813));
#2040=IFCFACEOUTERBOUND(#2039,.T.);
#2041=IFCFACE((#2040));
#2042=IFCPOLYLOOP((#1809,#1808,#1813));
#2043=IFCFACEOUTERBOUND(#2042,.T.);
#2044=IFCFACE((#2043));
#2045=IFCPOLYLOOP((#1772,#1806,#1805));
#2046=IFCFACEOUTERBOUND(#2045,.T.);
#2047=IFCFACE((#2046));
#2048=IFCCARTESIANPOINT((-40.800822310523571,48.506928139789089,7.4999999999977591));
#2049=IFCCARTESIANPOINT((-40.669350605780259,51.082795728177381,7.4999999999977405));
#2050=IFCCARTESIANPOINT((-39.457594777057508,53.357259365204385,7.4999999999977236));
#2051=IFCCARTESIANPOINT((-37.433316530684955,54.884948408079715,7.4999999999977129));
#2052=IFCCARTESIANPOINT((-34.957985595690815,55.426629108978517,7.4999999999977094));
#2053=IFCCARTESIANPOINT((0.,55.426629108978517,7.4999999999977094));
#2054=IFCCARTESIANPOINT((34.957985595715435,55.426629108978517,7.4999999999977094));
#2055=IFCCARTESIANPOINT((37.435307796448548,54.884032625195928,7.4999999999977129));
#2056=IFCCARTESIANPOINT((39.457594777082136,53.357259365204385,7.4999999999977236));
#2057=IFCCARTESIANPOINT((40.669960228136738,51.080594316763943,7.4999999999977405));
#2058=IFCCARTESIANPOINT((40.800822310548206,48.506928139789089,7.4999999999977591));
#2059=IFCCARTESIANPOINT((0.,48.506928139789089,7.4999999999977591));
#2060=IFCCARTESIANPOINT((40.837727337500112,48.506928139789061,8.1942950115901461));
#2061=IFCCARTESIANPOINT((40.874480936246663,48.506928139789061,8.8885980557399265));
#2062=IFCCARTESIANPOINT((39.180208217743086,48.506928139789075,10.631803174118888));
#2063=IFCCARTESIANPOINT((37.132780554214563,48.506928139789089,11.947466487549834));
#2064=IFCCARTESIANPOINT((34.838708985529053,48.506928139789089,12.765191283329075));
#2065=IFCCARTESIANPOINT((32.427734366673391,48.506928139789096,13.041238181906271));
#2066=IFCCARTESIANPOINT((0.,48.506928139789096,13.041238181906271));
#2067=IFCCARTESIANPOINT((-32.427734366649062,48.506928139789096,13.041238181906269));
#2068=IFCCARTESIANPOINT((-34.838708985504745,48.506928139789089,12.765191283328999));
#2069=IFCCARTESIANPOINT((-37.132780554190127,48.506928139789089,11.947466487549741));
#2070=IFCCARTESIANPOINT((-39.180208217718544,48.506928139789075,10.631803174118815));
#2071=IFCCARTESIANPOINT((-40.874480936222028,48.506928139789061,8.8885980557399265));
#2072=IFCCARTESIANPOINT((-40.837727337475499,48.506928139789061,8.1942950115901425));
#2073=IFCCARTESIANPOINT((32.427734366673391,55.717033096570752,13.041238181906222));
#2074=IFCCARTESIANPOINT((0.,55.717033096570717,13.041238181906222));
#2075=IFCCARTESIANPOINT((0.,52.111980618179928,13.041238181906248));
#2076=IFCCARTESIANPOINT((40.920853933959542,50.131534393446678,8.8278418329591251));
#2077=IFCCARTESIANPOINT((40.574893922233919,51.66257999253267,9.2594512494119545));
#2078=IFCCARTESIANPOINT((39.918282006221709,52.974282639947887,9.9686135112674759));
#2079=IFCCARTESIANPOINT((39.007791645026387,54.059013843923125,10.769845423300705));
#2080=IFCCARTESIANPOINT((37.858969490375578,54.910483969031773,11.554956191757306));
#2081=IFCCARTESIANPOINT((36.492579736649347,55.481120827319117,12.236356845288219));
#2082=IFCCARTESIANPOINT((34.957985595715442,55.701077730870125,12.736791668069209));
#2083=IFCCARTESIANPOINT((33.701978436626014,55.713029963111232,12.964853845185644));
#2084=IFCCARTESIANPOINT((32.427734366673313,51.453772640223569,13.04123818190625));
#2085=IFCCARTESIANPOINT((35.459145172670077,52.087473516313274,12.601414933570794));
#2086=IFCCARTESIANPOINT((34.957985595715449,55.563853419924371,10.118395834033461));
#2087=IFCCARTESIANPOINT((0.,55.571831102774652,10.270619090951946));
#2088=IFCCARTESIANPOINT((-32.427734366648771,55.717033096570752,13.041238181906222));
#2089=IFCCARTESIANPOINT((-33.701978436601401,55.713029963111218,12.964853845185644));
#2090=IFCCARTESIANPOINT((-34.957985595690822,55.701077730870125,12.736791668069209));
#2091=IFCCARTESIANPOINT((-36.49257973662472,55.481120827319067,12.236356845288221));
#2092=IFCCARTESIANPOINT((-37.858969490350944,54.910483969031816,11.554956191757311));
#2093=IFCCARTESIANPOINT((-39.00779164500176,54.059013843923097,10.769845423300696));
#2094=IFCCARTESIANPOINT((-39.918282006197089,52.974282639947852,9.9686135112674847));
#2095=IFCCARTESIANPOINT((-40.574893922209299,51.662579992532642,9.2594512494119385));
#2096=IFCCARTESIANPOINT((-40.920853933934914,50.131534393446678,8.8278418329591162));
#2097=IFCCARTESIANPOINT((-32.427734366648792,51.453772640223583,13.04123818190625));
#2098=IFCCARTESIANPOINT((-35.459145172645407,52.08747351631331,12.60141493357081));
#2099=IFCCARTESIANPOINT((-34.957985595690836,55.563853419924371,10.118395834033461));
#2100=IFCPOLYLOOP((#2059,#2048,#2049,#2050,#2051,#2052,#2053,#2054,#2055,#2056,#2057,#2058));
#2101=IFCFACEOUTERBOUND(#2100,.T.);
#2102=IFCFACE((#2101));
#2103=IFCPOLYLOOP((#2068,#2069,#2070,#2071,#2072,#2048,#2059,#2058,#2060,#2061,#2062,#2063,#2064,#2065,#2066,#2067));
#2104=IFCFACEOUTERBOUND(#2103,.T.);
#2105=IFCFACE((#2104));
#2106=IFCPOLYLOOP((#2075,#2066,#2065));
#2107=IFCFACEOUTERBOUND(#2106,.T.);
#2108=IFCFACE((#2107));
#2109=IFCPOLYLOOP((#2075,#2065,#2084));
#2110=IFCFACEOUTERBOUND(#2109,.T.);
#2111=IFCFACE((#2110));
#2112=IFCPOLYLOOP((#2075,#2067,#2066));
#2113=IFCFACEOUTERBOUND(#2112,.T.);
#2114=IFCFACE((#2113));
#2115=IFCPOLYLOOP((#2075,#2084,#2073));
#2116=IFCFACEOUTERBOUND(#2115,.T.);
#2117=IFCFACE((#2116));
#2118=IFCPOLYLOOP((#2073,#2074,#2075));
#2119=IFCFACEOUTERBOUND(#2118,.T.);
#2120=IFCFACE((#2119));
#2121=IFCPOLYLOOP((#2074,#2088,#2075));
#2122=IFCFACEOUTERBOUND(#2121,.T.);
#2123=IFCFACE((#2122));
#2124=IFCPOLYLOOP((#2075,#2088,#2097));
#2125=IFCFACEOUTERBOUND(#2124,.T.);
#2126=IFCFACE((#2125));
#2127=IFCPOLYLOOP((#2075,#2097,#2067));
#2128=IFCFACEOUTERBOUND(#2127,.T.);
#2129=IFCFACE((#2128));
#2130=IFCPOLYLOOP((#2064,#2085,#2084));
#2131=IFCFACEOUTERBOUND(#2130,.T.);
#2132=IFCFACE((#2131));
#2133=IFCPOLYLOOP((#2083,#2073,#2084));
#2134=IFCFACEOUTERBOUND(#2133,.T.);
#2135=IFCFACE((#2134));
#2136=IFCPOLYLOOP((#2085,#2063,#2079));
#2137=IFCFACEOUTERBOUND(#2136,.T.);
#2138=IFCFACE((#2137));
#2139=IFCPOLYLOOP((#2085,#2081,#2082));
#2140=IFCFACEOUTERBOUND(#2139,.T.);
#2141=IFCFACE((#2140));
#2142=IFCPOLYLOOP((#2064,#2084,#2065));
#2143=IFCFACEOUTERBOUND(#2142,.T.);
#2144=IFCFACE((#2143));
#2145=IFCPOLYLOOP((#2085,#2083,#2084));
#2146=IFCFACEOUTERBOUND(#2145,.T.);
#2147=IFCFACE((#2146));
#2148=IFCPOLYLOOP((#2085,#2082,#2083));
#2149=IFCFACEOUTERBOUND(#2148,.T.);
#2150=IFCFACE((#2149));
#2151=IFCPOLYLOOP((#2080,#2081,#2085));
#2152=IFCFACEOUTERBOUND(#2151,.T.);
#2153=IFCFACE((#2152));
#2154=IFCPOLYLOOP((#2062,#2061,#2076));
#2155=IFCFACEOUTERBOUND(#2154,.T.);
#2156=IFCFACE((#2155));
#2157=IFCPOLYLOOP((#2063,#2085,#2064));
#2158=IFCFACEOUTERBOUND(#2157,.T.);
#2159=IFCFACE((#2158));
#2160=IFCPOLYLOOP((#2062,#2076,#2077));
#2161=IFCFACEOUTERBOUND(#2160,.T.);
#2162=IFCFACE((#2161));
#2163=IFCPOLYLOOP((#2079,#2080,#2085));
#2164=IFCFACEOUTERBOUND(#2163,.T.);
#2165=IFCFACE((#2164));
#2166=IFCPOLYLOOP((#2078,#2079,#2062));
#2167=IFCFACEOUTERBOUND(#2166,.T.);
#2168=IFCFACE((#2167));
#2169=IFCPOLYLOOP((#2077,#2078,#2062));
#2170=IFCFACEOUTERBOUND(#2169,.T.);
#2171=IFCFACE((#2170));
#2172=IFCPOLYLOOP((#2079,#2063,#2062));
#2173=IFCFACEOUTERBOUND(#2172,.T.);
#2174=IFCFACE((#2173));
#2175=IFCPOLYLOOP((#2060,#2058,#2076));
#2176=IFCFACEOUTERBOUND(#2175,.T.);
#2177=IFCFACE((#2176));
#2178=IFCPOLYLOOP((#2076,#2058,#2057));
#2179=IFCFACEOUTERBOUND(#2178,.T.);
#2180=IFCFACE((#2179));
#2181=IFCPOLYLOOP((#2076,#2061,#2060));
#2182=IFCFACEOUTERBOUND(#2181,.T.);
#2183=IFCFACE((#2182));
#2184=IFCPOLYLOOP((#2056,#2078,#2077));
#2185=IFCFACEOUTERBOUND(#2184,.T.);
#2186=IFCFACE((#2185));
#2187=IFCPOLYLOOP((#2076,#2057,#2077));
#2188=IFCFACEOUTERBOUND(#2187,.T.);
#2189=IFCFACE((#2188));
#2190=IFCPOLYLOOP((#2077,#2057,#2056));
#2191=IFCFACEOUTERBOUND(#2190,.T.);
#2192=IFCFACE((#2191));
#2193=IFCPOLYLOOP((#2079,#2056,#2055));
#2194=IFCFACEOUTERBOUND(#2193,.T.);
#2195=IFCFACE((#2194));
#2196=IFCPOLYLOOP((#2054,#2086,#2055));
#2197=IFCFACEOUTERBOUND(#2196,.T.);
#2198=IFCFACE((#2197));
#2199=IFCPOLYLOOP((#2080,#2055,#2086));
#2200=IFCFACEOUTERBOUND(#2199,.T.);
#2201=IFCFACE((#2200));
#2202=IFCPOLYLOOP((#2079,#2055,#2080));
#2203=IFCFACEOUTERBOUND(#2202,.T.);
#2204=IFCFACE((#2203));
#2205=IFCPOLYLOOP((#2081,#2080,#2086));
#2206=IFCFACEOUTERBOUND(#2205,.T.);
#2207=IFCFACE((#2206));
#2208=IFCPOLYLOOP((#2082,#2081,#2086));
#2209=IFCFACEOUTERBOUND(#2208,.T.);
#2210=IFCFACE((#2209));
#2211=IFCPOLYLOOP((#2056,#2079,#2078));
#2212=IFCFACEOUTERBOUND(#2211,.T.);
#2213=IFCFACE((#2212));
#2214=IFCPOLYLOOP((#2073,#2053,#2087));
#2215=IFCFACEOUTERBOUND(#2214,.T.);
#2216=IFCFACE((#2215));
#2217=IFCPOLYLOOP((#2087,#2074,#2073));
#2218=IFCFACEOUTERBOUND(#2217,.T.);
#2219=IFCFACE((#2218));
#2220=IFCPOLYLOOP((#2073,#2054,#2053));
#2221=IFCFACEOUTERBOUND(#2220,.T.);
#2222=IFCFACE((#2221));
#2223=IFCPOLYLOOP((#2054,#2073,#2086));
#2224=IFCFACEOUTERBOUND(#2223,.T.);
#2225=IFCFACE((#2224));
#2226=IFCPOLYLOOP((#2073,#2083,#2086));
#2227=IFCFACEOUTERBOUND(#2226,.T.);
#2228=IFCFACE((#2227));
#2229=IFCPOLYLOOP((#2086,#2083,#2082));
#2230=IFCFACEOUTERBOUND(#2229,.T.);
#2231=IFCFACE((#2230));
#2232=IFCPOLYLOOP((#2088,#2087,#2053));
#2233=IFCFACEOUTERBOUND(#2232,.T.);
#2234=IFCFACE((#2233));
#2235=IFCPOLYLOOP((#2052,#2088,#2053));
#2236=IFCFACEOUTERBOUND(#2235,.T.);
#2237=IFCFACE((#2236));
#2238=IFCPOLYLOOP((#2088,#2052,#2099));
#2239=IFCFACEOUTERBOUND(#2238,.T.);
#2240=IFCFACE((#2239));
#2241=IFCPOLYLOOP((#2088,#2099,#2089));
#2242=IFCFACEOUTERBOUND(#2241,.T.);
#2243=IFCFACE((#2242));
#2244=IFCPOLYLOOP((#2099,#2090,#2089));
#2245=IFCFACEOUTERBOUND(#2244,.T.);
#2246=IFCFACE((#2245));
#2247=IFCPOLYLOOP((#2087,#2088,#2074));
#2248=IFCFACEOUTERBOUND(#2247,.T.);
#2249=IFCFACE((#2248));
#2250=IFCPOLYLOOP((#2097,#2098,#2068));
#2251=IFCFACEOUTERBOUND(#2250,.T.);
#2252=IFCFACE((#2251));
#2253=IFCPOLYLOOP((#2097,#2088,#2089));
#2254=IFCFACEOUTERBOUND(#2253,.T.);
#2255=IFCFACE((#2254));
#2256=IFCPOLYLOOP((#2093,#2069,#2098));
#2257=IFCFACEOUTERBOUND(#2256,.T.);
#2258=IFCFACE((#2257));
#2259=IFCPOLYLOOP((#2090,#2091,#2098));
#2260=IFCFACEOUTERBOUND(#2259,.T.);
#2261=IFCFACE((#2260));
#2262=IFCPOLYLOOP((#2067,#2097,#2068));
#2263=IFCFACEOUTERBOUND(#2262,.T.);
#2264=IFCFACE((#2263));
#2265=IFCPOLYLOOP((#2097,#2089,#2098));
#2266=IFCFACEOUTERBOUND(#2265,.T.);
#2267=IFCFACE((#2266));
#2268=IFCPOLYLOOP((#2089,#2090,#2098));
#2269=IFCFACEOUTERBOUND(#2268,.T.);
#2270=IFCFACE((#2269));
#2271=IFCPOLYLOOP((#2098,#2091,#2092));
#2272=IFCFACEOUTERBOUND(#2271,.T.);
#2273=IFCFACE((#2272));
#2274=IFCPOLYLOOP((#2096,#2071,#2070));
#2275=IFCFACEOUTERBOUND(#2274,.T.);
#2276=IFCFACE((#2275));
#2277=IFCPOLYLOOP((#2068,#2098,#2069));
#2278=IFCFACEOUTERBOUND(#2277,.T.);
#2279=IFCFACE((#2278));
#2280=IFCPOLYLOOP((#2095,#2096,#2070));
#2281=IFCFACEOUTERBOUND(#2280,.T.);
#2282=IFCFACE((#2281));
#2283=IFCPOLYLOOP((#2098,#2092,#2093));
#2284=IFCFACEOUTERBOUND(#2283,.T.);
#2285=IFCFACE((#2284));
#2286=IFCPOLYLOOP((#2070,#2093,#2094));
#2287=IFCFACEOUTERBOUND(#2286,.T.);
#2288=IFCFACE((#2287));
#2289=IFCPOLYLOOP((#2070,#2094,#2095));
#2290=IFCFACEOUTERBOUND(#2289,.T.);
#2291=IFCFACE((#2290));
#2292=IFCPOLYLOOP((#2070,#2069,#2093));
#2293=IFCFACEOUTERBOUND(#2292,.T.);
#2294=IFCFACE((#2293));
#2295=IFCPOLYLOOP((#2096,#2048,#2072));
#2296=IFCFACEOUTERBOUND(#2295,.T.);
#2297=IFCFACE((#2296));
#2298=IFCPOLYLOOP((#2049,#2048,#2096));
#2299=IFCFACEOUTERBOUND(#2298,.T.);
#2300=IFCFACE((#2299));
#2301=IFCPOLYLOOP((#2072,#2071,#2096));
#2302=IFCFACEOUTERBOUND(#2301,.T.);
#2303=IFCFACE((#2302));
#2304=IFCPOLYLOOP((#2095,#2094,#2050));
#2305=IFCFACEOUTERBOUND(#2304,.T.);
#2306=IFCFACE((#2305));
#2307=IFCPOLYLOOP((#2095,#2049,#2096));
#2308=IFCFACEOUTERBOUND(#2307,.T.);
#2309=IFCFACE((#2308));
#2310=IFCPOLYLOOP((#2050,#2049,#2095));
#2311=IFCFACEOUTERBOUND(#2310,.T.);
#2312=IFCFACE((#2311));
#2313=IFCPOLYLOOP((#2051,#2050,#2093));
#2314=IFCFACEOUTERBOUND(#2313,.T.);
#2315=IFCFACE((#2314));
#2316=IFCPOLYLOOP((#2051,#2099,#2052));
#2317=IFCFACEOUTERBOUND(#2316,.T.);
#2318=IFCFACE((#2317));
#2319=IFCPOLYLOOP((#2099,#2051,#2092));
#2320=IFCFACEOUTERBOUND(#2319,.T.);
#2321=IFCFACE((#2320));
#2322=IFCPOLYLOOP((#2092,#2051,#2093));
#2323=IFCFACEOUTERBOUND(#2322,.T.);
#2324=IFCFACE((#2323));
#2325=IFCPOLYLOOP((#2099,#2092,#2091));
#2326=IFCFACEOUTERBOUND(#2325,.T.);
#2327=IFCFACE((#2326));
#2328=IFCPOLYLOOP((#2099,#2091,#2090));
#2329=IFCFACEOUTERBOUND(#2328,.T.);
#2330=IFCFACE((#2329));
#2331=IFCPOLYLOOP((#2094,#2093,#2050));
#2332=IFCFACEOUTERBOUND(#2331,.T.);
#2333=IFCFACE((#2332));
#2334=IFCCARTESIANPOINT((-17.661610644547892,10.705060616184246,6.2168141988802876));
#2335=IFCCARTESIANPOINT((-17.661610644547892,23.349253109339806,6.216814198880197));
#2336=IFCCARTESIANPOINT((-1.2174181513795164,23.349253109339806,6.216814198880197));
#2337=IFCCARTESIANPOINT((-1.2174181513795164,10.705060616184246,6.2168141988802876));
#2338=IFCCARTESIANPOINT((13.962801154281543,1.805375252691765,7.0099999995165962));
#2339=IFCCARTESIANPOINT((13.962801154281545,-20.104815558591337,7.0099999995167552));
#2340=IFCCARTESIANPOINT((-23.14682996285066,-20.104815558591337,7.0099999995167552));
#2341=IFCCARTESIANPOINT((-23.14682996285066,1.805375252691765,7.0099999995165962));
#2342=IFCCARTESIANPOINT((-8.0683178334190746,1.805375252691765,7.0099999995165962));
#2343=IFCCARTESIANPOINT((-4.5920144042845576,-20.104815558591337,7.0099999995167552));
#2344=IFCCARTESIANPOINT((2.9472416254996205,-20.104815558591337,7.0099999995167552));
#2345=IFCCARTESIANPOINT((-13.869422183567613,-20.104815558591337,7.0099999995167552));
#2346=IFCCARTESIANPOINT((-9.2307182939260812,-20.104815558591337,7.0099999995167552));
#2347=IFCCARTESIANPOINT((2.9472416604312341,1.805375252691765,7.0099999995165962));
#2348=IFCCARTESIANPOINT((-2.5605380864939189,1.805375252691765,7.0099999995165962));
#2349=IFCCARTESIANPOINT((-15.607573898134868,1.805375252691765,7.0099999995165962));
#2350=IFCCARTESIANPOINT((-5.3144279599565003,1.805375252691765,7.0099999995165962));
#2351=IFCCARTESIANPOINT((8.455021407356389,1.805375252691765,7.0099999995165962));
#2352=IFCCARTESIANPOINT((8.4550213898905842,-20.104815558591337,7.0099999995167552));
#2353=IFCCARTESIANPOINT((11.208911272086061,-20.104815558591337,7.0099999995167552));
#2354=IFCCARTESIANPOINT((-18.508126073209134,-20.104815558591337,7.0099999995167552));
#2355=IFCCARTESIANPOINT((-19.377201930492767,1.805375252691765,7.0099999995165962));
#2356=IFCCARTESIANPOINT((-11.837945865776971,1.805375252691765,7.0099999995165962));
#2357=IFCCARTESIANPOINT((-0.822386389392469,-20.104815558591337,7.0099999995167552));
#2358=IFCCARTESIANPOINT((5.701131507695103,-20.104815558591337,7.0099999995167561));
#2359=IFCCARTESIANPOINT((5.7011315338938102,1.805375252691765,7.0099999995165962));
#2360=IFCCARTESIANPOINT((-6.9113663491053199,-20.104815558591337,7.0099999995167552));
#2361=IFCCARTESIANPOINT((11.208911280818963,1.805375252691765,7.0099999995165962));
#2362=IFCCARTESIANPOINT((-16.188774128388374,-20.104815558591337,7.0099999995167552));
#2363=IFCCARTESIANPOINT((-20.827478018029893,-20.104815558591337,7.0099999995167552));
#2364=IFCCARTESIANPOINT((-13.722759881955918,1.805375252691765,7.0099999995165962));
#2365=IFCCARTESIANPOINT((0.19335178696865743,1.805375252691765,7.0099999995165962));
#2366=IFCCARTESIANPOINT((-11.550070238746844,-20.104815558591337,7.0099999995167552));
#2367=IFCCARTESIANPOINT((-17.661610644547892,10.705060616184195,-0.));
#2368=IFCCARTESIANPOINT((-1.2174181513795164,10.705060616184195,-0.));
#2369=IFCCARTESIANPOINT((-1.217418151379515,23.349253109339763,-0.));
#2370=IFCCARTESIANPOINT((-17.661610644547892,23.349253109339763,-0.));
#2371=IFCCARTESIANPOINT((13.962801154281543,1.8053752526917142,-0.));
#2372=IFCCARTESIANPOINT((-23.14682996285066,1.8053752526917142,-0.));
#2373=IFCCARTESIANPOINT((5.0007124810181285,1.8053752526917142,-0.));
#2374=IFCCARTESIANPOINT((9.7120436229176832,1.8053752526917139,-0.));
#2375=IFCCARTESIANPOINT((-4.5920144042845585,1.805375252691765,7.0099999995165962));
#2376=IFCCARTESIANPOINT((-9.0730587409162649,1.8053752526917142,-0.));
#2377=IFCCARTESIANPOINT((4.6853933749984931,1.805375252691765,7.0099999995165962));
#2378=IFCCARTESIANPOINT((11.837422388599615,1.8053752526917142,-0.));
#2379=IFCCARTESIANPOINT((-23.14682996285066,-20.10481555859138,-0.));
#2380=IFCCARTESIANPOINT((13.962801154281545,-20.104815558591387,-0.));
#2381=IFCCARTESIANPOINT((40.392872992823577,55.726203889616137,7.3999999999977248));
#2382=IFCCARTESIANPOINT((34.997252645301302,60.59483611972977,6.3481422972968877));
#2383=IFCCARTESIANPOINT((27.849111242236038,62.34821108821891,5.9693293413868691));
#2384=IFCCARTESIANPOINT((13.652800787414959,62.41650254153479,5.9545751172426344));
#2385=IFCCARTESIANPOINT((-0.54615475307112071,62.422274113479858,5.9533281813230206));
#2386=IFCCARTESIANPOINT((-14.743710377883907,62.412915043421911,5.9553501886271816));
#2387=IFCCARTESIANPOINT((-28.937481071185218,62.407637951765672,5.9564902931255572));
#2388=IFCCARTESIANPOINT((-32.292702945315753,61.673207923243069,6.1151623484552022));
#2389=IFCCARTESIANPOINT((-35.42447455394062,60.285805870448371,6.4149076294703997));
#2390=IFCCARTESIANPOINT((-38.166417473417141,58.287742229895798,6.8465850557919694));
#2391=IFCCARTESIANPOINT((-40.396342365150893,55.726203889628188,7.3999999999951216));
#2392=IFCCARTESIANPOINT((-41.609056583526964,53.395125940938378,7.399999999997811));
#2393=IFCCARTESIANPOINT((-42.408096375502652,50.834272947271849,7.3999999999978305));
#2394=IFCCARTESIANPOINT((-42.231401132744608,30.126817606127222,7.3999999999979797));
#2395=IFCCARTESIANPOINT((-42.234725308389578,9.3801017430554197,7.3999999999981299));
#2396=IFCCARTESIANPOINT((-42.234632063146016,-11.368927197587983,7.3999999999982782));
#2397=IFCCARTESIANPOINT((-42.243007865113,-32.117274877296076,7.3999999999984292));
#2398=IFCCARTESIANPOINT((-41.783502233595534,-52.849749004130338,7.3999999999985775));
#2399=IFCCARTESIANPOINT((-38.861665444583572,-58.093022373258627,7.3999999999986157));
#2400=IFCCARTESIANPOINT((-33.715139312980462,-61.527182432362004,7.3999999999986406));
#2401=IFCCARTESIANPOINT((-27.969064713352008,-62.634737105543607,7.3999999999986485));
#2402=IFCCARTESIANPOINT((-8.9363305133748181,-62.72135028685291,7.3999999999986494));
#2403=IFCCARTESIANPOINT((10.099240442511002,-62.732412805754521,7.3999999999986494));
#2404=IFCCARTESIANPOINT((29.135297251499036,-62.721057124047462,7.3999999999986494));
#2405=IFCCARTESIANPOINT((32.825425632870903,-61.763789522880565,7.3999999999986423));
#2406=IFCCARTESIANPOINT((36.17745244427752,-60.038069863266848,7.3999999999986299));
#2407=IFCCARTESIANPOINT((38.978850091147791,-57.543364136591045,7.3999999999986121));
#2408=IFCCARTESIANPOINT((41.05115561709119,-54.422804407484527,7.3999999999985899));
#2409=IFCCARTESIANPOINT((42.32426702083648,-50.835160672296077,7.3999999999985642));
#2410=IFCCARTESIANPOINT((42.147345529465781,-30.127738156969279,7.3999999999984141));
#2411=IFCCARTESIANPOINT((42.150704179014333,-9.3806828522577597,7.3999999999982649));
#2412=IFCCARTESIANPOINT((42.150612166400606,11.368961415570528,7.3999999999981148));
#2413=IFCCARTESIANPOINT((42.158947062898427,32.117026226657401,7.3999999999979647));
#2414=IFCCARTESIANPOINT((41.699409131917285,52.849368702880064,7.3999999999978154));
#2415=IFCCARTESIANPOINT((41.08776984556259,54.307232495736407,7.3999999999978048));
#2416=IFCCARTESIANPOINT((5.0007124810181285,5.6978689799340625,-2.4430044955935371));
#2417=IFCCARTESIANPOINT((5.0007124810181285,24.309625824135743,-0.));
#2418=IFCCARTESIANPOINT((5.0007124810181285,20.400001329446606,-2.4430044955936432));
#2419=IFCCARTESIANPOINT((22.813287519006501,5.6978689799340625,-2.4430044955935371));
#2420=IFCCARTESIANPOINT((22.813287519006501,20.400001329446606,-2.4430044955936432));
#2421=IFCCARTESIANPOINT((22.813287519006501,24.309625824135743,-0.));
#2422=IFCCARTESIANPOINT((22.813287519006501,1.8053752526917142,-0.));
#2423=IFCCARTESIANPOINT((-27.783498113802455,-61.16386667233369,-0.));
#2424=IFCCARTESIANPOINT((-30.367473611186146,-60.874043097284456,-0.));
#2425=IFCCARTESIANPOINT((-32.836379495449194,-60.012572258630762,-0.));
#2426=IFCCARTESIANPOINT((-35.052547457650704,-58.62177106633154,-0.));
#2427=IFCCARTESIANPOINT((-36.90330318248364,-56.771515747011755,-0.));
#2428=IFCCARTESIANPOINT((-38.294397456470151,-54.556360426037017,-0.));
#2429=IFCCARTESIANPOINT((-39.15591736712517,-52.091112903026833,-0.));
#2430=IFCCARTESIANPOINT((-39.447364786114171,-49.500000000021942,-0.));
#2431=IFCCARTESIANPOINT((-39.447364786114171,-0.,-0.));
#2432=IFCCARTESIANPOINT((-39.447364786114157,49.499999999971429,-0.));
#2433=IFCCARTESIANPOINT((-39.157656084718347,52.083469798926572,-0.));
#2434=IFCCARTESIANPOINT((-38.296029308852582,54.552966813889761,-0.));
#2435=IFCCARTESIANPOINT((-36.904942715183481,56.769458998645213,-0.));
#2436=IFCCARTESIANPOINT((-35.054860509695423,58.619927338336346,-0.));
#2437=IFCCARTESIANPOINT((-32.839992122246002,60.010835080593566,-0.));
#2438=IFCCARTESIANPOINT((-30.374161125120288,60.8725217480822,-0.));
#2439=IFCCARTESIANPOINT((-27.783498113802455,61.163866672283099,-0.));
#2440=IFCCARTESIANPOINT((27.699469305233347,61.163866672283099,-0.));
#2441=IFCCARTESIANPOINT((30.28344594868981,60.874042836866977,-0.));
#2442=IFCCARTESIANPOINT((32.752349181521105,60.012572982132795,-0.));
#2443=IFCCARTESIANPOINT((34.96851802587495,58.621771562908151,-0.));
#2444=IFCCARTESIANPOINT((36.819274332177365,56.771515799307167,-0.));
#2445=IFCCARTESIANPOINT((38.210368373094973,54.556360997238983,-0.));
#2446=IFCCARTESIANPOINT((39.071888233033853,52.091114331695849,-0.));
#2447=IFCCARTESIANPOINT((39.363335977545042,49.499999999971429,-0.));
#2448=IFCCARTESIANPOINT((39.363335977545042,-0.,-0.));
#2449=IFCCARTESIANPOINT((39.363335977545042,-49.50000000002197,-0.));
#2450=IFCCARTESIANPOINT((39.073616372662769,-52.083517802931397,-0.));
#2451=IFCCARTESIANPOINT((38.211993888702374,-54.552980569094302,-0.));
#2452=IFCCARTESIANPOINT((36.820915210071945,-56.769457363165813,-0.));
#2453=IFCCARTESIANPOINT((34.970827720185966,-58.619930512408615,-0.));
#2454=IFCCARTESIANPOINT((32.755948193920126,-60.010842354359134,-0.));
#2455=IFCCARTESIANPOINT((30.290110444309562,-60.872526730612201,-0.));
#2456=IFCCARTESIANPOINT((27.699469305233347,-61.163866672333675,-0.));
#2457=IFCCARTESIANPOINT((-40.927730580808401,50.167136473621682,3.6999999999977402));
#2458=IFCCARTESIANPOINT((-0.042014404284557709,61.163866672283135,-0.));
#2459=IFCCARTESIANPOINT((-28.418486111422471,61.848261384703385,3.2776045953502111));
#2460=IFCCARTESIANPOINT((-13.912756259043508,61.163866672283135,-0.));
#2461=IFCCARTESIANPOINT((13.828727450474394,61.163866672283127,-0.));
#2462=IFCCARTESIANPOINT((27.782224947606327,61.818838031881732,3.3011847753167882));
#2463=IFCCARTESIANPOINT((-7.3104650241822675,61.792243108811277,2.976889962332625));
#2464=IFCCARTESIANPOINT((6.7360412278427599,61.792032477877676,2.9796627873337393));
#2465=IFCCARTESIANPOINT((-17.85395298396308,61.740664521648135,2.863977299508798));
#2466=IFCCARTESIANPOINT((17.300840981264813,61.763442016086721,2.8687757069471784));
#2467=IFCCARTESIANPOINT((-40.615433509854839,-51.174874502076165,3.6999999999984734));
#2468=IFCCARTESIANPOINT((-39.447364786114164,-24.750000000023636,-0.));
#2469=IFCCARTESIANPOINT((-39.447364786114164,24.749999999973081,-0.));
#2470=IFCCARTESIANPOINT((-40.930369256850703,-20.830125899996546,3.9579733620202537));
#2471=IFCCARTESIANPOINT((-40.904902478295263,-3.2272517235943634,3.8589350880850741));
#2472=IFCCARTESIANPOINT((-39.447364786114171,12.374999999973896,-0.));
#2473=IFCCARTESIANPOINT((-40.88419374022186,18.461842805738126,3.823198085246696));
#2474=IFCCARTESIANPOINT((-40.273972982372257,5.9558857552661806,2.190906715192106));
#2475=IFCCARTESIANPOINT((-41.227105461664479,7.5647562817019631,4.7208959305445699));
#2476=IFCCARTESIANPOINT((-42.234678685767797,-0.99441272726627228,7.3999999999982036));
#2477=IFCCARTESIANPOINT((-39.447364786114164,-35.506228444619403,-0.));
#2478=IFCCARTESIANPOINT((-40.388545650223527,-30.972516568081272,2.4911410341357163));
#2479=IFCCARTESIANPOINT((-39.447364786114164,35.506229699611218,-0.));
#2480=IFCCARTESIANPOINT((-40.434233333866281,30.254401840702489,2.6199288761768589));
#2481=IFCCARTESIANPOINT((-40.256877382846724,-41.740016611615737,2.1439606040734982));
#2482=IFCCARTESIANPOINT((-41.251973515272297,-39.079288469804766,5.0060945430257808));
#2483=IFCCARTESIANPOINT((-40.223627025434517,41.159042440584088,2.1808580884722195));
#2484=IFCCARTESIANPOINT((-41.295225579438117,38.315266223040176,5.0729964584395564));
#2485=IFCCARTESIANPOINT((-41.350363972122423,27.545089078664599,5.0924060982007893));
#2486=IFCCARTESIANPOINT((-42.23306322056709,19.75345967459134,7.3999999999980535));
#2487=IFCCARTESIANPOINT((-42.238819964129497,-21.743101037442027,7.3999999999983546));
#2488=IFCCARTESIANPOINT((-39.447364786114164,-12.375000000024459,-0.));
#2489=IFCCARTESIANPOINT((-40.110834060769548,-6.5129747513329974,1.7589053726475505));
#2490=IFCCARTESIANPOINT((-40.209168050885289,-16.072254922192435,2.0257678996833355));
#2491=IFCCARTESIANPOINT((-40.846434614040582,-12.006106848193017,3.7157466311173057));
#2492=IFCCARTESIANPOINT((-40.068365426989473,18.51899579439711,1.6523946390250206));
#2493=IFCCARTESIANPOINT((-41.144955681829423,-29.900878859154396,4.5004752515682522));
#2494=IFCCARTESIANPOINT((-42.013255049354257,-42.483511940713207,7.3999999999984611));
#2495=IFCCARTESIANPOINT((-42.319748754123637,40.480545276699573,7.399999999997859));
#2496=IFCCARTESIANPOINT((40.531372554731156,51.174684351425782,3.699999999997734));
#2497=IFCCARTESIANPOINT((39.363335977545042,24.74999999997307,-0.));
#2498=IFCCARTESIANPOINT((39.363335977545042,-24.750000000023643,-0.));
#2499=IFCCARTESIANPOINT((41.057570304447367,-50.263974239821295,4.2342539680140492));
#2500=IFCCARTESIANPOINT((40.846328298946851,20.830111117889459,3.9579433706007787));
#2501=IFCCARTESIANPOINT((40.820887988582861,3.2265567438757037,3.8589782336086627));
#2502=IFCCARTESIANPOINT((39.363335977545042,-12.375000000024478,-0.));
#2503=IFCCARTESIANPOINT((40.800157864336768,-18.461971439506002,3.8231647233002954));
#2504=IFCCARTESIANPOINT((40.189919189282442,-5.9559648642284806,2.1908414730995962));
#2505=IFCCARTESIANPOINT((41.142952617131563,-7.5652797256085877,4.7205625077050222));
#2506=IFCCARTESIANPOINT((42.150658172707473,0.99413928165640464,7.3999999999981894));
#2507=IFCCARTESIANPOINT((39.363335977545042,35.506491706231898,-0.));
#2508=IFCCARTESIANPOINT((40.304487728416625,30.972553788564532,2.4910900854688691));
#2509=IFCCARTESIANPOINT((40.485845805109463,-34.54547945323587,2.9698475907789859));
#2510=IFCCARTESIANPOINT((40.172865436648252,41.740174197293243,2.143918725482779));
#2511=IFCCARTESIANPOINT((41.16796850147157,39.07935887815183,5.0060761175431292));
#2512=IFCCARTESIANPOINT((42.261472733456884,-43.485528752263328,7.3999999999984531));
#2513=IFCCARTESIANPOINT((41.378166549296147,-36.69066138369444,5.4113443132020693));
#2514=IFCCARTESIANPOINT((41.333928026375951,-26.365390005862562,5.2792590963691497));
#2515=IFCCARTESIANPOINT((42.149024854240068,-19.754210504613493,7.3999999999983386));
#2516=IFCCARTESIANPOINT((42.154779614649513,21.742993821113998,7.399999999998041));
#2517=IFCCARTESIANPOINT((39.363335977545042,12.374999999973882,-0.));
#2518=IFCCARTESIANPOINT((40.026828880856797,6.512928078978713,1.758967137274893));
#2519=IFCCARTESIANPOINT((40.125129110659159,16.072471606419516,2.0257293400783496));
#2520=IFCCARTESIANPOINT((40.762386902700328,12.005739306189501,3.7156798739408985));
#2521=IFCCARTESIANPOINT((39.984338897742582,-18.51905101703678,1.6523944124340089));
#2522=IFCCARTESIANPOINT((39.363335977545042,-37.125000000022808,-0.));
#2523=IFCCARTESIANPOINT((40.21045252337435,-49.881986841419923,2.1171254404371407));
#2524=IFCCARTESIANPOINT((41.060869131294652,29.900984010720688,4.500379337137554));
#2525=IFCCARTESIANPOINT((41.929178097407863,42.483197464768786,7.3999999999978439));
#2526=IFCCARTESIANPOINT((39.978320635091819,54.310462609565413,4.7688523661875104));
#2527=IFCCARTESIANPOINT((37.695062840090948,58.16052004462891,6.874070807847203));
#2528=IFCCARTESIANPOINT((31.423181943768675,61.471523603974312,6.1587358193418815));
#2529=IFCCARTESIANPOINT((37.913557847884263,56.905351212106872,3.1578736288046496));
#2530=IFCCARTESIANPOINT((34.156567146102716,60.141594296504366,3.178593945215753));
#2531=IFCCARTESIANPOINT((39.566925787901454,53.054412420689708,2.3861139099239472));
#2532=IFCCARTESIANPOINT((36.206610678964189,58.999209357580632,3.9597777915022374));
#2533=IFCCARTESIANPOINT((29.636146593002366,61.90986734609659,6.0640325803643789));
#2534=IFCCARTESIANPOINT((31.176149771165353,61.314082540190022,3.0789746622268779));
#2535=IFCCARTESIANPOINT((-27.876281413577235,-61.899301888938652,3.6999999999985507));
#2536=IFCCARTESIANPOINT((-36.36956255581314,-58.915533630282631,3.9089419869635207));
#2537=IFCCARTESIANPOINT((-39.275852110336018,-54.85074679373551,3.2824438691662916));
#2538=IFCCARTESIANPOINT((-30.842102013166301,-62.080959768952795,7.3999999999985819));
#2539=IFCCARTESIANPOINT((-31.884127043258413,-61.216996911370671,3.4324319577506701));
#2540=IFCCARTESIANPOINT((-36.288402378782024,-59.810102402810308,7.399999999998629));
#2541=IFCCARTESIANPOINT((-38.005298950556082,-57.939641796763112,5.2451126841812119));
#2542=IFCCARTESIANPOINT((-37.97460884704401,-56.812408025953992,2.9213201987060069));
#2543=IFCCARTESIANPOINT((-40.322583839089553,-55.47138568869449,7.3999999999985526));
#2544=IFCCARTESIANPOINT((-34.371928760799655,-59.931299957025303,2.7126207628947268));
#2545=IFCCARTESIANPOINT((28.417383278366184,-61.942461898190565,3.6999999999985547));
#2546=IFCCARTESIANPOINT((-0.042014404284557709,-61.163866672333683,-0.));
#2547=IFCCARTESIANPOINT((17.488996136021186,-61.163866672333683,-0.));
#2548=IFCCARTESIANPOINT((-17.573024944590298,-61.16386667233369,-0.));
#2549=IFCCARTESIANPOINT((18.625778899941857,-62.727326423750249,7.3999999999986095));
#2550=IFCCARTESIANPOINT((13.852983056459038,-61.942719437022042,3.6986786237610652));
#2551=IFCCARTESIANPOINT((0.58145496456808754,-62.726881546303716,7.3999999999986485));
#2552=IFCCARTESIANPOINT((-4.4348875417011531,-61.943520440580535,3.6986547052141812));
#2553=IFCCARTESIANPOINT((-15.916883182981788,-62.019310322098079,4.0756705045962951));
#2554=IFCCARTESIANPOINT((38.429979693143686,-56.385667876204018,3.5939901110573365));
#2555=IFCPOLYLOOP((#2337,#2334,#2335,#2336));
#2556=IFCFACEOUTERBOUND(#2555,.T.);
#2557=IFCFACE((#2556));
#2558=IFCPOLYLOOP((#2357,#2343,#2360,#2346,#2366,#2345,#2362,#2354,#2363,#2340,#2341,#2355,#2349,#2364,#2356,#2342,#2350,#2375,#2348,#2365,#2347,#2377,#2359,#2351,#2361,#2338,#2339,#2353,#2352,#2358,#2344));
#2559=IFCFACEOUTERBOUND(#2558,.T.);
#2560=IFCFACE((#2559));
#2561=IFCPOLYLOOP((#2367,#2334,#2337,#2368));
#2562=IFCFACEOUTERBOUND(#2561,.T.);
#2563=IFCFACE((#2562));
#2564=IFCPOLYLOOP((#2369,#2368,#2337,#2336));
#2565=IFCFACEOUTERBOUND(#2564,.T.);
#2566=IFCFACE((#2565));
#2567=IFCPOLYLOOP((#2369,#2336,#2335,#2370));
#2568=IFCFACEOUTERBOUND(#2567,.T.);
#2569=IFCFACE((#2568));
#2570=IFCPOLYLOOP((#2335,#2334,#2367,#2370));
#2571=IFCFACEOUTERBOUND(#2570,.T.);
#2572=IFCFACE((#2571));
#2573=IFCPOLYLOOP((#2374,#2378,#2371,#2338,#2361,#2351,#2359,#2377,#2347,#2365,#2348,#2375,#2350,#2342,#2356,#2364,#2349,#2355,#2341,#2372,#2376,#2373));
#2574=IFCFACEOUTERBOUND(#2573,.T.);
#2575=IFCFACE((#2574));
#2576=IFCPOLYLOOP((#2340,#2379,#2372,#2341));
#2577=IFCFACEOUTERBOUND(#2576,.T.);
#2578=IFCFACE((#2577));
#2579=IFCPOLYLOOP((#2379,#2340,#2363,#2354,#2362,#2345,#2366,#2346,#2360,#2343,#2357,#2344,#2358,#2352,#2353,#2339,#2380));
#2580=IFCFACEOUTERBOUND(#2579,.T.);
#2581=IFCFACE((#2580));
#2582=IFCPOLYLOOP((#2380,#2339,#2338,#2371));
#2583=IFCFACEOUTERBOUND(#2582,.T.);
#2584=IFCFACE((#2583));
#2585=IFCPOLYLOOP((#2391,#2381,#2528,#2533,#2383,#2384,#2385,#2386,#2387,#2388,#2389,#2390));
#2586=IFCFACEOUTERBOUND(#2585,.T.);
#2587=IFCFACE((#2586));
#2588=IFCPOLYLOOP((#2528,#2381,#2527));
#2589=IFCFACEOUTERBOUND(#2588,.T.);
#2590=IFCFACE((#2589));
#2591=IFCPOLYLOOP((#2401,#2402,#2551,#2403,#2549,#2404,#2405,#2406,#2407,#2408,#2409,#2512,#2410,#2515,#2411,#2506,#2412,#2516,#2413,#2525,#2414,#2415,#2381,#2391,#2392,#2393,#2495,#2394,#2486,#2395,#2476,#2396,#2487,#2397,#2494,#2398,#2543,#2399,#2540,#2400,#2538));
#2592=IFCFACEOUTERBOUND(#2591,.T.);
#2593=IFCFACE((#2592));
#2594=IFCPOLYLOOP((#2418,#2416,#2373,#2417));
#2595=IFCFACEOUTERBOUND(#2594,.T.);
#2596=IFCFACE((#2595));
#2597=IFCPOLYLOOP((#2422,#2419,#2420,#2421));
#2598=IFCFACEOUTERBOUND(#2597,.T.);
#2599=IFCFACE((#2598));
#2600=IFCPOLYLOOP((#2419,#2416,#2418,#2420));
#2601=IFCFACEOUTERBOUND(#2600,.T.);
#2602=IFCFACE((#2601));
#2603=IFCPOLYLOOP((#2421,#2420,#2418,#2417));
#2604=IFCFACEOUTERBOUND(#2603,.T.);
#2605=IFCFACE((#2604));
#2606=IFCPOLYLOOP((#2374,#2373,#2416,#2419,#2422,#2371,#2378));
#2607=IFCFACEOUTERBOUND(#2606,.T.);
#2608=IFCFACE((#2607));
#2609=IFCPOLYLOOP((#2438,#2435,#2436));
#2610=IFCFACEOUTERBOUND(#2609,.T.);
#2611=IFCFACE((#2610));
#2612=IFCPOLYLOOP((#2436,#2437,#2438));
#2613=IFCFACEOUTERBOUND(#2612,.T.);
#2614=IFCFACE((#2613));
#2615=IFCPOLYLOOP((#2439,#2435,#2438));
#2616=IFCFACEOUTERBOUND(#2615,.T.);
#2617=IFCFACE((#2616));
#2618=IFCPOLYLOOP((#2439,#2434,#2435));
#2619=IFCFACEOUTERBOUND(#2618,.T.);
#2620=IFCFACE((#2619));
#2621=IFCPOLYLOOP((#2433,#2434,#2439));
#2622=IFCFACEOUTERBOUND(#2621,.T.);
#2623=IFCFACE((#2622));
#2624=IFCPOLYLOOP((#2439,#2432,#2433));
#2625=IFCFACEOUTERBOUND(#2624,.T.);
#2626=IFCFACE((#2625));
#2627=IFCPOLYLOOP((#2439,#2370,#2432));
#2628=IFCFACEOUTERBOUND(#2627,.T.);
#2629=IFCFACE((#2628));
#2630=IFCPOLYLOOP((#2369,#2370,#2439));
#2631=IFCFACEOUTERBOUND(#2630,.T.);
#2632=IFCFACE((#2631));
#2633=IFCPOLYLOOP((#2417,#2369,#2439));
#2634=IFCFACEOUTERBOUND(#2633,.T.);
#2635=IFCFACE((#2634));
#2636=IFCPOLYLOOP((#2417,#2439,#2460));
#2637=IFCFACEOUTERBOUND(#2636,.T.);
#2638=IFCFACE((#2637));
#2639=IFCPOLYLOOP((#2417,#2460,#2458));
#2640=IFCFACEOUTERBOUND(#2639,.T.);
#2641=IFCFACE((#2640));
#2642=IFCPOLYLOOP((#2417,#2458,#2461));
#2643=IFCFACEOUTERBOUND(#2642,.T.);
#2644=IFCFACE((#2643));
#2645=IFCPOLYLOOP((#2417,#2461,#2440));
#2646=IFCFACEOUTERBOUND(#2645,.T.);
#2647=IFCFACE((#2646));
#2648=IFCPOLYLOOP((#2417,#2440,#2421));
#2649=IFCFACEOUTERBOUND(#2648,.T.);
#2650=IFCFACE((#2649));
#2651=IFCPOLYLOOP((#2447,#2421,#2440));
#2652=IFCFACEOUTERBOUND(#2651,.T.);
#2653=IFCFACE((#2652));
#2654=IFCPOLYLOOP((#2446,#2447,#2440));
#2655=IFCFACEOUTERBOUND(#2654,.T.);
#2656=IFCFACE((#2655));
#2657=IFCPOLYLOOP((#2445,#2446,#2440));
#2658=IFCFACEOUTERBOUND(#2657,.T.);
#2659=IFCFACE((#2658));
#2660=IFCPOLYLOOP((#2445,#2440,#2444));
#2661=IFCFACEOUTERBOUND(#2660,.T.);
#2662=IFCFACE((#2661));
#2663=IFCPOLYLOOP((#2440,#2441,#2444));
#2664=IFCFACEOUTERBOUND(#2663,.T.);
#2665=IFCFACE((#2664));
#2666=IFCPOLYLOOP((#2443,#2444,#2441));
#2667=IFCFACEOUTERBOUND(#2666,.T.);
#2668=IFCFACE((#2667));
#2669=IFCPOLYLOOP((#2442,#2443,#2441));
#2670=IFCFACEOUTERBOUND(#2669,.T.);
#2671=IFCFACE((#2670));
#2672=IFCPOLYLOOP((#2421,#2447,#2507));
#2673=IFCFACEOUTERBOUND(#2672,.T.);
#2674=IFCFACE((#2673));
#2675=IFCPOLYLOOP((#2421,#2507,#2497));
#2676=IFCFACEOUTERBOUND(#2675,.T.);
#2677=IFCFACE((#2676));
#2678=IFCPOLYLOOP((#2421,#2497,#2517));
#2679=IFCFACEOUTERBOUND(#2678,.T.);
#2680=IFCFACE((#2679));
#2681=IFCPOLYLOOP((#2421,#2517,#2448));
#2682=IFCFACEOUTERBOUND(#2681,.T.);
#2683=IFCFACE((#2682));
#2684=IFCPOLYLOOP((#2421,#2448,#2422));
#2685=IFCFACEOUTERBOUND(#2684,.T.);
#2686=IFCFACE((#2685));
#2687=IFCPOLYLOOP((#2448,#2380,#2422));
#2688=IFCFACEOUTERBOUND(#2687,.T.);
#2689=IFCFACE((#2688));
#2690=IFCPOLYLOOP((#2380,#2448,#2502));
#2691=IFCFACEOUTERBOUND(#2690,.T.);
#2692=IFCFACE((#2691));
#2693=IFCPOLYLOOP((#2380,#2502,#2498));
#2694=IFCFACEOUTERBOUND(#2693,.T.);
#2695=IFCFACE((#2694));
#2696=IFCPOLYLOOP((#2380,#2498,#2522));
#2697=IFCFACEOUTERBOUND(#2696,.T.);
#2698=IFCFACE((#2697));
#2699=IFCPOLYLOOP((#2380,#2522,#2449));
#2700=IFCFACEOUTERBOUND(#2699,.T.);
#2701=IFCFACE((#2700));
#2702=IFCPOLYLOOP((#2456,#2380,#2449));
#2703=IFCFACEOUTERBOUND(#2702,.T.);
#2704=IFCFACE((#2703));
#2705=IFCPOLYLOOP((#2456,#2449,#2450));
#2706=IFCFACEOUTERBOUND(#2705,.T.);
#2707=IFCFACE((#2706));
#2708=IFCPOLYLOOP((#2450,#2451,#2456));
#2709=IFCFACEOUTERBOUND(#2708,.T.);
#2710=IFCFACE((#2709));
#2711=IFCPOLYLOOP((#2451,#2452,#2456));
#2712=IFCFACEOUTERBOUND(#2711,.T.);
#2713=IFCFACE((#2712));
#2714=IFCPOLYLOOP((#2456,#2452,#2455));
#2715=IFCFACEOUTERBOUND(#2714,.T.);
#2716=IFCFACE((#2715));
#2717=IFCPOLYLOOP((#2453,#2455,#2452));
#2718=IFCFACEOUTERBOUND(#2717,.T.);
#2719=IFCFACE((#2718));
#2720=IFCPOLYLOOP((#2454,#2455,#2453));
#2721=IFCFACEOUTERBOUND(#2720,.T.);
#2722=IFCFACE((#2721));
#2723=IFCPOLYLOOP((#2380,#2456,#2547));
#2724=IFCFACEOUTERBOUND(#2723,.T.);
#2725=IFCFACE((#2724));
#2726=IFCPOLYLOOP((#2380,#2547,#2546));
#2727=IFCFACEOUTERBOUND(#2726,.T.);
#2728=IFCFACE((#2727));
#2729=IFCPOLYLOOP((#2380,#2546,#2548));
#2730=IFCFACEOUTERBOUND(#2729,.T.);
#2731=IFCFACE((#2730));
#2732=IFCPOLYLOOP((#2380,#2548,#2423));
#2733=IFCFACEOUTERBOUND(#2732,.T.);
#2734=IFCFACE((#2733));
#2735=IFCPOLYLOOP((#2423,#2379,#2380));
#2736=IFCFACEOUTERBOUND(#2735,.T.);
#2737=IFCFACE((#2736));
#2738=IFCPOLYLOOP((#2379,#2423,#2430));
#2739=IFCFACEOUTERBOUND(#2738,.T.);
#2740=IFCFACE((#2739));
#2741=IFCPOLYLOOP((#2430,#2423,#2429));
#2742=IFCFACEOUTERBOUND(#2741,.T.);
#2743=IFCFACE((#2742));
#2744=IFCPOLYLOOP((#2429,#2423,#2428));
#2745=IFCFACEOUTERBOUND(#2744,.T.);
#2746=IFCFACE((#2745));
#2747=IFCPOLYLOOP((#2427,#2428,#2423));
#2748=IFCFACEOUTERBOUND(#2747,.T.);
#2749=IFCFACE((#2748));
#2750=IFCPOLYLOOP((#2427,#2423,#2424));
#2751=IFCFACEOUTERBOUND(#2750,.T.);
#2752=IFCFACE((#2751));
#2753=IFCPOLYLOOP((#2426,#2427,#2424));
#2754=IFCFACEOUTERBOUND(#2753,.T.);
#2755=IFCFACE((#2754));
#2756=IFCPOLYLOOP((#2425,#2426,#2424));
#2757=IFCFACEOUTERBOUND(#2756,.T.);
#2758=IFCFACE((#2757));
#2759=IFCPOLYLOOP((#2379,#2430,#2477));
#2760=IFCFACEOUTERBOUND(#2759,.T.);
#2761=IFCFACE((#2760));
#2762=IFCPOLYLOOP((#2379,#2477,#2468));
#2763=IFCFACEOUTERBOUND(#2762,.T.);
#2764=IFCFACE((#2763));
#2765=IFCPOLYLOOP((#2379,#2468,#2488));
#2766=IFCFACEOUTERBOUND(#2765,.T.);
#2767=IFCFACE((#2766));
#2768=IFCPOLYLOOP((#2379,#2488,#2431));
#2769=IFCFACEOUTERBOUND(#2768,.T.);
#2770=IFCFACE((#2769));
#2771=IFCPOLYLOOP((#2367,#2431,#2370));
#2772=IFCFACEOUTERBOUND(#2771,.T.);
#2773=IFCFACE((#2772));
#2774=IFCPOLYLOOP((#2372,#2431,#2367));
#2775=IFCFACEOUTERBOUND(#2774,.T.);
#2776=IFCFACE((#2775));
#2777=IFCPOLYLOOP((#2370,#2431,#2472));
#2778=IFCFACEOUTERBOUND(#2777,.T.);
#2779=IFCFACE((#2778));
#2780=IFCPOLYLOOP((#2431,#2372,#2379));
#2781=IFCFACEOUTERBOUND(#2780,.T.);
#2782=IFCFACE((#2781));
#2783=IFCPOLYLOOP((#2370,#2472,#2469));
#2784=IFCFACEOUTERBOUND(#2783,.T.);
#2785=IFCFACE((#2784));
#2786=IFCPOLYLOOP((#2370,#2469,#2479));
#2787=IFCFACEOUTERBOUND(#2786,.T.);
#2788=IFCFACE((#2787));
#2789=IFCPOLYLOOP((#2370,#2479,#2432));
#2790=IFCFACEOUTERBOUND(#2789,.T.);
#2791=IFCFACE((#2790));
#2792=IFCPOLYLOOP((#2380,#2371,#2422));
#2793=IFCFACEOUTERBOUND(#2792,.T.);
#2794=IFCFACE((#2793));
#2795=IFCPOLYLOOP((#2368,#2369,#2417));
#2796=IFCFACEOUTERBOUND(#2795,.T.);
#2797=IFCFACE((#2796));
#2798=IFCPOLYLOOP((#2417,#2373,#2368));
#2799=IFCFACEOUTERBOUND(#2798,.T.);
#2800=IFCFACE((#2799));
#2801=IFCPOLYLOOP((#2368,#2373,#2376));
#2802=IFCFACEOUTERBOUND(#2801,.T.);
#2803=IFCFACE((#2802));
#2804=IFCPOLYLOOP((#2368,#2376,#2372));
#2805=IFCFACEOUTERBOUND(#2804,.T.);
#2806=IFCFACE((#2805));
#2807=IFCPOLYLOOP((#2368,#2372,#2367));
#2808=IFCFACEOUTERBOUND(#2807,.T.);
#2809=IFCFACE((#2808));
#2810=IFCPOLYLOOP((#2457,#2433,#2432));
#2811=IFCFACEOUTERBOUND(#2810,.T.);
#2812=IFCFACE((#2811));
#2813=IFCPOLYLOOP((#2434,#2457,#2390));
#2814=IFCFACEOUTERBOUND(#2813,.T.);
#2815=IFCFACE((#2814));
#2816=IFCPOLYLOOP((#2457,#2434,#2433));
#2817=IFCFACEOUTERBOUND(#2816,.T.);
#2818=IFCFACE((#2817));
#2819=IFCPOLYLOOP((#2392,#2457,#2393));
#2820=IFCFACEOUTERBOUND(#2819,.T.);
#2821=IFCFACE((#2820));
#2822=IFCPOLYLOOP((#2457,#2392,#2391));
#2823=IFCFACEOUTERBOUND(#2822,.T.);
#2824=IFCFACE((#2823));
#2825=IFCPOLYLOOP((#2390,#2457,#2391));
#2826=IFCFACEOUTERBOUND(#2825,.T.);
#2827=IFCFACE((#2826));
#2828=IFCPOLYLOOP((#2390,#2435,#2434));
#2829=IFCFACEOUTERBOUND(#2828,.T.);
#2830=IFCFACE((#2829));
#2831=IFCPOLYLOOP((#2437,#2436,#2389));
#2832=IFCFACEOUTERBOUND(#2831,.T.);
#2833=IFCFACE((#2832));
#2834=IFCPOLYLOOP((#2388,#2438,#2437));
#2835=IFCFACEOUTERBOUND(#2834,.T.);
#2836=IFCFACE((#2835));
#2837=IFCPOLYLOOP((#2438,#2387,#2459,#2439));
#2838=IFCFACEOUTERBOUND(#2837,.T.);
#2839=IFCFACE((#2838));
#2840=IFCPOLYLOOP((#2389,#2435,#2390));
#2841=IFCFACEOUTERBOUND(#2840,.T.);
#2842=IFCFACE((#2841));
#2843=IFCPOLYLOOP((#2438,#2388,#2387));
#2844=IFCFACEOUTERBOUND(#2843,.T.);
#2845=IFCFACE((#2844));
#2846=IFCPOLYLOOP((#2388,#2437,#2389));
#2847=IFCFACEOUTERBOUND(#2846,.T.);
#2848=IFCFACE((#2847));
#2849=IFCPOLYLOOP((#2436,#2435,#2389));
#2850=IFCFACEOUTERBOUND(#2849,.T.);
#2851=IFCFACE((#2850));
#2852=IFCPOLYLOOP((#2460,#2439,#2465));
#2853=IFCFACEOUTERBOUND(#2852,.T.);
#2854=IFCFACE((#2853));
#2855=IFCPOLYLOOP((#2465,#2387,#2386));
#2856=IFCFACEOUTERBOUND(#2855,.T.);
#2857=IFCFACE((#2856));
#2858=IFCPOLYLOOP((#2463,#2464,#2458));
#2859=IFCFACEOUTERBOUND(#2858,.T.);
#2860=IFCFACE((#2859));
#2861=IFCPOLYLOOP((#2465,#2463,#2460));
#2862=IFCFACEOUTERBOUND(#2861,.T.);
#2863=IFCFACE((#2862));
#2864=IFCPOLYLOOP((#2384,#2464,#2385));
#2865=IFCFACEOUTERBOUND(#2864,.T.);
#2866=IFCFACE((#2865));
#2867=IFCPOLYLOOP((#2461,#2458,#2464));
#2868=IFCFACEOUTERBOUND(#2867,.T.);
#2869=IFCFACE((#2868));
#2870=IFCPOLYLOOP((#2460,#2463,#2458));
#2871=IFCFACEOUTERBOUND(#2870,.T.);
#2872=IFCFACE((#2871));
#2873=IFCPOLYLOOP((#2463,#2386,#2385));
#2874=IFCFACEOUTERBOUND(#2873,.T.);
#2875=IFCFACE((#2874));
#2876=IFCPOLYLOOP((#2466,#2464,#2384));
#2877=IFCFACEOUTERBOUND(#2876,.T.);
#2878=IFCFACE((#2877));
#2879=IFCPOLYLOOP((#2465,#2439,#2459,#2387));
#2880=IFCFACEOUTERBOUND(#2879,.T.);
#2881=IFCFACE((#2880));
#2882=IFCPOLYLOOP((#2466,#2383,#2462,#2440));
#2883=IFCFACEOUTERBOUND(#2882,.T.);
#2884=IFCFACE((#2883));
#2885=IFCPOLYLOOP((#2384,#2383,#2466));
#2886=IFCFACEOUTERBOUND(#2885,.T.);
#2887=IFCFACE((#2886));
#2888=IFCPOLYLOOP((#2463,#2385,#2464));
#2889=IFCFACEOUTERBOUND(#2888,.T.);
#2890=IFCFACE((#2889));
#2891=IFCPOLYLOOP((#2461,#2464,#2466));
#2892=IFCFACEOUTERBOUND(#2891,.T.);
#2893=IFCFACE((#2892));
#2894=IFCPOLYLOOP((#2463,#2465,#2386));
#2895=IFCFACEOUTERBOUND(#2894,.T.);
#2896=IFCFACE((#2895));
#2897=IFCPOLYLOOP((#2461,#2466,#2440));
#2898=IFCFACEOUTERBOUND(#2897,.T.);
#2899=IFCFACE((#2898));
#2900=IFCPOLYLOOP((#2474,#2472,#2431));
#2901=IFCFACEOUTERBOUND(#2900,.T.);
#2902=IFCFACE((#2901));
#2903=IFCPOLYLOOP((#2488,#2490,#2489));
#2904=IFCFACEOUTERBOUND(#2903,.T.);
#2905=IFCFACE((#2904));
#2906=IFCPOLYLOOP((#2467,#2398,#2482));
#2907=IFCFACEOUTERBOUND(#2906,.T.);
#2908=IFCFACE((#2907));
#2909=IFCPOLYLOOP((#2493,#2478,#2482));
#2910=IFCFACEOUTERBOUND(#2909,.T.);
#2911=IFCFACE((#2910));
#2912=IFCPOLYLOOP((#2492,#2473,#2480));
#2913=IFCFACEOUTERBOUND(#2912,.T.);
#2914=IFCFACE((#2913));
#2915=IFCPOLYLOOP((#2476,#2395,#2475));
#2916=IFCFACEOUTERBOUND(#2915,.T.);
#2917=IFCFACE((#2916));
#2918=IFCPOLYLOOP((#2468,#2478,#2490));
#2919=IFCFACEOUTERBOUND(#2918,.T.);
#2920=IFCFACE((#2919));
#2921=IFCPOLYLOOP((#2473,#2474,#2475));
#2922=IFCFACEOUTERBOUND(#2921,.T.);
#2923=IFCFACE((#2922));
#2924=IFCPOLYLOOP((#2480,#2479,#2469));
#2925=IFCFACEOUTERBOUND(#2924,.T.);
#2926=IFCFACE((#2925));
#2927=IFCPOLYLOOP((#2473,#2486,#2485));
#2928=IFCFACEOUTERBOUND(#2927,.T.);
#2929=IFCFACE((#2928));
#2930=IFCPOLYLOOP((#2489,#2431,#2488));
#2931=IFCFACEOUTERBOUND(#2930,.T.);
#2932=IFCFACE((#2931));
#2933=IFCPOLYLOOP((#2480,#2483,#2479));
#2934=IFCFACEOUTERBOUND(#2933,.T.);
#2935=IFCFACE((#2934));
#2936=IFCPOLYLOOP((#2487,#2396,#2470));
#2937=IFCFACEOUTERBOUND(#2936,.T.);
#2938=IFCFACE((#2937));
#2939=IFCPOLYLOOP((#2482,#2478,#2481));
#2940=IFCFACEOUTERBOUND(#2939,.T.);
#2941=IFCFACE((#2940));
#2942=IFCPOLYLOOP((#2495,#2393,#2484,#2394));
#2943=IFCFACEOUTERBOUND(#2942,.T.);
#2944=IFCFACE((#2943));
#2945=IFCPOLYLOOP((#2469,#2472,#2492));
#2946=IFCFACEOUTERBOUND(#2945,.T.);
#2947=IFCFACE((#2946));
#2948=IFCPOLYLOOP((#2474,#2489,#2471));
#2949=IFCFACEOUTERBOUND(#2948,.T.);
#2950=IFCFACE((#2949));
#2951=IFCPOLYLOOP((#2491,#2470,#2396));
#2952=IFCFACEOUTERBOUND(#2951,.T.);
#2953=IFCFACE((#2952));
#2954=IFCPOLYLOOP((#2472,#2474,#2492));
#2955=IFCFACEOUTERBOUND(#2954,.T.);
#2956=IFCFACE((#2955));
#2957=IFCPOLYLOOP((#2474,#2471,#2475));
#2958=IFCFACEOUTERBOUND(#2957,.T.);
#2959=IFCFACE((#2958));
#2960=IFCPOLYLOOP((#2490,#2488,#2468));
#2961=IFCFACEOUTERBOUND(#2960,.T.);
#2962=IFCFACE((#2961));
#2963=IFCPOLYLOOP((#2475,#2471,#2476));
#2964=IFCFACEOUTERBOUND(#2963,.T.);
#2965=IFCFACE((#2964));
#2966=IFCPOLYLOOP((#2478,#2468,#2477));
#2967=IFCFACEOUTERBOUND(#2966,.T.);
#2968=IFCFACE((#2967));
#2969=IFCPOLYLOOP((#2476,#2471,#2396));
#2970=IFCFACEOUTERBOUND(#2969,.T.);
#2971=IFCFACE((#2970));
#2972=IFCPOLYLOOP((#2481,#2477,#2430));
#2973=IFCFACEOUTERBOUND(#2972,.T.);
#2974=IFCFACE((#2973));
#2975=IFCPOLYLOOP((#2478,#2477,#2481));
#2976=IFCFACEOUTERBOUND(#2975,.T.);
#2977=IFCFACE((#2976));
#2978=IFCPOLYLOOP((#2485,#2484,#2480));
#2979=IFCFACEOUTERBOUND(#2978,.T.);
#2980=IFCFACE((#2979));
#2981=IFCPOLYLOOP((#2483,#2457,#2432));
#2982=IFCFACEOUTERBOUND(#2981,.T.);
#2983=IFCFACE((#2982));
#2984=IFCPOLYLOOP((#2480,#2484,#2483));
#2985=IFCFACEOUTERBOUND(#2984,.T.);
#2986=IFCFACE((#2985));
#2987=IFCPOLYLOOP((#2478,#2493,#2470));
#2988=IFCFACEOUTERBOUND(#2987,.T.);
#2989=IFCFACE((#2988));
#2990=IFCPOLYLOOP((#2467,#2481,#2430));
#2991=IFCFACEOUTERBOUND(#2990,.T.);
#2992=IFCFACE((#2991));
#2993=IFCPOLYLOOP((#2494,#2397,#2482,#2398));
#2994=IFCFACEOUTERBOUND(#2993,.T.);
#2995=IFCFACE((#2994));
#2996=IFCPOLYLOOP((#2482,#2481,#2467));
#2997=IFCFACEOUTERBOUND(#2996,.T.);
#2998=IFCFACE((#2997));
#2999=IFCPOLYLOOP((#2479,#2483,#2432));
#3000=IFCFACEOUTERBOUND(#2999,.T.);
#3001=IFCFACE((#3000));
#3002=IFCPOLYLOOP((#2457,#2483,#2484));
#3003=IFCFACEOUTERBOUND(#3002,.T.);
#3004=IFCFACE((#3003));
#3005=IFCPOLYLOOP((#2457,#2484,#2393));
#3006=IFCFACEOUTERBOUND(#3005,.T.);
#3007=IFCFACE((#3006));
#3008=IFCPOLYLOOP((#2485,#2394,#2484));
#3009=IFCFACEOUTERBOUND(#3008,.T.);
#3010=IFCFACE((#3009));
#3011=IFCPOLYLOOP((#2486,#2475,#2395));
#3012=IFCFACEOUTERBOUND(#3011,.T.);
#3013=IFCFACE((#3012));
#3014=IFCPOLYLOOP((#2473,#2485,#2480));
#3015=IFCFACEOUTERBOUND(#3014,.T.);
#3016=IFCFACE((#3015));
#3017=IFCPOLYLOOP((#2486,#2394,#2485));
#3018=IFCFACEOUTERBOUND(#3017,.T.);
#3019=IFCFACE((#3018));
#3020=IFCPOLYLOOP((#2486,#2473,#2475));
#3021=IFCFACEOUTERBOUND(#3020,.T.);
#3022=IFCFACE((#3021));
#3023=IFCPOLYLOOP((#2487,#2493,#2397));
#3024=IFCFACEOUTERBOUND(#3023,.T.);
#3025=IFCFACE((#3024));
#3026=IFCPOLYLOOP((#2431,#2489,#2474));
#3027=IFCFACEOUTERBOUND(#3026,.T.);
#3028=IFCFACE((#3027));
#3029=IFCPOLYLOOP((#2470,#2491,#2490));
#3030=IFCFACEOUTERBOUND(#3029,.T.);
#3031=IFCFACE((#3030));
#3032=IFCPOLYLOOP((#2471,#2489,#2491));
#3033=IFCFACEOUTERBOUND(#3032,.T.);
#3034=IFCFACE((#3033));
#3035=IFCPOLYLOOP((#2478,#2470,#2490));
#3036=IFCFACEOUTERBOUND(#3035,.T.);
#3037=IFCFACE((#3036));
#3038=IFCPOLYLOOP((#2490,#2491,#2489));
#3039=IFCFACEOUTERBOUND(#3038,.T.);
#3040=IFCFACE((#3039));
#3041=IFCPOLYLOOP((#2471,#2491,#2396));
#3042=IFCFACEOUTERBOUND(#3041,.T.);
#3043=IFCFACE((#3042));
#3044=IFCPOLYLOOP((#2469,#2492,#2480));
#3045=IFCFACEOUTERBOUND(#3044,.T.);
#3046=IFCFACE((#3045));
#3047=IFCPOLYLOOP((#2473,#2492,#2474));
#3048=IFCFACEOUTERBOUND(#3047,.T.);
#3049=IFCFACE((#3048));
#3050=IFCPOLYLOOP((#2470,#2493,#2487));
#3051=IFCFACEOUTERBOUND(#3050,.T.);
#3052=IFCFACE((#3051));
#3053=IFCPOLYLOOP((#2493,#2482,#2397));
#3054=IFCFACEOUTERBOUND(#3053,.T.);
#3055=IFCFACE((#3054));
#3056=IFCPOLYLOOP((#2512,#2513,#2410));
#3057=IFCFACEOUTERBOUND(#3056,.T.);
#3058=IFCFACE((#3057));
#3059=IFCPOLYLOOP((#2517,#2519,#2518));
#3060=IFCFACEOUTERBOUND(#3059,.T.);
#3061=IFCFACE((#3060));
#3062=IFCPOLYLOOP((#2496,#2414,#2511));
#3063=IFCFACEOUTERBOUND(#3062,.T.);
#3064=IFCFACE((#3063));
#3065=IFCPOLYLOOP((#2516,#2524,#2413));
#3066=IFCFACEOUTERBOUND(#3065,.T.);
#3067=IFCFACE((#3066));
#3068=IFCPOLYLOOP((#2511,#2508,#2510));
#3069=IFCFACEOUTERBOUND(#3068,.T.);
#3070=IFCFACE((#3069));
#3071=IFCPOLYLOOP((#2518,#2448,#2517));
#3072=IFCFACEOUTERBOUND(#3071,.T.);
#3073=IFCFACE((#3072));
#3074=IFCPOLYLOOP((#2497,#2508,#2519));
#3075=IFCFACEOUTERBOUND(#3074,.T.);
#3076=IFCFACE((#3075));
#3077=IFCPOLYLOOP((#2503,#2515,#2514));
#3078=IFCFACEOUTERBOUND(#3077,.T.);
#3079=IFCFACE((#3078));
#3080=IFCPOLYLOOP((#2521,#2498,#2502));
#3081=IFCFACEOUTERBOUND(#3080,.T.);
#3082=IFCFACE((#3081));
#3083=IFCPOLYLOOP((#2504,#2501,#2505));
#3084=IFCFACEOUTERBOUND(#3083,.T.);
#3085=IFCFACE((#3084));
#3086=IFCPOLYLOOP((#2508,#2511,#2524));
#3087=IFCFACEOUTERBOUND(#3086,.T.);
#3088=IFCFACE((#3087));
#3089=IFCPOLYLOOP((#2509,#2521,#2503));
#3090=IFCFACEOUTERBOUND(#3089,.T.);
#3091=IFCFACE((#3090));
#3092=IFCPOLYLOOP((#2514,#2513,#2509));
#3093=IFCFACEOUTERBOUND(#3092,.T.);
#3094=IFCFACE((#3093));
#3095=IFCPOLYLOOP((#2509,#2523,#2522));
#3096=IFCFACEOUTERBOUND(#3095,.T.);
#3097=IFCFACE((#3096));
#3098=IFCPOLYLOOP((#2506,#2411,#2505));
#3099=IFCFACEOUTERBOUND(#3098,.T.);
#3100=IFCFACE((#3099));
#3101=IFCPOLYLOOP((#2520,#2500,#2412));
#3102=IFCFACEOUTERBOUND(#3101,.T.);
#3103=IFCFACE((#3102));
#3104=IFCPOLYLOOP((#2504,#2518,#2501));
#3105=IFCFACEOUTERBOUND(#3104,.T.);
#3106=IFCFACE((#3105));
#3107=IFCPOLYLOOP((#2504,#2502,#2448));
#3108=IFCFACEOUTERBOUND(#3107,.T.);
#3109=IFCFACE((#3108));
#3110=IFCPOLYLOOP((#2502,#2504,#2521));
#3111=IFCFACEOUTERBOUND(#3110,.T.);
#3112=IFCFACE((#3111));
#3113=IFCPOLYLOOP((#2503,#2504,#2505));
#3114=IFCFACEOUTERBOUND(#3113,.T.);
#3115=IFCFACE((#3114));
#3116=IFCPOLYLOOP((#2516,#2412,#2500));
#3117=IFCFACEOUTERBOUND(#3116,.T.);
#3118=IFCFACE((#3117));
#3119=IFCPOLYLOOP((#2505,#2501,#2506));
#3120=IFCFACEOUTERBOUND(#3119,.T.);
#3121=IFCFACE((#3120));
#3122=IFCPOLYLOOP((#2508,#2497,#2507));
#3123=IFCFACEOUTERBOUND(#3122,.T.);
#3124=IFCFACE((#3123));
#3125=IFCPOLYLOOP((#2506,#2501,#2412));
#3126=IFCFACEOUTERBOUND(#3125,.T.);
#3127=IFCFACE((#3126));
#3128=IFCPOLYLOOP((#2510,#2507,#2447));
#3129=IFCFACEOUTERBOUND(#3128,.T.);
#3130=IFCFACE((#3129));
#3131=IFCPOLYLOOP((#2508,#2507,#2510));
#3132=IFCFACEOUTERBOUND(#3131,.T.);
#3133=IFCFACE((#3132));
#3134=IFCPOLYLOOP((#2522,#2498,#2509));
#3135=IFCFACEOUTERBOUND(#3134,.T.);
#3136=IFCFACE((#3135));
#3137=IFCPOLYLOOP((#2499,#2513,#2512));
#3138=IFCFACEOUTERBOUND(#3137,.T.);
#3139=IFCFACE((#3138));
#3140=IFCPOLYLOOP((#2508,#2524,#2500));
#3141=IFCFACEOUTERBOUND(#3140,.T.);
#3142=IFCFACE((#3141));
#3143=IFCPOLYLOOP((#2496,#2510,#2447));
#3144=IFCFACEOUTERBOUND(#3143,.T.);
#3145=IFCFACE((#3144));
#3146=IFCPOLYLOOP((#2525,#2413,#2511,#2414));
#3147=IFCFACEOUTERBOUND(#3146,.T.);
#3148=IFCFACE((#3147));
#3149=IFCPOLYLOOP((#2511,#2510,#2496));
#3150=IFCFACEOUTERBOUND(#3149,.T.);
#3151=IFCFACE((#3150));
#3152=IFCPOLYLOOP((#2512,#2409,#2499));
#3153=IFCFACEOUTERBOUND(#3152,.T.);
#3154=IFCFACE((#3153));
#3155=IFCPOLYLOOP((#2410,#2513,#2514));
#3156=IFCFACEOUTERBOUND(#3155,.T.);
#3157=IFCFACE((#3156));
#3158=IFCPOLYLOOP((#2509,#2513,#2499));
#3159=IFCFACEOUTERBOUND(#3158,.T.);
#3160=IFCFACE((#3159));
#3161=IFCPOLYLOOP((#2515,#2505,#2411));
#3162=IFCFACEOUTERBOUND(#3161,.T.);
#3163=IFCFACE((#3162));
#3164=IFCPOLYLOOP((#2503,#2514,#2509));
#3165=IFCFACEOUTERBOUND(#3164,.T.);
#3166=IFCFACE((#3165));
#3167=IFCPOLYLOOP((#2515,#2410,#2514));
#3168=IFCFACEOUTERBOUND(#3167,.T.);
#3169=IFCFACE((#3168));
#3170=IFCPOLYLOOP((#2515,#2503,#2505));
#3171=IFCFACEOUTERBOUND(#3170,.T.);
#3172=IFCFACE((#3171));
#3173=IFCPOLYLOOP((#2519,#2517,#2497));
#3174=IFCFACEOUTERBOUND(#3173,.T.);
#3175=IFCFACE((#3174));
#3176=IFCPOLYLOOP((#2448,#2518,#2504));
#3177=IFCFACEOUTERBOUND(#3176,.T.);
#3178=IFCFACE((#3177));
#3179=IFCPOLYLOOP((#2500,#2520,#2519));
#3180=IFCFACEOUTERBOUND(#3179,.T.);
#3181=IFCFACE((#3180));
#3182=IFCPOLYLOOP((#2501,#2518,#2520));
#3183=IFCFACEOUTERBOUND(#3182,.T.);
#3184=IFCFACE((#3183));
#3185=IFCPOLYLOOP((#2508,#2500,#2519));
#3186=IFCFACEOUTERBOUND(#3185,.T.);
#3187=IFCFACE((#3186));
#3188=IFCPOLYLOOP((#2519,#2520,#2518));
#3189=IFCFACEOUTERBOUND(#3188,.T.);
#3190=IFCFACE((#3189));
#3191=IFCPOLYLOOP((#2501,#2520,#2412));
#3192=IFCFACEOUTERBOUND(#3191,.T.);
#3193=IFCFACE((#3192));
#3194=IFCPOLYLOOP((#2498,#2521,#2509));
#3195=IFCFACEOUTERBOUND(#3194,.T.);
#3196=IFCFACE((#3195));
#3197=IFCPOLYLOOP((#2503,#2521,#2504));
#3198=IFCFACEOUTERBOUND(#3197,.T.);
#3199=IFCFACE((#3198));
#3200=IFCPOLYLOOP((#2449,#2522,#2523));
#3201=IFCFACEOUTERBOUND(#3200,.T.);
#3202=IFCFACE((#3201));
#3203=IFCPOLYLOOP((#2500,#2524,#2516));
#3204=IFCFACEOUTERBOUND(#3203,.T.);
#3205=IFCFACE((#3204));
#3206=IFCPOLYLOOP((#2509,#2499,#2523));
#3207=IFCFACEOUTERBOUND(#3206,.T.);
#3208=IFCFACE((#3207));
#3209=IFCPOLYLOOP((#2524,#2511,#2413));
#3210=IFCFACEOUTERBOUND(#3209,.T.);
#3211=IFCFACE((#3210));
#3212=IFCPOLYLOOP((#2382,#2532,#2530));
#3213=IFCFACEOUTERBOUND(#3212,.T.);
#3214=IFCFACE((#3213));
#3215=IFCPOLYLOOP((#2531,#2446,#2445));
#3216=IFCFACEOUTERBOUND(#3215,.T.);
#3217=IFCFACE((#3216));
#3218=IFCPOLYLOOP((#2529,#2445,#2444));
#3219=IFCFACEOUTERBOUND(#3218,.T.);
#3220=IFCFACE((#3219));
#3221=IFCPOLYLOOP((#2534,#2383,#2533,#2528));
#3222=IFCFACEOUTERBOUND(#3221,.T.);
#3223=IFCFACE((#3222));
#3224=IFCPOLYLOOP((#2442,#2530,#2443));
#3225=IFCFACEOUTERBOUND(#3224,.T.);
#3226=IFCFACE((#3225));
#3227=IFCPOLYLOOP((#2529,#2444,#2532));
#3228=IFCFACEOUTERBOUND(#3227,.T.);
#3229=IFCFACE((#3228));
#3230=IFCPOLYLOOP((#2441,#2534,#2442));
#3231=IFCFACEOUTERBOUND(#3230,.T.);
#3232=IFCFACE((#3231));
#3233=IFCPOLYLOOP((#2527,#2381,#2526));
#3234=IFCFACEOUTERBOUND(#3233,.T.);
#3235=IFCFACE((#3234));
#3236=IFCPOLYLOOP((#2382,#2527,#2532));
#3237=IFCFACEOUTERBOUND(#3236,.T.);
#3238=IFCFACE((#3237));
#3239=IFCPOLYLOOP((#2531,#2445,#2529));
#3240=IFCFACEOUTERBOUND(#3239,.T.);
#3241=IFCFACE((#3240));
#3242=IFCPOLYLOOP((#2526,#2531,#2529));
#3243=IFCFACEOUTERBOUND(#3242,.T.);
#3244=IFCFACE((#3243));
#3245=IFCPOLYLOOP((#2496,#2531,#2526));
#3246=IFCFACEOUTERBOUND(#3245,.T.);
#3247=IFCFACE((#3246));
#3248=IFCPOLYLOOP((#2534,#2440,#2462,#2383));
#3249=IFCFACEOUTERBOUND(#3248,.T.);
#3250=IFCFACE((#3249));
#3251=IFCPOLYLOOP((#2382,#2530,#2528));
#3252=IFCFACEOUTERBOUND(#3251,.T.);
#3253=IFCFACE((#3252));
#3254=IFCPOLYLOOP((#2496,#2447,#2531));
#3255=IFCFACEOUTERBOUND(#3254,.T.);
#3256=IFCFACE((#3255));
#3257=IFCPOLYLOOP((#2443,#2530,#2532));
#3258=IFCFACEOUTERBOUND(#3257,.T.);
#3259=IFCFACE((#3258));
#3260=IFCPOLYLOOP((#2415,#2526,#2381));
#3261=IFCFACEOUTERBOUND(#3260,.T.);
#3262=IFCFACE((#3261));
#3263=IFCPOLYLOOP((#2532,#2444,#2443));
#3264=IFCFACEOUTERBOUND(#3263,.T.);
#3265=IFCFACE((#3264));
#3266=IFCPOLYLOOP((#2526,#2415,#2414));
#3267=IFCFACEOUTERBOUND(#3266,.T.);
#3268=IFCFACE((#3267));
#3269=IFCPOLYLOOP((#2526,#2414,#2496));
#3270=IFCFACEOUTERBOUND(#3269,.T.);
#3271=IFCFACE((#3270));
#3272=IFCPOLYLOOP((#2529,#2532,#2527));
#3273=IFCFACEOUTERBOUND(#3272,.T.);
#3274=IFCFACE((#3273));
#3275=IFCPOLYLOOP((#2441,#2440,#2534));
#3276=IFCFACEOUTERBOUND(#3275,.T.);
#3277=IFCFACE((#3276));
#3278=IFCPOLYLOOP((#2526,#2529,#2527));
#3279=IFCFACEOUTERBOUND(#3278,.T.);
#3280=IFCFACE((#3279));
#3281=IFCPOLYLOOP((#2534,#2530,#2442));
#3282=IFCFACEOUTERBOUND(#3281,.T.);
#3283=IFCFACE((#3282));
#3284=IFCPOLYLOOP((#2446,#2531,#2447));
#3285=IFCFACEOUTERBOUND(#3284,.T.);
#3286=IFCFACE((#3285));
#3287=IFCPOLYLOOP((#2534,#2528,#2530));
#3288=IFCFACEOUTERBOUND(#3287,.T.);
#3289=IFCFACE((#3288));
#3290=IFCPOLYLOOP((#2536,#2540,#2541));
#3291=IFCFACEOUTERBOUND(#3290,.T.);
#3292=IFCFACE((#3291));
#3293=IFCPOLYLOOP((#2536,#2544,#2400));
#3294=IFCFACEOUTERBOUND(#3293,.T.);
#3295=IFCFACE((#3294));
#3296=IFCPOLYLOOP((#2537,#2428,#2542));
#3297=IFCFACEOUTERBOUND(#3296,.T.);
#3298=IFCFACE((#3297));
#3299=IFCPOLYLOOP((#2535,#2424,#2423));
#3300=IFCFACEOUTERBOUND(#3299,.T.);
#3301=IFCFACE((#3300));
#3302=IFCPOLYLOOP((#2401,#2539,#2535));
#3303=IFCFACEOUTERBOUND(#3302,.T.);
#3304=IFCFACE((#3303));
#3305=IFCPOLYLOOP((#2424,#2539,#2425));
#3306=IFCFACEOUTERBOUND(#3305,.T.);
#3307=IFCFACE((#3306));
#3308=IFCPOLYLOOP((#2539,#2424,#2535));
#3309=IFCFACEOUTERBOUND(#3308,.T.);
#3310=IFCFACE((#3309));
#3311=IFCPOLYLOOP((#2544,#2536,#2426));
#3312=IFCFACEOUTERBOUND(#3311,.T.);
#3313=IFCFACE((#3312));
#3314=IFCPOLYLOOP((#2539,#2400,#2544));
#3315=IFCFACEOUTERBOUND(#3314,.T.);
#3316=IFCFACE((#3315));
#3317=IFCPOLYLOOP((#2537,#2543,#2467));
#3318=IFCFACEOUTERBOUND(#3317,.T.);
#3319=IFCFACE((#3318));
#3320=IFCPOLYLOOP((#2426,#2536,#2427));
#3321=IFCFACEOUTERBOUND(#3320,.T.);
#3322=IFCFACE((#3321));
#3323=IFCPOLYLOOP((#2536,#2400,#2540));
#3324=IFCFACEOUTERBOUND(#3323,.T.);
#3325=IFCFACE((#3324));
#3326=IFCPOLYLOOP((#2467,#2429,#2537));
#3327=IFCFACEOUTERBOUND(#3326,.T.);
#3328=IFCFACE((#3327));
#3329=IFCPOLYLOOP((#2538,#2400,#2539,#2401));
#3330=IFCFACEOUTERBOUND(#3329,.T.);
#3331=IFCFACE((#3330));
#3332=IFCPOLYLOOP((#2536,#2541,#2542));
#3333=IFCFACEOUTERBOUND(#3332,.T.);
#3334=IFCFACE((#3333));
#3335=IFCPOLYLOOP((#2430,#2429,#2467));
#3336=IFCFACEOUTERBOUND(#3335,.T.);
#3337=IFCFACE((#3336));
#3338=IFCPOLYLOOP((#2425,#2544,#2426));
#3339=IFCFACEOUTERBOUND(#3338,.T.);
#3340=IFCFACE((#3339));
#3341=IFCPOLYLOOP((#2541,#2537,#2542));
#3342=IFCFACEOUTERBOUND(#3341,.T.);
#3343=IFCFACE((#3342));
#3344=IFCPOLYLOOP((#2541,#2543,#2537));
#3345=IFCFACEOUTERBOUND(#3344,.T.);
#3346=IFCFACE((#3345));
#3347=IFCPOLYLOOP((#2428,#2537,#2429));
#3348=IFCFACEOUTERBOUND(#3347,.T.);
#3349=IFCFACE((#3348));
#3350=IFCPOLYLOOP((#2427,#2542,#2428));
#3351=IFCFACEOUTERBOUND(#3350,.T.);
#3352=IFCFACE((#3351));
#3353=IFCPOLYLOOP((#2398,#2467,#2543));
#3354=IFCFACEOUTERBOUND(#3353,.T.);
#3355=IFCFACE((#3354));
#3356=IFCPOLYLOOP((#2540,#2399,#2541));
#3357=IFCFACEOUTERBOUND(#3356,.T.);
#3358=IFCFACE((#3357));
#3359=IFCPOLYLOOP((#2543,#2541,#2399));
#3360=IFCFACEOUTERBOUND(#3359,.T.);
#3361=IFCFACE((#3360));
#3362=IFCPOLYLOOP((#2542,#2427,#2536));
#3363=IFCFACEOUTERBOUND(#3362,.T.);
#3364=IFCFACE((#3363));
#3365=IFCPOLYLOOP((#2539,#2544,#2425));
#3366=IFCFACEOUTERBOUND(#3365,.T.);
#3367=IFCFACE((#3366));
#3368=IFCPOLYLOOP((#2535,#2423,#2548));
#3369=IFCFACEOUTERBOUND(#3368,.T.);
#3370=IFCFACE((#3369));
#3371=IFCPOLYLOOP((#2549,#2550,#2545));
#3372=IFCFACEOUTERBOUND(#3371,.T.);
#3373=IFCFACE((#3372));
#3374=IFCPOLYLOOP((#2547,#2456,#2545));
#3375=IFCFACEOUTERBOUND(#3374,.T.);
#3376=IFCFACE((#3375));
#3377=IFCPOLYLOOP((#2547,#2545,#2550));
#3378=IFCFACEOUTERBOUND(#3377,.T.);
#3379=IFCFACE((#3378));
#3380=IFCPOLYLOOP((#2402,#2553,#2552));
#3381=IFCFACEOUTERBOUND(#3380,.T.);
#3382=IFCFACE((#3381));
#3383=IFCPOLYLOOP((#2551,#2550,#2403));
#3384=IFCFACEOUTERBOUND(#3383,.T.);
#3385=IFCFACE((#3384));
#3386=IFCPOLYLOOP((#2552,#2548,#2546));
#3387=IFCFACEOUTERBOUND(#3386,.T.);
#3388=IFCFACE((#3387));
#3389=IFCPOLYLOOP((#2403,#2550,#2549));
#3390=IFCFACEOUTERBOUND(#3389,.T.);
#3391=IFCFACE((#3390));
#3392=IFCPOLYLOOP((#2552,#2550,#2551));
#3393=IFCFACEOUTERBOUND(#3392,.T.);
#3394=IFCFACE((#3393));
#3395=IFCPOLYLOOP((#2401,#2553,#2402));
#3396=IFCFACEOUTERBOUND(#3395,.T.);
#3397=IFCFACE((#3396));
#3398=IFCPOLYLOOP((#2547,#2550,#2546));
#3399=IFCFACEOUTERBOUND(#3398,.T.);
#3400=IFCFACE((#3399));
#3401=IFCPOLYLOOP((#2546,#2550,#2552));
#3402=IFCFACEOUTERBOUND(#3401,.T.);
#3403=IFCFACE((#3402));
#3404=IFCPOLYLOOP((#2402,#2552,#2551));
#3405=IFCFACEOUTERBOUND(#3404,.T.);
#3406=IFCFACE((#3405));
#3407=IFCPOLYLOOP((#2545,#2404,#2549));
#3408=IFCFACEOUTERBOUND(#3407,.T.);
#3409=IFCFACE((#3408));
#3410=IFCPOLYLOOP((#2548,#2552,#2553));
#3411=IFCFACEOUTERBOUND(#3410,.T.);
#3412=IFCFACE((#3411));
#3413=IFCPOLYLOOP((#2553,#2535,#2548));
#3414=IFCFACEOUTERBOUND(#3413,.T.);
#3415=IFCFACE((#3414));
#3416=IFCPOLYLOOP((#2535,#2553,#2401));
#3417=IFCFACEOUTERBOUND(#3416,.T.);
#3418=IFCFACE((#3417));
#3419=IFCPOLYLOOP((#2407,#2554,#2408));
#3420=IFCFACEOUTERBOUND(#3419,.T.);
#3421=IFCFACE((#3420));
#3422=IFCPOLYLOOP((#2453,#2452,#2554));
#3423=IFCFACEOUTERBOUND(#3422,.T.);
#3424=IFCFACE((#3423));
#3425=IFCPOLYLOOP((#2450,#2449,#2523,#2499,#2409));
#3426=IFCFACEOUTERBOUND(#3425,.T.);
#3427=IFCFACE((#3426));
#3428=IFCPOLYLOOP((#2409,#2554,#2450));
#3429=IFCFACEOUTERBOUND(#3428,.T.);
#3430=IFCFACE((#3429));
#3431=IFCPOLYLOOP((#2408,#2554,#2409));
#3432=IFCFACEOUTERBOUND(#3431,.T.);
#3433=IFCFACE((#3432));
#3434=IFCPOLYLOOP((#2452,#2451,#2554));
#3435=IFCFACEOUTERBOUND(#3434,.T.);
#3436=IFCFACE((#3435));
#3437=IFCPOLYLOOP((#2450,#2554,#2451));
#3438=IFCFACEOUTERBOUND(#3437,.T.);
#3439=IFCFACE((#3438));
#3440=IFCPOLYLOOP((#2554,#2407,#2406));
#3441=IFCFACEOUTERBOUND(#3440,.T.);
#3442=IFCFACE((#3441));
#3443=IFCPOLYLOOP((#2454,#2453,#2405));
#3444=IFCFACEOUTERBOUND(#3443,.T.);
#3445=IFCFACE((#3444));
#3446=IFCPOLYLOOP((#2405,#2455,#2454));
#3447=IFCFACEOUTERBOUND(#3446,.T.);
#3448=IFCFACE((#3447));
#3449=IFCPOLYLOOP((#2455,#2545,#2456));
#3450=IFCFACEOUTERBOUND(#3449,.T.);
#3451=IFCFACE((#3450));
#3452=IFCPOLYLOOP((#2405,#2453,#2406));
#3453=IFCFACEOUTERBOUND(#3452,.T.);
#3454=IFCFACE((#3453));
#3455=IFCPOLYLOOP((#2405,#2404,#2545));
#3456=IFCFACEOUTERBOUND(#3455,.T.);
#3457=IFCFACE((#3456));
#3458=IFCPOLYLOOP((#2405,#2545,#2455));
#3459=IFCFACEOUTERBOUND(#3458,.T.);
#3460=IFCFACE((#3459));
#3461=IFCPOLYLOOP((#2453,#2554,#2406));
#3462=IFCFACEOUTERBOUND(#3461,.T.);
#3463=IFCFACE((#3462));
#3464=IFCPOLYLOOP((#2528,#2527,#2382));
#3465=IFCFACEOUTERBOUND(#3464,.T.);
#3466=IFCFACE((#3465));
#3467=IFCCARTESIANPOINT((-3.8115143979640584,16.931156862761856,3.0168134359407883));
#3468=IFCCARTESIANPOINT((-3.8115143979640571,18.027156862761849,3.0168134359407803));
#3469=IFCCARTESIANPOINT((-4.9075143979639826,18.027156862761849,3.0168134359407803));
#3470=IFCCARTESIANPOINT((-4.9075143979640101,16.931156862761892,3.0168134359407883));
#3471=IFCPOLYLOOP((#3467,#3468,#3469,#3470));
#3472=IFCFACEOUTERBOUND(#3471,.T.);
#3473=IFCFACE((#3472));
#3474=IFCCARTESIANPOINT((-4.9075143979639773,16.931156862761824,2.4668137187197861));
#3475=IFCCARTESIANPOINT((-3.811514397964058,16.931156862761824,2.4668137187197861));
#3476=IFCPOLYLOOP((#3467,#3470,#3474,#3475));
#3477=IFCFACEOUTERBOUND(#3476,.T.);
#3478=IFCFACE((#3477));
#3479=IFCCARTESIANPOINT((-4.9075143979639675,18.027156862761814,2.4668137187197754));
#3480=IFCCARTESIANPOINT((-3.811514397964058,18.027156862761814,2.4668137187197754));
#3481=IFCPOLYLOOP((#3479,#3480,#3475,#3474));
#3482=IFCFACEOUTERBOUND(#3481,.T.);
#3483=IFCFACE((#3482));
#3484=IFCPOLYLOOP((#3468,#3467,#3475,#3480));
#3485=IFCFACEOUTERBOUND(#3484,.T.);
#3486=IFCFACE((#3485));
#3487=IFCPOLYLOOP((#3470,#3469,#3479,#3474));
#3488=IFCFACEOUTERBOUND(#3487,.T.);
#3489=IFCFACE((#3488));
#3490=IFCPOLYLOOP((#3469,#3468,#3480,#3479));
#3491=IFCFACEOUTERBOUND(#3490,.T.);
#3492=IFCFACE((#3491));
#3493=IFCCARTESIANPOINT((-11.431514397964058,16.931156862761856,3.0168134359407874));
#3494=IFCCARTESIANPOINT((-11.431514397964058,18.027156862761849,3.0168134359407794));
#3495=IFCCARTESIANPOINT((-12.527514397963959,18.027156862761849,3.0168134359407794));
#3496=IFCCARTESIANPOINT((-12.527514397964012,16.931156862761842,3.0168134359407874));
#3497=IFCPOLYLOOP((#3493,#3494,#3495,#3496));
#3498=IFCFACEOUTERBOUND(#3497,.T.);
#3499=IFCFACE((#3498));
#3500=IFCCARTESIANPOINT((-12.527514397963959,16.931156862761824,2.4668137187197861));
#3501=IFCCARTESIANPOINT((-11.431514397964058,16.931156862761824,2.4668137187197861));
#3502=IFCPOLYLOOP((#3493,#3496,#3500,#3501));
#3503=IFCFACEOUTERBOUND(#3502,.T.);
#3504=IFCFACE((#3503));
#3505=IFCCARTESIANPOINT((-12.527514397963959,18.027156862761814,2.4668137187197754));
#3506=IFCCARTESIANPOINT((-11.431514397964058,18.027156862761814,2.4668137187197754));
#3507=IFCPOLYLOOP((#3505,#3506,#3501,#3500));
#3508=IFCFACEOUTERBOUND(#3507,.T.);
#3509=IFCFACE((#3508));
#3510=IFCPOLYLOOP((#3494,#3493,#3501,#3506));
#3511=IFCFACEOUTERBOUND(#3510,.T.);
#3512=IFCFACE((#3511));
#3513=IFCPOLYLOOP((#3496,#3495,#3505,#3500));
#3514=IFCFACEOUTERBOUND(#3513,.T.);
#3515=IFCFACE((#3514));
#3516=IFCPOLYLOOP((#3495,#3494,#3506,#3505));
#3517=IFCFACEOUTERBOUND(#3516,.T.);
#3518=IFCFACE((#3517));
#3519=IFCCARTESIANPOINT((41.712203273651781,22.508509686099526,4.9908399409080557));
#3520=IFCCARTESIANPOINT((41.805871973189298,23.895158529420005,6.5899060368322004));
#3521=IFCCARTESIANPOINT((41.855050173104097,22.510905290242405,7.7911147200149937));
#3522=IFCCARTESIANPOINT((41.819848873779527,18.479620328042607,7.7911852548459777));
#3523=IFCCARTESIANPOINT((41.785204589643861,14.51212525422268,7.7912546735543131));
#3524=IFCCARTESIANPOINT((41.682237803858548,13.166045134054704,6.0029422810922153));
#3525=IFCCARTESIANPOINT((41.646594637963375,14.994948690579935,4.9909714199844659));
#3526=IFCCARTESIANPOINT((41.668838564942526,17.542343562978836,4.9909268433682303));
#3527=IFCCARTESIANPOINT((41.690549235373879,20.028669407556482,4.9908833353930255));
#3528=IFCCARTESIANPOINT((35.691010891298433,59.4595792771945,3.5891078742056006));
#3529=IFCCARTESIANPOINT((35.324498243506945,57.592891583405418,5.4945539371016512));
#3530=IFCCARTESIANPOINT((34.957985595715442,55.726203889616315,7.3999999999977062));
#3531=IFCCARTESIANPOINT((27.098445510816649,55.726203889616315,7.3999999999977062));
#3532=IFCCARTESIANPOINT((27.098445509156335,58.991459510764024,5.8504716874793292));
#3533=IFCCARTESIANPOINT((27.098445507496013,62.256715131911754,4.300943374960946));
#3534=IFCCARTESIANPOINT((30.944976749608351,61.004554691691602,3.9822844680340794));
#3535=IFCCARTESIANPOINT((27.098445508487021,60.307757720494827,5.2258218651238542));
#3536=IFCCARTESIANPOINT((31.408327960188412,59.267034093920408,5.4308438610405707));
#3537=IFCCARTESIANPOINT((31.028215553266048,55.726203889616315,7.3999999999977062));
#3538=IFCCARTESIANPOINT((27.098445509825641,57.675161090134992,6.4751216099166395));
#3539=IFCCARTESIANPOINT((35.176748704474086,56.840387548585483,6.26268234724321));
#3540=IFCCARTESIANPOINT((29.900213728061075,60.714561807375631,4.8977237138307359));
#3541=IFCCARTESIANPOINT((35.507754563342097,58.526235409618934,4.5418309267640549));
#3542=IFCCARTESIANPOINT((32.918314687826239,60.08477586191988,4.6105113044772787));
#3543=IFCCARTESIANPOINT((30.835322772773523,57.534655320857816,6.4258484291404834));
#3544=IFCCARTESIANPOINT((33.124819985755401,57.757450183835211,6.0069293856478625));
#3545=IFCCARTESIANPOINT((32.942966094740051,56.657512836307603,6.7625437560852459));
#3546=IFCCARTESIANPOINT((33.317993820453388,60.232066984443051,3.7856961711198402));
#3547=IFCCARTESIANPOINT((37.711088988675122,57.453210360952333,3.1914932764506672));
#3548=IFCCARTESIANPOINT((39.237001733929098,55.045436207069088,2.8348744528071608));
#3549=IFCCARTESIANPOINT((40.189475239855668,52.348527394860902,2.5881143435666831));
#3550=IFCCARTESIANPOINT((40.509454776345649,49.499999999971443,2.4999999999976499));
#3551=IFCCARTESIANPOINT((40.846822130851294,49.500000000498872,4.9499999999977016));
#3552=IFCCARTESIANPOINT((41.184189485356931,49.500000001026294,7.399999999997755));
#3553=IFCCARTESIANPOINT((41.090676107276444,50.57504509893392,7.3999999999973767));
#3554=IFCCARTESIANPOINT((40.809637745229232,51.626918427295529,7.3999999999965249));
#3555=IFCCARTESIANPOINT((40.350884995268203,52.611631556199001,7.399999999997922));
#3556=IFCCARTESIANPOINT((39.728975590791094,53.500408646885106,7.3999999999976644));
#3557=IFCCARTESIANPOINT((38.962766435762582,54.267320557539357,7.3999999999978012));
#3558=IFCCARTESIANPOINT((38.069996007650658,54.892680787059582,7.3999999999977693));
#3559=IFCCARTESIANPOINT((37.085601108036236,55.351398730801357,7.3999999999977444));
#3560=IFCCARTESIANPOINT((36.032516618912652,55.632780605505495,7.3999999999977524));
#3561=IFCCARTESIANPOINT((38.568808320613783,55.079970196390747,5.9940038231091703));
#3562=IFCCARTESIANPOINT((41.035334342793746,49.500000000793591,6.3189970682996881));
#3563=IFCCARTESIANPOINT((38.487767863727228,55.809143746779448,4.3471953340839669));
#3564=IFCCARTESIANPOINT((40.658309922066877,49.500000000204153,3.5810029546297737));
#3565=IFCCARTESIANPOINT((40.286986102043855,52.489981504706464,4.3373378253826251));
#3566=IFCCARTESIANPOINT((39.856509167329321,53.581195645117283,3.5211989361491396));
#3567=IFCCARTESIANPOINT((40.299710467783797,52.617062552004342,5.4046754220093662));
#3568=IFCCARTESIANPOINT((40.281414914716166,52.72420912526205,6.4054940813076664));
#3569=IFCCARTESIANPOINT((38.883349487668625,55.030246324717375,5.1268322909723976));
#3570=IFCCARTESIANPOINT((35.14124191961119,56.659547736510874,6.4472769685496774));
#3571=IFCCARTESIANPOINT((40.508822157637347,-0.,2.4999999999980074));
#3572=IFCCARTESIANPOINT((40.846505821430831,2.1784007277300875E-007,4.9500000000071971));
#3573=IFCCARTESIANPOINT((41.184189485356931,-4.3575587624911086E-007,7.399999999998113));
#3574=IFCCARTESIANPOINT((40.500259115001555,24.75000011345282,2.5000000000058664));
#3575=IFCCARTESIANPOINT((41.184189485356931,24.749999782635214,7.3999999999979336));
#3576=IFCCARTESIANPOINT((40.503640441904587,33.850796384099517,2.5000000000028453));
#3577=IFCCARTESIANPOINT((41.225074117279092,-0.,8.1799262201780731));
#3578=IFCCARTESIANPOINT((41.265958749201253,-0.,8.9598524403580377));
#3579=IFCCARTESIANPOINT((41.265958856063747,49.497556502478247,8.9598544788951937));
#3580=IFCCARTESIANPOINT((41.22507417007678,49.497578477931256,8.1799272273605848));
#3581=IFCCARTESIANPOINT((34.957985595715442,55.809159750951018,8.9828921291729085));
#3582=IFCCARTESIANPOINT((36.798829306575179,60.931480798787412,13.55861806864934));
#3583=IFCCARTESIANPOINT((32.290345669713759,63.379412563948158,14.436215835759096));
#3584=IFCCARTESIANPOINT((27.098445510815811,64.126722712613201,14.742918605697353));
#3585=IFCCARTESIANPOINT((27.098445510816234,59.967925152919179,11.862605693594166));
#3586=IFCCARTESIANPOINT((27.098445510816649,55.809127593225128,8.9822927814909725));
#3587=IFCCARTESIANPOINT((31.028215553243136,55.809144060362193,8.9825927349033101));
#3588=IFCCARTESIANPOINT((29.912478542032662,63.721677280585212,14.576684337133306));
#3589=IFCCARTESIANPOINT((30.640195565255457,59.767413538622016,11.781422516288567));
#3590=IFCCARTESIANPOINT((35.8784074511453,58.370320274869187,11.270755098911103));
#3591=IFCCARTESIANPOINT((32.817288616933013,55.809151203683442,8.9827290375921116));
#3592=IFCCARTESIANPOINT((34.330433702273858,62.271723881705377,14.039103004419545));
#3593=IFCCARTESIANPOINT((33.58402456903513,59.150761157968859,11.539396165128776));
#3594=IFCCARTESIANPOINT((41.11670390295275,50.895263505106904,9.0903217050539347));
#3595=IFCCARTESIANPOINT((40.649163544658805,52.233724271144993,9.0694453762211946));
#3596=IFCCARTESIANPOINT((39.895049221793357,53.433602494889698,9.046884185415367));
#3597=IFCCARTESIANPOINT((38.899283128404036,54.430373705715006,9.0387002459212535));
#3598=IFCCARTESIANPOINT((37.699476531488386,55.184841414649291,9.0247686761124566));
#3599=IFCCARTESIANPOINT((36.362767417591826,55.651877728845982,9.0033271609764345));
#3600=IFCCARTESIANPOINT((34.957985595715449,55.76768182028362,8.1914460645853033));
#3601=IFCCARTESIANPOINT((40.092916022088097,53.096457342112878,8.2191169346508843));
#3602=IFCCARTESIANPOINT((37.606043013038764,55.181534209094337,8.2039328882854665));
#3603=IFCCARTESIANPOINT((42.566569837312763,49.500000001026329,3.171005320758657));
#3604=IFCCARTESIANPOINT((42.56657004430717,24.750009048925115,3.1710073905050726));
#3605=IFCCARTESIANPOINT((42.566569837312748,-0.,3.1710053207590079));
#3606=IFCCARTESIANPOINT((42.195843570536852,-0.,2.8355026603785065));
#3607=IFCCARTESIANPOINT((41.825117303760941,-0.,2.4999999999980074));
#3608=IFCCARTESIANPOINT((41.825117303760848,49.499999999971457,2.4999999999976499));
#3609=IFCCARTESIANPOINT((42.195843570536809,49.500000000498879,2.8355026603781552));
#3610=IFCCARTESIANPOINT((41.825117303760898,24.749999999973102,2.4999999999978284));
#3611=IFCCARTESIANPOINT((42.566569954996524,35.42874119314758,3.1710064974838339));
#3612=IFCCARTESIANPOINT((41.825117303760877,37.124999999972282,2.4999999999977391));
#3613=IFCCARTESIANPOINT((41.825117303760862,42.46437076530885,2.4999999999977005));
#3614=IFCCARTESIANPOINT((42.566569954996417,14.071258134626346,3.1710064974830683));
#3615=IFCCARTESIANPOINT((41.825117303760919,12.374999999973925,2.4999999999979177));
#3616=IFCCARTESIANPOINT((41.825117303760905,18.562499999973511,2.4999999999978728));
#3617=IFCCARTESIANPOINT((41.825117303760933,7.0356292346373577,2.4999999999979563));
#3618=IFCCARTESIANPOINT((42.566569896154576,7.0356290673005484,3.1710059091210381));
#3619=IFCCARTESIANPOINT((41.825117303760884,30.937499999972683,2.4999999999977836));
#3620=IFCCARTESIANPOINT((42.566569999651847,30.089375121036348,3.171006943994453));
#3621=IFCCARTESIANPOINT((42.56656989615464,42.464370597086948,3.1710059091212455));
#3622=IFCCARTESIANPOINT((42.566569999651797,19.410633591775731,3.1710069439940702));
#3623=IFCCARTESIANPOINT((27.098445510816948,64.355810846032753,5.5355916570870907));
#3624=IFCCARTESIANPOINT((31.882500339248924,63.754448338585,5.3490777702807453));
#3625=IFCCARTESIANPOINT((36.173661581696351,61.702671260009069,4.7542271461806047));
#3626=IFCCARTESIANPOINT((39.585279772807198,58.421231706727767,4.0100705159584118));
#3627=IFCCARTESIANPOINT((41.79661463574255,54.217159211548179,3.4013803807418914));
#3628=IFCCARTESIANPOINT((41.092071673169379,54.025286571822939,2.7227367692059525));
#3629=IFCCARTESIANPOINT((38.987384010154024,58.054553466233642,3.3015368406371652));
#3630=IFCCARTESIANPOINT((35.737787890494936,61.198864623208365,4.009523638645927));
#3631=IFCCARTESIANPOINT((31.637554054958343,63.163874179180141,4.5717132292741303));
#3632=IFCCARTESIANPOINT((27.098445510816632,63.73130511777461,4.7525013290271749));
#3633=IFCCARTESIANPOINT((27.098445510816791,64.043557981903675,5.1440464930571403));
#3634=IFCCARTESIANPOINT((33.949912969932804,62.621646839607983,4.7092210164759933));
#3635=IFCCARTESIANPOINT((30.318929974384673,63.8027510551346,5.0679476657211113));
#3636=IFCCARTESIANPOINT((37.736761087843561,59.989100170459409,4.0204512250954973));
#3637=IFCCARTESIANPOINT((40.534636326456763,56.25879548003946,3.3247793460079094));
#3638=IFCCARTESIANPOINT((41.841956087123378,52.69534464856644,2.9424921001547686));
#3639=IFCCARTESIANPOINT((43.19946930523664,49.500002982556417,9.4999999999976517));
#3640=IFCCARTESIANPOINT((42.883019571272129,49.500001491864545,6.3355026603784026));
#3641=IFCCARTESIANPOINT((27.098445510791798,64.676822944581957,9.1206265166354026));
#3642=IFCCARTESIANPOINT((27.098445557192903,65.00003163216752,12.705355175849556));
#3643=IFCCARTESIANPOINT((32.071545940017728,64.370722589488494,12.438561108395929));
#3644=IFCCARTESIANPOINT((36.558494521007418,62.217030723386955,11.627666619800845));
#3645=IFCCARTESIANPOINT((40.097153912288299,58.801588565001261,10.623587619631598));
#3646=IFCCARTESIANPOINT((42.396451470520155,54.424126016445193,9.8114248191963345));
#3647=IFCCARTESIANPOINT((34.177049421132587,63.227473709168059,8.6165632858149959));
#3648=IFCCARTESIANPOINT((41.070847991578901,56.687826766178489,6.9393126916740391));
#3649=IFCCARTESIANPOINT((38.211941599113402,60.535600506955845,8.4186905338240763));
#3650=IFCCARTESIANPOINT((27.098445524727268,64.773890994033366,10.197214591547004));
#3651=IFCCARTESIANPOINT((30.73304853326394,64.41945857503913,9.5443921514158241));
#3652=IFCCARTESIANPOINT((27.098445510799351,64.579737902296401,8.0438485393178762));
#3653=IFCCARTESIANPOINT((31.905655938502473,63.948133812523345,7.4693631942697731));
#3654=IFCCARTESIANPOINT((34.621396056871468,62.807683088805753,6.5931844237060622));
#3655=IFCCARTESIANPOINT((37.371489479776159,61.021476574833585,6.5032637209686364));
#3656=IFCCARTESIANPOINT((39.463656385984336,58.961769130012271,6.5404582204391577));
#3657=IFCCARTESIANPOINT((33.004115521965467,63.890147831320974,10.517431111603377));
#3658=IFCCARTESIANPOINT((35.727641130037853,62.555304494608954,9.9425943228813907));
#3659=IFCCARTESIANPOINT((42.502017805220781,53.231806827149761,7.32814042061778));
#3660=IFCCARTESIANPOINT((42.476418787111861,52.349146306487278,5.0863862225906997));
#3661=IFCCARTESIANPOINT((43.199469305216866,24.747888236815257,9.5000000000475602));
#3662=IFCCARTESIANPOINT((43.199469305236654,-0.,9.4999999999980069));
#3663=IFCCARTESIANPOINT((42.883019575655254,9.5028287832764784E-009,6.3355027041840444));
#3664=IFCCARTESIANPOINT((42.743294312868201,22.499505411946874,4.9382500619103293));
#3665=IFCCARTESIANPOINT((42.743188491139811,20.013440219870542,4.9371918258004248));
#3666=IFCCARTESIANPOINT((42.74308236614695,17.520248058336268,4.9361305562440707));
#3667=IFCCARTESIANPOINT((42.742973685414455,14.967018243911058,4.9350437306511425));
#3668=IFCCARTESIANPOINT((42.845722844658923,13.150570275702865,5.9625353118932489));
#3669=IFCCARTESIANPOINT((43.022285160950865,14.501322140445673,7.7281584811768242));
#3670=IFCCARTESIANPOINT((43.022454076200681,18.469619809107286,7.7298476631610988));
#3671=IFCCARTESIANPOINT((43.02262566398683,22.500709123477744,7.7315635729544834));
#3672=IFCCARTESIANPOINT((42.901812241603942,23.8870635605576,6.5234293585769896));
#3673=IFCCARTESIANPOINT((43.199469305226749,12.373944118395029,9.5000000000227836));
#3674=IFCCARTESIANPOINT((42.566569940809956,12.375004524449956,3.1710063556320427));
#3675=IFCCARTESIANPOINT((43.199469305229542,40.611088373701534,9.5000000000155751));
#3676=IFCCARTESIANPOINT((42.56656991140882,40.640451474410732,3.1710060616485642));
#3677=IFCCARTESIANPOINT((42.887747951726269,36.687109635745536,6.3827864827237359));
#3678=IFCCARTESIANPOINT((13.549222755414485,55.809128361761914,8.9822931877654284));
#3679=IFCCARTESIANPOINT((0.,55.809128374037158,8.9822934219910131));
#3680=IFCCARTESIANPOINT((0.,55.767666131826722,8.1911467109943619));
#3681=IFCCARTESIANPOINT((0.,55.726203889616293,7.3999999999977089));
#3682=IFCCARTESIANPOINT((27.098445510816649,55.767666114019761,8.1911463712172541));
#3683=IFCCARTESIANPOINT((39.093229139501624,58.637593448932819,12.905774108829425));
#3684=IFCCARTESIANPOINT((40.832042414232092,55.8827223087169,12.321822798482028));
#3685=IFCCARTESIANPOINT((41.922039320397673,52.783159021519729,11.923463635340728));
#3686=IFCCARTESIANPOINT((42.297115301732049,49.500000436748046,11.775261799156127));
#3687=IFCCARTESIANPOINT((42.748292303483325,49.500001709657553,10.637630899576488));
#3688=IFCCARTESIANPOINT((27.09456164961529,64.560313635022467,13.722755580259982));
#3689=IFCCARTESIANPOINT((40.521488007539752,57.373810927492698,11.466715270579115));
#3690=IFCCARTESIANPOINT((34.315846736914622,63.035267874228161,13.085591711123108));
#3691=IFCCARTESIANPOINT((41.78163022804172,54.327215851986892,11.357637987648667));
#3692=IFCCARTESIANPOINT((42.613861369299038,49.500001330386411,10.976594951364989));
#3693=IFCCARTESIANPOINT((42.060612778242998,54.459199257553387,10.595100049385101));
#3694=IFCCARTESIANPOINT((38.302434162650144,60.401046962246433,11.82031843052515));
#3695=IFCCARTESIANPOINT((38.291696953259212,59.966572796033326,12.523305020681763));
#3696=IFCCARTESIANPOINT((40.253791577433518,57.341370763800747,12.09041591085885));
#3697=IFCCARTESIANPOINT((35.901814353689296,61.883519882874332,13.233500665575237));
#3698=IFCCARTESIANPOINT((34.544620691305333,62.155521149655065,13.997451248783287));
#3699=IFCCARTESIANPOINT((40.997338150048193,57.063453683027255,10.755301875757416));
#3700=IFCCARTESIANPOINT((30.808381691627776,64.355794635983429,13.311541484281616));
#3701=IFCCARTESIANPOINT((30.034642537544705,64.175465484483539,14.100376441635737));
#3702=IFCCARTESIANPOINT((42.973880804359979,49.50000234610696,10.068815449787071));
#3703=IFCCARTESIANPOINT((42.297115301446581,-0.,11.775261799876303));
#3704=IFCCARTESIANPOINT((42.74829230374295,-0.,10.637630898925117));
#3705=IFCCARTESIANPOINT((41.166969730699151,-0.,2.4999999999980074));
#3706=IFCCARTESIANPOINT((41.167286040053249,49.499999999971479,2.4999999999976499));
#3707=IFCCARTESIANPOINT((41.781537025466655,49.500000218883756,10.367557119756906));
#3708=IFCCARTESIANPOINT((41.781537025566003,-0.,10.367557120028511));
#3709=IFCCARTESIANPOINT((39.133464843863358,56.200676502397663,10.873851634763803));
#3710=IFCCARTESIANPOINT((41.257586419429742,52.661072641056265,10.517819507939747));
#3711=IFCCARTESIANPOINT((27.098620713887264,62.995903698172725,4.5205335105226689));
#3712=IFCCARTESIANPOINT((37.246545688068807,59.034191839859076,3.4966989625383915));
#3713=IFCCARTESIANPOINT((40.290032351819235,54.243326125588645,2.7439720702368202));
#3714=IFCCARTESIANPOINT((30.521136054344268,61.142527456803911,4.0173967820029137));
#3715=IFCCARTESIANPOINT((33.298631237225216,61.837205246654058,4.1832444904002513));
#3716=IFCCARTESIANPOINT((40.760994783968378,49.499999999971465,2.4999999999976481));
#3717=IFCCARTESIANPOINT((36.980664223312694,58.751079482410361,3.4378721182794005));
#3718=IFCCARTESIANPOINT((34.615375204200305,60.697004535368713,3.88121784642891));
#3719=IFCCARTESIANPOINT((38.871528519896124,56.714772679782868,3.0678762651333993));
#3720=IFCCARTESIANPOINT((39.442579135327286,56.641731572454283,3.056589069240097));
#3721=IFCCARTESIANPOINT((40.811621815271216,51.750647679880174,2.55462637589258));
#3722=IFCCARTESIANPOINT((41.172071952061927,52.193559091564907,2.5784416926915426));
#3723=IFCCARTESIANPOINT((32.097584780296145,61.890796043636421,4.197777014263119));
#3724=IFCCARTESIANPOINT((30.270835272220719,62.75299756432895,4.4454933208796916));
#3725=IFCCARTESIANPOINT((27.098533110691641,62.626309415042243,4.4107384427418079));
#3726=IFCCARTESIANPOINT((27.098533112351944,63.363604407973668,4.6365174197749219));
#3727=IFCCARTESIANPOINT((28.920709804670302,63.503505071012448,4.6799223863271502));
#3728=IFCCARTESIANPOINT((29.607924427957208,62.425741766385542,4.349111804991928));
#3729=IFCCARTESIANPOINT((33.106073472821357,60.301053366999227,3.803252328104259));
#3730=IFCCARTESIANPOINT((35.650318756222156,60.726660760117156,3.8883397845147138));
#3731=IFCCARTESIANPOINT((40.539880563704941,54.541345635970693,2.77596869306401));
#3732=IFCCARTESIANPOINT((35.691010891298433,-59.459579277245012,3.5891078742064599));
#3733=IFCCARTESIANPOINT((27.09844550749601,-62.256715131962238,4.3009433749618449));
#3734=IFCCARTESIANPOINT((27.098445509156335,-58.991459510814494,5.8504716874801792));
#3735=IFCCARTESIANPOINT((27.098445510816649,-55.726203889666735,7.3999999999985127));
#3736=IFCCARTESIANPOINT((34.957985595715449,-55.726203889666742,7.39999999999851));
#3737=IFCCARTESIANPOINT((35.324498243506945,-57.592891583455888,5.4945539371024852));
#3738=IFCCARTESIANPOINT((30.944976749608351,-61.004554691742094,3.9822844680349596));
#3739=IFCCARTESIANPOINT((27.098445508487021,-60.307757720545297,5.2258218651247264));
#3740=IFCCARTESIANPOINT((31.408327960188412,-59.267034093970864,5.4308438610414269));
#3741=IFCCARTESIANPOINT((31.028215553266048,-55.726203889666742,7.3999999999985109));
#3742=IFCCARTESIANPOINT((27.098445509825641,-57.675161090185441,6.4751216099174735));
#3743=IFCCARTESIANPOINT((35.17674870250076,-56.840387538585539,6.2626823575031008));
#3744=IFCCARTESIANPOINT((29.900213728061075,-60.714561807426101,4.8977237138316134));
#3745=IFCCARTESIANPOINT((35.507754563342097,-58.526235409669432,4.5418309267648995));
#3746=IFCCARTESIANPOINT((32.918314687826239,-60.084775861970364,4.6105113044781474));
#3747=IFCCARTESIANPOINT((30.835322772773523,-57.534655320908264,6.425848429141312));
#3748=IFCCARTESIANPOINT((33.124819985755401,-57.757450183885659,6.0069293856486965));
#3749=IFCCARTESIANPOINT((32.942966094740051,-56.657512836358023,6.7625437560860666));
#3750=IFCCARTESIANPOINT((33.317993820453395,-60.232066984493557,3.7856961711207102));
#3751=IFCCARTESIANPOINT((36.03251661891278,-55.632780605555936,7.3999999999985002));
#3752=IFCCARTESIANPOINT((37.085601108036087,-55.351398730851884,7.3999999999985153));
#3753=IFCCARTESIANPOINT((38.069996007650658,-54.892680787110052,7.3999999999984656));
#3754=IFCCARTESIANPOINT((38.962766435762568,-54.267320557589883,7.3999999999983981));
#3755=IFCCARTESIANPOINT((39.72897559079113,-53.50040864693554,7.3999999999982471));
#3756=IFCCARTESIANPOINT((40.350884995268181,-52.611631556249435,7.3999999999979114));
#3757=IFCCARTESIANPOINT((40.809637745229317,-51.62691842734607,7.3999999999988919));
#3758=IFCCARTESIANPOINT((41.090676107276479,-50.57504509898434,7.3999999999984967));
#3759=IFCCARTESIANPOINT((41.184189485356931,-49.500000001076721,7.3999999999984682));
#3760=IFCCARTESIANPOINT((40.846822130851294,-49.500000000549349,4.9499999999984174));
#3761=IFCCARTESIANPOINT((40.509454776345649,-49.500000000021977,2.499999999998364));
#3762=IFCCARTESIANPOINT((40.189475239855668,-52.348527394911422,2.5881143435673879));
#3763=IFCCARTESIANPOINT((39.237001733929098,-55.045436207119579,2.8348744528079304));
#3764=IFCCARTESIANPOINT((37.711088988675129,-57.453210361002839,3.1914932764514958));
#3765=IFCCARTESIANPOINT((38.568808320612789,-55.079970196442098,5.9940038231101047));
#3766=IFCCARTESIANPOINT((41.035334342793739,-49.500000000844025,6.3189970683004022));
#3767=IFCCARTESIANPOINT((38.487767863727349,-55.809143746829797,4.3471953340848026));
#3768=IFCCARTESIANPOINT((40.658309928822831,-49.500000000254673,3.581003003692949));
#3769=IFCCARTESIANPOINT((40.286986102043883,-52.489981504756919,4.3373378253834103));
#3770=IFCCARTESIANPOINT((39.856509167329357,-53.581195645167696,3.521198936149899));
#3771=IFCCARTESIANPOINT((40.299710467783697,-52.617062552055089,5.4046754220104001));
#3772=IFCCARTESIANPOINT((40.281414914714951,-52.724209125314907,6.4054940813081815));
#3773=IFCCARTESIANPOINT((38.883349487668575,-55.030246324767866,5.126832290973292));
#3774=IFCCARTESIANPOINT((35.14124191961119,-56.659547736561308,6.447276968550498));
#3775=IFCCARTESIANPOINT((0.,-55.726203889666735,7.3999999999985127));
#3776=IFCCARTESIANPOINT((0.,-62.26007995598092,4.3018258362955262));
#3777=IFCCARTESIANPOINT((0.,-58.993141922823824,5.8509129181470199));
#3778=IFCCARTESIANPOINT((13.101367972817412,-55.726203889666735,7.3999999999985127));
#3779=IFCCARTESIANPOINT((13.101369231050528,-62.258453154109425,4.3013991899861859));
#3780=IFCCARTESIANPOINT((13.549223409061842,-57.811897224433281,6.4106292285260755));
#3781=IFCCARTESIANPOINT((13.54922278777833,-59.655906390508648,5.5359039078090708));
#3782=IFCCARTESIANPOINT((40.500259115001555,-24.750000113503347,2.500000000006223));
#3783=IFCCARTESIANPOINT((41.184189485356931,-24.749999782685656,7.3999999999982906));
#3784=IFCCARTESIANPOINT((40.503640441904587,-33.850796384150073,2.5000000000033329));
#3785=IFCCARTESIANPOINT((41.22507417007678,-49.497578477981712,8.1799272273612971));
#3786=IFCCARTESIANPOINT((41.265958749201253,-49.500000001069928,8.959852440358393));
#3787=IFCCARTESIANPOINT((34.957985595715442,-55.809159751001431,8.9828921291737132));
#3788=IFCCARTESIANPOINT((31.02821555324314,-55.809144060412621,8.9825927349041201));
#3789=IFCCARTESIANPOINT((27.098445510816642,-55.809127593275541,8.9822927814917755));
#3790=IFCCARTESIANPOINT((27.098445510816227,-59.967925152969528,11.862605693595027));
#3791=IFCCARTESIANPOINT((27.098445510815807,-64.126722712663522,14.742918605698282));
#3792=IFCCARTESIANPOINT((32.290346128917676,-63.379412411296371,14.436215774965182));
#3793=IFCCARTESIANPOINT((36.798829306575179,-60.931480798837754,13.558618068650221));
#3794=IFCCARTESIANPOINT((29.912478531331448,-63.721677235235354,14.576684319518108));
#3795=IFCCARTESIANPOINT((30.640195791208885,-59.767413645005846,11.781422600028133));
#3796=IFCCARTESIANPOINT((35.878407451145307,-58.370320274919571,11.270755098911945));
#3797=IFCCARTESIANPOINT((32.817288616890252,-55.809151203733862,8.9827290375929163));
#3798=IFCCARTESIANPOINT((34.330433723572995,-62.271723923094861,14.039103015928262));
#3799=IFCCARTESIANPOINT((33.584024568994415,-59.150761158007199,11.539396165116509));
#3800=IFCCARTESIANPOINT((34.957985595715442,-55.767681820334076,8.1914460645861098));
#3801=IFCCARTESIANPOINT((36.362767417591833,-55.651877728896423,9.003327160977241));
#3802=IFCCARTESIANPOINT((37.699476531488372,-55.184841414699733,9.0247686761132968));
#3803=IFCCARTESIANPOINT((38.899283128404022,-54.43037370576544,9.0387002459220707));
#3804=IFCCARTESIANPOINT((39.895049221793364,-53.433602494940125,9.0468841854161646));
#3805=IFCCARTESIANPOINT((40.649163544658805,-52.233724271195399,9.0694453762219851));
#3806=IFCCARTESIANPOINT((41.116703902952729,-50.89526350515731,9.090321705054631));
#3807=IFCCARTESIANPOINT((40.092916022090712,-53.096457342159603,8.2191169346515327));
#3808=IFCCARTESIANPOINT((37.606043013039155,-55.181534209144594,8.2039328882862534));
#3809=IFCCARTESIANPOINT((42.56656983731277,-49.500000001076792,3.1710053207593702));
#3810=IFCCARTESIANPOINT((42.195843570536809,-49.500000000549377,2.8355026603788693));
#3811=IFCCARTESIANPOINT((41.825117303760848,-49.50000000002197,2.4999999999983635));
#3812=IFCCARTESIANPOINT((42.56657004430717,-24.75000904892936,3.171007390505439));
#3813=IFCCARTESIANPOINT((41.825117303760898,-24.750000000023608,2.4999999999981855));
#3814=IFCCARTESIANPOINT((42.566569954996524,-35.428741193225179,3.1710064974843499));
#3815=IFCCARTESIANPOINT((41.825117303760877,-37.125000000022787,2.4999999999982747));
#3816=IFCCARTESIANPOINT((41.825117303760862,-42.464370765380302,2.4999999999983129));
#3817=IFCCARTESIANPOINT((42.566569954996417,-14.071258134620173,3.1710064974832766));
#3818=IFCCARTESIANPOINT((41.825117303760919,-12.375000000024432,2.4999999999980962));
#3819=IFCCARTESIANPOINT((41.825117303760905,-18.56250000002402,2.4999999999981406));
#3820=IFCCARTESIANPOINT((41.825117303760933,-7.0356292346669074,2.499999999998058));
#3821=IFCCARTESIANPOINT((42.566569896154576,-7.0356290673227129,3.1710059091211429));
#3822=IFCCARTESIANPOINT((41.825117303760884,-30.937500000023203,2.4999999999982303));
#3823=IFCCARTESIANPOINT((42.566569999651847,-30.089375121077271,3.1710069439948945));
#3824=IFCCARTESIANPOINT((42.566569896154647,-42.464370597150982,3.1710059091218596));
#3825=IFCCARTESIANPOINT((42.566569999651797,-19.410633591774772,3.171006943994358));
#3826=IFCCARTESIANPOINT((27.098445510816948,-64.355810846083187,5.5355916570880188));
#3827=IFCCARTESIANPOINT((27.098445510816791,-64.043557981954152,5.1440464930580569));
#3828=IFCCARTESIANPOINT((27.098445510816632,-63.731305117825102,4.7525013290280933));
#3829=IFCCARTESIANPOINT((31.637554054957743,-63.163874179227818,4.5717132292714862));
#3830=IFCCARTESIANPOINT((35.737787890494445,-61.198864623256917,4.0095236386446));
#3831=IFCCARTESIANPOINT((38.987384010154535,-58.054553466283394,3.3015368406378371));
#3832=IFCCARTESIANPOINT((41.092071673169521,-54.025286571873004,2.7227367692066884));
#3833=IFCCARTESIANPOINT((41.796649950227625,-54.217053850644326,3.4013699269984592));
#3834=IFCCARTESIANPOINT((39.58528938100276,-58.421218914924438,4.0100680748307562));
#3835=IFCCARTESIANPOINT((36.173670326439058,-61.702665201974071,4.7542255442909251));
#3836=IFCCARTESIANPOINT((31.882505511129406,-63.754446824710783,5.3490773022458438));
#3837=IFCCARTESIANPOINT((33.949920278785427,-62.621643868731816,4.7092205974788923));
#3838=IFCCARTESIANPOINT((30.318930835053823,-63.802751054080353,5.0679478105191702));
#3839=IFCCARTESIANPOINT((37.736760719084167,-59.989099826068063,4.0204506820670911));
#3840=IFCCARTESIANPOINT((40.534670054892572,-56.258743036277195,3.324776724838467));
#3841=IFCCARTESIANPOINT((41.841956306386024,-52.695327240897768,2.9424876450706354));
#3842=IFCCARTESIANPOINT((0.,-63.729771091093859,4.7520088321764602));
#3843=IFCCARTESIANPOINT((0.,-62.996802866474866,4.5207884615372365));
#3844=IFCCARTESIANPOINT((27.098619559256552,-62.995903693883029,4.5205335239679068));
#3845=IFCCARTESIANPOINT((12.918780085822879,-63.730502415478455,4.7522436227114575));
#3846=IFCCARTESIANPOINT((13.549222704810745,-62.258397543976884,4.3013846056321592));
#3847=IFCCARTESIANPOINT((6.4593899411773492,-62.259277891137998,4.3016154861552076));
#3848=IFCCARTESIANPOINT((20.639055467911344,-63.7309394556328,4.7523839337605853));
#3849=IFCCARTESIANPOINT((20.639055566330981,-62.257517196803605,4.301153725105924));
#3850=IFCCARTESIANPOINT((6.4593900429175974,-63.73013675328616,4.7521262274439593));
#3851=IFCCARTESIANPOINT((9.6890845992087993,-62.996481886399494,4.5206974675460723));
#3852=IFCCARTESIANPOINT((15.707854741775417,-63.015416384528756,4.5265054760286567));
#3853=IFCCARTESIANPOINT((3.2296949705948319,-62.259678923559129,4.30172066122618));
#3854=IFCCARTESIANPOINT((4.8445422447988928,-62.884554717565891,4.4865668854880791));
#3855=IFCCARTESIANPOINT((3.2296950214649542,-63.729953922190006,4.7520675298102102));
#3856=IFCCARTESIANPOINT((4.8445422900055686,-63.335602163674601,4.6259954320660306));
#3857=IFCCARTESIANPOINT((23.868750489363983,-63.73112228672894,4.7524426313943353));
#3858=IFCCARTESIANPOINT((22.253902168025913,-63.108284560417339,4.5551023671109689));
#3859=IFCCARTESIANPOINT((27.098548129101207,-63.29771529285788,4.6157340115881427));
#3860=IFCCARTESIANPOINT((23.868750536913495,-62.257116164382474,4.3010485500349516));
#3861=IFCCARTESIANPOINT((22.253902674029536,-62.655564703103849,4.417743408142071));
#3862=IFCCARTESIANPOINT((17.094139135570867,-62.257957370390244,4.3012691653690425));
#3863=IFCCARTESIANPOINT((19.122068014339874,-62.882248930183835,4.4858819251596733));
#3864=IFCCARTESIANPOINT((16.778917776867111,-63.730720935555638,4.7523137782360223));
#3865=IFCCARTESIANPOINT((18.216419778901976,-63.320408234100896,4.6212180517556245));
#3866=IFCCARTESIANPOINT((15.321680482944091,-62.601410516726418,4.4016396747572433));
#3867=IFCCARTESIANPOINT((11.972583873985794,-62.661500794305731,4.4194943009255665));
#3868=IFCCARTESIANPOINT((10.004306274050629,-62.258837717563516,4.3015000458952777));
#3869=IFCCARTESIANPOINT((12.689284614906084,-63.058111937285695,4.5396226396271482));
#3870=IFCCARTESIANPOINT((9.6890850643702393,-63.7303195843823,4.7521849250777084));
#3871=IFCCARTESIANPOINT((43.19946930523664,-49.500002982606809,9.4999999999983675));
#3872=IFCCARTESIANPOINT((42.396451470520191,-54.424126016495507,9.811424819197077));
#3873=IFCCARTESIANPOINT((40.097153912286537,-58.801588565053997,10.623587619633057));
#3874=IFCCARTESIANPOINT((36.558494521004349,-62.217030723439493,11.627666619802467));
#3875=IFCCARTESIANPOINT((32.071545940017408,-64.370722589538957,12.438561108397026));
#3876=IFCCARTESIANPOINT((27.098445510627666,-65.000041304713179,12.705462454170817));
#3877=IFCCARTESIANPOINT((27.098445510791802,-64.676822944643305,9.1206265166353511));
#3878=IFCCARTESIANPOINT((42.883019571272129,-49.500001491914986,6.3355026603791149));
#3879=IFCCARTESIANPOINT((34.325048861165165,-63.154295916923942,8.5700176709611515));
#3880=IFCCARTESIANPOINT((41.051147000896357,-56.719980232708807,6.9239969786829469));
#3881=IFCCARTESIANPOINT((38.147310275325822,-60.422955090497737,7.0830660660828446));
#3882=IFCCARTESIANPOINT((30.895802204996489,-64.427607270412295,9.9840236917770326));
#3883=IFCCARTESIANPOINT((30.023140548018148,-64.360852965479154,7.5825507561941423));
#3884=IFCCARTESIANPOINT((42.348511615879637,-53.137558725786427,5.5954086632424831));
#3885=IFCCARTESIANPOINT((42.688427267313635,-52.605960408510072,7.6934684875343384));
#3886=IFCCARTESIANPOINT((39.508231590063581,-59.218721329383918,8.6193623199331419));
#3887=IFCCARTESIANPOINT((37.065134623280962,-61.595331187081108,9.3245777300173032));
#3888=IFCCARTESIANPOINT((43.199469305216873,-24.747888240550289,9.5000000000479368));
#3889=IFCCARTESIANPOINT((43.199469305229577,-8.8564185872592525,9.5000000000158753));
#3890=IFCCARTESIANPOINT((42.56656991140882,-40.640451494177569,3.1710060616491602));
#3891=IFCCARTESIANPOINT((27.098445510816649,-55.767666114070202,8.1911463712180552));
#3892=IFCCARTESIANPOINT((0.,-55.767666131877164,8.1911467109951648));
#3893=IFCCARTESIANPOINT((0.,-55.809128374087571,8.9822934219918178));
#3894=IFCCARTESIANPOINT((13.549222755414485,-55.809128361812327,8.9822931877662242));
#3895=IFCCARTESIANPOINT((27.094561495047611,-64.560313635073371,13.722755580261161));
#3896=IFCCARTESIANPOINT((42.748292303483325,-49.500001709701401,10.637630899577205));
#3897=IFCCARTESIANPOINT((42.297115301732049,-49.500000436798445,11.775261799156844));
#3898=IFCCARTESIANPOINT((41.922069010651718,-52.783029958037694,11.923452338665856));
#3899=IFCCARTESIANPOINT((40.831994270334839,-55.882821586739034,12.321839925113));
#3900=IFCCARTESIANPOINT((39.093262567311257,-58.637551593448727,12.905763604349744));
#3901=IFCCARTESIANPOINT((38.399181480947817,-60.101022108237295,12.113434734465173));
#3902=IFCCARTESIANPOINT((41.812832213092705,-54.640377849472884,11.059201932300271));
#3903=IFCCARTESIANPOINT((34.096446451871593,-63.176507257123745,13.051554792111057));
#3904=IFCCARTESIANPOINT((38.186524939277703,-59.963608812460528,12.723940247172594));
#3905=IFCCARTESIANPOINT((40.264772753710176,-57.566804855163838,11.804224888949687));
#3906=IFCCARTESIANPOINT((35.612257580866675,-62.079100032416839,13.283025270065931));
#3907=IFCCARTESIANPOINT((40.863820658324521,-57.161141318237291,10.947220369022149));
#3908=IFCCARTESIANPOINT((32.964034063676955,-63.401400438737888,13.774730772599135));
#3909=IFCCARTESIANPOINT((30.690409836831599,-64.277436915894285,13.553424690252838));
#3910=IFCCARTESIANPOINT((29.694395767812821,-63.750062815826908,14.588256855132773));
#3911=IFCCARTESIANPOINT((27.097035902219371,-64.280247939968675,14.371023182889971));
#3912=IFCCARTESIANPOINT((29.846816921867006,-64.192777924046354,14.136965838377272));
#3913=IFCCARTESIANPOINT((42.649624067413328,-52.454714722762297,10.270548265754408));
#3914=IFCCARTESIANPOINT((36.60845957174687,-61.850611707335894,12.222344024523839));
#3915=IFCCARTESIANPOINT((41.167286040053249,-49.500000000021984,2.4999999999983635));
#3916=IFCCARTESIANPOINT((41.781537025466655,-49.500000218934169,10.36755711975762));
#3917=IFCCARTESIANPOINT((39.13346256217924,-56.200672686939512,10.873846467595795));
#3918=IFCCARTESIANPOINT((41.257585564839211,-52.661079430582156,10.517822643101148));
#3919=IFCCARTESIANPOINT((37.136801799677592,-59.135558463215283,3.5182566166023772));
#3920=IFCCARTESIANPOINT((40.349031857935458,-54.077540301797676,2.7271294612651054));
#3921=IFCCARTESIANPOINT((30.295817405646897,-61.215875385308443,4.0360628969486259));
#3922=IFCCARTESIANPOINT((33.361331051023626,-61.856354372468523,4.188580619870387));
#3923=IFCCARTESIANPOINT((36.929995826786175,-58.792434388376719,3.446372701925513));
#3924=IFCCARTESIANPOINT((38.868668360944021,-56.72928260136522,3.0701800680289346));
#3925=IFCCARTESIANPOINT((34.538645178273349,-60.756690374347421,3.8962455164508869));
#3926=IFCCARTESIANPOINT((31.697920434739469,-62.06624385512378,4.2470226342756625));
#3927=IFCCARTESIANPOINT((30.263326663302998,-62.852549703237969,4.4751978930230383));
#3928=IFCCARTESIANPOINT((39.600728547208298,-56.406028286048851,3.0201991753834032));
#3929=IFCCARTESIANPOINT((32.993414148472674,-60.337727331276717,3.8125853855775431));
#3930=IFCCARTESIANPOINT((37.362585950322448,-59.626709044769491,3.6555302396408558));
#3931=IFCCARTESIANPOINT((36.350212710895136,-60.288326961234027,3.7803085000577767));
#3932=IFCCARTESIANPOINT((38.175540479349287,-58.502757060998228,3.3877777686753792));
#3933=IFCCARTESIANPOINT((27.098533110188495,-62.626309650849862,4.410738514938922));
#3934=IFCCARTESIANPOINT((13.549240976130164,64.120700775220413,14.74032674192309));
#3935=IFCCARTESIANPOINT((0.,64.120690442479273,14.740350659256459));
#3936=IFCCARTESIANPOINT((0.,59.96490952968081,11.861321909933494));
#3937=IFCCARTESIANPOINT((8.2860212796730881,64.120696761454113,14.740336032641315));
#3938=IFCCARTESIANPOINT((-0.,62.260079955928987,4.3018258363008988));
#3939=IFCCARTESIANPOINT((-0.,62.996802866423941,4.5207884615386424));
#3940=IFCCARTESIANPOINT((0.,63.729771091043389,4.7520088321755383));
#3941=IFCCARTESIANPOINT((12.91878008582248,63.730502415427985,4.75224362271054));
#3942=IFCCARTESIANPOINT((13.549222753641672,62.258397543920246,4.3013846056304885));
#3943=IFCCARTESIANPOINT((6.4593900339314247,62.25927789107552,4.3016154861541054));
#3944=IFCCARTESIANPOINT((20.639055467911543,63.73093945558233,4.7523839337596705));
#3945=IFCCARTESIANPOINT((20.639055473351924,62.257517196764958,4.3011537251068725));
#3946=IFCCARTESIANPOINT((6.4593900429173967,63.730136753235683,4.7521262274430391));
#3947=IFCCARTESIANPOINT((9.6890845992085008,62.99648188633995,4.5206974675433873));
#3948=IFCCARTESIANPOINT((15.707854741806315,63.015416384475564,4.5265054760270136));
#3949=IFCCARTESIANPOINT((3.2296949679160205,62.259678923508339,4.3017206612290959));
#3950=IFCCARTESIANPOINT((4.8445422445736694,62.884554717501707,4.4865668854850069));
#3951=IFCCARTESIANPOINT((3.2296950214648548,63.729953922139536,4.7520675298092891));
#3952=IFCCARTESIANPOINT((4.8445422900054202,63.335602163616869,4.6259954320637515));
#3953=IFCCARTESIANPOINT((23.868750489364089,63.73112228667847,4.7524426313934205));
#3954=IFCCARTESIANPOINT((22.253902168026137,63.108284488512041,4.5551023449034727));
#3955=IFCCARTESIANPOINT((23.868750539367323,62.25711616433216,4.301048550031882));
#3956=IFCCARTESIANPOINT((22.253902674029643,62.65556466465511,4.417743396705017));
#3957=IFCCARTESIANPOINT((17.09413916244015,62.257957370336527,4.3012691653670867));
#3958=IFCCARTESIANPOINT((19.122067920373105,62.882248875005388,4.48588190843126));
#3959=IFCCARTESIANPOINT((16.778917776867011,63.730720935505147,4.7523137782351048));
#3960=IFCCARTESIANPOINT((18.216420125117601,63.320408224730031,4.6212180488247752));
#3961=IFCCARTESIANPOINT((15.321680482859721,62.601410516674321,4.4016396747561064));
#3962=IFCCARTESIANPOINT((11.972583873956207,62.661500794252625,4.41949430092484));
#3963=IFCCARTESIANPOINT((10.004306344843192,62.258837717503965,4.3015000458938912));
#3964=IFCCARTESIANPOINT((12.689284614917602,63.058111937234194,4.5396226396264305));
#3965=IFCCARTESIANPOINT((9.6890850643699391,63.730319584331831,4.7521849250767891));
#3966=IFCCARTESIANPOINT((-0.,64.041594729521407,5.1428616732777312));
#3967=IFCCARTESIANPOINT((0.,64.353417864908238,5.5337149157455965));
#3968=IFCCARTESIANPOINT((13.549222925469417,64.353418560744814,5.5337226001358406));
#3969=IFCCARTESIANPOINT((13.549222755414471,63.730538104408986,4.7522550806013593));
#3970=IFCCARTESIANPOINT((21.896006571434896,63.731010610829649,4.7524067780390968));
#3971=IFCCARTESIANPOINT((20.32383421814318,64.354614703388776,5.5346571286114656));
#3972=IFCCARTESIANPOINT((5.2024389393940469,63.730065597988322,4.7521033831636217));
#3973=IFCCARTESIANPOINT((6.7746114627408707,64.353418212826526,5.5337187579407185));
#3974=IFCCARTESIANPOINT((17.722614663424682,63.73077435761931,4.7523309293202276));
#3975=IFCCARTESIANPOINT((9.3758308474042575,63.730301851198661,4.75217923188249));
#3976=IFCCARTESIANPOINT((13.549165971135293,65.,12.705014149551811));
#3977=IFCCARTESIANPOINT((1.1081804720111387E-009,65.000007075424605,12.70499777201737));
#3978=IFCCARTESIANPOINT((-7.8056683987257139E-007,64.560348758927404,13.722674215625275));
#3979=IFCCARTESIANPOINT((7.813464735719843,65.000002995189504,12.705007216531376));
#3980=IFCCARTESIANPOINT((10.720440835208322,64.561256742928819,13.720572506438046));
#3981=IFCCARTESIANPOINT((19.229270285001459,64.999963952540838,12.705097588491514));
#3982=IFCCARTESIANPOINT((16.407380083847904,64.693996521160571,13.413319941516002));
#3983=IFCCARTESIANPOINT((20.323843191419062,64.120706997763762,14.740312338611266));
#3984=IFCCARTESIANPOINT((22.132037854162036,64.723271704991191,13.345556717544955));
#3985=IFCCARTESIANPOINT((19.743927122728611,64.436188970604832,14.010066690823928));
#3986=IFCCARTESIANPOINT((6.7746204880694059,64.120695608822331,14.740338700576839));
#3987=IFCCARTESIANPOINT((14.981588569683215,64.441391923602936,13.998023423353379));
#3988=IFCCARTESIANPOINT((11.250933674203839,64.32365847075495,14.270540869486904));
#3989=IFCCARTESIANPOINT((6.2437478581725321,64.410976163340351,14.068426737856022));
#3990=IFCCARTESIANPOINT((6.0084679865439119,64.71409064087365,13.366808112843968));
#3991=IFCCARTESIANPOINT((0.,64.676708023640217,9.1193544363624213));
#3992=IFCCARTESIANPOINT((0.,-64.999998179441846,12.704993957309375));
#3993=IFCCARTESIANPOINT((0.,-64.676708023690665,9.1193544363633485));
#3994=IFCCARTESIANPOINT((0.,-64.353417867944898,5.5337149154772813));
#3995=IFCCARTESIANPOINT((13.5492228349596,-64.353418560811704,5.5337226001241211));
#3996=IFCCARTESIANPOINT((13.549165928660589,-65.,12.705014149552646));
#3997=IFCCARTESIANPOINT((0.,-64.120690442474583,14.74035065923152));
#3998=IFCCARTESIANPOINT((-7.8056682751609372E-007,-64.560348758975238,13.722674215625116));
#3999=IFCCARTESIANPOINT((13.54924013072406,-64.120700775271359,14.740326741922535));
#4000=IFCCARTESIANPOINT((7.4329721616196069,-64.120696110939392,14.740337538444662));
#4001=IFCCARTESIANPOINT((10.451426609760667,-64.561342806020505,13.720373296426599));
#4002=IFCCARTESIANPOINT((19.643995819772247,-64.999961320633929,12.705103680679958));
#4003=IFCCARTESIANPOINT((16.615584534893326,-64.678352272805299,13.449531659735708));
#4004=IFCCARTESIANPOINT((20.323842768716016,-64.120706997814395,14.740312338611449));
#4005=IFCCARTESIANPOINT((22.216534157213502,-64.719827109071943,13.353529918638927));
#4006=IFCCARTESIANPOINT((20.073863322457015,-64.432194313855916,14.019313116896338));
#4007=IFCCARTESIANPOINT((14.872177104491264,-64.404258276318046,14.083976620947652));
#4008=IFCCARTESIANPOINT((10.73517635860059,-64.313798816593533,14.293362996248122));
#4009=IFCCARTESIANPOINT((5.2502149630886139,-64.420222682516027,14.047023833943866));
#4010=IFCCARTESIANPOINT((6.7745829637885135,-65.000003537749762,12.70500596078548));
#4011=IFCCARTESIANPOINT((4.6043308213234919,-64.721899571049434,13.348732794018792));
#4012=IFCCARTESIANPOINT((10.161874446224555,-65.000001768887174,12.705010055169062));
#4013=IFCCARTESIANPOINT((-0.,-64.041594729571912,5.1428616732786647));
#4014=IFCCARTESIANPOINT((13.549222755414473,-63.730538104459484,4.7522550806022785));
#4015=IFCCARTESIANPOINT((21.896006571435738,-63.731010610880126,4.7524067780400161));
#4016=IFCCARTESIANPOINT((20.323834172889011,-64.354614703439239,5.5346571286124249));
#4017=IFCCARTESIANPOINT((5.202438939393212,-63.730065598038827,4.7521033831645418));
#4018=IFCCARTESIANPOINT((6.7746114174867005,-64.353418212876988,5.5337187579416778));
#4019=IFCCARTESIANPOINT((17.722614663425102,-63.730774357669802,4.7523309293211478));
#4020=IFCCARTESIANPOINT((9.3758308474038436,-63.730301851249145,4.7521792318834102));
#4021=IFCCARTESIANPOINT((0.,-59.964909529731166,11.861321909934356));
#4022=IFCCARTESIANPOINT((8.2860212796730508,-64.120696761505229,14.740336032640426));
#4023=IFCCARTESIANPOINT((-35.691010891273805,59.4595792771945,3.5891078742056011));
#4024=IFCCARTESIANPOINT((-27.098445507471382,62.256715131911747,4.300943374960946));
#4025=IFCCARTESIANPOINT((-27.098445509131707,58.991459510764024,5.8504716874793292));
#4026=IFCCARTESIANPOINT((-27.098445510792022,55.726203889616315,7.3999999999977062));
#4027=IFCCARTESIANPOINT((-34.957985595690822,55.726203889616308,7.3999999999977168));
#4028=IFCCARTESIANPOINT((-35.324498243482324,57.592891583405411,5.494553937101661));
#4029=IFCCARTESIANPOINT((-30.944976749583724,61.004554691691595,3.9822844680340794));
#4030=IFCCARTESIANPOINT((-27.098445508462394,60.307757720494827,5.2258218651238577));
#4031=IFCCARTESIANPOINT((-31.408327960163803,59.267034093920415,5.4308438610405751));
#4032=IFCCARTESIANPOINT((-31.02821555324142,55.726203889616308,7.3999999999977115));
#4033=IFCCARTESIANPOINT((-27.098445509801017,57.675161090134992,6.4751216099166378));
#4034=IFCCARTESIANPOINT((-35.176748704449466,56.840387548585483,6.2626823472432198));
#4035=IFCCARTESIANPOINT((-29.900213728036451,60.714561807375631,4.8977237138307377));
#4036=IFCCARTESIANPOINT((-35.507754567378065,58.526235430299955,4.5418309056536312));
#4037=IFCCARTESIANPOINT((-32.918314687801619,60.08477586191988,4.6105113044772805));
#4038=IFCCARTESIANPOINT((-30.835322772748885,57.534655320857809,6.4258484291404843));
#4039=IFCCARTESIANPOINT((-33.124819985730774,57.757450183835196,6.0069293856478696));
#4040=IFCCARTESIANPOINT((-32.942966094715409,56.657512836307589,6.762543756085261));
#4041=IFCCARTESIANPOINT((-33.317993820428768,60.232066984443051,3.7856961711198402));
#4042=IFCCARTESIANPOINT((-36.032516618888152,55.632780605505467,7.3999999999977613));
#4043=IFCCARTESIANPOINT((-37.085601108011446,55.351398730801378,7.399999999997843));
#4044=IFCCARTESIANPOINT((-38.069996007626017,54.892680787059632,7.3999999999976644));
#4045=IFCCARTESIANPOINT((-38.962766435737876,54.267320557539421,7.3999999999978048));
#4046=IFCCARTESIANPOINT((-39.728975590766439,53.500408646885106,7.3999999999976476));
#4047=IFCCARTESIANPOINT((-40.350884995243526,52.611631556199058,7.3999999999977568));
#4048=IFCCARTESIANPOINT((-40.809637745204576,51.626918427295614,7.3999999999967834));
#4049=IFCCARTESIANPOINT((-41.090676107251838,50.575045098933934,7.3999999999977009));
#4050=IFCCARTESIANPOINT((-41.184189485332297,49.500000001026294,7.3999999999977559));
#4051=IFCCARTESIANPOINT((-40.846822130826659,49.500000000498872,4.9499999999977016));
#4052=IFCCARTESIANPOINT((-40.509454776321014,49.499999999971443,2.4999999999976503));
#4053=IFCCARTESIANPOINT((-40.189475239831033,52.348527394860902,2.5881143435666853));
#4054=IFCCARTESIANPOINT((-39.237001733904464,55.045436207069088,2.8348744528071608));
#4055=IFCCARTESIANPOINT((-37.711088988650495,57.453210360952333,3.1914932764506672));
#4056=IFCCARTESIANPOINT((-38.568808320590364,55.079970196389709,5.9940038231088231));
#4057=IFCCARTESIANPOINT((-41.035334340633369,49.500000000793577,6.3189970527897001));
#4058=IFCCARTESIANPOINT((-38.487767863702615,55.809143746779455,4.3471953340839624));
#4059=IFCCARTESIANPOINT((-40.658309922042243,49.500000000204153,3.5810029546297741));
#4060=IFCCARTESIANPOINT((-40.28698610201922,52.489981504706456,4.3373378253826198));
#4061=IFCCARTESIANPOINT((-39.856509167304679,53.581195645117283,3.5211989361491396));
#4062=IFCCARTESIANPOINT((-40.299710467759375,52.617062552003787,5.4046754220090651));
#4063=IFCCARTESIANPOINT((-40.281414914692256,52.724209125260586,6.4054940813074293));
#4064=IFCCARTESIANPOINT((-38.883349487644615,55.030246324716686,5.126832290972148));
#4065=IFCCARTESIANPOINT((-35.14124191958657,56.659547736510874,6.4472769685496765));
#4066=IFCCARTESIANPOINT((-40.508822157612713,-0.,2.4999999999980074));
#4067=IFCCARTESIANPOINT((-40.50025911497692,24.75000011345282,2.5000000000058664));
#4068=IFCCARTESIANPOINT((-41.184189485332297,4.3570543899113247E-007,7.3999999999981112));
#4069=IFCCARTESIANPOINT((-40.846505821406197,2.1784007277300875E-007,4.9500000000071971));
#4070=IFCCARTESIANPOINT((-41.184189485332297,24.750000218365876,7.3999999999979327));
#4071=IFCCARTESIANPOINT((-40.503640441879959,33.850796384099517,2.5000000000028453));
#4072=IFCCARTESIANPOINT((-41.225074170052146,49.497578477931256,8.179927227360583));
#4073=IFCCARTESIANPOINT((-41.265958749176619,49.500000001019536,8.9598524403576807));
#4074=IFCCARTESIANPOINT((-41.265958749176619,-0.,8.9598524403580377));
#4075=IFCCARTESIANPOINT((-41.225074117254458,-0.,8.1799262201780731));
#4076=IFCCARTESIANPOINT((-34.957985595690815,55.809159750951018,8.9828921291729085));
#4077=IFCCARTESIANPOINT((-31.028215553218509,55.809144060362193,8.9825927349033101));
#4078=IFCCARTESIANPOINT((-27.098445510792025,55.809127593225142,8.9822927814909814));
#4079=IFCCARTESIANPOINT((-27.098445510791606,59.967925152919179,11.862605693594166));
#4080=IFCCARTESIANPOINT((-27.09844551079118,64.126722712613201,14.742918605697355));
#4081=IFCCARTESIANPOINT((-32.290346128892082,63.379412411246363,14.436215774964408));
#4082=IFCCARTESIANPOINT((-36.798829306550552,60.931480798787405,13.55861806864934));
#4083=IFCCARTESIANPOINT((-29.912478531306842,63.721677235185133,14.576684319517232));
#4084=IFCCARTESIANPOINT((-30.640195791183782,59.767413644955248,11.781422600027092));
#4085=IFCCARTESIANPOINT((-35.878407451120687,58.370320274869215,11.270755098911124));
#4086=IFCCARTESIANPOINT((-32.817288616865618,55.809151203683435,8.9827290375921098));
#4087=IFCCARTESIANPOINT((-34.330433723548325,62.271723923044426,14.039103015927346));
#4088=IFCCARTESIANPOINT((-33.584024568969788,59.150761157956822,11.539396165115662));
#4089=IFCCARTESIANPOINT((-34.957985595690829,55.76768182028362,8.1914460645853033));
#4090=IFCCARTESIANPOINT((-36.362767417567213,55.651877728845996,9.0033271609764558));
#4091=IFCCARTESIANPOINT((-37.699476531463787,55.184841414649298,9.0247686761124886));
#4092=IFCCARTESIANPOINT((-38.89928312837943,54.430373705715006,9.0387002459213157));
#4093=IFCCARTESIANPOINT((-39.89504922176873,53.433602494889698,9.046884185415399));
#4094=IFCCARTESIANPOINT((-40.649163544634177,52.233724271144965,9.0694453762211413));
#4095=IFCCARTESIANPOINT((-41.116703902928101,50.895263505106854,9.0903217050539027));
#4096=IFCCARTESIANPOINT((-40.092916022064138,53.096457342111925,8.2191169346508861));
#4097=IFCCARTESIANPOINT((-37.60604301301548,55.181534209093712,8.2039328882854754));
#4098=IFCCARTESIANPOINT((-42.566569837288135,49.500000001026301,3.1710053207586562));
#4099=IFCCARTESIANPOINT((-42.195843570512174,49.500000000498879,2.8355026603781552));
#4100=IFCCARTESIANPOINT((-41.825117303736214,49.499999999971479,2.4999999999976499));
#4101=IFCCARTESIANPOINT((-41.825117303736306,-0.,2.4999999999980074));
#4102=IFCCARTESIANPOINT((-42.19584357051221,-0.,2.8355026603785065));
#4103=IFCCARTESIANPOINT((-42.566569837288114,-0.,3.1710053207590079));
#4104=IFCCARTESIANPOINT((-42.566570044282535,24.750009048925115,3.1710073905050726));
#4105=IFCCARTESIANPOINT((-41.825117303736263,24.74999999997311,2.4999999999978284));
#4106=IFCCARTESIANPOINT((-42.566569954971889,35.428741193147559,3.1710064974838339));
#4107=IFCCARTESIANPOINT((-41.825117303736242,37.124999999972296,2.4999999999977391));
#4108=IFCCARTESIANPOINT((-41.825117303736228,42.464370765308871,2.4999999999977005));
#4109=IFCCARTESIANPOINT((-42.566569954971783,14.071258134626346,3.1710064974830683));
#4110=IFCCARTESIANPOINT((-41.825117303736285,12.374999999973925,2.4999999999979177));
#4111=IFCCARTESIANPOINT((-41.82511730373627,18.562499999973522,2.4999999999978728));
#4112=IFCCARTESIANPOINT((-41.825117303736299,7.0356292346373586,2.4999999999979563));
#4113=IFCCARTESIANPOINT((-42.566569896129941,7.0356290673005466,3.1710059091210381));
#4114=IFCCARTESIANPOINT((-41.825117303736249,30.937499999972705,2.499999999997784));
#4115=IFCCARTESIANPOINT((-42.566569999627212,30.089375121036333,3.171006943994453));
#4116=IFCCARTESIANPOINT((-42.566569896130012,42.464370597086933,3.171005909121245));
#4117=IFCCARTESIANPOINT((-42.566569999627163,19.410633591775731,3.1710069439940707));
#4118=IFCCARTESIANPOINT((-27.09844551079232,64.355810846032739,5.5355916570870818));
#4119=IFCCARTESIANPOINT((-27.098445510792164,64.043557981903675,5.1440464930571403));
#4120=IFCCARTESIANPOINT((-27.098445510792004,63.731305117774617,4.752501329027174));
#4121=IFCCARTESIANPOINT((-31.637554054933723,63.163874179180155,4.5717132292741827));
#4122=IFCCARTESIANPOINT((-35.737787890470322,61.198864623208394,4.0095236386459723));
#4123=IFCCARTESIANPOINT((-38.987384010129375,58.054553466233642,3.3015368406371679));
#4124=IFCCARTESIANPOINT((-41.092071673144744,54.025286571822939,2.7227367692059534));
#4125=IFCCARTESIANPOINT((-41.79664995020363,54.21705385059186,3.4013699269974573));
#4126=IFCCARTESIANPOINT((-39.58528938097961,58.421218914871936,4.0100680748295101));
#4127=IFCCARTESIANPOINT((-36.173670326417884,61.702665201921185,4.7542255442894046));
#4128=IFCCARTESIANPOINT((-31.882505511107599,63.75444682465951,5.349077302244706));
#4129=IFCCARTESIANPOINT((-33.949920278764381,62.621643868680877,4.7092205974789278));
#4130=IFCCARTESIANPOINT((-30.318930835022105,63.80275105403279,5.0679478105206401));
#4131=IFCCARTESIANPOINT((-37.736760719066346,59.989099826012001,4.0204506820656105));
#4132=IFCCARTESIANPOINT((-40.534670054869075,56.2587430362248,3.3247767248374802));
#4133=IFCCARTESIANPOINT((-41.841956306361354,52.695327240846943,2.9424876450697659));
#4134=IFCCARTESIANPOINT((-43.199469305212006,49.500002982556403,9.4999999999976517));
#4135=IFCCARTESIANPOINT((-42.396451470495663,54.424126016444738,9.8114248191962208));
#4136=IFCCARTESIANPOINT((-40.097153912263586,58.801588565001381,10.623587619631657));
#4137=IFCCARTESIANPOINT((-36.558494520983153,62.217030723386721,11.627666619800786));
#4138=IFCCARTESIANPOINT((-32.0715459399932,64.370722589488494,12.438561108396007));
#4139=IFCCARTESIANPOINT((-27.098445510603039,65.00004130466283,12.705462454169874));
#4140=IFCCARTESIANPOINT((-27.098445510767174,64.676822944581943,9.1206265166354008));
#4141=IFCCARTESIANPOINT((-42.883019571247495,49.500001491864545,6.3355026603784035));
#4142=IFCCARTESIANPOINT((-34.325048861144715,63.154295916881466,8.5700176709570162));
#4143=IFCCARTESIANPOINT((-41.051147000880881,56.71998023263378,6.9239969786763771));
#4144=IFCCARTESIANPOINT((-38.147310275319391,60.42295509045649,7.0830660662488967));
#4145=IFCCARTESIANPOINT((-30.895802204965854,64.427607270341568,9.9840236916427614));
#4146=IFCCARTESIANPOINT((-30.023140547672853,64.360852965460708,7.5825507560684864));
#4147=IFCCARTESIANPOINT((-42.348511615863849,53.13755872573978,5.5954086633535978));
#4148=IFCCARTESIANPOINT((-42.688427267354015,52.605960408184053,7.6934684876110691));
#4149=IFCCARTESIANPOINT((-39.508231590213207,59.218721329123397,8.6193623198670526));
#4150=IFCCARTESIANPOINT((-37.06513462386139,61.59533118658787,9.3245777301204331));
#4151=IFCCARTESIANPOINT((-42.88301957563062,9.5028287832769814E-009,6.3355027041840444));
#4152=IFCCARTESIANPOINT((-43.199469305212013,-0.,9.4999999999980069));
#4153=IFCCARTESIANPOINT((-43.199469305192231,24.747888236818593,9.5000000000475602));
#4154=IFCCARTESIANPOINT((-43.199469305204936,8.8564186069225528,9.5000000000157421));
#4155=IFCCARTESIANPOINT((-42.566569911384185,40.640451474410455,3.1710060616485722));
#4156=IFCCARTESIANPOINT((-27.098445510792022,55.767666114019761,8.1911463712172541));
#4157=IFCCARTESIANPOINT((-13.549222755389854,55.809128361761914,8.9822931877654284));
#4158=IFCCARTESIANPOINT((-27.094561608458008,64.560313635020975,13.722755580259337));
#4159=IFCCARTESIANPOINT((-42.74829230345869,49.500001709657553,10.637630899576488));
#4160=IFCCARTESIANPOINT((-42.297115301707407,49.500000436748067,11.775261799156128));
#4161=IFCCARTESIANPOINT((-41.922069010627091,52.78302995798731,11.923452338665079));
#4162=IFCCARTESIANPOINT((-40.831994270310226,55.882821586688721,12.321839925112172));
#4163=IFCCARTESIANPOINT((-39.093262567286622,58.637551593398378,12.905763604348913));
#4164=IFCCARTESIANPOINT((-38.399181481763598,60.101022107284834,12.113434734305375));
#4165=IFCCARTESIANPOINT((-41.812832213462777,54.640377848298307,11.059201932177601));
#4166=IFCCARTESIANPOINT((-34.096446450591607,63.176507257324644,13.051554793031366));
#4167=IFCCARTESIANPOINT((-38.186524939623695,59.963608811994497,12.723940247133715));
#4168=IFCCARTESIANPOINT((-40.264772754198077,57.566804854245518,11.80422488885127));
#4169=IFCCARTESIANPOINT((-35.612257582572603,62.079100031277591,13.283025269684995));
#4170=IFCCARTESIANPOINT((-40.863820659205338,57.161141316715202,10.94722036860705));
#4171=IFCCARTESIANPOINT((-32.964034068408694,63.40140043657378,13.77473077253865));
#4172=IFCCARTESIANPOINT((-30.690409891270107,64.277436902259794,13.553424691734151));
#4173=IFCCARTESIANPOINT((-29.694395767787711,63.75006281577673,14.588256855131931));
#4174=IFCCARTESIANPOINT((-27.097035943357874,64.28024794030263,14.371023181997433));
#4175=IFCCARTESIANPOINT((-29.846816952718623,64.192777918581271,14.136965838777279));
#4176=IFCCARTESIANPOINT((-42.649624067653932,52.454714721686194,10.270548265520155));
#4177=IFCCARTESIANPOINT((-36.608459571094308,61.850611707578167,12.222344024983936));
#4178=IFCCARTESIANPOINT((-42.748292303718316,-0.,10.637630898925117));
#4179=IFCCARTESIANPOINT((-42.297115301421947,-0.,11.775261799876303));
#4180=IFCCARTESIANPOINT((-41.167286040028614,49.499999999971479,2.4999999999976499));
#4181=IFCCARTESIANPOINT((-41.166969730674509,-0.,2.4999999999980074));
#4182=IFCCARTESIANPOINT((-41.781537025541361,-0.,10.367557120028511));
#4183=IFCCARTESIANPOINT((-41.78153702544202,49.500000218883756,10.367557119756906));
#4184=IFCCARTESIANPOINT((-39.133462562154541,56.200672686889213,10.873846467594998));
#4185=IFCCARTESIANPOINT((-41.257585564814555,52.661079430531736,10.517822643100327));
#4186=IFCCARTESIANPOINT((-27.098620713864772,62.995903698172718,4.5205335105226556));
#4187=IFCCARTESIANPOINT((-37.136801799673719,59.135558463146594,3.5182566165976499));
#4188=IFCCARTESIANPOINT((-40.34903185796427,54.077540301755086,2.7271294612651098));
#4189=IFCCARTESIANPOINT((-30.295817405622625,61.215875385257846,4.0360628969477128));
#4190=IFCCARTESIANPOINT((-33.361331050957368,61.856354372389369,4.1885806198614999));
#4191=IFCCARTESIANPOINT((-36.929995826767424,58.792434388312898,3.4463727019219514));
#4192=IFCCARTESIANPOINT((-38.868668360963277,56.729282601243966,3.0701800680168723));
#4193=IFCCARTESIANPOINT((-34.538645178560451,60.75669037411906,3.8962455164050898));
#4194=IFCCARTESIANPOINT((-31.697920435436234,62.066243854763684,4.2470226341873314));
#4195=IFCCARTESIANPOINT((-30.263326241064849,62.852549819993868,4.475197927602915));
#4196=IFCCARTESIANPOINT((-39.600728547142062,56.406028286077444,3.0201991753945894));
#4197=IFCCARTESIANPOINT((-32.993414148448203,60.337727331226198,3.8125853855766585));
#4198=IFCCARTESIANPOINT((-27.098533112328386,63.363604407973668,4.6365174197749157));
#4199=IFCCARTESIANPOINT((-37.362585950296946,59.626709044723889,3.6555302396414615));
#4200=IFCCARTESIANPOINT((-36.35021271085413,60.288326961197114,3.780308500060173));
#4201=IFCCARTESIANPOINT((-38.175540479321107,58.502757060997666,3.3877777686848334));
#4202=IFCCARTESIANPOINT((-27.098533110668079,62.626309415042243,4.4107384427418008));
#4203=IFCCARTESIANPOINT((-35.691010891273805,-59.459579277245012,3.5891078742064595));
#4204=IFCCARTESIANPOINT((-35.324498243482317,-57.592891583455874,5.4945539371024861));
#4205=IFCCARTESIANPOINT((-34.957985595690815,-55.726203889666735,7.39999999999851));
#4206=IFCCARTESIANPOINT((-27.098445510792022,-55.726203889666728,7.3999999999985135));
#4207=IFCCARTESIANPOINT((-27.098445509131707,-58.991459510814494,5.8504716874801792));
#4208=IFCCARTESIANPOINT((-27.098445507471389,-62.256715131962245,4.3009433749618449));
#4209=IFCCARTESIANPOINT((-30.944976749583724,-61.004554691742101,3.9822844680349596));
#4210=IFCCARTESIANPOINT((-27.098445508462394,-60.307757720545297,5.2258218651247264));
#4211=IFCCARTESIANPOINT((-31.408327960163803,-59.267034093970878,5.4308438610414296));
#4212=IFCCARTESIANPOINT((-31.02821555324142,-55.726203889666728,7.3999999999985127));
#4213=IFCCARTESIANPOINT((-27.098445509801017,-57.675161090185426,6.4751216099174735));
#4214=IFCCARTESIANPOINT((-35.176748702476132,-56.840387538585539,6.2626823575031008));
#4215=IFCCARTESIANPOINT((-29.900213728036448,-60.714561807426108,4.8977237138316134));
#4216=IFCCARTESIANPOINT((-35.507754563317469,-58.526235409669418,4.5418309267649013));
#4217=IFCCARTESIANPOINT((-32.918314687801612,-60.084775861970357,4.6105113044781456));
#4218=IFCCARTESIANPOINT((-30.835322772748896,-57.534655320908264,6.4258484291413138));
#4219=IFCCARTESIANPOINT((-33.124819985730774,-57.757450183885659,6.0069293856486983));
#4220=IFCCARTESIANPOINT((-32.942966094715423,-56.657512836358023,6.7625437560860693));
#4221=IFCCARTESIANPOINT((-33.317993820428761,-60.232066984493557,3.7856961711207098));
#4222=IFCCARTESIANPOINT((-37.711088988650502,-57.453210361002839,3.1914932764514963));
#4223=IFCCARTESIANPOINT((-39.237001733904457,-55.045436207119593,2.8348744528079308));
#4224=IFCCARTESIANPOINT((-40.189475239831012,-52.348527394911422,2.5881143435673875));
#4225=IFCCARTESIANPOINT((-40.509454776321022,-49.500000000021977,2.499999999998364));
#4226=IFCCARTESIANPOINT((-40.846822130826659,-49.500000000549349,4.9499999999984174));
#4227=IFCCARTESIANPOINT((-41.184189485332297,-49.500000001076721,7.3999999999984682));
#4228=IFCCARTESIANPOINT((-41.090676107251873,-50.575045098984347,7.3999999999987462));
#4229=IFCCARTESIANPOINT((-40.809637745204739,-51.626918427346091,7.3999999999997526));
#4230=IFCCARTESIANPOINT((-40.350884995243554,-52.611631556249463,7.3999999999980872));
#4231=IFCCARTESIANPOINT((-39.728975590766481,-53.50040864693554,7.3999999999982773));
#4232=IFCCARTESIANPOINT((-38.962766435737919,-54.267320557589876,7.3999999999984212));
#4233=IFCCARTESIANPOINT((-38.069996007626024,-54.892680787110052,7.3999999999984576));
#4234=IFCCARTESIANPOINT((-37.085601108011495,-55.351398730851855,7.3999999999985091));
#4235=IFCCARTESIANPOINT((-36.032516618888145,-55.632780605555929,7.3999999999984984));
#4236=IFCCARTESIANPOINT((-38.568808320588523,-55.079970196441835,5.9940038231099102));
#4237=IFCCARTESIANPOINT((-41.035334343711448,-49.500000000844032,6.318997075143808));
#4238=IFCCARTESIANPOINT((-38.487767863702693,-55.809143746829776,4.3471953340848906));
#4239=IFCCARTESIANPOINT((-40.65830992204225,-49.500000000254673,3.5810029546304882));
#4240=IFCCARTESIANPOINT((-40.286986102019178,-52.489981504757125,4.3373378253835186));
#4241=IFCCARTESIANPOINT((-39.856509167304715,-53.581195645167696,3.5211989361499292));
#4242=IFCCARTESIANPOINT((-40.299710467759304,-52.617062552054442,5.4046754220105298));
#4243=IFCCARTESIANPOINT((-40.281414914690075,-52.724209125315383,6.4054940813083396));
#4244=IFCCARTESIANPOINT((-38.883349487645056,-55.030246324766566,5.1268322909731081));
#4245=IFCCARTESIANPOINT((-35.14124191958657,-56.659547736561308,6.447276968550498));
#4246=IFCCARTESIANPOINT((-13.997077538014539,-55.726203889666735,7.3999999999985127));
#4247=IFCCARTESIANPOINT((-13.549222753729536,-62.258397543971576,4.3013846056286864));
#4248=IFCCARTESIANPOINT((-6.9985387690011125,-55.726203889666735,7.3999999999985127));
#4249=IFCCARTESIANPOINT((-40.50025911497692,-24.750000113503347,2.500000000006223));
#4250=IFCCARTESIANPOINT((-41.184189485332297,-24.749999782685652,7.3999999999982906));
#4251=IFCCARTESIANPOINT((-40.503640441879952,-33.850796384150073,2.5000000000033329));
#4252=IFCCARTESIANPOINT((-41.265958856039106,-49.497556502528667,8.959854478895906));
#4253=IFCCARTESIANPOINT((-41.225074170052146,-49.497578477981705,8.1799272273612988));
#4254=IFCCARTESIANPOINT((-34.957985595690815,-55.809159751001431,8.9828921291737132));
#4255=IFCCARTESIANPOINT((-36.798829306550552,-60.931480798837761,13.558618068650221));
#4256=IFCCARTESIANPOINT((-32.290345669690133,-63.379412563998123,14.436215835759853));
#4257=IFCCARTESIANPOINT((-27.09844551079118,-64.126722712663522,14.742918605698279));
#4258=IFCCARTESIANPOINT((-27.098445510791599,-59.967925152969528,11.862605693595027));
#4259=IFCCARTESIANPOINT((-27.098445510792022,-55.809127593275555,8.9822927814917755));
#4260=IFCCARTESIANPOINT((-31.028215553218509,-55.809144060412621,8.9825927349041201));
#4261=IFCCARTESIANPOINT((-29.912478542008017,-63.721677280635426,14.576684337134175));
#4262=IFCCARTESIANPOINT((-30.640195565231323,-59.767413538672621,11.781422516289609));
#4263=IFCCARTESIANPOINT((-35.87840745112068,-58.3703202749196,11.270755098911966));
#4264=IFCCARTESIANPOINT((-32.817288616908385,-55.809151203733862,8.9827290375929199));
#4265=IFCCARTESIANPOINT((-34.330433702249259,-62.271723881755797,14.039103004420458));
#4266=IFCCARTESIANPOINT((-33.584024569010502,-59.150761158019222,11.539396165129624));
#4267=IFCCARTESIANPOINT((-41.116703902928094,-50.895263505157303,9.0903217050545901));
#4268=IFCCARTESIANPOINT((-40.649163544634177,-52.233724271195392,9.0694453762219567));
#4269=IFCCARTESIANPOINT((-39.895049221768744,-53.433602494940125,9.0468841854161841));
#4270=IFCCARTESIANPOINT((-38.899283128379395,-54.43037370576544,9.0387002459220724));
#4271=IFCCARTESIANPOINT((-37.699476531463731,-55.184841414699747,9.024768676113295));
#4272=IFCCARTESIANPOINT((-36.362767417567206,-55.65187772889643,9.0033271609772374));
#4273=IFCCARTESIANPOINT((-34.957985595690815,-55.767681820334076,8.1914460645861098));
#4274=IFCCARTESIANPOINT((-40.092916022065424,-53.096457342160541,8.21911693465157));
#4275=IFCCARTESIANPOINT((-37.606043013014514,-55.181534209144608,8.2039328882862552));
#4276=IFCCARTESIANPOINT((-42.566569837288128,-49.500000001076792,3.1710053207593707));
#4277=IFCCARTESIANPOINT((-42.566570044282535,-24.75000904892936,3.171007390505439));
#4278=IFCCARTESIANPOINT((-41.825117303736214,-49.50000000002197,2.4999999999983635));
#4279=IFCCARTESIANPOINT((-42.195843570512174,-49.500000000549377,2.8355026603788693));
#4280=IFCCARTESIANPOINT((-41.825117303736263,-24.750000000023611,2.4999999999981855));
#4281=IFCCARTESIANPOINT((-42.566569954971889,-35.428741193225179,3.1710064974843499));
#4282=IFCCARTESIANPOINT((-41.825117303736242,-37.125000000022787,2.4999999999982747));
#4283=IFCCARTESIANPOINT((-41.825117303736221,-42.464370765380302,2.4999999999983129));
#4284=IFCCARTESIANPOINT((-42.566569954971783,-14.071258134620173,3.1710064974832766));
#4285=IFCCARTESIANPOINT((-41.825117303736285,-12.37500000002443,2.4999999999980962));
#4286=IFCCARTESIANPOINT((-41.82511730373627,-18.56250000002402,2.4999999999981406));
#4287=IFCCARTESIANPOINT((-41.825117303736292,-7.0356292346669074,2.499999999998058));
#4288=IFCCARTESIANPOINT((-42.566569896129941,-7.0356290673227129,3.1710059091211416));
#4289=IFCCARTESIANPOINT((-41.825117303736249,-30.937500000023203,2.4999999999982299));
#4290=IFCCARTESIANPOINT((-42.566569999627212,-30.089375121077275,3.1710069439948945));
#4291=IFCCARTESIANPOINT((-42.566569896130012,-42.464370597150982,3.1710059091218601));
#4292=IFCCARTESIANPOINT((-42.566569999627163,-19.410633591774772,3.171006943994358));
#4293=IFCCARTESIANPOINT((-27.09844551079232,-64.355810846083187,5.5355916570880188));
#4294=IFCCARTESIANPOINT((-31.88250033922148,-63.754448338636294,5.3490777702819354));
#4295=IFCCARTESIANPOINT((-36.173661581668249,-61.702671260061955,4.7542271461821546));
#4296=IFCCARTESIANPOINT((-39.585279772781043,-58.421231706780311,4.0100705159596393));
#4297=IFCCARTESIANPOINT((-41.796614635717276,-54.217159211600666,3.4013803807428964));
#4298=IFCCARTESIANPOINT((-41.092071673144879,-54.025286571873011,2.7227367692066888));
#4299=IFCCARTESIANPOINT((-38.987384010129894,-58.054553466283394,3.3015368406378376));
#4300=IFCCARTESIANPOINT((-35.737787890469832,-61.198864623256924,4.0095236386446098));
#4301=IFCCARTESIANPOINT((-31.637554054933119,-63.163874179227818,4.5717132292715013));
#4302=IFCCARTESIANPOINT((-27.098445510792004,-63.731305117825102,4.7525013290280951));
#4303=IFCCARTESIANPOINT((-27.098445510792164,-64.043557981954152,5.1440464930580569));
#4304=IFCCARTESIANPOINT((-33.949912969904496,-62.621646839659,4.7092210164760138));
#4305=IFCCARTESIANPOINT((-30.318929974366938,-63.802751055182242,5.0679476657197089));
#4306=IFCCARTESIANPOINT((-37.736761087812326,-59.989100170515307,4.0204512250969762));
#4307=IFCCARTESIANPOINT((-40.534636326431048,-56.258795480091791,3.3247793460088855));
#4308=IFCCARTESIANPOINT((-41.841956087098815,-52.695344648617102,2.9424921001556275));
#4309=IFCCARTESIANPOINT((-27.09861955923305,-62.995903693883037,4.5205335239679059));
#4310=IFCCARTESIANPOINT((-12.918780085798252,-63.730502415478455,4.7522436227114575));
#4311=IFCCARTESIANPOINT((-6.4593900481488715,-62.259277891124704,4.3016154861517242));
#4312=IFCCARTESIANPOINT((-20.63905546788672,-63.7309394556328,4.7523839337605853));
#4313=IFCCARTESIANPOINT((-20.63905555719704,-62.257517196804741,4.3011537251062197));
#4314=IFCCARTESIANPOINT((-6.4593900428929683,-63.730136753286146,4.7521262274439593));
#4315=IFCCARTESIANPOINT((-9.6890845991841719,-62.996481886399501,4.5206974675460723));
#4316=IFCCARTESIANPOINT((-15.707854741750786,-63.015416384528756,4.5265054760286567));
#4317=IFCCARTESIANPOINT((-3.2296949751248603,-62.25967892355856,4.3017206612260326));
#4318=IFCCARTESIANPOINT((-4.8445422447742619,-62.884554717565898,4.4865668854880791));
#4319=IFCCARTESIANPOINT((-3.2296950214403273,-63.729953922190006,4.7520675298102102));
#4320=IFCCARTESIANPOINT((-4.8445422899809421,-63.335602163674608,4.6259954320660306));
#4321=IFCCARTESIANPOINT((-23.868750489339362,-63.731122286728954,4.7524426313943353));
#4322=IFCCARTESIANPOINT((-22.253902168001297,-63.108284560417211,4.5551023671109263));
#4323=IFCCARTESIANPOINT((-27.098548129077248,-63.29771529285788,4.6157340115881409));
#4324=IFCCARTESIANPOINT((-23.868750532334211,-62.257116164383042,4.3010485500350999));
#4325=IFCCARTESIANPOINT((-22.253902674004916,-62.655564703103771,4.4177434081420532));
#4326=IFCCARTESIANPOINT((-17.094139130991575,-62.257957370390805,4.301269165369189));
#4327=IFCCARTESIANPOINT((-19.122068014315069,-62.882248930183749,4.4858819251596422));
#4328=IFCCARTESIANPOINT((-16.778917776842487,-63.730720935555617,4.7523137782360223));
#4329=IFCCARTESIANPOINT((-18.216419778877977,-63.320408234100874,4.6212180517556183));
#4330=IFCCARTESIANPOINT((-15.321680482919467,-62.601410516726418,4.4016396747572433));
#4331=IFCCARTESIANPOINT((-11.972583873961165,-62.661500794305738,4.4194943009255665));
#4332=IFCCARTESIANPOINT((-10.004306376467493,-62.258837717550797,4.3015000458919417));
#4333=IFCCARTESIANPOINT((-12.689284614881453,-63.058111937285695,4.5396226396271482));
#4334=IFCCARTESIANPOINT((-9.6890850643456101,-63.7303195843823,4.7521849250777084));
#4335=IFCCARTESIANPOINT((-43.199469305212006,-49.500002982606809,9.4999999999983675));
#4336=IFCCARTESIANPOINT((-42.88301957124748,-49.500001491914986,6.3355026603791176));
#4337=IFCCARTESIANPOINT((-27.098445510767181,-64.676822944643305,9.1206265166353457));
#4338=IFCCARTESIANPOINT((-27.098445557168276,-65.000031632217883,12.705355175850496));
#4339=IFCCARTESIANPOINT((-32.071545939992781,-64.370722589538929,12.438561108397028));
#4340=IFCCARTESIANPOINT((-36.55849452097975,-62.217030723439485,11.627666619802474));
#4341=IFCCARTESIANPOINT((-40.097153912261902,-58.801588565053983,10.623587619633046));
#4342=IFCCARTESIANPOINT((-42.396451470495542,-54.424126016495521,9.8114248191970646));
#4343=IFCCARTESIANPOINT((-34.177049421090913,-63.227473709216561,8.6165632858179304));
#4344=IFCCARTESIANPOINT((-41.070847991546415,-56.687826766255618,6.9393126916767205));
#4345=IFCCARTESIANPOINT((-38.21194159908984,-60.535600507020298,8.418690533966382));
#4346=IFCCARTESIANPOINT((-27.098445524702647,-64.773890994106239,10.197214591711795));
#4347=IFCCARTESIANPOINT((-30.733048533229294,-64.419458575106589,9.5443921515002117));
#4348=IFCCARTESIANPOINT((-27.098445510774734,-64.579737902339772,8.0438485391549541));
#4349=IFCCARTESIANPOINT((-31.90565593828746,-63.948133812629337,7.4693631942974941));
#4350=IFCCARTESIANPOINT((-34.621396056812578,-62.807683088874263,6.593184423729622));
#4351=IFCCARTESIANPOINT((-37.371489479960069,-61.021476574711116,6.5032637209314137));
#4352=IFCCARTESIANPOINT((-39.46365638594721,-58.961769130129717,6.5404582207885564));
#4353=IFCCARTESIANPOINT((-33.004115522069249,-63.890147831316547,10.517431111632082));
#4354=IFCCARTESIANPOINT((-35.727641130299077,-62.555304494480048,9.9425943227322318));
#4355=IFCCARTESIANPOINT((-42.502017805204439,-53.23180682722041,7.3281404207113559));
#4356=IFCCARTESIANPOINT((-42.476418787057554,-52.349146306746313,5.0863862226976968));
#4357=IFCCARTESIANPOINT((-43.199469305192238,-24.747888240521263,9.500000000047935));
#4358=IFCCARTESIANPOINT((-43.199469305204936,-8.8564185872592294,9.5000000000158753));
#4359=IFCCARTESIANPOINT((-42.566569911384185,-40.640451494177867,3.1710060616491522));
#4360=IFCCARTESIANPOINT((-13.549222755389858,-55.809128361812327,8.9822931877662242));
#4361=IFCCARTESIANPOINT((-27.098445510792022,-55.767666114070202,8.1911463712180552));
#4362=IFCCARTESIANPOINT((-39.093229139476932,-58.637593448983218,12.905774108830297));
#4363=IFCCARTESIANPOINT((-40.83204241420745,-55.882722308767271,12.321822798482831));
#4364=IFCCARTESIANPOINT((-41.922039320373024,-52.783159021570121,11.923463635341498));
#4365=IFCCARTESIANPOINT((-42.297115301707407,-49.500000436798423,11.775261799156841));
#4366=IFCCARTESIANPOINT((-42.74829230345869,-49.500001709701387,10.637630899577205));
#4367=IFCCARTESIANPOINT((-27.094561490146045,-64.5603136350732,13.722755580261088));
#4368=IFCCARTESIANPOINT((-40.521488007663145,-57.37381092731367,11.466715270519643));
#4369=IFCCARTESIANPOINT((-34.315846736225588,-63.035267874593245,13.08559171126605));
#4370=IFCCARTESIANPOINT((-41.781630228096233,-54.327215851629902,11.357637987743651));
#4371=IFCCARTESIANPOINT((-42.613861369068545,-49.500001330432205,10.976594951884779));
#4372=IFCCARTESIANPOINT((-42.060612779021298,-54.459199255187336,10.595100049149444));
#4373=IFCCARTESIANPOINT((-38.302434162548124,-60.401046962428403,11.820318430449277));
#4374=IFCCARTESIANPOINT((-38.291696953234194,-59.966572796136937,12.523305020596093));
#4375=IFCCARTESIANPOINT((-40.253791577498028,-57.341370763752984,12.090415910778997));
#4376=IFCCARTESIANPOINT((-35.901814352751913,-61.883519883465993,13.233500665898754));
#4377=IFCCARTESIANPOINT((-34.544620691281239,-62.155521149705216,13.997451248784099));
#4378=IFCCARTESIANPOINT((-40.99733815063906,-57.063453682008799,10.755301875533018));
#4379=IFCCARTESIANPOINT((-30.808381613169523,-64.355794649062929,13.31154149844085));
#4380=IFCCARTESIANPOINT((-30.034642387233578,-64.175465501965832,14.100376465323949));
#4381=IFCCARTESIANPOINT((-42.973880804335344,-49.500002346154083,10.068815449787786));
#4382=IFCCARTESIANPOINT((-41.167286040028614,-49.500000000021984,2.4999999999983635));
#4383=IFCCARTESIANPOINT((-41.78153702544202,-49.500000218934169,10.36755711975762));
#4384=IFCCARTESIANPOINT((-39.133464843838738,-56.200676502448083,10.873851634764645));
#4385=IFCCARTESIANPOINT((-41.257586419405122,-52.661072641106657,10.517819507940512));
#4386=IFCCARTESIANPOINT((-37.246545688042538,-59.03419183990804,3.4966989625388498));
#4387=IFCCARTESIANPOINT((-40.29003235175319,-54.243326125592702,2.7439720702328017));
#4388=IFCCARTESIANPOINT((-30.521136054319573,-61.142527456854417,4.0173967820038019));
#4389=IFCCARTESIANPOINT((-33.298631237273774,-61.837205246725951,4.1832444904071062));
#4390=IFCCARTESIANPOINT((-40.760994783922321,-49.50000000002197,2.4999999999983626));
#4391=IFCCARTESIANPOINT((-36.980664223290844,-58.751079482463993,3.4378721182808429));
#4392=IFCCARTESIANPOINT((-34.61537520390555,-60.697004535573072,3.8812178464684157));
#4393=IFCCARTESIANPOINT((-38.871528519829653,-56.714772679899575,3.0678762651447165));
#4394=IFCCARTESIANPOINT((-39.442579135355857,-56.641731572413292,3.0565890692265394));
#4395=IFCCARTESIANPOINT((-40.811621815246603,-51.750647679818343,2.5546263758878749));
#4396=IFCCARTESIANPOINT((-41.172071951949128,-52.193559091718861,2.5784416926982585));
#4397=IFCCARTESIANPOINT((-32.09758477968451,-61.89079604396828,4.1977770143425079));
#4398=IFCCARTESIANPOINT((-30.270835151375692,-62.752997594954458,4.4454933298675456));
#4399=IFCCARTESIANPOINT((-27.098533110164457,-62.626309650849883,4.4107385149389229));
#4400=IFCCARTESIANPOINT((-28.920709804642676,-63.503505071057795,4.6799223863264903));
#4401=IFCCARTESIANPOINT((-29.60792426437698,-62.425741800603177,4.3491118148705761));
#4402=IFCCARTESIANPOINT((-33.106073472796695,-60.301053367049711,3.8032523281051311));
#4403=IFCCARTESIANPOINT((-35.650318756334521,-60.726660760096671,3.8883397844977248));
#4404=IFCCARTESIANPOINT((-40.539880563596888,-54.541345635916976,2.7759686930531964));
#4405=IFCCARTESIANPOINT((-13.549240976105541,64.120700775220428,14.740326741923106));
#4406=IFCCARTESIANPOINT((-8.2860212796484571,64.120696761454141,14.740336032641325));
#4407=IFCCARTESIANPOINT((-12.918780085797946,63.730502415427971,4.75224362271054));
#4408=IFCCARTESIANPOINT((-13.549222802785449,62.258397543914178,4.3013846056289005));
#4409=IFCCARTESIANPOINT((-6.4593900392109171,62.259277891074923,4.3016154861539526));
#4410=IFCCARTESIANPOINT((-20.63905546788687,63.730939455582309,4.7523839337596705));
#4411=IFCCARTESIANPOINT((-20.639055566359982,62.257517196753426,4.3011537251038492));
#4412=IFCCARTESIANPOINT((-6.4593900428928164,63.730136753235683,4.7521262274430391));
#4413=IFCCARTESIANPOINT((-9.6890845991839427,62.996481886357792,4.5206974675488558));
#4414=IFCCARTESIANPOINT((-15.707854741718533,63.01541638448105,4.5265054760286993));
#4415=IFCCARTESIANPOINT((-3.2296949707683762,62.259678923508041,4.3017206612290249));
#4416=IFCCARTESIANPOINT((-4.8445422449991327,62.884554717528474,4.4865668854931338));
#4417=IFCCARTESIANPOINT((-3.2296950214402527,63.729953922139536,4.7520675298092891));
#4418=IFCCARTESIANPOINT((-4.8445422899808284,63.335602163631087,4.6259954320682368));
#4419=IFCCARTESIANPOINT((-23.868750489339433,63.731122286678463,4.7524426313934205));
#4420=IFCCARTESIANPOINT((-22.253902168001481,63.108284488511771,4.5551023449034016));
#4421=IFCCARTESIANPOINT((-23.868750536915684,62.257116164332466,4.3010485500319637));
#4422=IFCCARTESIANPOINT((-22.253902674005044,62.655564664654968,4.4177433967049744));
#4423=IFCCARTESIANPOINT((-17.094139233516135,62.257957370327723,4.3012691653647801));
#4424=IFCCARTESIANPOINT((-19.122067920309021,62.882248875005196,4.4858819084312049));
#4425=IFCCARTESIANPOINT((-16.778917776842409,63.730720935505147,4.7523137782351048));
#4426=IFCCARTESIANPOINT((-18.216420125062896,63.320408224729192,4.6212180488245069));
#4427=IFCCARTESIANPOINT((-15.321680483003872,62.601410516677568,4.4016396747570665));
#4428=IFCCARTESIANPOINT((-11.972583873990843,62.66150079425767,4.4194943009263472));
#4429=IFCCARTESIANPOINT((-10.004306372054764,62.258837717500626,4.3015000458930199));
#4430=IFCCARTESIANPOINT((-12.689284614868974,63.058111937236177,4.5396226396270389));
#4431=IFCCARTESIANPOINT((-9.6890850643453792,63.730319584331831,4.75218492507679));
#4432=IFCCARTESIANPOINT((-13.549222925444788,64.353418560744856,5.5337226001358939));
#4433=IFCCARTESIANPOINT((-13.549222755389845,63.730538104408986,4.7522550806013593));
#4434=IFCCARTESIANPOINT((-21.896006571410268,63.731010610829642,4.7524067780390959));
#4435=IFCCARTESIANPOINT((-20.323834218118552,64.354614703388805,5.5346571286114923));
#4436=IFCCARTESIANPOINT((-5.2024389393694177,63.730065597988322,4.7521033831636217));
#4437=IFCCARTESIANPOINT((-6.7746114627162415,64.353418212826554,5.5337187579407452));
#4438=IFCCARTESIANPOINT((-17.722614663400059,63.73077435761931,4.7523309293202276));
#4439=IFCCARTESIANPOINT((-9.3758308473796319,63.730301851198661,4.75217923188249));
#4440=IFCCARTESIANPOINT((-13.549165971110673,65.,12.705014149551751));
#4441=IFCCARTESIANPOINT((-7.4329721607452832,64.12069611088836,14.740337538445374));
#4442=IFCCARTESIANPOINT((-10.451427033260581,64.561342797206137,13.720373316717634));
#4443=IFCCARTESIANPOINT((-19.64399581962055,64.999961320583722,12.705103680678695));
#4444=IFCCARTESIANPOINT((-16.615584554695747,64.67835228749486,13.449531625623472));
#4445=IFCCARTESIANPOINT((-20.323843191394442,64.120706997763762,14.740312338611272));
#4446=IFCCARTESIANPOINT((-22.216534242328915,64.719827109586831,13.353529917333015));
#4447=IFCCARTESIANPOINT((-20.073863163087349,64.432194316083283,14.019313111625918));
#4448=IFCCARTESIANPOINT((-14.872177436269538,64.404258317892669,14.083976524601214));
#4449=IFCCARTESIANPOINT((-10.735177049046783,64.313798809037451,14.29336301362253));
#4450=IFCCARTESIANPOINT((-5.2502166065210893,64.42022265991659,14.04702388613906));
#4451=IFCCARTESIANPOINT((-6.7745829850012473,65.000003537699399,12.705005960784561));
#4452=IFCCARTESIANPOINT((-4.6043325406887341,64.721899539633682,13.348732866622287));
#4453=IFCCARTESIANPOINT((-10.16187447805596,65.000001768836796,12.705010055168154));
#4454=IFCCARTESIANPOINT((-13.549165928635961,-65.,12.70501414955265));
#4455=IFCCARTESIANPOINT((-13.549222834934975,-64.353418560811704,5.533722600124122));
#4456=IFCCARTESIANPOINT((-13.549240130699411,-64.120700775271359,14.740326741922539));
#4457=IFCCARTESIANPOINT((-7.813464733444504,-65.000002995239882,12.705007216532286));
#4458=IFCCARTESIANPOINT((-10.720440812038941,-64.56125675083689,13.720572488229413));
#4459=IFCCARTESIANPOINT((-19.229270285093289,-64.99996395259106,12.705097588492757));
#4460=IFCCARTESIANPOINT((-16.407380062307723,-64.693996523956429,13.413319935136011));
#4461=IFCCARTESIANPOINT((-20.323842768691375,-64.120706997814395,14.740312338611457));
#4462=IFCCARTESIANPOINT((-22.132037776199155,-64.723271706297467,13.345556714623232));
#4463=IFCCARTESIANPOINT((-19.74392705546575,-64.43618897215363,14.010066687345075));
#4464=IFCCARTESIANPOINT((-6.7746200653435258,-64.120695608872964,14.740338700577027));
#4465=IFCCARTESIANPOINT((-14.981588505622398,-64.441391927317568,13.998023414857));
#4466=IFCCARTESIANPOINT((-11.250933665951768,-64.323658488522113,14.270540828471491));
#4467=IFCCARTESIANPOINT((-6.2437476524194011,-64.410976172630029,14.068426716462506));
#4468=IFCCARTESIANPOINT((-6.0084680386318476,-64.714090645445211,13.366808102363658));
#4469=IFCCARTESIANPOINT((-13.549222755389843,-63.730538104459484,4.7522550806022785));
#4470=IFCCARTESIANPOINT((-21.896006571411103,-63.731010610880141,4.7524067780400161));
#4471=IFCCARTESIANPOINT((-20.323834172864387,-64.354614703439225,5.534657128612424));
#4472=IFCCARTESIANPOINT((-5.2024389393685864,-63.730065598038827,4.7521033831645418));
#4473=IFCCARTESIANPOINT((-6.7746114174620704,-64.353418212876988,5.5337187579416769));
#4474=IFCCARTESIANPOINT((-17.722614663400474,-63.730774357669809,4.7523309293211478));
#4475=IFCCARTESIANPOINT((-9.3758308473792109,-63.730301851249145,4.7521792318834111));
#4476=IFCCARTESIANPOINT((-8.2860212796484181,-64.120696761505229,14.740336032640426));
#4477=IFCCARTESIANPOINT((42.822553276505815,23.193284483530075,5.7308397101426252));
#4478=IFCCARTESIANPOINT((41.759037623420532,23.20183410775979,5.7903729888701321));
#4479=IFCCARTESIANPOINT((42.326703523911789,23.870062903225687,6.0531974839913998));
#4480=IFCCARTESIANPOINT((42.435078456503746,22.505840037372732,7.7615308944947525));
#4481=IFCCARTESIANPOINT((42.338548227949872,23.609054611801771,7.2254495465588988));
#4482=IFCCARTESIANPOINT((0.,58.993141922773368,5.8509129181461725));
#4483=IFCCARTESIANPOINT((-13.101367972792797,55.726203889616308,7.3999999999977062));
#4484=IFCCARTESIANPOINT((-13.101367492793253,62.258453154274754,4.3013991900419022));
#4485=IFCCARTESIANPOINT((-13.549223408978953,57.811897224386861,6.4106292285233302));
#4486=IFCCARTESIANPOINT((-13.549222787695408,59.655906390475266,5.5359039078001082));
#4487=IFCCARTESIANPOINT((13.997077538039132,55.726203889616315,7.3999999999977062));
#4488=IFCCARTESIANPOINT((6.9985387690257239,55.726203889616315,7.3999999999977062));
#4489=IFCCARTESIANPOINT((42.231216115038258,13.685077620490327,5.2280570646968902));
#4490=IFCCARTESIANPOINT((42.4037452530482,14.506723681644157,7.7597065584242211));
#4491=IFCCARTESIANPOINT((41.841307269905357,20.937057094966889,7.7911422581460235));
#4492=IFCCARTESIANPOINT((43.022539870093766,20.485164466292535,7.730705618057792));
#4493=IFCPOLYLOOP((#3523,#3524,#3525,#3526,#3527,#3522));
#4494=IFCFACEOUTERBOUND(#4493,.T.);
#4495=IFCFACE((#4494));
#4496=IFCPOLYLOOP((#3521,#3527,#3519,#4478,#3520));
#4497=IFCFACEOUTERBOUND(#4496,.T.);
#4498=IFCFACE((#4497));
#4499=IFCPOLYLOOP((#3527,#3521,#4491));
#4500=IFCFACEOUTERBOUND(#4499,.T.);
#4501=IFCFACE((#4500));
#4502=IFCPOLYLOOP((#3536,#3532,#3535));
#4503=IFCFACEOUTERBOUND(#4502,.T.);
#4504=IFCFACE((#4503));
#4505=IFCPOLYLOOP((#3544,#3529,#3539));
#4506=IFCFACEOUTERBOUND(#4505,.T.);
#4507=IFCFACE((#4506));
#4508=IFCPOLYLOOP((#3536,#3541,#3529));
#4509=IFCFACEOUTERBOUND(#4508,.T.);
#4510=IFCFACE((#4509));
#4511=IFCPOLYLOOP((#3531,#3543,#3537));
#4512=IFCFACEOUTERBOUND(#4511,.T.);
#4513=IFCFACE((#4512));
#4514=IFCPOLYLOOP((#4032,#4038,#4026));
#4515=IFCFACEOUTERBOUND(#4514,.T.);
#4516=IFCFACE((#4515));
#4517=IFCPOLYLOOP((#3536,#3543,#3532));
#4518=IFCFACEOUTERBOUND(#4517,.T.);
#4519=IFCFACE((#4518));
#4520=IFCPOLYLOOP((#3535,#3540,#3536));
#4521=IFCFACEOUTERBOUND(#4520,.T.);
#4522=IFCFACE((#4521));
#4523=IFCPOLYLOOP((#3534,#3542,#3540));
#4524=IFCFACEOUTERBOUND(#4523,.T.);
#4525=IFCFACE((#4524));
#4526=IFCPOLYLOOP((#3545,#3543,#3544));
#4527=IFCFACEOUTERBOUND(#4526,.T.);
#4528=IFCFACE((#4527));
#4529=IFCPOLYLOOP((#3533,#3540,#3535));
#4530=IFCFACEOUTERBOUND(#4529,.T.);
#4531=IFCFACE((#4530));
#4532=IFCPOLYLOOP((#3540,#3533,#3714,#3534));
#4533=IFCFACEOUTERBOUND(#4532,.T.);
#4534=IFCFACE((#4533));
#4535=IFCPOLYLOOP((#3531,#3538,#3532,#3543));
#4536=IFCFACEOUTERBOUND(#4535,.T.);
#4537=IFCFACE((#4536));
#4538=IFCPOLYLOOP((#3530,#3537,#3545));
#4539=IFCFACEOUTERBOUND(#4538,.T.);
#4540=IFCFACE((#4539));
#4541=IFCPOLYLOOP((#4040,#4032,#4027));
#4542=IFCFACEOUTERBOUND(#4541,.T.);
#4543=IFCFACE((#4542));
#4544=IFCPOLYLOOP((#3541,#3542,#3528));
#4545=IFCFACEOUTERBOUND(#4544,.T.);
#4546=IFCFACE((#4545));
#4547=IFCPOLYLOOP((#3536,#3540,#3542));
#4548=IFCFACEOUTERBOUND(#4547,.T.);
#4549=IFCFACE((#4548));
#4550=IFCPOLYLOOP((#3542,#3534,#3729,#3546,#3528));
#4551=IFCFACEOUTERBOUND(#4550,.T.);
#4552=IFCFACE((#4551));
#4553=IFCPOLYLOOP((#3536,#3542,#3541));
#4554=IFCFACEOUTERBOUND(#4553,.T.);
#4555=IFCFACE((#4554));
#4556=IFCPOLYLOOP((#3536,#3529,#3544));
#4557=IFCFACEOUTERBOUND(#4556,.T.);
#4558=IFCFACE((#4557));
#4559=IFCPOLYLOOP((#3545,#3544,#3539));
#4560=IFCFACEOUTERBOUND(#4559,.T.);
#4561=IFCFACE((#4560));
#4562=IFCPOLYLOOP((#3536,#3544,#3543));
#4563=IFCFACEOUTERBOUND(#4562,.T.);
#4564=IFCFACE((#4563));
#4565=IFCPOLYLOOP((#3545,#3539,#3570,#3530));
#4566=IFCFACEOUTERBOUND(#4565,.T.);
#4567=IFCFACE((#4566));
#4568=IFCPOLYLOOP((#3537,#3543,#3545));
#4569=IFCFACEOUTERBOUND(#4568,.T.);
#4570=IFCFACE((#4569));
#4571=IFCPOLYLOOP((#3563,#3541,#3547));
#4572=IFCFACEOUTERBOUND(#4571,.T.);
#4573=IFCFACE((#4572));
#4574=IFCPOLYLOOP((#3562,#3568,#3567));
#4575=IFCFACEOUTERBOUND(#4574,.T.);
#4576=IFCFACE((#4575));
#4577=IFCPOLYLOOP((#3558,#3559,#3561));
#4578=IFCFACEOUTERBOUND(#4577,.T.);
#4579=IFCFACE((#4578));
#4580=IFCPOLYLOOP((#3557,#3558,#3561));
#4581=IFCFACEOUTERBOUND(#4580,.T.);
#4582=IFCFACE((#4581));
#4583=IFCPOLYLOOP((#3549,#3550,#3564));
#4584=IFCFACEOUTERBOUND(#4583,.T.);
#4585=IFCFACE((#4584));
#4586=IFCPOLYLOOP((#3560,#3530,#3570));
#4587=IFCFACEOUTERBOUND(#4586,.T.);
#4588=IFCFACE((#4587));
#4589=IFCPOLYLOOP((#3553,#3568,#3562));
#4590=IFCFACEOUTERBOUND(#4589,.T.);
#4591=IFCFACE((#4590));
#4592=IFCPOLYLOOP((#3570,#3561,#3559));
#4593=IFCFACEOUTERBOUND(#4592,.T.);
#4594=IFCFACE((#4593));
#4595=IFCPOLYLOOP((#3562,#3552,#3553));
#4596=IFCFACEOUTERBOUND(#4595,.T.);
#4597=IFCFACE((#4596));
#4598=IFCPOLYLOOP((#3547,#3541,#3528));
#4599=IFCFACEOUTERBOUND(#4598,.T.);
#4600=IFCFACE((#4599));
#4601=IFCPOLYLOOP((#3563,#3529,#3541));
#4602=IFCFACEOUTERBOUND(#4601,.T.);
#4603=IFCFACE((#4602));
#4604=IFCPOLYLOOP((#3568,#3561,#3567));
#4605=IFCFACEOUTERBOUND(#4604,.T.);
#4606=IFCFACE((#4605));
#4607=IFCPOLYLOOP((#3547,#3548,#3563));
#4608=IFCFACEOUTERBOUND(#4607,.T.);
#4609=IFCFACE((#4608));
#4610=IFCPOLYLOOP((#3559,#3560,#3570));
#4611=IFCFACEOUTERBOUND(#4610,.T.);
#4612=IFCFACE((#4611));
#4613=IFCPOLYLOOP((#3567,#3565,#3551));
#4614=IFCFACEOUTERBOUND(#4613,.T.);
#4615=IFCFACE((#4614));
#4616=IFCPOLYLOOP((#3564,#3566,#3549));
#4617=IFCFACEOUTERBOUND(#4616,.T.);
#4618=IFCFACE((#4617));
#4619=IFCPOLYLOOP((#3565,#3564,#3551));
#4620=IFCFACEOUTERBOUND(#4619,.T.);
#4621=IFCFACE((#4620));
#4622=IFCPOLYLOOP((#3562,#3567,#3551));
#4623=IFCFACEOUTERBOUND(#4622,.T.);
#4624=IFCFACE((#4623));
#4625=IFCPOLYLOOP((#3569,#3567,#3561));
#4626=IFCFACEOUTERBOUND(#4625,.T.);
#4627=IFCFACE((#4626));
#4628=IFCPOLYLOOP((#3557,#3561,#3568));
#4629=IFCFACEOUTERBOUND(#4628,.T.);
#4630=IFCFACE((#4629));
#4631=IFCPOLYLOOP((#3565,#3566,#3564));
#4632=IFCFACEOUTERBOUND(#4631,.T.);
#4633=IFCFACE((#4632));
#4634=IFCPOLYLOOP((#3549,#3566,#3548));
#4635=IFCFACEOUTERBOUND(#4634,.T.);
#4636=IFCFACE((#4635));
#4637=IFCPOLYLOOP((#3563,#3566,#3565));
#4638=IFCFACEOUTERBOUND(#4637,.T.);
#4639=IFCFACE((#4638));
#4640=IFCPOLYLOOP((#3568,#3553,#3554));
#4641=IFCFACEOUTERBOUND(#4640,.T.);
#4642=IFCFACE((#4641));
#4643=IFCPOLYLOOP((#3568,#3554,#3555));
#4644=IFCFACEOUTERBOUND(#4643,.T.);
#4645=IFCFACE((#4644));
#4646=IFCPOLYLOOP((#3563,#3548,#3566));
#4647=IFCFACEOUTERBOUND(#4646,.T.);
#4648=IFCFACE((#4647));
#4649=IFCPOLYLOOP((#3568,#3556,#3557));
#4650=IFCFACEOUTERBOUND(#4649,.T.);
#4651=IFCFACE((#4650));
#4652=IFCPOLYLOOP((#3529,#3563,#3569));
#4653=IFCFACEOUTERBOUND(#4652,.T.);
#4654=IFCFACE((#4653));
#4655=IFCPOLYLOOP((#3529,#3569,#3561));
#4656=IFCFACEOUTERBOUND(#4655,.T.);
#4657=IFCFACE((#4656));
#4658=IFCPOLYLOOP((#3569,#3565,#3567));
#4659=IFCFACEOUTERBOUND(#4658,.T.);
#4660=IFCFACE((#4659));
#4661=IFCPOLYLOOP((#3565,#3569,#3563));
#4662=IFCFACEOUTERBOUND(#4661,.T.);
#4663=IFCFACE((#4662));
#4664=IFCPOLYLOOP((#3556,#3568,#3555));
#4665=IFCFACEOUTERBOUND(#4664,.T.);
#4666=IFCFACE((#4665));
#4667=IFCPOLYLOOP((#3561,#3570,#3539,#3529));
#4668=IFCFACEOUTERBOUND(#4667,.T.);
#4669=IFCFACE((#4668));
#4670=IFCPOLYLOOP((#3575,#3552,#3562,#3551));
#4671=IFCFACEOUTERBOUND(#4670,.T.);
#4672=IFCFACE((#4671));
#4673=IFCPOLYLOOP((#3783,#3760,#3766,#3759));
#4674=IFCFACEOUTERBOUND(#4673,.T.);
#4675=IFCFACE((#4674));
#4676=IFCPOLYLOOP((#3574,#3571,#3572));
#4677=IFCFACEOUTERBOUND(#4676,.T.);
#4678=IFCFACE((#4677));
#4679=IFCPOLYLOOP((#3575,#3574,#3572));
#4680=IFCFACEOUTERBOUND(#4679,.T.);
#4681=IFCFACE((#4680));
#4682=IFCPOLYLOOP((#3551,#3576,#3575));
#4683=IFCFACEOUTERBOUND(#4682,.T.);
#4684=IFCFACE((#4683));
#4685=IFCPOLYLOOP((#3576,#3551,#3564,#3550));
#4686=IFCFACEOUTERBOUND(#4685,.T.);
#4687=IFCFACE((#4686));
#4688=IFCPOLYLOOP((#3572,#3783,#3573,#3575));
#4689=IFCFACEOUTERBOUND(#4688,.T.);
#4690=IFCFACE((#4689));
#4691=IFCPOLYLOOP((#3575,#3576,#3574));
#4692=IFCFACEOUTERBOUND(#4691,.T.);
#4693=IFCFACE((#4692));
#4694=IFCPOLYLOOP((#3580,#3573,#3577));
#4695=IFCFACEOUTERBOUND(#4694,.T.);
#4696=IFCFACE((#4695));
#4697=IFCPOLYLOOP((#3580,#3577,#3579));
#4698=IFCFACEOUTERBOUND(#4697,.T.);
#4699=IFCFACE((#4698));
#4700=IFCPOLYLOOP((#3580,#3575,#3573));
#4701=IFCFACEOUTERBOUND(#4700,.T.);
#4702=IFCFACE((#4701));
#4703=IFCPOLYLOOP((#3580,#3552,#3575));
#4704=IFCFACEOUTERBOUND(#4703,.T.);
#4705=IFCFACE((#4704));
#4706=IFCPOLYLOOP((#3577,#3573,#3785));
#4707=IFCFACEOUTERBOUND(#4706,.T.);
#4708=IFCFACE((#4707));
#4709=IFCPOLYLOOP((#3785,#3573,#3783));
#4710=IFCFACEOUTERBOUND(#4709,.T.);
#4711=IFCFACE((#4710));
#4712=IFCPOLYLOOP((#3785,#3783,#3759));
#4713=IFCFACEOUTERBOUND(#4712,.T.);
#4714=IFCFACE((#4713));
#4715=IFCPOLYLOOP((#3577,#3785,#3578));
#4716=IFCFACEOUTERBOUND(#4715,.T.);
#4717=IFCFACE((#4716));
#4718=IFCPOLYLOOP((#3786,#3578,#3785));
#4719=IFCFACEOUTERBOUND(#4718,.T.);
#4720=IFCFACE((#4719));
#4721=IFCPOLYLOOP((#3577,#3578,#3579));
#4722=IFCFACEOUTERBOUND(#4721,.T.);
#4723=IFCFACE((#4722));
#4724=IFCPOLYLOOP((#3591,#3581,#3590));
#4725=IFCFACEOUTERBOUND(#4724,.T.);
#4726=IFCFACE((#4725));
#4727=IFCPOLYLOOP((#3593,#3591,#3590));
#4728=IFCFACEOUTERBOUND(#4727,.T.);
#4729=IFCFACE((#4728));
#4730=IFCPOLYLOOP((#3591,#3593,#3587));
#4731=IFCFACEOUTERBOUND(#4730,.T.);
#4732=IFCFACE((#4731));
#4733=IFCPOLYLOOP((#3586,#3587,#3589));
#4734=IFCFACEOUTERBOUND(#4733,.T.);
#4735=IFCFACE((#4734));
#4736=IFCPOLYLOOP((#3586,#3589,#3585));
#4737=IFCFACEOUTERBOUND(#4736,.T.);
#4738=IFCFACE((#4737));
#4739=IFCPOLYLOOP((#3587,#3593,#3589));
#4740=IFCFACEOUTERBOUND(#4739,.T.);
#4741=IFCFACE((#4740));
#4742=IFCPOLYLOOP((#3588,#3585,#3589));
#4743=IFCFACEOUTERBOUND(#4742,.T.);
#4744=IFCFACE((#4743));
#4745=IFCPOLYLOOP((#3588,#3584,#3585));
#4746=IFCFACEOUTERBOUND(#4745,.T.);
#4747=IFCFACE((#4746));
#4748=IFCPOLYLOOP((#3583,#3593,#3592));
#4749=IFCFACEOUTERBOUND(#4748,.T.);
#4750=IFCFACE((#4749));
#4751=IFCPOLYLOOP((#3583,#3588,#3589));
#4752=IFCFACEOUTERBOUND(#4751,.T.);
#4753=IFCFACE((#4752));
#4754=IFCPOLYLOOP((#3590,#3582,#3698));
#4755=IFCFACEOUTERBOUND(#4754,.T.);
#4756=IFCFACE((#4755));
#4757=IFCPOLYLOOP((#3592,#3593,#3590));
#4758=IFCFACEOUTERBOUND(#4757,.T.);
#4759=IFCFACE((#4758));
#4760=IFCPOLYLOOP((#3589,#3593,#3583));
#4761=IFCFACEOUTERBOUND(#4760,.T.);
#4762=IFCFACE((#4761));
#4763=IFCPOLYLOOP((#3580,#3553,#3552));
#4764=IFCFACEOUTERBOUND(#4763,.T.);
#4765=IFCFACE((#4764));
#4766=IFCPOLYLOOP((#3596,#3601,#3595));
#4767=IFCFACEOUTERBOUND(#4766,.T.);
#4768=IFCFACE((#4767));
#4769=IFCPOLYLOOP((#3557,#3556,#3601));
#4770=IFCFACEOUTERBOUND(#4769,.T.);
#4771=IFCFACE((#4770));
#4772=IFCPOLYLOOP((#3560,#3559,#3602));
#4773=IFCFACEOUTERBOUND(#4772,.T.);
#4774=IFCFACE((#4773));
#4775=IFCPOLYLOOP((#3601,#3556,#3555));
#4776=IFCFACEOUTERBOUND(#4775,.T.);
#4777=IFCFACE((#4776));
#4778=IFCPOLYLOOP((#3554,#3601,#3555));
#4779=IFCFACEOUTERBOUND(#4778,.T.);
#4780=IFCFACE((#4779));
#4781=IFCPOLYLOOP((#3597,#3598,#3602));
#4782=IFCFACEOUTERBOUND(#4781,.T.);
#4783=IFCFACE((#4782));
#4784=IFCPOLYLOOP((#3580,#3554,#3553));
#4785=IFCFACEOUTERBOUND(#4784,.T.);
#4786=IFCFACE((#4785));
#4787=IFCPOLYLOOP((#3594,#3580,#3579));
#4788=IFCFACEOUTERBOUND(#4787,.T.);
#4789=IFCFACE((#4788));
#4790=IFCPOLYLOOP((#3580,#3594,#3601));
#4791=IFCFACEOUTERBOUND(#4790,.T.);
#4792=IFCFACE((#4791));
#4793=IFCPOLYLOOP((#3580,#3601,#3554));
#4794=IFCFACEOUTERBOUND(#4793,.T.);
#4795=IFCFACE((#4794));
#4796=IFCPOLYLOOP((#3594,#3595,#3601));
#4797=IFCFACEOUTERBOUND(#4796,.T.);
#4798=IFCFACE((#4797));
#4799=IFCPOLYLOOP((#3601,#3596,#3597));
#4800=IFCFACEOUTERBOUND(#4799,.T.);
#4801=IFCFACE((#4800));
#4802=IFCPOLYLOOP((#3602,#3557,#3601));
#4803=IFCFACEOUTERBOUND(#4802,.T.);
#4804=IFCFACE((#4803));
#4805=IFCPOLYLOOP((#3600,#3560,#3602));
#4806=IFCFACEOUTERBOUND(#4805,.T.);
#4807=IFCFACE((#4806));
#4808=IFCPOLYLOOP((#3602,#3559,#3558));
#4809=IFCFACEOUTERBOUND(#4808,.T.);
#4810=IFCFACE((#4809));
#4811=IFCPOLYLOOP((#3530,#3560,#3600));
#4812=IFCFACEOUTERBOUND(#4811,.T.);
#4813=IFCFACE((#4812));
#4814=IFCPOLYLOOP((#3601,#3597,#3602));
#4815=IFCFACEOUTERBOUND(#4814,.T.);
#4816=IFCFACE((#4815));
#4817=IFCPOLYLOOP((#3581,#3600,#3599));
#4818=IFCFACEOUTERBOUND(#4817,.T.);
#4819=IFCFACE((#4818));
#4820=IFCPOLYLOOP((#3602,#3598,#3599));
#4821=IFCFACEOUTERBOUND(#4820,.T.);
#4822=IFCFACE((#4821));
#4823=IFCPOLYLOOP((#3600,#3602,#3599));
#4824=IFCFACEOUTERBOUND(#4823,.T.);
#4825=IFCFACE((#4824));
#4826=IFCPOLYLOOP((#3602,#3558,#3557));
#4827=IFCFACEOUTERBOUND(#4826,.T.);
#4828=IFCFACE((#4827));
#4829=IFCPOLYLOOP((#3613,#3608,#3609));
#4830=IFCFACEOUTERBOUND(#4829,.T.);
#4831=IFCFACE((#4830));
#4832=IFCPOLYLOOP((#3606,#3820,#3607,#3617));
#4833=IFCFACEOUTERBOUND(#4832,.T.);
#4834=IFCFACE((#4833));
#4835=IFCPOLYLOOP((#3810,#3811,#3816));
#4836=IFCFACEOUTERBOUND(#4835,.T.);
#4837=IFCFACE((#4836));
#4838=IFCPOLYLOOP((#3614,#3615,#3616));
#4839=IFCFACEOUTERBOUND(#4838,.T.);
#4840=IFCFACE((#4839));
#4841=IFCPOLYLOOP((#3612,#3611,#3619));
#4842=IFCFACEOUTERBOUND(#4841,.T.);
#4843=IFCFACE((#4842));
#4844=IFCPOLYLOOP((#3819,#3818,#3817));
#4845=IFCFACEOUTERBOUND(#4844,.T.);
#4846=IFCFACE((#4845));
#4847=IFCPOLYLOOP((#3822,#3814,#3815));
#4848=IFCFACEOUTERBOUND(#4847,.T.);
#4849=IFCFACE((#4848));
#4850=IFCPOLYLOOP((#3610,#3620,#3604));
#4851=IFCFACEOUTERBOUND(#4850,.T.);
#4852=IFCFACE((#4851));
#4853=IFCPOLYLOOP((#3620,#3610,#3619));
#4854=IFCFACEOUTERBOUND(#4853,.T.);
#4855=IFCFACE((#4854));
#4856=IFCPOLYLOOP((#3610,#3622,#3616));
#4857=IFCFACEOUTERBOUND(#4856,.T.);
#4858=IFCFACE((#4857));
#4859=IFCPOLYLOOP((#3822,#3813,#3823));
#4860=IFCFACEOUTERBOUND(#4859,.T.);
#4861=IFCFACE((#4860));
#4862=IFCPOLYLOOP((#3819,#3825,#3813));
#4863=IFCFACEOUTERBOUND(#4862,.T.);
#4864=IFCFACE((#4863));
#4865=IFCPOLYLOOP((#3618,#3605,#3606));
#4866=IFCFACEOUTERBOUND(#4865,.T.);
#4867=IFCFACE((#4866));
#4868=IFCPOLYLOOP((#3615,#3618,#3617));
#4869=IFCFACEOUTERBOUND(#4868,.T.);
#4870=IFCFACE((#4869));
#4871=IFCPOLYLOOP((#3621,#3612,#3613));
#4872=IFCFACEOUTERBOUND(#4871,.T.);
#4873=IFCFACE((#4872));
#4874=IFCPOLYLOOP((#3820,#3821,#3818));
#4875=IFCFACEOUTERBOUND(#4874,.T.);
#4876=IFCFACE((#4875));
#4877=IFCPOLYLOOP((#3816,#3815,#3824));
#4878=IFCFACEOUTERBOUND(#4877,.T.);
#4879=IFCFACE((#4878));
#4880=IFCPOLYLOOP((#3612,#3621,#3676,#3611));
#4881=IFCFACEOUTERBOUND(#4880,.T.);
#4882=IFCFACE((#4881));
#4883=IFCPOLYLOOP((#3609,#3603,#3621));
#4884=IFCFACEOUTERBOUND(#4883,.T.);
#4885=IFCFACE((#4884));
#4886=IFCPOLYLOOP((#3615,#3614,#3674,#3618));
#4887=IFCFACEOUTERBOUND(#4886,.T.);
#4888=IFCFACE((#4887));
#4889=IFCPOLYLOOP((#3606,#3617,#3618));
#4890=IFCFACEOUTERBOUND(#4889,.T.);
#4891=IFCFACE((#4890));
#4892=IFCPOLYLOOP((#3619,#3611,#3620));
#4893=IFCFACEOUTERBOUND(#4892,.T.);
#4894=IFCFACE((#4893));
#4895=IFCPOLYLOOP((#3609,#3621,#3613));
#4896=IFCFACEOUTERBOUND(#4895,.T.);
#4897=IFCFACE((#4896));
#4898=IFCPOLYLOOP((#3622,#3610,#3604));
#4899=IFCFACEOUTERBOUND(#4898,.T.);
#4900=IFCFACE((#4899));
#4901=IFCPOLYLOOP((#3622,#3614,#3616));
#4902=IFCFACEOUTERBOUND(#4901,.T.);
#4903=IFCFACE((#4902));
#4904=IFCPOLYLOOP((#3623,#3624,#3635));
#4905=IFCFACEOUTERBOUND(#4904,.T.);
#4906=IFCFACE((#4905));
#4907=IFCPOLYLOOP((#3636,#3634,#3625));
#4908=IFCFACEOUTERBOUND(#4907,.T.);
#4909=IFCFACE((#4908));
#4910=IFCPOLYLOOP((#3634,#3624,#3625));
#4911=IFCFACEOUTERBOUND(#4910,.T.);
#4912=IFCFACE((#4911));
#4913=IFCPOLYLOOP((#3633,#3623,#3635,#3632));
#4914=IFCFACEOUTERBOUND(#4913,.T.);
#4915=IFCFACE((#4914));
#4916=IFCPOLYLOOP((#3626,#3636,#3625));
#4917=IFCFACEOUTERBOUND(#4916,.T.);
#4918=IFCFACE((#4917));
#4919=IFCPOLYLOOP((#3635,#3631,#3727,#3632));
#4920=IFCFACEOUTERBOUND(#4919,.T.);
#4921=IFCFACE((#4920));
#4922=IFCPOLYLOOP((#3631,#3635,#3634));
#4923=IFCFACEOUTERBOUND(#4922,.T.);
#4924=IFCFACE((#4923));
#4925=IFCPOLYLOOP((#3638,#3637,#3627));
#4926=IFCFACEOUTERBOUND(#4925,.T.);
#4927=IFCFACE((#4926));
#4928=IFCPOLYLOOP((#3636,#3629,#3630));
#4929=IFCFACEOUTERBOUND(#4928,.T.);
#4930=IFCFACE((#4929));
#4931=IFCPOLYLOOP((#3631,#3634,#3630));
#4932=IFCFACEOUTERBOUND(#4931,.T.);
#4933=IFCFACE((#4932));
#4934=IFCPOLYLOOP((#3634,#3636,#3630));
#4935=IFCFACEOUTERBOUND(#4934,.T.);
#4936=IFCFACE((#4935));
#4937=IFCPOLYLOOP((#3603,#3609,#3608,#3638));
#4938=IFCFACEOUTERBOUND(#4937,.T.);
#4939=IFCFACE((#4938));
#4940=IFCPOLYLOOP((#3626,#3627,#3637));
#4941=IFCFACEOUTERBOUND(#4940,.T.);
#4942=IFCFACE((#4941));
#4943=IFCPOLYLOOP((#3637,#3629,#3636));
#4944=IFCFACEOUTERBOUND(#4943,.T.);
#4945=IFCFACE((#4944));
#4946=IFCPOLYLOOP((#3608,#3628,#3638));
#4947=IFCFACEOUTERBOUND(#4946,.T.);
#4948=IFCFACE((#4947));
#4949=IFCPOLYLOOP((#3634,#3635,#3624));
#4950=IFCFACEOUTERBOUND(#4949,.T.);
#4951=IFCFACE((#4950));
#4952=IFCPOLYLOOP((#3603,#3638,#3627));
#4953=IFCFACEOUTERBOUND(#4952,.T.);
#4954=IFCFACE((#4953));
#4955=IFCPOLYLOOP((#3637,#3638,#3628));
#4956=IFCFACEOUTERBOUND(#4955,.T.);
#4957=IFCFACE((#4956));
#4958=IFCPOLYLOOP((#3636,#3626,#3637));
#4959=IFCFACEOUTERBOUND(#4958,.T.);
#4960=IFCFACE((#4959));
#4961=IFCPOLYLOOP((#3629,#3637,#3628));
#4962=IFCFACEOUTERBOUND(#4961,.T.);
#4963=IFCFACE((#4962));
#4964=IFCPOLYLOOP((#3639,#3640,#3659));
#4965=IFCFACEOUTERBOUND(#4964,.T.);
#4966=IFCFACE((#4965));
#4967=IFCPOLYLOOP((#3649,#3656,#3655));
#4968=IFCFACEOUTERBOUND(#4967,.T.);
#4969=IFCFACE((#4968));
#4970=IFCPOLYLOOP((#3642,#3643,#3651));
#4971=IFCFACEOUTERBOUND(#4970,.T.);
#4972=IFCFACE((#4971));
#4973=IFCPOLYLOOP((#3645,#3646,#3648));
#4974=IFCFACEOUTERBOUND(#4973,.T.);
#4975=IFCFACE((#4974));
#4976=IFCPOLYLOOP((#3651,#3657,#3647));
#4977=IFCFACEOUTERBOUND(#4976,.T.);
#4978=IFCFACE((#4977));
#4979=IFCPOLYLOOP((#3625,#3654,#3655));
#4980=IFCFACEOUTERBOUND(#4979,.T.);
#4981=IFCFACE((#4980));
#4982=IFCPOLYLOOP((#3644,#3645,#3649));
#4983=IFCFACEOUTERBOUND(#4982,.T.);
#4984=IFCFACE((#4983));
#4985=IFCPOLYLOOP((#3651,#3653,#3652));
#4986=IFCFACEOUTERBOUND(#4985,.T.);
#4987=IFCFACE((#4986));
#4988=IFCPOLYLOOP((#3623,#3652,#3653));
#4989=IFCFACEOUTERBOUND(#4988,.T.);
#4990=IFCFACE((#4989));
#4991=IFCPOLYLOOP((#3645,#3648,#3649));
#4992=IFCFACEOUTERBOUND(#4991,.T.);
#4993=IFCFACE((#4992));
#4994=IFCPOLYLOOP((#3648,#3659,#3660));
#4995=IFCFACEOUTERBOUND(#4994,.T.);
#4996=IFCFACE((#4995));
#4997=IFCPOLYLOOP((#3624,#3654,#3625));
#4998=IFCFACEOUTERBOUND(#4997,.T.);
#4999=IFCFACE((#4998));
#5000=IFCPOLYLOOP((#3653,#3654,#3624));
#5001=IFCFACEOUTERBOUND(#5000,.T.);
#5002=IFCFACE((#5001));
#5003=IFCPOLYLOOP((#3648,#3646,#3659));
#5004=IFCFACEOUTERBOUND(#5003,.T.);
#5005=IFCFACE((#5004));
#5006=IFCPOLYLOOP((#3647,#3655,#3654));
#5007=IFCFACEOUTERBOUND(#5006,.T.);
#5008=IFCFACE((#5007));
#5009=IFCPOLYLOOP((#3648,#3627,#3626));
#5010=IFCFACEOUTERBOUND(#5009,.T.);
#5011=IFCFACE((#5010));
#5012=IFCPOLYLOOP((#3651,#3641,#3650,#3642));
#5013=IFCFACEOUTERBOUND(#5012,.T.);
#5014=IFCFACE((#5013));
#5015=IFCPOLYLOOP((#3657,#3644,#3658));
#5016=IFCFACEOUTERBOUND(#5015,.T.);
#5017=IFCFACE((#5016));
#5018=IFCPOLYLOOP((#3641,#3651,#3652));
#5019=IFCFACEOUTERBOUND(#5018,.T.);
#5020=IFCFACE((#5019));
#5021=IFCPOLYLOOP((#3654,#3653,#3647));
#5022=IFCFACEOUTERBOUND(#5021,.T.);
#5023=IFCFACE((#5022));
#5024=IFCPOLYLOOP((#3657,#3658,#3647));
#5025=IFCFACEOUTERBOUND(#5024,.T.);
#5026=IFCFACE((#5025));
#5027=IFCPOLYLOOP((#3653,#3624,#3623));
#5028=IFCFACEOUTERBOUND(#5027,.T.);
#5029=IFCFACE((#5028));
#5030=IFCPOLYLOOP((#3660,#3603,#3627));
#5031=IFCFACEOUTERBOUND(#5030,.T.);
#5032=IFCFACE((#5031));
#5033=IFCPOLYLOOP((#3655,#3647,#3649));
#5034=IFCFACEOUTERBOUND(#5033,.T.);
#5035=IFCFACE((#5034));
#5036=IFCPOLYLOOP((#3653,#3651,#3647));
#5037=IFCFACEOUTERBOUND(#5036,.T.);
#5038=IFCFACE((#5037));
#5039=IFCPOLYLOOP((#3656,#3649,#3648));
#5040=IFCFACEOUTERBOUND(#5039,.T.);
#5041=IFCFACE((#5040));
#5042=IFCPOLYLOOP((#3626,#3625,#3655));
#5043=IFCFACEOUTERBOUND(#5042,.T.);
#5044=IFCFACE((#5043));
#5045=IFCPOLYLOOP((#3648,#3626,#3656));
#5046=IFCFACEOUTERBOUND(#5045,.T.);
#5047=IFCFACE((#5046));
#5048=IFCPOLYLOOP((#3626,#3655,#3656));
#5049=IFCFACEOUTERBOUND(#5048,.T.);
#5050=IFCFACE((#5049));
#5051=IFCPOLYLOOP((#3651,#3643,#3657));
#5052=IFCFACEOUTERBOUND(#5051,.T.);
#5053=IFCFACE((#5052));
#5054=IFCPOLYLOOP((#3644,#3657,#3643));
#5055=IFCFACEOUTERBOUND(#5054,.T.);
#5056=IFCFACE((#5055));
#5057=IFCPOLYLOOP((#3644,#3649,#3658));
#5058=IFCFACEOUTERBOUND(#5057,.T.);
#5059=IFCFACE((#5058));
#5060=IFCPOLYLOOP((#3649,#3647,#3658));
#5061=IFCFACEOUTERBOUND(#5060,.T.);
#5062=IFCFACE((#5061));
#5063=IFCPOLYLOOP((#3639,#3659,#3646));
#5064=IFCFACEOUTERBOUND(#5063,.T.);
#5065=IFCFACE((#5064));
#5066=IFCPOLYLOOP((#3660,#3659,#3640));
#5067=IFCFACEOUTERBOUND(#5066,.T.);
#5068=IFCFACE((#5067));
#5069=IFCPOLYLOOP((#3603,#3660,#3640));
#5070=IFCFACEOUTERBOUND(#5069,.T.);
#5071=IFCFACE((#5070));
#5072=IFCPOLYLOOP((#3648,#3660,#3627));
#5073=IFCFACEOUTERBOUND(#5072,.T.);
#5074=IFCFACE((#5073));
#5075=IFCPOLYLOOP((#3669,#3662,#3663,#3605,#3668));
#5076=IFCFACEOUTERBOUND(#5075,.T.);
#5077=IFCFACE((#5076));
#5078=IFCPOLYLOOP((#3639,#3675,#3661,#3671,#3672,#4477,#3677,#3676,#3621,#3640));
#5079=IFCFACEOUTERBOUND(#5078,.T.);
#5080=IFCFACE((#5079));
#5081=IFCPOLYLOOP((#3677,#3664,#3665,#3604,#3620));
#5082=IFCFACEOUTERBOUND(#5081,.T.);
#5083=IFCFACE((#5082));
#5084=IFCPOLYLOOP((#3661,#3670,#4492));
#5085=IFCFACEOUTERBOUND(#5084,.T.);
#5086=IFCFACE((#5085));
#5087=IFCPOLYLOOP((#3673,#3662,#3669,#3670));
#5088=IFCFACEOUTERBOUND(#5087,.T.);
#5089=IFCFACE((#5088));
#5090=IFCPOLYLOOP((#3670,#3661,#3673));
#5091=IFCFACEOUTERBOUND(#5090,.T.);
#5092=IFCFACE((#5091));
#5093=IFCPOLYLOOP((#3674,#3667,#3668,#3605,#3618));
#5094=IFCFACEOUTERBOUND(#5093,.T.);
#5095=IFCFACE((#5094));
#5096=IFCPOLYLOOP((#3666,#3674,#3614,#3622,#3604));
#5097=IFCFACEOUTERBOUND(#5096,.T.);
#5098=IFCFACE((#5097));
#5099=IFCPOLYLOOP((#3666,#3604,#3665));
#5100=IFCFACEOUTERBOUND(#5099,.T.);
#5101=IFCFACE((#5100));
#5102=IFCPOLYLOOP((#3663,#3662,#3889,#3888,#3871,#3878,#3809,#3824,#3890,#3814,#3823,#3812,#3825,#3817,#3821,#3605));
#5103=IFCFACEOUTERBOUND(#5102,.T.);
#5104=IFCFACE((#5103));
#5105=IFCPOLYLOOP((#3677,#3620,#3611,#3676));
#5106=IFCFACEOUTERBOUND(#5105,.T.);
#5107=IFCFACE((#5106));
#5108=IFCPOLYLOOP((#3677,#4477,#3664));
#5109=IFCFACEOUTERBOUND(#5108,.T.);
#5110=IFCFACE((#5109));
#5111=IFCPOLYLOOP((#3661,#4492,#3671));
#5112=IFCFACEOUTERBOUND(#5111,.T.);
#5113=IFCFACE((#5112));
#5114=IFCPOLYLOOP((#3640,#3621,#3603));
#5115=IFCFACEOUTERBOUND(#5114,.T.);
#5116=IFCFACE((#5115));
#5117=IFCPOLYLOOP((#3667,#3674,#3666));
#5118=IFCFACEOUTERBOUND(#5117,.T.);
#5119=IFCFACE((#5118));
#5120=IFCPOLYLOOP((#3678,#3679,#3680));
#5121=IFCFACEOUTERBOUND(#5120,.T.);
#5122=IFCFACE((#5121));
#5123=IFCPOLYLOOP((#3678,#3680,#3681));
#5124=IFCFACEOUTERBOUND(#5123,.T.);
#5125=IFCFACE((#5124));
#5126=IFCPOLYLOOP((#3678,#3681,#4488));
#5127=IFCFACEOUTERBOUND(#5126,.T.);
#5128=IFCFACE((#5127));
#5129=IFCPOLYLOOP((#3678,#4488,#4487));
#5130=IFCFACEOUTERBOUND(#5129,.T.);
#5131=IFCFACE((#5130));
#5132=IFCPOLYLOOP((#3678,#4487,#3531));
#5133=IFCFACEOUTERBOUND(#5132,.T.);
#5134=IFCFACE((#5133));
#5135=IFCPOLYLOOP((#3678,#3531,#3682));
#5136=IFCFACEOUTERBOUND(#5135,.T.);
#5137=IFCFACE((#5136));
#5138=IFCPOLYLOOP((#3680,#3679,#4157));
#5139=IFCFACEOUTERBOUND(#5138,.T.);
#5140=IFCFACE((#5139));
#5141=IFCPOLYLOOP((#4157,#3681,#3680));
#5142=IFCFACEOUTERBOUND(#5141,.T.);
#5143=IFCFACE((#5142));
#5144=IFCPOLYLOOP((#4157,#4483,#3681));
#5145=IFCFACEOUTERBOUND(#5144,.T.);
#5146=IFCFACE((#5145));
#5147=IFCPOLYLOOP((#4157,#4026,#4483));
#5148=IFCFACEOUTERBOUND(#5147,.T.);
#5149=IFCFACE((#5148));
#5150=IFCPOLYLOOP((#4157,#4156,#4026));
#5151=IFCFACEOUTERBOUND(#5150,.T.);
#5152=IFCFACE((#5151));
#5153=IFCPOLYLOOP((#4077,#4026,#4156));
#5154=IFCFACEOUTERBOUND(#5153,.T.);
#5155=IFCFACE((#5154));
#5156=IFCPOLYLOOP((#4077,#4032,#4026));
#5157=IFCFACEOUTERBOUND(#5156,.T.);
#5158=IFCFACE((#5157));
#5159=IFCPOLYLOOP((#4077,#4027,#4032));
#5160=IFCFACEOUTERBOUND(#5159,.T.);
#5161=IFCFACE((#5160));
#5162=IFCPOLYLOOP((#4077,#4089,#4027));
#5163=IFCFACEOUTERBOUND(#5162,.T.);
#5164=IFCFACE((#5163));
#5165=IFCPOLYLOOP((#4089,#4077,#4086));
#5166=IFCFACEOUTERBOUND(#5165,.T.);
#5167=IFCFACE((#5166));
#5168=IFCPOLYLOOP((#4089,#4086,#4076));
#5169=IFCFACEOUTERBOUND(#5168,.T.);
#5170=IFCFACE((#5169));
#5171=IFCPOLYLOOP((#3587,#3682,#3531));
#5172=IFCFACEOUTERBOUND(#5171,.T.);
#5173=IFCFACE((#5172));
#5174=IFCPOLYLOOP((#3587,#3531,#3537));
#5175=IFCFACEOUTERBOUND(#5174,.T.);
#5176=IFCFACE((#5175));
#5177=IFCPOLYLOOP((#3587,#3537,#3530));
#5178=IFCFACEOUTERBOUND(#5177,.T.);
#5179=IFCFACE((#5178));
#5180=IFCPOLYLOOP((#3587,#3530,#3600));
#5181=IFCFACEOUTERBOUND(#5180,.T.);
#5182=IFCFACE((#5181));
#5183=IFCPOLYLOOP((#3600,#3591,#3587));
#5184=IFCFACEOUTERBOUND(#5183,.T.);
#5185=IFCFACE((#5184));
#5186=IFCPOLYLOOP((#3600,#3581,#3591));
#5187=IFCFACEOUTERBOUND(#5186,.T.);
#5188=IFCFACE((#5187));
#5189=IFCPOLYLOOP((#3682,#3586,#3678));
#5190=IFCFACEOUTERBOUND(#5189,.T.);
#5191=IFCFACE((#5190));
#5192=IFCPOLYLOOP((#3587,#3586,#3682));
#5193=IFCFACEOUTERBOUND(#5192,.T.);
#5194=IFCFACE((#5193));
#5195=IFCPOLYLOOP((#3642,#3688,#3700));
#5196=IFCFACEOUTERBOUND(#5195,.T.);
#5197=IFCFACE((#5196));
#5198=IFCPOLYLOOP((#3697,#3694,#3690));
#5199=IFCFACEOUTERBOUND(#5198,.T.);
#5200=IFCFACE((#5199));
#5201=IFCPOLYLOOP((#3695,#3683,#3696));
#5202=IFCFACEOUTERBOUND(#5201,.T.);
#5203=IFCFACE((#5202));
#5204=IFCPOLYLOOP((#3644,#3643,#3690));
#5205=IFCFACEOUTERBOUND(#5204,.T.);
#5206=IFCFACE((#5205));
#5207=IFCPOLYLOOP((#3689,#3693,#3699));
#5208=IFCFACEOUTERBOUND(#5207,.T.);
#5209=IFCFACE((#5208));
#5210=IFCPOLYLOOP((#3685,#3686,#3692));
#5211=IFCFACEOUTERBOUND(#5210,.T.);
#5212=IFCFACE((#5211));
#5213=IFCPOLYLOOP((#3699,#3694,#3689));
#5214=IFCFACEOUTERBOUND(#5213,.T.);
#5215=IFCFACE((#5214));
#5216=IFCPOLYLOOP((#3646,#3702,#3639));
#5217=IFCFACEOUTERBOUND(#5216,.T.);
#5218=IFCFACE((#5217));
#5219=IFCPOLYLOOP((#3695,#3696,#3689));
#5220=IFCFACEOUTERBOUND(#5219,.T.);
#5221=IFCFACE((#5220));
#5222=IFCPOLYLOOP((#3702,#3646,#3693));
#5223=IFCFACEOUTERBOUND(#5222,.T.);
#5224=IFCFACE((#5223));
#5225=IFCPOLYLOOP((#3690,#3700,#3701));
#5226=IFCFACEOUTERBOUND(#5225,.T.);
#5227=IFCFACE((#5226));
#5228=IFCPOLYLOOP((#3691,#3696,#3684));
#5229=IFCFACEOUTERBOUND(#5228,.T.);
#5230=IFCFACE((#5229));
#5231=IFCPOLYLOOP((#3683,#3695,#3582));
#5232=IFCFACEOUTERBOUND(#5231,.T.);
#5233=IFCFACE((#5232));
#5234=IFCPOLYLOOP((#3685,#3691,#3684));
#5235=IFCFACEOUTERBOUND(#5234,.T.);
#5236=IFCFACE((#5235));
#5237=IFCPOLYLOOP((#3684,#3696,#3683));
#5238=IFCFACEOUTERBOUND(#5237,.T.);
#5239=IFCFACE((#5238));
#5240=IFCPOLYLOOP((#3645,#3644,#3694));
#5241=IFCFACEOUTERBOUND(#5240,.T.);
#5242=IFCFACE((#5241));
#5243=IFCPOLYLOOP((#3700,#3690,#3643));
#5244=IFCFACEOUTERBOUND(#5243,.T.);
#5245=IFCFACE((#5244));
#5246=IFCPOLYLOOP((#3695,#3689,#3694));
#5247=IFCFACEOUTERBOUND(#5246,.T.);
#5248=IFCFACE((#5247));
#5249=IFCPOLYLOOP((#3691,#3689,#3696));
#5250=IFCFACEOUTERBOUND(#5249,.T.);
#5251=IFCFACE((#5250));
#5252=IFCPOLYLOOP((#3689,#3691,#3693));
#5253=IFCFACEOUTERBOUND(#5252,.T.);
#5254=IFCFACE((#5253));
#5255=IFCPOLYLOOP((#3687,#3691,#3692));
#5256=IFCFACEOUTERBOUND(#5255,.T.);
#5257=IFCFACE((#5256));
#5258=IFCPOLYLOOP((#3699,#3646,#3645));
#5259=IFCFACEOUTERBOUND(#5258,.T.);
#5260=IFCFACE((#5259));
#5261=IFCPOLYLOOP((#3691,#3685,#3692));
#5262=IFCFACEOUTERBOUND(#5261,.T.);
#5263=IFCFACE((#5262));
#5264=IFCPOLYLOOP((#3697,#3583,#3592));
#5265=IFCFACEOUTERBOUND(#5264,.T.);
#5266=IFCFACE((#5265));
#5267=IFCPOLYLOOP((#3644,#3690,#3694));
#5268=IFCFACEOUTERBOUND(#5267,.T.);
#5269=IFCFACE((#5268));
#5270=IFCPOLYLOOP((#3701,#3584,#3588,#3583));
#5271=IFCFACEOUTERBOUND(#5270,.T.);
#5272=IFCFACE((#5271));
#5273=IFCPOLYLOOP((#3695,#3697,#3582));
#5274=IFCFACEOUTERBOUND(#5273,.T.);
#5275=IFCFACE((#5274));
#5276=IFCPOLYLOOP((#3687,#3693,#3691));
#5277=IFCFACEOUTERBOUND(#5276,.T.);
#5278=IFCFACE((#5277));
#5279=IFCPOLYLOOP((#3694,#3697,#3695));
#5280=IFCFACEOUTERBOUND(#5279,.T.);
#5281=IFCFACE((#5280));
#5282=IFCPOLYLOOP((#3646,#3699,#3693));
#5283=IFCFACEOUTERBOUND(#5282,.T.);
#5284=IFCFACE((#5283));
#5285=IFCPOLYLOOP((#3583,#3697,#3690));
#5286=IFCFACEOUTERBOUND(#5285,.T.);
#5287=IFCFACE((#5286));
#5288=IFCPOLYLOOP((#3698,#3582,#3697));
#5289=IFCFACEOUTERBOUND(#5288,.T.);
#5290=IFCFACE((#5289));
#5291=IFCPOLYLOOP((#3694,#3699,#3645));
#5292=IFCFACEOUTERBOUND(#5291,.T.);
#5293=IFCFACE((#5292));
#5294=IFCPOLYLOOP((#3642,#3700,#3643));
#5295=IFCFACEOUTERBOUND(#5294,.T.);
#5296=IFCFACE((#5295));
#5297=IFCPOLYLOOP((#3701,#3700,#3688));
#5298=IFCFACEOUTERBOUND(#5297,.T.);
#5299=IFCFACE((#5298));
#5300=IFCPOLYLOOP((#3584,#3701,#3688));
#5301=IFCFACEOUTERBOUND(#5300,.T.);
#5302=IFCFACE((#5301));
#5303=IFCPOLYLOOP((#3690,#3701,#3583));
#5304=IFCFACEOUTERBOUND(#5303,.T.);
#5305=IFCFACE((#5304));
#5306=IFCPOLYLOOP((#3693,#3687,#3702));
#5307=IFCFACEOUTERBOUND(#5306,.T.);
#5308=IFCFACE((#5307));
#5309=IFCPOLYLOOP((#3686,#3703,#3661));
#5310=IFCFACEOUTERBOUND(#5309,.T.);
#5311=IFCFACE((#5310));
#5312=IFCPOLYLOOP((#3661,#3692,#3686));
#5313=IFCFACEOUTERBOUND(#5312,.T.);
#5314=IFCFACE((#5313));
#5315=IFCPOLYLOOP((#3703,#3704,#3661));
#5316=IFCFACEOUTERBOUND(#5315,.T.);
#5317=IFCFACE((#5316));
#5318=IFCPOLYLOOP((#3704,#3703,#3888));
#5319=IFCFACEOUTERBOUND(#5318,.T.);
#5320=IFCFACE((#5319));
#5321=IFCPOLYLOOP((#3703,#3897,#3888));
#5322=IFCFACEOUTERBOUND(#5321,.T.);
#5323=IFCFACE((#5322));
#5324=IFCPOLYLOOP((#3896,#3888,#3897));
#5325=IFCFACEOUTERBOUND(#5324,.T.);
#5326=IFCFACE((#5325));
#5327=IFCPOLYLOOP((#3888,#3896,#3871));
#5328=IFCFACEOUTERBOUND(#5327,.T.);
#5329=IFCFACE((#5328));
#5330=IFCPOLYLOOP((#3704,#3888,#3889));
#5331=IFCFACEOUTERBOUND(#5330,.T.);
#5332=IFCFACE((#5331));
#5333=IFCPOLYLOOP((#3704,#3889,#3662));
#5334=IFCFACEOUTERBOUND(#5333,.T.);
#5335=IFCFACE((#5334));
#5336=IFCPOLYLOOP((#3704,#3662,#3673));
#5337=IFCFACEOUTERBOUND(#5336,.T.);
#5338=IFCFACE((#5337));
#5339=IFCPOLYLOOP((#3704,#3673,#3661));
#5340=IFCFACEOUTERBOUND(#5339,.T.);
#5341=IFCFACE((#5340));
#5342=IFCPOLYLOOP((#3661,#3687,#3692));
#5343=IFCFACEOUTERBOUND(#5342,.T.);
#5344=IFCFACE((#5343));
#5345=IFCPOLYLOOP((#3687,#3661,#3675));
#5346=IFCFACEOUTERBOUND(#5345,.T.);
#5347=IFCFACE((#5346));
#5348=IFCPOLYLOOP((#3675,#3702,#3687));
#5349=IFCFACEOUTERBOUND(#5348,.T.);
#5350=IFCFACE((#5349));
#5351=IFCPOLYLOOP((#3675,#3639,#3702));
#5352=IFCFACEOUTERBOUND(#5351,.T.);
#5353=IFCFACE((#5352));
#5354=IFCPOLYLOOP((#3706,#3574,#3576));
#5355=IFCFACEOUTERBOUND(#5354,.T.);
#5356=IFCFACE((#5355));
#5357=IFCPOLYLOOP((#3574,#3706,#3608));
#5358=IFCFACEOUTERBOUND(#5357,.T.);
#5359=IFCFACE((#5358));
#5360=IFCPOLYLOOP((#3576,#3716,#3706));
#5361=IFCFACEOUTERBOUND(#5360,.T.);
#5362=IFCFACE((#5361));
#5363=IFCPOLYLOOP((#3574,#3608,#3613));
#5364=IFCFACEOUTERBOUND(#5363,.T.);
#5365=IFCFACE((#5364));
#5366=IFCPOLYLOOP((#3574,#3613,#3612));
#5367=IFCFACEOUTERBOUND(#5366,.T.);
#5368=IFCFACE((#5367));
#5369=IFCPOLYLOOP((#3574,#3612,#3619));
#5370=IFCFACEOUTERBOUND(#5369,.T.);
#5371=IFCFACE((#5370));
#5372=IFCPOLYLOOP((#3574,#3619,#3610));
#5373=IFCFACEOUTERBOUND(#5372,.T.);
#5374=IFCFACE((#5373));
#5375=IFCPOLYLOOP((#3574,#3610,#3616));
#5376=IFCFACEOUTERBOUND(#5375,.T.);
#5377=IFCFACE((#5376));
#5378=IFCPOLYLOOP((#3574,#3616,#3615));
#5379=IFCFACEOUTERBOUND(#5378,.T.);
#5380=IFCFACE((#5379));
#5381=IFCPOLYLOOP((#3574,#3615,#3617));
#5382=IFCFACEOUTERBOUND(#5381,.T.);
#5383=IFCFACE((#5382));
#5384=IFCPOLYLOOP((#3574,#3617,#3607));
#5385=IFCFACEOUTERBOUND(#5384,.T.);
#5386=IFCFACE((#5385));
#5387=IFCPOLYLOOP((#3574,#3607,#3705));
#5388=IFCFACEOUTERBOUND(#5387,.T.);
#5389=IFCFACE((#5388));
#5390=IFCPOLYLOOP((#3782,#3705,#3607));
#5391=IFCFACEOUTERBOUND(#5390,.T.);
#5392=IFCFACE((#5391));
#5393=IFCPOLYLOOP((#3782,#3607,#3820));
#5394=IFCFACEOUTERBOUND(#5393,.T.);
#5395=IFCFACE((#5394));
#5396=IFCPOLYLOOP((#3782,#3820,#3818));
#5397=IFCFACEOUTERBOUND(#5396,.T.);
#5398=IFCFACE((#5397));
#5399=IFCPOLYLOOP((#3782,#3818,#3819));
#5400=IFCFACEOUTERBOUND(#5399,.T.);
#5401=IFCFACE((#5400));
#5402=IFCPOLYLOOP((#3782,#3819,#3813));
#5403=IFCFACEOUTERBOUND(#5402,.T.);
#5404=IFCFACE((#5403));
#5405=IFCPOLYLOOP((#3782,#3813,#3822));
#5406=IFCFACEOUTERBOUND(#5405,.T.);
#5407=IFCFACE((#5406));
#5408=IFCPOLYLOOP((#3782,#3822,#3815));
#5409=IFCFACEOUTERBOUND(#5408,.T.);
#5410=IFCFACE((#5409));
#5411=IFCPOLYLOOP((#3782,#3815,#3816));
#5412=IFCFACEOUTERBOUND(#5411,.T.);
#5413=IFCFACE((#5412));
#5414=IFCPOLYLOOP((#3782,#3816,#3811));
#5415=IFCFACEOUTERBOUND(#5414,.T.);
#5416=IFCFACE((#5415));
#5417=IFCPOLYLOOP((#3782,#3811,#3915));
#5418=IFCFACEOUTERBOUND(#5417,.T.);
#5419=IFCFACE((#5418));
#5420=IFCPOLYLOOP((#3915,#3784,#3782));
#5421=IFCFACEOUTERBOUND(#5420,.T.);
#5422=IFCFACE((#5421));
#5423=IFCPOLYLOOP((#3915,#3761,#3784));
#5424=IFCFACEOUTERBOUND(#5423,.T.);
#5425=IFCFACE((#5424));
#5426=IFCPOLYLOOP((#3782,#3571,#3705));
#5427=IFCFACEOUTERBOUND(#5426,.T.);
#5428=IFCFACE((#5427));
#5429=IFCPOLYLOOP((#3705,#3571,#3574));
#5430=IFCFACEOUTERBOUND(#5429,.T.);
#5431=IFCFACE((#5430));
#5432=IFCPOLYLOOP((#3576,#3550,#3716));
#5433=IFCFACEOUTERBOUND(#5432,.T.);
#5434=IFCFACE((#5433));
#5435=IFCPOLYLOOP((#4067,#4100,#4180));
#5436=IFCFACEOUTERBOUND(#5435,.T.);
#5437=IFCFACE((#5436));
#5438=IFCPOLYLOOP((#4180,#4071,#4067));
#5439=IFCFACEOUTERBOUND(#5438,.T.);
#5440=IFCFACE((#5439));
#5441=IFCPOLYLOOP((#4067,#4108,#4100));
#5442=IFCFACEOUTERBOUND(#5441,.T.);
#5443=IFCFACE((#5442));
#5444=IFCPOLYLOOP((#4067,#4107,#4108));
#5445=IFCFACEOUTERBOUND(#5444,.T.);
#5446=IFCFACE((#5445));
#5447=IFCPOLYLOOP((#4067,#4114,#4107));
#5448=IFCFACEOUTERBOUND(#5447,.T.);
#5449=IFCFACE((#5448));
#5450=IFCPOLYLOOP((#4067,#4105,#4114));
#5451=IFCFACEOUTERBOUND(#5450,.T.);
#5452=IFCFACE((#5451));
#5453=IFCPOLYLOOP((#4067,#4111,#4105));
#5454=IFCFACEOUTERBOUND(#5453,.T.);
#5455=IFCFACE((#5454));
#5456=IFCPOLYLOOP((#4067,#4110,#4111));
#5457=IFCFACEOUTERBOUND(#5456,.T.);
#5458=IFCFACE((#5457));
#5459=IFCPOLYLOOP((#4067,#4112,#4110));
#5460=IFCFACEOUTERBOUND(#5459,.T.);
#5461=IFCFACE((#5460));
#5462=IFCPOLYLOOP((#4067,#4101,#4112));
#5463=IFCFACEOUTERBOUND(#5462,.T.);
#5464=IFCFACE((#5463));
#5465=IFCPOLYLOOP((#4067,#4181,#4101));
#5466=IFCFACEOUTERBOUND(#5465,.T.);
#5467=IFCFACE((#5466));
#5468=IFCPOLYLOOP((#4181,#4067,#4066));
#5469=IFCFACEOUTERBOUND(#5468,.T.);
#5470=IFCFACE((#5469));
#5471=IFCPOLYLOOP((#4249,#4181,#4066));
#5472=IFCFACEOUTERBOUND(#5471,.T.);
#5473=IFCFACE((#5472));
#5474=IFCPOLYLOOP((#4249,#4101,#4181));
#5475=IFCFACEOUTERBOUND(#5474,.T.);
#5476=IFCFACE((#5475));
#5477=IFCPOLYLOOP((#4249,#4287,#4101));
#5478=IFCFACEOUTERBOUND(#5477,.T.);
#5479=IFCFACE((#5478));
#5480=IFCPOLYLOOP((#4249,#4285,#4287));
#5481=IFCFACEOUTERBOUND(#5480,.T.);
#5482=IFCFACE((#5481));
#5483=IFCPOLYLOOP((#4249,#4286,#4285));
#5484=IFCFACEOUTERBOUND(#5483,.T.);
#5485=IFCFACE((#5484));
#5486=IFCPOLYLOOP((#4249,#4280,#4286));
#5487=IFCFACEOUTERBOUND(#5486,.T.);
#5488=IFCFACE((#5487));
#5489=IFCPOLYLOOP((#4249,#4289,#4280));
#5490=IFCFACEOUTERBOUND(#5489,.T.);
#5491=IFCFACE((#5490));
#5492=IFCPOLYLOOP((#4249,#4282,#4289));
#5493=IFCFACEOUTERBOUND(#5492,.T.);
#5494=IFCFACE((#5493));
#5495=IFCPOLYLOOP((#4249,#4283,#4282));
#5496=IFCFACEOUTERBOUND(#5495,.T.);
#5497=IFCFACE((#5496));
#5498=IFCPOLYLOOP((#4249,#4278,#4283));
#5499=IFCFACEOUTERBOUND(#5498,.T.);
#5500=IFCFACE((#5499));
#5501=IFCPOLYLOOP((#4249,#4382,#4278));
#5502=IFCFACEOUTERBOUND(#5501,.T.);
#5503=IFCFACE((#5502));
#5504=IFCPOLYLOOP((#4382,#4249,#4251));
#5505=IFCFACEOUTERBOUND(#5504,.T.);
#5506=IFCFACE((#5505));
#5507=IFCPOLYLOOP((#4251,#4390,#4382));
#5508=IFCFACEOUTERBOUND(#5507,.T.);
#5509=IFCFACE((#5508));
#5510=IFCPOLYLOOP((#4251,#4225,#4390));
#5511=IFCFACEOUTERBOUND(#5510,.T.);
#5512=IFCFACE((#5511));
#5513=IFCPOLYLOOP((#4180,#4052,#4071));
#5514=IFCFACEOUTERBOUND(#5513,.T.);
#5515=IFCFACE((#5514));
#5516=IFCPOLYLOOP((#3579,#3578,#3708));
#5517=IFCFACEOUTERBOUND(#5516,.T.);
#5518=IFCFACE((#5517));
#5519=IFCPOLYLOOP((#3707,#3579,#3708));
#5520=IFCFACEOUTERBOUND(#5519,.T.);
#5521=IFCFACE((#5520));
#5522=IFCPOLYLOOP((#3708,#3578,#3786,#3916,#3897,#3703,#3686,#3707));
#5523=IFCFACEOUTERBOUND(#5522,.T.);
#5524=IFCFACE((#5523));
#5525=IFCPOLYLOOP((#3684,#3683,#3709));
#5526=IFCFACEOUTERBOUND(#5525,.T.);
#5527=IFCFACE((#5526));
#5528=IFCPOLYLOOP((#3597,#3709,#3598));
#5529=IFCFACEOUTERBOUND(#5528,.T.);
#5530=IFCFACE((#5529));
#5531=IFCPOLYLOOP((#3596,#3710,#3709));
#5532=IFCFACEOUTERBOUND(#5531,.T.);
#5533=IFCFACE((#5532));
#5534=IFCPOLYLOOP((#3590,#3683,#3582));
#5535=IFCFACEOUTERBOUND(#5534,.T.);
#5536=IFCFACE((#5535));
#5537=IFCPOLYLOOP((#3684,#3710,#3685));
#5538=IFCFACEOUTERBOUND(#5537,.T.);
#5539=IFCFACE((#5538));
#5540=IFCPOLYLOOP((#3598,#3709,#3599));
#5541=IFCFACEOUTERBOUND(#5540,.T.);
#5542=IFCFACE((#5541));
#5543=IFCPOLYLOOP((#3581,#3599,#3590));
#5544=IFCFACEOUTERBOUND(#5543,.T.);
#5545=IFCFACE((#5544));
#5546=IFCPOLYLOOP((#3709,#3590,#3599));
#5547=IFCFACEOUTERBOUND(#5546,.T.);
#5548=IFCFACE((#5547));
#5549=IFCPOLYLOOP((#3596,#3595,#3710));
#5550=IFCFACEOUTERBOUND(#5549,.T.);
#5551=IFCFACE((#5550));
#5552=IFCPOLYLOOP((#3594,#3710,#3595));
#5553=IFCFACEOUTERBOUND(#5552,.T.);
#5554=IFCFACE((#5553));
#5555=IFCPOLYLOOP((#3596,#3709,#3597));
#5556=IFCFACEOUTERBOUND(#5555,.T.);
#5557=IFCFACE((#5556));
#5558=IFCPOLYLOOP((#3710,#3594,#3707));
#5559=IFCFACEOUTERBOUND(#5558,.T.);
#5560=IFCFACE((#5559));
#5561=IFCPOLYLOOP((#3685,#3707,#3686));
#5562=IFCFACEOUTERBOUND(#5561,.T.);
#5563=IFCFACE((#5562));
#5564=IFCPOLYLOOP((#3710,#3707,#3685));
#5565=IFCFACEOUTERBOUND(#5564,.T.);
#5566=IFCFACE((#5565));
#5567=IFCPOLYLOOP((#3683,#3590,#3709));
#5568=IFCFACEOUTERBOUND(#5567,.T.);
#5569=IFCFACE((#5568));
#5570=IFCPOLYLOOP((#3594,#3579,#3707));
#5571=IFCFACEOUTERBOUND(#5570,.T.);
#5572=IFCFACE((#5571));
#5573=IFCPOLYLOOP((#3684,#3709,#3710));
#5574=IFCFACEOUTERBOUND(#5573,.T.);
#5575=IFCFACE((#5574));
#5576=IFCPOLYLOOP((#3727,#3631,#3724));
#5577=IFCFACEOUTERBOUND(#5576,.T.);
#5578=IFCFACE((#5577));
#5579=IFCPOLYLOOP((#3548,#3719,#3713));
#5580=IFCFACEOUTERBOUND(#5579,.T.);
#5581=IFCFACE((#5580));
#5582=IFCPOLYLOOP((#3720,#3712,#3629));
#5583=IFCFACEOUTERBOUND(#5582,.T.);
#5584=IFCFACE((#5583));
#5585=IFCPOLYLOOP((#3712,#3717,#3718));
#5586=IFCFACEOUTERBOUND(#5585,.T.);
#5587=IFCFACE((#5586));
#5588=IFCPOLYLOOP((#3629,#3712,#3730));
#5589=IFCFACEOUTERBOUND(#5588,.T.);
#5590=IFCFACE((#5589));
#5591=IFCPOLYLOOP((#3631,#3715,#3724));
#5592=IFCFACEOUTERBOUND(#5591,.T.);
#5593=IFCFACE((#5592));
#5594=IFCPOLYLOOP((#3715,#3723,#3724));
#5595=IFCFACEOUTERBOUND(#5594,.T.);
#5596=IFCFACE((#5595));
#5597=IFCPOLYLOOP((#3730,#3712,#3718));
#5598=IFCFACEOUTERBOUND(#5597,.T.);
#5599=IFCFACE((#5598));
#5600=IFCPOLYLOOP((#3717,#3547,#3528));
#5601=IFCFACEOUTERBOUND(#5600,.T.);
#5602=IFCFACE((#5601));
#5603=IFCPOLYLOOP((#3715,#3718,#3723));
#5604=IFCFACEOUTERBOUND(#5603,.T.);
#5605=IFCFACE((#5604));
#5606=IFCPOLYLOOP((#3722,#3713,#3731));
#5607=IFCFACEOUTERBOUND(#5606,.T.);
#5608=IFCFACE((#5607));
#5609=IFCPOLYLOOP((#3631,#3630,#3715));
#5610=IFCFACEOUTERBOUND(#5609,.T.);
#5611=IFCFACE((#5610));
#5612=IFCPOLYLOOP((#3719,#3720,#3713));
#5613=IFCFACEOUTERBOUND(#5612,.T.);
#5614=IFCFACE((#5613));
#5615=IFCPOLYLOOP((#3723,#3729,#3534,#3714));
#5616=IFCFACEOUTERBOUND(#5615,.T.);
#5617=IFCFACE((#5616));
#5618=IFCPOLYLOOP((#3719,#3717,#3712));
#5619=IFCFACEOUTERBOUND(#5618,.T.);
#5620=IFCFACE((#5619));
#5621=IFCPOLYLOOP((#3722,#3608,#3706));
#5622=IFCFACEOUTERBOUND(#5621,.T.);
#5623=IFCFACE((#5622));
#5624=IFCPOLYLOOP((#3725,#3711,#3724));
#5625=IFCFACEOUTERBOUND(#5624,.T.);
#5626=IFCFACE((#5625));
#5627=IFCPOLYLOOP((#3548,#3713,#3549));
#5628=IFCFACEOUTERBOUND(#5627,.T.);
#5629=IFCFACE((#5628));
#5630=IFCPOLYLOOP((#3706,#3721,#3722));
#5631=IFCFACEOUTERBOUND(#5630,.T.);
#5632=IFCFACE((#5631));
#5633=IFCPOLYLOOP((#3721,#3549,#3713));
#5634=IFCFACEOUTERBOUND(#5633,.T.);
#5635=IFCFACE((#5634));
#5636=IFCPOLYLOOP((#3550,#3549,#3716));
#5637=IFCFACEOUTERBOUND(#5636,.T.);
#5638=IFCFACE((#5637));
#5639=IFCPOLYLOOP((#4052,#4180,#4053));
#5640=IFCFACEOUTERBOUND(#5639,.T.);
#5641=IFCFACE((#5640));
#5642=IFCPOLYLOOP((#3547,#3717,#3719));
#5643=IFCFACEOUTERBOUND(#5642,.T.);
#5644=IFCFACE((#5643));
#5645=IFCPOLYLOOP((#3706,#3716,#3721));
#5646=IFCFACEOUTERBOUND(#5645,.T.);
#5647=IFCFACE((#5646));
#5648=IFCPOLYLOOP((#3547,#3719,#3548));
#5649=IFCFACEOUTERBOUND(#5648,.T.);
#5650=IFCFACE((#5649));
#5651=IFCPOLYLOOP((#3718,#3715,#3730));
#5652=IFCFACEOUTERBOUND(#5651,.T.);
#5653=IFCFACE((#5652));
#5654=IFCPOLYLOOP((#3718,#3717,#3528));
#5655=IFCFACEOUTERBOUND(#5654,.T.);
#5656=IFCFACE((#5655));
#5657=IFCPOLYLOOP((#3712,#3720,#3719));
#5658=IFCFACEOUTERBOUND(#5657,.T.);
#5659=IFCFACE((#5658));
#5660=IFCPOLYLOOP((#3731,#3629,#3628));
#5661=IFCFACEOUTERBOUND(#5660,.T.);
#5662=IFCFACE((#5661));
#5663=IFCPOLYLOOP((#3549,#3721,#3716));
#5664=IFCFACEOUTERBOUND(#5663,.T.);
#5665=IFCFACE((#5664));
#5666=IFCPOLYLOOP((#3722,#3721,#3713));
#5667=IFCFACEOUTERBOUND(#5666,.T.);
#5668=IFCFACE((#5667));
#5669=IFCPOLYLOOP((#3731,#3713,#3720));
#5670=IFCFACEOUTERBOUND(#5669,.T.);
#5671=IFCFACE((#5670));
#5672=IFCPOLYLOOP((#3608,#3722,#3628));
#5673=IFCFACEOUTERBOUND(#5672,.T.);
#5674=IFCFACE((#5673));
#5675=IFCPOLYLOOP((#3723,#3718,#3729));
#5676=IFCFACEOUTERBOUND(#5675,.T.);
#5677=IFCFACE((#5676));
#5678=IFCPOLYLOOP((#3723,#3714,#3728));
#5679=IFCFACEOUTERBOUND(#5678,.T.);
#5680=IFCFACE((#5679));
#5681=IFCPOLYLOOP((#3728,#3533,#3725));
#5682=IFCFACEOUTERBOUND(#5681,.T.);
#5683=IFCFACE((#5682));
#5684=IFCPOLYLOOP((#3724,#3711,#3726));
#5685=IFCFACEOUTERBOUND(#5684,.T.);
#5686=IFCFACE((#5685));
#5687=IFCPOLYLOOP((#3724,#3723,#3728));
#5688=IFCFACEOUTERBOUND(#5687,.T.);
#5689=IFCFACE((#5688));
#5690=IFCPOLYLOOP((#3726,#3632,#3727));
#5691=IFCFACEOUTERBOUND(#5690,.T.);
#5692=IFCFACE((#5691));
#5693=IFCPOLYLOOP((#3726,#3727,#3724));
#5694=IFCFACEOUTERBOUND(#5693,.T.);
#5695=IFCFACE((#5694));
#5696=IFCPOLYLOOP((#3533,#3728,#3714));
#5697=IFCFACEOUTERBOUND(#5696,.T.);
#5698=IFCFACE((#5697));
#5699=IFCPOLYLOOP((#3724,#3728,#3725));
#5700=IFCFACEOUTERBOUND(#5699,.T.);
#5701=IFCFACE((#5700));
#5702=IFCPOLYLOOP((#3718,#3528,#3546,#3729));
#5703=IFCFACEOUTERBOUND(#5702,.T.);
#5704=IFCFACE((#5703));
#5705=IFCPOLYLOOP((#3715,#3630,#3730));
#5706=IFCFACEOUTERBOUND(#5705,.T.);
#5707=IFCFACE((#5706));
#5708=IFCPOLYLOOP((#3629,#3730,#3630));
#5709=IFCFACEOUTERBOUND(#5708,.T.);
#5710=IFCFACE((#5709));
#5711=IFCPOLYLOOP((#3629,#3731,#3720));
#5712=IFCFACEOUTERBOUND(#5711,.T.);
#5713=IFCFACE((#5712));
#5714=IFCPOLYLOOP((#3628,#3722,#3731));
#5715=IFCFACEOUTERBOUND(#5714,.T.);
#5716=IFCFACE((#5715));
#5717=IFCPOLYLOOP((#3739,#3734,#3740));
#5718=IFCFACEOUTERBOUND(#5717,.T.);
#5719=IFCFACE((#5718));
#5720=IFCPOLYLOOP((#3743,#3737,#3748));
#5721=IFCFACEOUTERBOUND(#5720,.T.);
#5722=IFCFACE((#5721));
#5723=IFCPOLYLOOP((#3737,#3745,#3740));
#5724=IFCFACEOUTERBOUND(#5723,.T.);
#5725=IFCFACE((#5724));
#5726=IFCPOLYLOOP((#3741,#3747,#3735));
#5727=IFCFACEOUTERBOUND(#5726,.T.);
#5728=IFCFACE((#5727));
#5729=IFCPOLYLOOP((#4206,#4218,#4212));
#5730=IFCFACEOUTERBOUND(#5729,.T.);
#5731=IFCFACE((#5730));
#5732=IFCPOLYLOOP((#3734,#3747,#3740));
#5733=IFCFACEOUTERBOUND(#5732,.T.);
#5734=IFCFACE((#5733));
#5735=IFCPOLYLOOP((#3740,#3744,#3739));
#5736=IFCFACEOUTERBOUND(#5735,.T.);
#5737=IFCFACE((#5736));
#5738=IFCPOLYLOOP((#3744,#3746,#3738));
#5739=IFCFACEOUTERBOUND(#5738,.T.);
#5740=IFCFACE((#5739));
#5741=IFCPOLYLOOP((#3748,#3747,#3749));
#5742=IFCFACEOUTERBOUND(#5741,.T.);
#5743=IFCFACE((#5742));
#5744=IFCPOLYLOOP((#3739,#3744,#3733));
#5745=IFCFACEOUTERBOUND(#5744,.T.);
#5746=IFCFACE((#5745));
#5747=IFCPOLYLOOP((#3744,#3738,#3921,#3733));
#5748=IFCFACEOUTERBOUND(#5747,.T.);
#5749=IFCFACE((#5748));
#5750=IFCPOLYLOOP((#3747,#3734,#3742,#3735));
#5751=IFCFACEOUTERBOUND(#5750,.T.);
#5752=IFCFACE((#5751));
#5753=IFCPOLYLOOP((#3749,#3741,#3736));
#5754=IFCFACEOUTERBOUND(#5753,.T.);
#5755=IFCFACE((#5754));
#5756=IFCPOLYLOOP((#4205,#4212,#4220));
#5757=IFCFACEOUTERBOUND(#5756,.T.);
#5758=IFCFACE((#5757));
#5759=IFCPOLYLOOP((#3732,#3746,#3745));
#5760=IFCFACEOUTERBOUND(#5759,.T.);
#5761=IFCFACE((#5760));
#5762=IFCPOLYLOOP((#3746,#3744,#3740));
#5763=IFCFACEOUTERBOUND(#5762,.T.);
#5764=IFCFACE((#5763));
#5765=IFCPOLYLOOP((#3746,#3732,#3750,#3929,#3738));
#5766=IFCFACEOUTERBOUND(#5765,.T.);
#5767=IFCFACE((#5766));
#5768=IFCPOLYLOOP((#3745,#3746,#3740));
#5769=IFCFACEOUTERBOUND(#5768,.T.);
#5770=IFCFACE((#5769));
#5771=IFCPOLYLOOP((#3748,#3737,#3740));
#5772=IFCFACEOUTERBOUND(#5771,.T.);
#5773=IFCFACE((#5772));
#5774=IFCPOLYLOOP((#3743,#3748,#3749));
#5775=IFCFACEOUTERBOUND(#5774,.T.);
#5776=IFCFACE((#5775));
#5777=IFCPOLYLOOP((#3747,#3748,#3740));
#5778=IFCFACEOUTERBOUND(#5777,.T.);
#5779=IFCFACE((#5778));
#5780=IFCPOLYLOOP((#3749,#3736,#3774,#3743));
#5781=IFCFACEOUTERBOUND(#5780,.T.);
#5782=IFCFACE((#5781));
#5783=IFCPOLYLOOP((#3749,#3747,#3741));
#5784=IFCFACEOUTERBOUND(#5783,.T.);
#5785=IFCFACE((#5784));
#5786=IFCPOLYLOOP((#3764,#3745,#3767));
#5787=IFCFACEOUTERBOUND(#5786,.T.);
#5788=IFCFACE((#5787));
#5789=IFCPOLYLOOP((#3771,#3772,#3766));
#5790=IFCFACEOUTERBOUND(#5789,.T.);
#5791=IFCFACE((#5790));
#5792=IFCPOLYLOOP((#3765,#3752,#3753));
#5793=IFCFACEOUTERBOUND(#5792,.T.);
#5794=IFCFACE((#5793));
#5795=IFCPOLYLOOP((#3765,#3753,#3754));
#5796=IFCFACEOUTERBOUND(#5795,.T.);
#5797=IFCFACE((#5796));
#5798=IFCPOLYLOOP((#3768,#3761,#3762));
#5799=IFCFACEOUTERBOUND(#5798,.T.);
#5800=IFCFACE((#5799));
#5801=IFCPOLYLOOP((#3774,#3736,#3751));
#5802=IFCFACEOUTERBOUND(#5801,.T.);
#5803=IFCFACE((#5802));
#5804=IFCPOLYLOOP((#3766,#3772,#3758));
#5805=IFCFACEOUTERBOUND(#5804,.T.);
#5806=IFCFACE((#5805));
#5807=IFCPOLYLOOP((#3752,#3765,#3774));
#5808=IFCFACEOUTERBOUND(#5807,.T.);
#5809=IFCFACE((#5808));
#5810=IFCPOLYLOOP((#3758,#3759,#3766));
#5811=IFCFACEOUTERBOUND(#5810,.T.);
#5812=IFCFACE((#5811));
#5813=IFCPOLYLOOP((#3732,#3745,#3764));
#5814=IFCFACEOUTERBOUND(#5813,.T.);
#5815=IFCFACE((#5814));
#5816=IFCPOLYLOOP((#3745,#3737,#3767));
#5817=IFCFACEOUTERBOUND(#5816,.T.);
#5818=IFCFACE((#5817));
#5819=IFCPOLYLOOP((#3771,#3765,#3772));
#5820=IFCFACEOUTERBOUND(#5819,.T.);
#5821=IFCFACE((#5820));
#5822=IFCPOLYLOOP((#3767,#3763,#3764));
#5823=IFCFACEOUTERBOUND(#5822,.T.);
#5824=IFCFACE((#5823));
#5825=IFCPOLYLOOP((#3774,#3751,#3752));
#5826=IFCFACEOUTERBOUND(#5825,.T.);
#5827=IFCFACE((#5826));
#5828=IFCPOLYLOOP((#3760,#3769,#3771));
#5829=IFCFACEOUTERBOUND(#5828,.T.);
#5830=IFCFACE((#5829));
#5831=IFCPOLYLOOP((#3762,#3770,#3768));
#5832=IFCFACEOUTERBOUND(#5831,.T.);
#5833=IFCFACE((#5832));
#5834=IFCPOLYLOOP((#3760,#3768,#3769));
#5835=IFCFACEOUTERBOUND(#5834,.T.);
#5836=IFCFACE((#5835));
#5837=IFCPOLYLOOP((#3760,#3771,#3766));
#5838=IFCFACEOUTERBOUND(#5837,.T.);
#5839=IFCFACE((#5838));
#5840=IFCPOLYLOOP((#3765,#3771,#3773));
#5841=IFCFACEOUTERBOUND(#5840,.T.);
#5842=IFCFACE((#5841));
#5843=IFCPOLYLOOP((#3772,#3765,#3754));
#5844=IFCFACEOUTERBOUND(#5843,.T.);
#5845=IFCFACE((#5844));
#5846=IFCPOLYLOOP((#3768,#3770,#3769));
#5847=IFCFACEOUTERBOUND(#5846,.T.);
#5848=IFCFACE((#5847));
#5849=IFCPOLYLOOP((#3763,#3770,#3762));
#5850=IFCFACEOUTERBOUND(#5849,.T.);
#5851=IFCFACE((#5850));
#5852=IFCPOLYLOOP((#3769,#3770,#3767));
#5853=IFCFACEOUTERBOUND(#5852,.T.);
#5854=IFCFACE((#5853));
#5855=IFCPOLYLOOP((#3757,#3758,#3772));
#5856=IFCFACEOUTERBOUND(#5855,.T.);
#5857=IFCFACE((#5856));
#5858=IFCPOLYLOOP((#3756,#3757,#3772));
#5859=IFCFACEOUTERBOUND(#5858,.T.);
#5860=IFCFACE((#5859));
#5861=IFCPOLYLOOP((#3770,#3763,#3767));
#5862=IFCFACEOUTERBOUND(#5861,.T.);
#5863=IFCFACE((#5862));
#5864=IFCPOLYLOOP((#3754,#3755,#3772));
#5865=IFCFACEOUTERBOUND(#5864,.T.);
#5866=IFCFACE((#5865));
#5867=IFCPOLYLOOP((#3773,#3767,#3737));
#5868=IFCFACEOUTERBOUND(#5867,.T.);
#5869=IFCFACE((#5868));
#5870=IFCPOLYLOOP((#3765,#3773,#3737));
#5871=IFCFACEOUTERBOUND(#5870,.T.);
#5872=IFCFACE((#5871));
#5873=IFCPOLYLOOP((#3771,#3769,#3773));
#5874=IFCFACEOUTERBOUND(#5873,.T.);
#5875=IFCFACE((#5874));
#5876=IFCPOLYLOOP((#3767,#3773,#3769));
#5877=IFCFACEOUTERBOUND(#5876,.T.);
#5878=IFCFACE((#5877));
#5879=IFCPOLYLOOP((#3756,#3772,#3755));
#5880=IFCFACEOUTERBOUND(#5879,.T.);
#5881=IFCFACE((#5880));
#5882=IFCPOLYLOOP((#3765,#3737,#3743,#3774));
#5883=IFCFACEOUTERBOUND(#5882,.T.);
#5884=IFCFACE((#5883));
#5885=IFCPOLYLOOP((#3775,#3780,#3777));
#5886=IFCFACEOUTERBOUND(#5885,.T.);
#5887=IFCFACE((#5886));
#5888=IFCPOLYLOOP((#3781,#3733,#3860,#3849,#3862,#3846,#3779,#3868,#3847,#3853,#3776));
#5889=IFCFACEOUTERBOUND(#5888,.T.);
#5890=IFCFACE((#5889));
#5891=IFCPOLYLOOP((#3777,#3781,#3776));
#5892=IFCFACEOUTERBOUND(#5891,.T.);
#5893=IFCFACE((#5892));
#5894=IFCPOLYLOOP((#3777,#3780,#3734,#3781));
#5895=IFCFACEOUTERBOUND(#5894,.T.);
#5896=IFCFACE((#5895));
#5897=IFCPOLYLOOP((#3780,#3735,#3742,#3734));
#5898=IFCFACEOUTERBOUND(#5897,.T.);
#5899=IFCFACE((#5898));
#5900=IFCPOLYLOOP((#3781,#3734,#3739,#3733));
#5901=IFCFACEOUTERBOUND(#5900,.T.);
#5902=IFCFACE((#5901));
#5903=IFCPOLYLOOP((#3780,#3775,#3778,#3735));
#5904=IFCFACEOUTERBOUND(#5903,.T.);
#5905=IFCFACE((#5904));
#5906=IFCPOLYLOOP((#4248,#4247,#4246));
#5907=IFCFACEOUTERBOUND(#5906,.T.);
#5908=IFCFACE((#5907));
#5909=IFCPOLYLOOP((#3572,#3571,#3782));
#5910=IFCFACEOUTERBOUND(#5909,.T.);
#5911=IFCFACE((#5910));
#5912=IFCPOLYLOOP((#3572,#3782,#3783));
#5913=IFCFACEOUTERBOUND(#5912,.T.);
#5914=IFCFACE((#5913));
#5915=IFCPOLYLOOP((#3783,#3784,#3760));
#5916=IFCFACEOUTERBOUND(#5915,.T.);
#5917=IFCFACE((#5916));
#5918=IFCPOLYLOOP((#3784,#3761,#3768,#3760));
#5919=IFCFACEOUTERBOUND(#5918,.T.);
#5920=IFCFACE((#5919));
#5921=IFCPOLYLOOP((#3782,#3784,#3783));
#5922=IFCFACEOUTERBOUND(#5921,.T.);
#5923=IFCFACE((#5922));
#5924=IFCPOLYLOOP((#3796,#3787,#3797));
#5925=IFCFACEOUTERBOUND(#5924,.T.);
#5926=IFCFACE((#5925));
#5927=IFCPOLYLOOP((#3796,#3797,#3799));
#5928=IFCFACEOUTERBOUND(#5927,.T.);
#5929=IFCFACE((#5928));
#5930=IFCPOLYLOOP((#3788,#3799,#3797));
#5931=IFCFACEOUTERBOUND(#5930,.T.);
#5932=IFCFACE((#5931));
#5933=IFCPOLYLOOP((#3795,#3788,#3789));
#5934=IFCFACEOUTERBOUND(#5933,.T.);
#5935=IFCFACE((#5934));
#5936=IFCPOLYLOOP((#3790,#3795,#3789));
#5937=IFCFACEOUTERBOUND(#5936,.T.);
#5938=IFCFACE((#5937));
#5939=IFCPOLYLOOP((#3795,#3799,#3788));
#5940=IFCFACEOUTERBOUND(#5939,.T.);
#5941=IFCFACE((#5940));
#5942=IFCPOLYLOOP((#3795,#3790,#3794));
#5943=IFCFACEOUTERBOUND(#5942,.T.);
#5944=IFCFACE((#5943));
#5945=IFCPOLYLOOP((#3790,#3791,#3910));
#5946=IFCFACEOUTERBOUND(#5945,.T.);
#5947=IFCFACE((#5946));
#5948=IFCPOLYLOOP((#3798,#3799,#3792));
#5949=IFCFACEOUTERBOUND(#5948,.T.);
#5950=IFCFACE((#5949));
#5951=IFCPOLYLOOP((#3795,#3794,#3792));
#5952=IFCFACEOUTERBOUND(#5951,.T.);
#5953=IFCFACE((#5952));
#5954=IFCPOLYLOOP((#3796,#3798,#3793));
#5955=IFCFACEOUTERBOUND(#5954,.T.);
#5956=IFCFACE((#5955));
#5957=IFCPOLYLOOP((#3796,#3799,#3798));
#5958=IFCFACEOUTERBOUND(#5957,.T.);
#5959=IFCFACE((#5958));
#5960=IFCPOLYLOOP((#3792,#3799,#3795));
#5961=IFCFACEOUTERBOUND(#5960,.T.);
#5962=IFCFACE((#5961));
#5963=IFCPOLYLOOP((#3759,#3758,#3785));
#5964=IFCFACEOUTERBOUND(#5963,.T.);
#5965=IFCFACE((#5964));
#5966=IFCPOLYLOOP((#3805,#3807,#3804));
#5967=IFCFACEOUTERBOUND(#5966,.T.);
#5968=IFCFACE((#5967));
#5969=IFCPOLYLOOP((#3807,#3755,#3754));
#5970=IFCFACEOUTERBOUND(#5969,.T.);
#5971=IFCFACE((#5970));
#5972=IFCPOLYLOOP((#3808,#3752,#3751));
#5973=IFCFACEOUTERBOUND(#5972,.T.);
#5974=IFCFACE((#5973));
#5975=IFCPOLYLOOP((#3756,#3755,#3807));
#5976=IFCFACEOUTERBOUND(#5975,.T.);
#5977=IFCFACE((#5976));
#5978=IFCPOLYLOOP((#3756,#3807,#3757));
#5979=IFCFACEOUTERBOUND(#5978,.T.);
#5980=IFCFACE((#5979));
#5981=IFCPOLYLOOP((#3808,#3802,#3803));
#5982=IFCFACEOUTERBOUND(#5981,.T.);
#5983=IFCFACE((#5982));
#5984=IFCPOLYLOOP((#3758,#3757,#3785));
#5985=IFCFACEOUTERBOUND(#5984,.T.);
#5986=IFCFACE((#5985));
#5987=IFCPOLYLOOP((#3786,#3785,#3806));
#5988=IFCFACEOUTERBOUND(#5987,.T.);
#5989=IFCFACE((#5988));
#5990=IFCPOLYLOOP((#3807,#3806,#3785));
#5991=IFCFACEOUTERBOUND(#5990,.T.);
#5992=IFCFACE((#5991));
#5993=IFCPOLYLOOP((#3757,#3807,#3785));
#5994=IFCFACEOUTERBOUND(#5993,.T.);
#5995=IFCFACE((#5994));
#5996=IFCPOLYLOOP((#3807,#3805,#3806));
#5997=IFCFACEOUTERBOUND(#5996,.T.);
#5998=IFCFACE((#5997));
#5999=IFCPOLYLOOP((#3803,#3804,#3807));
#6000=IFCFACEOUTERBOUND(#5999,.T.);
#6001=IFCFACE((#6000));
#6002=IFCPOLYLOOP((#3807,#3754,#3808));
#6003=IFCFACEOUTERBOUND(#6002,.T.);
#6004=IFCFACE((#6003));
#6005=IFCPOLYLOOP((#3808,#3751,#3800));
#6006=IFCFACEOUTERBOUND(#6005,.T.);
#6007=IFCFACE((#6006));
#6008=IFCPOLYLOOP((#3753,#3752,#3808));
#6009=IFCFACEOUTERBOUND(#6008,.T.);
#6010=IFCFACE((#6009));
#6011=IFCPOLYLOOP((#3800,#3751,#3736));
#6012=IFCFACEOUTERBOUND(#6011,.T.);
#6013=IFCFACE((#6012));
#6014=IFCPOLYLOOP((#3808,#3803,#3807));
#6015=IFCFACEOUTERBOUND(#6014,.T.);
#6016=IFCFACE((#6015));
#6017=IFCPOLYLOOP((#3801,#3800,#3787));
#6018=IFCFACEOUTERBOUND(#6017,.T.);
#6019=IFCFACE((#6018));
#6020=IFCPOLYLOOP((#3801,#3802,#3808));
#6021=IFCFACEOUTERBOUND(#6020,.T.);
#6022=IFCFACE((#6021));
#6023=IFCPOLYLOOP((#3801,#3808,#3800));
#6024=IFCFACEOUTERBOUND(#6023,.T.);
#6025=IFCFACE((#6024));
#6026=IFCPOLYLOOP((#3754,#3753,#3808));
#6027=IFCFACEOUTERBOUND(#6026,.T.);
#6028=IFCFACE((#6027));
#6029=IFCPOLYLOOP((#3812,#3823,#3813));
#6030=IFCFACEOUTERBOUND(#6029,.T.);
#6031=IFCFACE((#6030));
#6032=IFCPOLYLOOP((#3606,#3605,#3821));
#6033=IFCFACEOUTERBOUND(#6032,.T.);
#6034=IFCFACE((#6033));
#6035=IFCPOLYLOOP((#3815,#3814,#3890,#3824));
#6036=IFCFACEOUTERBOUND(#6035,.T.);
#6037=IFCFACE((#6036));
#6038=IFCPOLYLOOP((#3824,#3809,#3810));
#6039=IFCFACEOUTERBOUND(#6038,.T.);
#6040=IFCFACE((#6039));
#6041=IFCPOLYLOOP((#3821,#3817,#3818));
#6042=IFCFACEOUTERBOUND(#6041,.T.);
#6043=IFCFACE((#6042));
#6044=IFCPOLYLOOP((#3821,#3820,#3606));
#6045=IFCFACEOUTERBOUND(#6044,.T.);
#6046=IFCFACE((#6045));
#6047=IFCPOLYLOOP((#3823,#3814,#3822));
#6048=IFCFACEOUTERBOUND(#6047,.T.);
#6049=IFCFACE((#6048));
#6050=IFCPOLYLOOP((#3816,#3824,#3810));
#6051=IFCFACEOUTERBOUND(#6050,.T.);
#6052=IFCFACE((#6051));
#6053=IFCPOLYLOOP((#3812,#3813,#3825));
#6054=IFCFACEOUTERBOUND(#6053,.T.);
#6055=IFCFACE((#6054));
#6056=IFCPOLYLOOP((#3819,#3817,#3825));
#6057=IFCFACEOUTERBOUND(#6056,.T.);
#6058=IFCFACE((#6057));
#6059=IFCPOLYLOOP((#3838,#3836,#3826));
#6060=IFCFACEOUTERBOUND(#6059,.T.);
#6061=IFCFACE((#6060));
#6062=IFCPOLYLOOP((#3835,#3837,#3839));
#6063=IFCFACEOUTERBOUND(#6062,.T.);
#6064=IFCFACE((#6063));
#6065=IFCPOLYLOOP((#3835,#3836,#3837));
#6066=IFCFACEOUTERBOUND(#6065,.T.);
#6067=IFCFACE((#6066));
#6068=IFCPOLYLOOP((#3828,#3838,#3826,#3827));
#6069=IFCFACEOUTERBOUND(#6068,.T.);
#6070=IFCFACE((#6069));
#6071=IFCPOLYLOOP((#3835,#3839,#3834));
#6072=IFCFACEOUTERBOUND(#6071,.T.);
#6073=IFCFACE((#6072));
#6074=IFCPOLYLOOP((#3829,#3838,#3828));
#6075=IFCFACEOUTERBOUND(#6074,.T.);
#6076=IFCFACE((#6075));
#6077=IFCPOLYLOOP((#3837,#3838,#3829));
#6078=IFCFACEOUTERBOUND(#6077,.T.);
#6079=IFCFACE((#6078));
#6080=IFCPOLYLOOP((#3833,#3840,#3841));
#6081=IFCFACEOUTERBOUND(#6080,.T.);
#6082=IFCFACE((#6081));
#6083=IFCPOLYLOOP((#3839,#3830,#3930,#3831));
#6084=IFCFACEOUTERBOUND(#6083,.T.);
#6085=IFCFACE((#6084));
#6086=IFCPOLYLOOP((#3830,#3837,#3829));
#6087=IFCFACEOUTERBOUND(#6086,.T.);
#6088=IFCFACE((#6087));
#6089=IFCPOLYLOOP((#3830,#3839,#3837));
#6090=IFCFACEOUTERBOUND(#6089,.T.);
#6091=IFCFACE((#6090));
#6092=IFCPOLYLOOP((#3841,#3811,#3810,#3809));
#6093=IFCFACEOUTERBOUND(#6092,.T.);
#6094=IFCFACE((#6093));
#6095=IFCPOLYLOOP((#3840,#3833,#3834));
#6096=IFCFACEOUTERBOUND(#6095,.T.);
#6097=IFCFACE((#6096));
#6098=IFCPOLYLOOP((#3839,#3831,#3840));
#6099=IFCFACEOUTERBOUND(#6098,.T.);
#6100=IFCFACE((#6099));
#6101=IFCPOLYLOOP((#3841,#3832,#3811));
#6102=IFCFACEOUTERBOUND(#6101,.T.);
#6103=IFCFACE((#6102));
#6104=IFCPOLYLOOP((#3836,#3838,#3837));
#6105=IFCFACEOUTERBOUND(#6104,.T.);
#6106=IFCFACE((#6105));
#6107=IFCPOLYLOOP((#3833,#3841,#3809));
#6108=IFCFACEOUTERBOUND(#6107,.T.);
#6109=IFCFACE((#6108));
#6110=IFCPOLYLOOP((#3832,#3841,#3840));
#6111=IFCFACEOUTERBOUND(#6110,.T.);
#6112=IFCFACE((#6111));
#6113=IFCPOLYLOOP((#3840,#3834,#3839));
#6114=IFCFACEOUTERBOUND(#6113,.T.);
#6115=IFCFACE((#6114));
#6116=IFCPOLYLOOP((#3832,#3840,#3831));
#6117=IFCFACEOUTERBOUND(#6116,.T.);
#6118=IFCFACE((#6117));
#6119=IFCPOLYLOOP((#3862,#3863,#3866));
#6120=IFCFACEOUTERBOUND(#6119,.T.);
#6121=IFCFACE((#6120));
#6122=IFCPOLYLOOP((#3859,#3828,#3857));
#6123=IFCFACEOUTERBOUND(#6122,.T.);
#6124=IFCFACE((#6123));
#6125=IFCPOLYLOOP((#3851,#3850,#3856));
#6126=IFCFACEOUTERBOUND(#6125,.T.);
#6127=IFCFACE((#6126));
#6128=IFCPOLYLOOP((#3869,#3867,#3866));
#6129=IFCFACEOUTERBOUND(#6128,.T.);
#6130=IFCFACE((#6129));
#6131=IFCPOLYLOOP((#3869,#3866,#3852));
#6132=IFCFACEOUTERBOUND(#6131,.T.);
#6133=IFCFACE((#6132));
#6134=IFCPOLYLOOP((#3860,#3733,#3933));
#6135=IFCFACEOUTERBOUND(#6134,.T.);
#6136=IFCFACE((#6135));
#6137=IFCPOLYLOOP((#3853,#3847,#3854));
#6138=IFCFACEOUTERBOUND(#6137,.T.);
#6139=IFCFACE((#6138));
#6140=IFCPOLYLOOP((#3858,#3857,#4015,#3848));
#6141=IFCFACEOUTERBOUND(#6140,.T.);
#6142=IFCFACE((#6141));
#6143=IFCPOLYLOOP((#3855,#3842,#3843));
#6144=IFCFACEOUTERBOUND(#6143,.T.);
#6145=IFCFACE((#6144));
#6146=IFCPOLYLOOP((#3843,#3853,#3854));
#6147=IFCFACEOUTERBOUND(#6146,.T.);
#6148=IFCFACE((#6147));
#6149=IFCPOLYLOOP((#3851,#3868,#3867));
#6150=IFCFACEOUTERBOUND(#6149,.T.);
#6151=IFCFACE((#6150));
#6152=IFCPOLYLOOP((#3843,#3856,#3855));
#6153=IFCFACEOUTERBOUND(#6152,.T.);
#6154=IFCFACE((#6153));
#6155=IFCPOLYLOOP((#3852,#3864,#4014,#3845));
#6156=IFCFACEOUTERBOUND(#6155,.T.);
#6157=IFCFACE((#6156));
#6158=IFCPOLYLOOP((#3863,#3858,#3865));
#6159=IFCFACEOUTERBOUND(#6158,.T.);
#6160=IFCFACE((#6159));
#6161=IFCPOLYLOOP((#3856,#3854,#3851));
#6162=IFCFACEOUTERBOUND(#6161,.T.);
#6163=IFCFACE((#6162));
#6164=IFCPOLYLOOP((#3843,#3776,#3853));
#6165=IFCFACEOUTERBOUND(#6164,.T.);
#6166=IFCFACE((#6165));
#6167=IFCPOLYLOOP((#3854,#3847,#3851));
#6168=IFCFACEOUTERBOUND(#6167,.T.);
#6169=IFCFACE((#6168));
#6170=IFCPOLYLOOP((#3845,#3870,#3869));
#6171=IFCFACEOUTERBOUND(#6170,.T.);
#6172=IFCFACE((#6171));
#6173=IFCPOLYLOOP((#3856,#3850,#4017,#3855));
#6174=IFCFACEOUTERBOUND(#6173,.T.);
#6175=IFCFACE((#6174));
#6176=IFCPOLYLOOP((#3854,#3856,#3843));
#6177=IFCFACEOUTERBOUND(#6176,.T.);
#6178=IFCFACE((#6177));
#6179=IFCPOLYLOOP((#3859,#3858,#3844));
#6180=IFCFACEOUTERBOUND(#6179,.T.);
#6181=IFCFACE((#6180));
#6182=IFCPOLYLOOP((#3844,#3861,#3860));
#6183=IFCFACEOUTERBOUND(#6182,.T.);
#6184=IFCFACE((#6183));
#6185=IFCPOLYLOOP((#3858,#3863,#3861));
#6186=IFCFACEOUTERBOUND(#6185,.T.);
#6187=IFCFACE((#6186));
#6188=IFCPOLYLOOP((#3849,#3863,#3862));
#6189=IFCFACEOUTERBOUND(#6188,.T.);
#6190=IFCFACE((#6189));
#6191=IFCPOLYLOOP((#3858,#3859,#3857));
#6192=IFCFACEOUTERBOUND(#6191,.T.);
#6193=IFCFACE((#6192));
#6194=IFCPOLYLOOP((#3860,#3861,#3849));
#6195=IFCFACEOUTERBOUND(#6194,.T.);
#6196=IFCFACE((#6195));
#6197=IFCPOLYLOOP((#3858,#3861,#3844));
#6198=IFCFACEOUTERBOUND(#6197,.T.);
#6199=IFCFACE((#6198));
#6200=IFCPOLYLOOP((#3846,#3862,#3866));
#6201=IFCFACEOUTERBOUND(#6200,.T.);
#6202=IFCFACE((#6201));
#6203=IFCPOLYLOOP((#3849,#3861,#3863));
#6204=IFCFACEOUTERBOUND(#6203,.T.);
#6205=IFCFACE((#6204));
#6206=IFCPOLYLOOP((#3852,#3865,#3864));
#6207=IFCFACEOUTERBOUND(#6206,.T.);
#6208=IFCFACE((#6207));
#6209=IFCPOLYLOOP((#3863,#3865,#3852));
#6210=IFCFACEOUTERBOUND(#6209,.T.);
#6211=IFCFACE((#6210));
#6212=IFCPOLYLOOP((#3865,#3848,#4019,#3864));
#6213=IFCFACEOUTERBOUND(#6212,.T.);
#6214=IFCFACE((#6213));
#6215=IFCPOLYLOOP((#3848,#3865,#3858));
#6216=IFCFACEOUTERBOUND(#6215,.T.);
#6217=IFCFACE((#6216));
#6218=IFCPOLYLOOP((#3846,#3866,#3867));
#6219=IFCFACEOUTERBOUND(#6218,.T.);
#6220=IFCFACE((#6219));
#6221=IFCPOLYLOOP((#3852,#3866,#3863));
#6222=IFCFACEOUTERBOUND(#6221,.T.);
#6223=IFCFACE((#6222));
#6224=IFCPOLYLOOP((#3851,#3847,#3868));
#6225=IFCFACEOUTERBOUND(#6224,.T.);
#6226=IFCFACE((#6225));
#6227=IFCPOLYLOOP((#3869,#3851,#3867));
#6228=IFCFACEOUTERBOUND(#6227,.T.);
#6229=IFCFACE((#6228));
#6230=IFCPOLYLOOP((#3867,#3868,#3779,#3846));
#6231=IFCFACEOUTERBOUND(#6230,.T.);
#6232=IFCFACE((#6231));
#6233=IFCPOLYLOOP((#3870,#3851,#3869));
#6234=IFCFACEOUTERBOUND(#6233,.T.);
#6235=IFCFACE((#6234));
#6236=IFCPOLYLOOP((#3869,#3852,#3845));
#6237=IFCFACEOUTERBOUND(#6236,.T.);
#6238=IFCFACE((#6237));
#6239=IFCPOLYLOOP((#3851,#3870,#4020,#3850));
#6240=IFCFACEOUTERBOUND(#6239,.T.);
#6241=IFCFACE((#6240));
#6242=IFCPOLYLOOP((#3871,#3872,#3885));
#6243=IFCFACEOUTERBOUND(#6242,.T.);
#6244=IFCFACE((#6243));
#6245=IFCPOLYLOOP((#3876,#3882,#3875));
#6246=IFCFACEOUTERBOUND(#6245,.T.);
#6247=IFCFACE((#6246));
#6248=IFCPOLYLOOP((#3882,#3879,#3875));
#6249=IFCFACEOUTERBOUND(#6248,.T.);
#6250=IFCFACE((#6249));
#6251=IFCPOLYLOOP((#3872,#3873,#3880));
#6252=IFCFACEOUTERBOUND(#6251,.T.);
#6253=IFCFACE((#6252));
#6254=IFCPOLYLOOP((#3880,#3833,#3884));
#6255=IFCFACEOUTERBOUND(#6254,.T.);
#6256=IFCFACE((#6255));
#6257=IFCPOLYLOOP((#3878,#3884,#3809));
#6258=IFCFACEOUTERBOUND(#6257,.T.);
#6259=IFCFACE((#6258));
#6260=IFCPOLYLOOP((#3874,#3875,#3879));
#6261=IFCFACEOUTERBOUND(#6260,.T.);
#6262=IFCFACE((#6261));
#6263=IFCPOLYLOOP((#3880,#3884,#3885));
#6264=IFCFACEOUTERBOUND(#6263,.T.);
#6265=IFCFACE((#6264));
#6266=IFCPOLYLOOP((#3880,#3834,#3833));
#6267=IFCFACEOUTERBOUND(#6266,.T.);
#6268=IFCFACE((#6267));
#6269=IFCPOLYLOOP((#3886,#3873,#3887));
#6270=IFCFACEOUTERBOUND(#6269,.T.);
#6271=IFCFACE((#6270));
#6272=IFCPOLYLOOP((#3886,#3887,#3881));
#6273=IFCFACEOUTERBOUND(#6272,.T.);
#6274=IFCFACE((#6273));
#6275=IFCPOLYLOOP((#3883,#3882,#3877));
#6276=IFCFACEOUTERBOUND(#6275,.T.);
#6277=IFCFACE((#6276));
#6278=IFCPOLYLOOP((#3881,#3880,#3886));
#6279=IFCFACEOUTERBOUND(#6278,.T.);
#6280=IFCFACE((#6279));
#6281=IFCPOLYLOOP((#3871,#3885,#3878));
#6282=IFCFACEOUTERBOUND(#6281,.T.);
#6283=IFCFACE((#6282));
#6284=IFCPOLYLOOP((#3876,#3877,#3882));
#6285=IFCFACEOUTERBOUND(#6284,.T.);
#6286=IFCFACE((#6285));
#6287=IFCPOLYLOOP((#3879,#3836,#3835));
#6288=IFCFACEOUTERBOUND(#6287,.T.);
#6289=IFCFACE((#6288));
#6290=IFCPOLYLOOP((#3879,#3883,#3836));
#6291=IFCFACEOUTERBOUND(#6290,.T.);
#6292=IFCFACE((#6291));
#6293=IFCPOLYLOOP((#3835,#3834,#3881));
#6294=IFCFACEOUTERBOUND(#6293,.T.);
#6295=IFCFACE((#6294));
#6296=IFCPOLYLOOP((#3834,#3880,#3881));
#6297=IFCFACEOUTERBOUND(#6296,.T.);
#6298=IFCFACE((#6297));
#6299=IFCPOLYLOOP((#3826,#3836,#3883));
#6300=IFCFACEOUTERBOUND(#6299,.T.);
#6301=IFCFACE((#6300));
#6302=IFCPOLYLOOP((#3879,#3882,#3883));
#6303=IFCFACEOUTERBOUND(#6302,.T.);
#6304=IFCFACE((#6303));
#6305=IFCPOLYLOOP((#3809,#3884,#3833));
#6306=IFCFACEOUTERBOUND(#6305,.T.);
#6307=IFCFACE((#6306));
#6308=IFCPOLYLOOP((#3885,#3884,#3878));
#6309=IFCFACEOUTERBOUND(#6308,.T.);
#6310=IFCFACE((#6309));
#6311=IFCPOLYLOOP((#3879,#3835,#3881));
#6312=IFCFACEOUTERBOUND(#6311,.T.);
#6313=IFCFACE((#6312));
#6314=IFCPOLYLOOP((#3880,#3885,#3872));
#6315=IFCFACEOUTERBOUND(#6314,.T.);
#6316=IFCFACE((#6315));
#6317=IFCPOLYLOOP((#3826,#3883,#3877));
#6318=IFCFACEOUTERBOUND(#6317,.T.);
#6319=IFCFACE((#6318));
#6320=IFCPOLYLOOP((#3880,#3873,#3886));
#6321=IFCFACEOUTERBOUND(#6320,.T.);
#6322=IFCFACE((#6321));
#6323=IFCPOLYLOOP((#3887,#3873,#3874));
#6324=IFCFACEOUTERBOUND(#6323,.T.);
#6325=IFCFACE((#6324));
#6326=IFCPOLYLOOP((#3874,#3879,#3887));
#6327=IFCFACEOUTERBOUND(#6326,.T.);
#6328=IFCFACE((#6327));
#6329=IFCPOLYLOOP((#3879,#3881,#3887));
#6330=IFCFACEOUTERBOUND(#6329,.T.);
#6331=IFCFACE((#6330));
#6332=IFCPOLYLOOP((#3894,#3775,#3892));
#6333=IFCFACEOUTERBOUND(#6332,.T.);
#6334=IFCFACE((#6333));
#6335=IFCPOLYLOOP((#3894,#3892,#3893));
#6336=IFCFACEOUTERBOUND(#6335,.T.);
#6337=IFCFACE((#6336));
#6338=IFCPOLYLOOP((#3894,#3778,#3775));
#6339=IFCFACEOUTERBOUND(#6338,.T.);
#6340=IFCFACE((#6339));
#6341=IFCPOLYLOOP((#3894,#3735,#3778));
#6342=IFCFACEOUTERBOUND(#6341,.T.);
#6343=IFCFACE((#6342));
#6344=IFCPOLYLOOP((#3894,#3891,#3735));
#6345=IFCFACEOUTERBOUND(#6344,.T.);
#6346=IFCFACE((#6345));
#6347=IFCPOLYLOOP((#3788,#3735,#3891));
#6348=IFCFACEOUTERBOUND(#6347,.T.);
#6349=IFCFACE((#6348));
#6350=IFCPOLYLOOP((#3788,#3741,#3735));
#6351=IFCFACEOUTERBOUND(#6350,.T.);
#6352=IFCFACE((#6351));
#6353=IFCPOLYLOOP((#3788,#3736,#3741));
#6354=IFCFACEOUTERBOUND(#6353,.T.);
#6355=IFCFACE((#6354));
#6356=IFCPOLYLOOP((#3788,#3800,#3736));
#6357=IFCFACEOUTERBOUND(#6356,.T.);
#6358=IFCFACE((#6357));
#6359=IFCPOLYLOOP((#3800,#3788,#3797));
#6360=IFCFACEOUTERBOUND(#6359,.T.);
#6361=IFCFACE((#6360));
#6362=IFCPOLYLOOP((#3800,#3797,#3787));
#6363=IFCFACEOUTERBOUND(#6362,.T.);
#6364=IFCFACE((#6363));
#6365=IFCPOLYLOOP((#4360,#3892,#3775));
#6366=IFCFACEOUTERBOUND(#6365,.T.);
#6367=IFCFACE((#6366));
#6368=IFCPOLYLOOP((#4360,#3775,#4248));
#6369=IFCFACEOUTERBOUND(#6368,.T.);
#6370=IFCFACE((#6369));
#6371=IFCPOLYLOOP((#4360,#4248,#4246));
#6372=IFCFACEOUTERBOUND(#6371,.T.);
#6373=IFCFACE((#6372));
#6374=IFCPOLYLOOP((#4360,#4246,#4206));
#6375=IFCFACEOUTERBOUND(#6374,.T.);
#6376=IFCFACE((#6375));
#6377=IFCPOLYLOOP((#4360,#4206,#4361));
#6378=IFCFACEOUTERBOUND(#6377,.T.);
#6379=IFCFACE((#6378));
#6380=IFCPOLYLOOP((#4260,#4361,#4206));
#6381=IFCFACEOUTERBOUND(#6380,.T.);
#6382=IFCFACE((#6381));
#6383=IFCPOLYLOOP((#4260,#4206,#4212));
#6384=IFCFACEOUTERBOUND(#6383,.T.);
#6385=IFCFACE((#6384));
#6386=IFCPOLYLOOP((#4260,#4212,#4205));
#6387=IFCFACEOUTERBOUND(#6386,.T.);
#6388=IFCFACE((#6387));
#6389=IFCPOLYLOOP((#4260,#4205,#4273));
#6390=IFCFACEOUTERBOUND(#6389,.T.);
#6391=IFCFACE((#6390));
#6392=IFCPOLYLOOP((#4273,#4264,#4260));
#6393=IFCFACEOUTERBOUND(#6392,.T.);
#6394=IFCFACE((#6393));
#6395=IFCPOLYLOOP((#4273,#4254,#4264));
#6396=IFCFACEOUTERBOUND(#6395,.T.);
#6397=IFCFACE((#6396));
#6398=IFCPOLYLOOP((#3892,#4360,#3893));
#6399=IFCFACEOUTERBOUND(#6398,.T.);
#6400=IFCFACE((#6399));
#6401=IFCPOLYLOOP((#3891,#3894,#3789));
#6402=IFCFACEOUTERBOUND(#6401,.T.);
#6403=IFCFACE((#6402));
#6404=IFCPOLYLOOP((#3788,#3891,#3789));
#6405=IFCFACEOUTERBOUND(#6404,.T.);
#6406=IFCFACE((#6405));
#6407=IFCPOLYLOOP((#3876,#3875,#3909));
#6408=IFCFACEOUTERBOUND(#6407,.T.);
#6409=IFCFACE((#6408));
#6410=IFCPOLYLOOP((#3912,#3792,#3794));
#6411=IFCFACEOUTERBOUND(#6410,.T.);
#6412=IFCFACE((#6411));
#6413=IFCPOLYLOOP((#3906,#3904,#3793));
#6414=IFCFACEOUTERBOUND(#6413,.T.);
#6415=IFCFACE((#6414));
#6416=IFCPOLYLOOP((#3901,#3906,#3914));
#6417=IFCFACEOUTERBOUND(#6416,.T.);
#6418=IFCFACE((#6417));
#6419=IFCPOLYLOOP((#3907,#3901,#3873));
#6420=IFCFACEOUTERBOUND(#6419,.T.);
#6421=IFCFACE((#6420));
#6422=IFCPOLYLOOP((#3908,#3792,#3912));
#6423=IFCFACEOUTERBOUND(#6422,.T.);
#6424=IFCFACE((#6423));
#6425=IFCPOLYLOOP((#3792,#3908,#3906));
#6426=IFCFACEOUTERBOUND(#6425,.T.);
#6427=IFCFACE((#6426));
#6428=IFCPOLYLOOP((#3875,#3903,#3909));
#6429=IFCFACEOUTERBOUND(#6428,.T.);
#6430=IFCFACE((#6429));
#6431=IFCPOLYLOOP((#3875,#3874,#3903));
#6432=IFCFACEOUTERBOUND(#6431,.T.);
#6433=IFCFACE((#6432));
#6434=IFCPOLYLOOP((#3873,#3901,#3914));
#6435=IFCFACEOUTERBOUND(#6434,.T.);
#6436=IFCFACE((#6435));
#6437=IFCPOLYLOOP((#3913,#3907,#3872));
#6438=IFCFACEOUTERBOUND(#6437,.T.);
#6439=IFCFACE((#6438));
#6440=IFCPOLYLOOP((#3905,#3904,#3901));
#6441=IFCFACEOUTERBOUND(#6440,.T.);
#6442=IFCFACE((#6441));
#6443=IFCPOLYLOOP((#3905,#3907,#3902));
#6444=IFCFACEOUTERBOUND(#6443,.T.);
#6445=IFCFACE((#6444));
#6446=IFCPOLYLOOP((#3903,#3906,#3908));
#6447=IFCFACEOUTERBOUND(#6446,.T.);
#6448=IFCFACE((#6447));
#6449=IFCPOLYLOOP((#3901,#3904,#3906));
#6450=IFCFACEOUTERBOUND(#6449,.T.);
#6451=IFCFACE((#6450));
#6452=IFCPOLYLOOP((#3896,#3913,#3871));
#6453=IFCFACEOUTERBOUND(#6452,.T.);
#6454=IFCFACE((#6453));
#6455=IFCPOLYLOOP((#3901,#3907,#3905));
#6456=IFCFACEOUTERBOUND(#6455,.T.);
#6457=IFCFACE((#6456));
#6458=IFCPOLYLOOP((#3902,#3896,#3898));
#6459=IFCFACEOUTERBOUND(#6458,.T.);
#6460=IFCFACE((#6459));
#6461=IFCPOLYLOOP((#3913,#3896,#3902));
#6462=IFCFACEOUTERBOUND(#6461,.T.);
#6463=IFCFACE((#6462));
#6464=IFCPOLYLOOP((#3899,#3900,#3905));
#6465=IFCFACEOUTERBOUND(#6464,.T.);
#6466=IFCFACE((#6465));
#6467=IFCPOLYLOOP((#3906,#3793,#3798,#3792));
#6468=IFCFACEOUTERBOUND(#6467,.T.);
#6469=IFCFACE((#6468));
#6470=IFCPOLYLOOP((#3899,#3902,#3898));
#6471=IFCFACEOUTERBOUND(#6470,.T.);
#6472=IFCFACE((#6471));
#6473=IFCPOLYLOOP((#3897,#3898,#3896));
#6474=IFCFACEOUTERBOUND(#6473,.T.);
#6475=IFCFACE((#6474));
#6476=IFCPOLYLOOP((#3900,#3904,#3905));
#6477=IFCFACEOUTERBOUND(#6476,.T.);
#6478=IFCFACE((#6477));
#6479=IFCPOLYLOOP((#3906,#3903,#3914));
#6480=IFCFACEOUTERBOUND(#6479,.T.);
#6481=IFCFACE((#6480));
#6482=IFCPOLYLOOP((#3900,#3793,#3904));
#6483=IFCFACEOUTERBOUND(#6482,.T.);
#6484=IFCFACE((#6483));
#6485=IFCPOLYLOOP((#3872,#3907,#3873));
#6486=IFCFACEOUTERBOUND(#6485,.T.);
#6487=IFCFACE((#6486));
#6488=IFCPOLYLOOP((#3899,#3905,#3902));
#6489=IFCFACEOUTERBOUND(#6488,.T.);
#6490=IFCFACE((#6489));
#6491=IFCPOLYLOOP((#3909,#3903,#3908));
#6492=IFCFACEOUTERBOUND(#6491,.T.);
#6493=IFCFACE((#6492));
#6494=IFCPOLYLOOP((#3912,#3895,#3909));
#6495=IFCFACEOUTERBOUND(#6494,.T.);
#6496=IFCFACE((#6495));
#6497=IFCPOLYLOOP((#3909,#3895,#3876));
#6498=IFCFACEOUTERBOUND(#6497,.T.);
#6499=IFCFACE((#6498));
#6500=IFCPOLYLOOP((#3912,#3910,#3911));
#6501=IFCFACEOUTERBOUND(#6500,.T.);
#6502=IFCFACE((#6501));
#6503=IFCPOLYLOOP((#3910,#3791,#3911));
#6504=IFCFACEOUTERBOUND(#6503,.T.);
#6505=IFCFACE((#6504));
#6506=IFCPOLYLOOP((#3895,#3912,#3911));
#6507=IFCFACEOUTERBOUND(#6506,.T.);
#6508=IFCFACE((#6507));
#6509=IFCPOLYLOOP((#3908,#3912,#3909));
#6510=IFCFACEOUTERBOUND(#6509,.T.);
#6511=IFCFACE((#6510));
#6512=IFCPOLYLOOP((#3907,#3913,#3902));
#6513=IFCFACEOUTERBOUND(#6512,.T.);
#6514=IFCFACE((#6513));
#6515=IFCPOLYLOOP((#3871,#3913,#3872));
#6516=IFCFACEOUTERBOUND(#6515,.T.);
#6517=IFCFACE((#6516));
#6518=IFCPOLYLOOP((#3903,#3874,#3914));
#6519=IFCFACEOUTERBOUND(#6518,.T.);
#6520=IFCFACE((#6519));
#6521=IFCPOLYLOOP((#3873,#3914,#3874));
#6522=IFCFACEOUTERBOUND(#6521,.T.);
#6523=IFCFACE((#6522));
#6524=IFCPOLYLOOP((#3917,#3900,#3899));
#6525=IFCFACEOUTERBOUND(#6524,.T.);
#6526=IFCFACE((#6525));
#6527=IFCPOLYLOOP((#3802,#3917,#3803));
#6528=IFCFACEOUTERBOUND(#6527,.T.);
#6529=IFCFACE((#6528));
#6530=IFCPOLYLOOP((#3917,#3918,#3804));
#6531=IFCFACEOUTERBOUND(#6530,.T.);
#6532=IFCFACE((#6531));
#6533=IFCPOLYLOOP((#3793,#3900,#3796));
#6534=IFCFACEOUTERBOUND(#6533,.T.);
#6535=IFCFACE((#6534));
#6536=IFCPOLYLOOP((#3898,#3918,#3899));
#6537=IFCFACEOUTERBOUND(#6536,.T.);
#6538=IFCFACE((#6537));
#6539=IFCPOLYLOOP((#3801,#3917,#3802));
#6540=IFCFACEOUTERBOUND(#6539,.T.);
#6541=IFCFACE((#6540));
#6542=IFCPOLYLOOP((#3796,#3801,#3787));
#6543=IFCFACEOUTERBOUND(#6542,.T.);
#6544=IFCFACE((#6543));
#6545=IFCPOLYLOOP((#3801,#3796,#3917));
#6546=IFCFACEOUTERBOUND(#6545,.T.);
#6547=IFCFACE((#6546));
#6548=IFCPOLYLOOP((#3918,#3805,#3804));
#6549=IFCFACEOUTERBOUND(#6548,.T.);
#6550=IFCFACE((#6549));
#6551=IFCPOLYLOOP((#3805,#3918,#3806));
#6552=IFCFACEOUTERBOUND(#6551,.T.);
#6553=IFCFACE((#6552));
#6554=IFCPOLYLOOP((#3803,#3917,#3804));
#6555=IFCFACEOUTERBOUND(#6554,.T.);
#6556=IFCFACE((#6555));
#6557=IFCPOLYLOOP((#3916,#3806,#3918));
#6558=IFCFACEOUTERBOUND(#6557,.T.);
#6559=IFCFACE((#6558));
#6560=IFCPOLYLOOP((#3897,#3916,#3898));
#6561=IFCFACEOUTERBOUND(#6560,.T.);
#6562=IFCFACE((#6561));
#6563=IFCPOLYLOOP((#3898,#3916,#3918));
#6564=IFCFACEOUTERBOUND(#6563,.T.);
#6565=IFCFACE((#6564));
#6566=IFCPOLYLOOP((#3917,#3796,#3900));
#6567=IFCFACEOUTERBOUND(#6566,.T.);
#6568=IFCFACE((#6567));
#6569=IFCPOLYLOOP((#3916,#3786,#3806));
#6570=IFCFACEOUTERBOUND(#6569,.T.);
#6571=IFCFACE((#6570));
#6572=IFCPOLYLOOP((#3918,#3917,#3899));
#6573=IFCFACEOUTERBOUND(#6572,.T.);
#6574=IFCFACE((#6573));
#6575=IFCPOLYLOOP((#3923,#3925,#3732));
#6576=IFCFACEOUTERBOUND(#6575,.T.);
#6577=IFCFACE((#6576));
#6578=IFCPOLYLOOP((#3926,#3933,#3921));
#6579=IFCFACEOUTERBOUND(#6578,.T.);
#6580=IFCFACE((#6579));
#6581=IFCPOLYLOOP((#3764,#3923,#3732));
#6582=IFCFACEOUTERBOUND(#6581,.T.);
#6583=IFCFACE((#6582));
#6584=IFCPOLYLOOP((#3830,#3829,#3922));
#6585=IFCFACEOUTERBOUND(#6584,.T.);
#6586=IFCFACE((#6585));
#6587=IFCPOLYLOOP((#3931,#3930,#3830));
#6588=IFCFACEOUTERBOUND(#6587,.T.);
#6589=IFCFACE((#6588));
#6590=IFCPOLYLOOP((#3920,#3763,#3762));
#6591=IFCFACEOUTERBOUND(#6590,.T.);
#6592=IFCFACE((#6591));
#6593=IFCPOLYLOOP((#3764,#3763,#3924));
#6594=IFCFACEOUTERBOUND(#6593,.T.);
#6595=IFCFACE((#6594));
#6596=IFCPOLYLOOP((#3915,#3811,#3832));
#6597=IFCFACEOUTERBOUND(#6596,.T.);
#6598=IFCFACE((#6597));
#6599=IFCPOLYLOOP((#3928,#3932,#3924));
#6600=IFCFACEOUTERBOUND(#6599,.T.);
#6601=IFCFACE((#6600));
#6602=IFCPOLYLOOP((#3915,#3832,#3920));
#6603=IFCFACEOUTERBOUND(#6602,.T.);
#6604=IFCFACE((#6603));
#6605=IFCPOLYLOOP((#3829,#3859,#3927));
#6606=IFCFACEOUTERBOUND(#6605,.T.);
#6607=IFCFACE((#6606));
#6608=IFCPOLYLOOP((#3928,#3924,#3920));
#6609=IFCFACEOUTERBOUND(#6608,.T.);
#6610=IFCFACE((#6609));
#6611=IFCPOLYLOOP((#3923,#3919,#3925));
#6612=IFCFACEOUTERBOUND(#6611,.T.);
#6613=IFCFACE((#6612));
#6614=IFCPOLYLOOP((#3924,#3923,#3764));
#6615=IFCFACEOUTERBOUND(#6614,.T.);
#6616=IFCFACE((#6615));
#6617=IFCPOLYLOOP((#3925,#3919,#3922));
#6618=IFCFACEOUTERBOUND(#6617,.T.);
#6619=IFCFACE((#6618));
#6620=IFCPOLYLOOP((#3763,#3920,#3924));
#6621=IFCFACEOUTERBOUND(#6620,.T.);
#6622=IFCFACE((#6621));
#6623=IFCPOLYLOOP((#3859,#3829,#3828));
#6624=IFCFACEOUTERBOUND(#6623,.T.);
#6625=IFCFACE((#6624));
#6626=IFCPOLYLOOP((#3761,#3915,#3762));
#6627=IFCFACEOUTERBOUND(#6626,.T.);
#6628=IFCFACE((#6627));
#6629=IFCPOLYLOOP((#4225,#4224,#4390));
#6630=IFCFACEOUTERBOUND(#6629,.T.);
#6631=IFCFACE((#6630));
#6632=IFCPOLYLOOP((#3832,#3831,#3928));
#6633=IFCFACEOUTERBOUND(#6632,.T.);
#6634=IFCFACE((#6633));
#6635=IFCPOLYLOOP((#3919,#3923,#3924));
#6636=IFCFACEOUTERBOUND(#6635,.T.);
#6637=IFCFACE((#6636));
#6638=IFCPOLYLOOP((#3920,#3762,#3915));
#6639=IFCFACEOUTERBOUND(#6638,.T.);
#6640=IFCFACE((#6639));
#6641=IFCPOLYLOOP((#3921,#3933,#3733));
#6642=IFCFACEOUTERBOUND(#6641,.T.);
#6643=IFCFACE((#6642));
#6644=IFCPOLYLOOP((#3926,#3929,#3925));
#6645=IFCFACEOUTERBOUND(#6644,.T.);
#6646=IFCFACE((#6645));
#6647=IFCPOLYLOOP((#3930,#3931,#3932));
#6648=IFCFACEOUTERBOUND(#6647,.T.);
#6649=IFCFACE((#6648));
#6650=IFCPOLYLOOP((#3927,#3926,#3922));
#6651=IFCFACEOUTERBOUND(#6650,.T.);
#6652=IFCFACE((#6651));
#6653=IFCPOLYLOOP((#3926,#3925,#3922));
#6654=IFCFACEOUTERBOUND(#6653,.T.);
#6655=IFCFACE((#6654));
#6656=IFCPOLYLOOP((#3844,#3933,#3927));
#6657=IFCFACEOUTERBOUND(#6656,.T.);
#6658=IFCFACE((#6657));
#6659=IFCPOLYLOOP((#3922,#3829,#3927));
#6660=IFCFACEOUTERBOUND(#6659,.T.);
#6661=IFCFACE((#6660));
#6662=IFCPOLYLOOP((#3932,#3919,#3924));
#6663=IFCFACEOUTERBOUND(#6662,.T.);
#6664=IFCFACE((#6663));
#6665=IFCPOLYLOOP((#3832,#3928,#3920));
#6666=IFCFACEOUTERBOUND(#6665,.T.);
#6667=IFCFACE((#6666));
#6668=IFCPOLYLOOP((#3931,#3919,#3932));
#6669=IFCFACEOUTERBOUND(#6668,.T.);
#6670=IFCFACE((#6669));
#6671=IFCPOLYLOOP((#3926,#3921,#3738,#3929));
#6672=IFCFACEOUTERBOUND(#6671,.T.);
#6673=IFCFACE((#6672));
#6674=IFCPOLYLOOP((#3925,#3929,#3750,#3732));
#6675=IFCFACEOUTERBOUND(#6674,.T.);
#6676=IFCFACE((#6675));
#6677=IFCPOLYLOOP((#3859,#3844,#3927));
#6678=IFCFACEOUTERBOUND(#6677,.T.);
#6679=IFCFACE((#6678));
#6680=IFCPOLYLOOP((#3830,#3922,#3931));
#6681=IFCFACEOUTERBOUND(#6680,.T.);
#6682=IFCFACE((#6681));
#6683=IFCPOLYLOOP((#3922,#3919,#3931));
#6684=IFCFACEOUTERBOUND(#6683,.T.);
#6685=IFCFACE((#6684));
#6686=IFCPOLYLOOP((#3928,#3831,#3932));
#6687=IFCFACEOUTERBOUND(#6686,.T.);
#6688=IFCFACE((#6687));
#6689=IFCPOLYLOOP((#3930,#3932,#3831));
#6690=IFCFACEOUTERBOUND(#6689,.T.);
#6691=IFCFACE((#6690));
#6692=IFCPOLYLOOP((#3927,#3933,#3926));
#6693=IFCFACEOUTERBOUND(#6692,.T.);
#6694=IFCFACE((#6693));
#6695=IFCPOLYLOOP((#3585,#3584,#3983));
#6696=IFCFACEOUTERBOUND(#6695,.T.);
#6697=IFCFACE((#6696));
#6698=IFCPOLYLOOP((#3678,#3586,#3585));
#6699=IFCFACEOUTERBOUND(#6698,.T.);
#6700=IFCFACE((#6699));
#6701=IFCPOLYLOOP((#3678,#3936,#3679));
#6702=IFCFACEOUTERBOUND(#6701,.T.);
#6703=IFCFACE((#6702));
#6704=IFCPOLYLOOP((#3585,#3934,#3678));
#6705=IFCFACEOUTERBOUND(#6704,.T.);
#6706=IFCFACE((#6705));
#6707=IFCPOLYLOOP((#3936,#3937,#3986,#3935));
#6708=IFCFACEOUTERBOUND(#6707,.T.);
#6709=IFCFACE((#6708));
#6710=IFCPOLYLOOP((#3934,#3937,#3678));
#6711=IFCFACEOUTERBOUND(#6710,.T.);
#6712=IFCFACE((#6711));
#6713=IFCPOLYLOOP((#3678,#3937,#3936));
#6714=IFCFACEOUTERBOUND(#6713,.T.);
#6715=IFCFACE((#6714));
#6716=IFCPOLYLOOP((#3961,#3958,#3957));
#6717=IFCFACEOUTERBOUND(#6716,.T.);
#6718=IFCFACE((#6717));
#6719=IFCPOLYLOOP((#3953,#3632,#3726));
#6720=IFCFACEOUTERBOUND(#6719,.T.);
#6721=IFCFACE((#6720));
#6722=IFCPOLYLOOP((#3952,#3946,#3947));
#6723=IFCFACEOUTERBOUND(#6722,.T.);
#6724=IFCFACE((#6723));
#6725=IFCPOLYLOOP((#3961,#3962,#3964));
#6726=IFCFACEOUTERBOUND(#6725,.T.);
#6727=IFCFACE((#6726));
#6728=IFCPOLYLOOP((#3948,#3961,#3964));
#6729=IFCFACEOUTERBOUND(#6728,.T.);
#6730=IFCFACE((#6729));
#6731=IFCPOLYLOOP((#3955,#3711,#3725,#3533));
#6732=IFCFACEOUTERBOUND(#6731,.T.);
#6733=IFCFACE((#6732));
#6734=IFCPOLYLOOP((#3950,#3943,#3949));
#6735=IFCFACEOUTERBOUND(#6734,.T.);
#6736=IFCFACE((#6735));
#6737=IFCPOLYLOOP((#3954,#3944,#3970,#3953));
#6738=IFCFACEOUTERBOUND(#6737,.T.);
#6739=IFCFACE((#6738));
#6740=IFCPOLYLOOP((#3939,#3940,#3951));
#6741=IFCFACEOUTERBOUND(#6740,.T.);
#6742=IFCFACE((#6741));
#6743=IFCPOLYLOOP((#3950,#3949,#3939));
#6744=IFCFACEOUTERBOUND(#6743,.T.);
#6745=IFCFACE((#6744));
#6746=IFCPOLYLOOP((#3962,#3963,#3947));
#6747=IFCFACEOUTERBOUND(#6746,.T.);
#6748=IFCFACE((#6747));
#6749=IFCPOLYLOOP((#3951,#3952,#3939));
#6750=IFCFACEOUTERBOUND(#6749,.T.);
#6751=IFCFACE((#6750));
#6752=IFCPOLYLOOP((#3948,#3941,#3969,#3959));
#6753=IFCFACEOUTERBOUND(#6752,.T.);
#6754=IFCFACE((#6753));
#6755=IFCPOLYLOOP((#3960,#3954,#3958));
#6756=IFCFACEOUTERBOUND(#6755,.T.);
#6757=IFCFACE((#6756));
#6758=IFCPOLYLOOP((#3947,#3950,#3952));
#6759=IFCFACEOUTERBOUND(#6758,.T.);
#6760=IFCFACE((#6759));
#6761=IFCPOLYLOOP((#3949,#3938,#3939));
#6762=IFCFACEOUTERBOUND(#6761,.T.);
#6763=IFCFACE((#6762));
#6764=IFCPOLYLOOP((#3947,#3943,#3950));
#6765=IFCFACEOUTERBOUND(#6764,.T.);
#6766=IFCFACE((#6765));
#6767=IFCPOLYLOOP((#3964,#3965,#3941));
#6768=IFCFACEOUTERBOUND(#6767,.T.);
#6769=IFCFACE((#6768));
#6770=IFCPOLYLOOP((#3952,#3951,#3972,#3946));
#6771=IFCFACEOUTERBOUND(#6770,.T.);
#6772=IFCFACE((#6771));
#6773=IFCPOLYLOOP((#3939,#3952,#3950));
#6774=IFCFACEOUTERBOUND(#6773,.T.);
#6775=IFCFACE((#6774));
#6776=IFCPOLYLOOP((#3711,#3954,#3726));
#6777=IFCFACEOUTERBOUND(#6776,.T.);
#6778=IFCFACE((#6777));
#6779=IFCPOLYLOOP((#3955,#3956,#3711));
#6780=IFCFACEOUTERBOUND(#6779,.T.);
#6781=IFCFACE((#6780));
#6782=IFCPOLYLOOP((#3956,#3958,#3954));
#6783=IFCFACEOUTERBOUND(#6782,.T.);
#6784=IFCFACE((#6783));
#6785=IFCPOLYLOOP((#3957,#3958,#3945));
#6786=IFCFACEOUTERBOUND(#6785,.T.);
#6787=IFCFACE((#6786));
#6788=IFCPOLYLOOP((#3953,#3726,#3954));
#6789=IFCFACEOUTERBOUND(#6788,.T.);
#6790=IFCFACE((#6789));
#6791=IFCPOLYLOOP((#3945,#3956,#3955));
#6792=IFCFACEOUTERBOUND(#6791,.T.);
#6793=IFCFACE((#6792));
#6794=IFCPOLYLOOP((#3711,#3956,#3954));
#6795=IFCFACEOUTERBOUND(#6794,.T.);
#6796=IFCFACE((#6795));
#6797=IFCPOLYLOOP((#3961,#3957,#3942));
#6798=IFCFACEOUTERBOUND(#6797,.T.);
#6799=IFCFACE((#6798));
#6800=IFCPOLYLOOP((#3958,#3956,#3945));
#6801=IFCFACEOUTERBOUND(#6800,.T.);
#6802=IFCFACE((#6801));
#6803=IFCPOLYLOOP((#3959,#3960,#3948));
#6804=IFCFACEOUTERBOUND(#6803,.T.);
#6805=IFCFACE((#6804));
#6806=IFCPOLYLOOP((#3948,#3960,#3958));
#6807=IFCFACEOUTERBOUND(#6806,.T.);
#6808=IFCFACE((#6807));
#6809=IFCPOLYLOOP((#3960,#3959,#3974,#3944));
#6810=IFCFACEOUTERBOUND(#6809,.T.);
#6811=IFCFACE((#6810));
#6812=IFCPOLYLOOP((#3954,#3960,#3944));
#6813=IFCFACEOUTERBOUND(#6812,.T.);
#6814=IFCFACE((#6813));
#6815=IFCPOLYLOOP((#3962,#3961,#3942));
#6816=IFCFACEOUTERBOUND(#6815,.T.);
#6817=IFCFACE((#6816));
#6818=IFCPOLYLOOP((#3958,#3961,#3948));
#6819=IFCFACEOUTERBOUND(#6818,.T.);
#6820=IFCFACE((#6819));
#6821=IFCPOLYLOOP((#3963,#3943,#3947));
#6822=IFCFACEOUTERBOUND(#6821,.T.);
#6823=IFCFACE((#6822));
#6824=IFCPOLYLOOP((#3962,#3947,#3964));
#6825=IFCFACEOUTERBOUND(#6824,.T.);
#6826=IFCFACE((#6825));
#6827=IFCPOLYLOOP((#3962,#3942,#3963));
#6828=IFCFACEOUTERBOUND(#6827,.T.);
#6829=IFCFACE((#6828));
#6830=IFCPOLYLOOP((#3964,#3947,#3965));
#6831=IFCFACEOUTERBOUND(#6830,.T.);
#6832=IFCFACE((#6831));
#6833=IFCPOLYLOOP((#3941,#3948,#3964));
#6834=IFCFACEOUTERBOUND(#6833,.T.);
#6835=IFCFACE((#6834));
#6836=IFCPOLYLOOP((#3947,#3946,#3975,#3965));
#6837=IFCFACEOUTERBOUND(#6836,.T.);
#6838=IFCFACE((#6837));
#6839=IFCPOLYLOOP((#3633,#3632,#3953,#3970));
#6840=IFCFACEOUTERBOUND(#6839,.T.);
#6841=IFCFACE((#6840));
#6842=IFCPOLYLOOP((#3968,#3974,#3959,#3969,#3941,#3965,#3975));
#6843=IFCFACEOUTERBOUND(#6842,.T.);
#6844=IFCFACE((#6843));
#6845=IFCPOLYLOOP((#3968,#3971,#3974));
#6846=IFCFACEOUTERBOUND(#6845,.T.);
#6847=IFCFACE((#6846));
#6848=IFCPOLYLOOP((#3971,#3633,#3970));
#6849=IFCFACEOUTERBOUND(#6848,.T.);
#6850=IFCFACE((#6849));
#6851=IFCPOLYLOOP((#3971,#3623,#3633));
#6852=IFCFACEOUTERBOUND(#6851,.T.);
#6853=IFCFACE((#6852));
#6854=IFCPOLYLOOP((#3968,#3975,#3973));
#6855=IFCFACEOUTERBOUND(#6854,.T.);
#6856=IFCFACE((#6855));
#6857=IFCPOLYLOOP((#3966,#3973,#3972));
#6858=IFCFACEOUTERBOUND(#6857,.T.);
#6859=IFCFACE((#6858));
#6860=IFCPOLYLOOP((#3966,#3972,#3951,#3940));
#6861=IFCFACEOUTERBOUND(#6860,.T.);
#6862=IFCFACE((#6861));
#6863=IFCPOLYLOOP((#3971,#3970,#3944,#3974));
#6864=IFCFACEOUTERBOUND(#6863,.T.);
#6865=IFCFACE((#6864));
#6866=IFCPOLYLOOP((#3966,#3967,#3973));
#6867=IFCFACEOUTERBOUND(#6866,.T.);
#6868=IFCFACE((#6867));
#6869=IFCPOLYLOOP((#3973,#3975,#3946,#3972));
#6870=IFCFACEOUTERBOUND(#6869,.T.);
#6871=IFCFACE((#6870));
#6872=IFCPOLYLOOP((#3986,#3988,#3989));
#6873=IFCFACEOUTERBOUND(#6872,.T.);
#6874=IFCFACE((#6873));
#6875=IFCPOLYLOOP((#3989,#3935,#3986));
#6876=IFCFACEOUTERBOUND(#6875,.T.);
#6877=IFCFACE((#6876));
#6878=IFCPOLYLOOP((#3988,#3986,#3937));
#6879=IFCFACEOUTERBOUND(#6878,.T.);
#6880=IFCFACE((#6879));
#6881=IFCPOLYLOOP((#3988,#3937,#3934));
#6882=IFCFACEOUTERBOUND(#6881,.T.);
#6883=IFCFACE((#6882));
#6884=IFCPOLYLOOP((#3987,#3988,#3934));
#6885=IFCFACEOUTERBOUND(#6884,.T.);
#6886=IFCFACE((#6885));
#6887=IFCPOLYLOOP((#3983,#3987,#3934));
#6888=IFCFACEOUTERBOUND(#6887,.T.);
#6889=IFCFACE((#6888));
#6890=IFCPOLYLOOP((#3983,#3985,#3987));
#6891=IFCFACEOUTERBOUND(#6890,.T.);
#6892=IFCFACE((#6891));
#6893=IFCPOLYLOOP((#3982,#3987,#3985));
#6894=IFCFACEOUTERBOUND(#6893,.T.);
#6895=IFCFACE((#6894));
#6896=IFCPOLYLOOP((#3985,#3984,#3982));
#6897=IFCFACEOUTERBOUND(#6896,.T.);
#6898=IFCFACE((#6897));
#6899=IFCPOLYLOOP((#3984,#3981,#3982));
#6900=IFCFACEOUTERBOUND(#6899,.T.);
#6901=IFCFACE((#6900));
#6902=IFCPOLYLOOP((#3981,#3976,#3982));
#6903=IFCFACEOUTERBOUND(#6902,.T.);
#6904=IFCFACE((#6903));
#6905=IFCPOLYLOOP((#3980,#3982,#3976));
#6906=IFCFACEOUTERBOUND(#6905,.T.);
#6907=IFCFACE((#6906));
#6908=IFCPOLYLOOP((#3976,#3979,#3980));
#6909=IFCFACEOUTERBOUND(#6908,.T.);
#6910=IFCFACE((#6909));
#6911=IFCPOLYLOOP((#3990,#3980,#3979));
#6912=IFCFACEOUTERBOUND(#6911,.T.);
#6913=IFCFACE((#6912));
#6914=IFCPOLYLOOP((#3977,#3990,#3979));
#6915=IFCFACEOUTERBOUND(#6914,.T.);
#6916=IFCFACE((#6915));
#6917=IFCPOLYLOOP((#3990,#3977,#3978));
#6918=IFCFACEOUTERBOUND(#6917,.T.);
#6919=IFCFACE((#6918));
#6920=IFCPOLYLOOP((#3977,#4452,#3978));
#6921=IFCFACEOUTERBOUND(#6920,.T.);
#6922=IFCFACE((#6921));
#6923=IFCPOLYLOOP((#4452,#3977,#4451));
#6924=IFCFACEOUTERBOUND(#6923,.T.);
#6925=IFCFACE((#6924));
#6926=IFCPOLYLOOP((#4451,#4453,#4452));
#6927=IFCFACEOUTERBOUND(#6926,.T.);
#6928=IFCFACE((#6927));
#6929=IFCPOLYLOOP((#4452,#4453,#4442));
#6930=IFCFACEOUTERBOUND(#6929,.T.);
#6931=IFCFACE((#6930));
#6932=IFCPOLYLOOP((#4442,#4453,#4440));
#6933=IFCFACEOUTERBOUND(#6932,.T.);
#6934=IFCFACE((#6933));
#6935=IFCPOLYLOOP((#4442,#4440,#4444));
#6936=IFCFACEOUTERBOUND(#6935,.T.);
#6937=IFCFACE((#6936));
#6938=IFCPOLYLOOP((#4443,#4444,#4440));
#6939=IFCFACEOUTERBOUND(#6938,.T.);
#6940=IFCFACE((#6939));
#6941=IFCPOLYLOOP((#4443,#4446,#4444));
#6942=IFCFACEOUTERBOUND(#6941,.T.);
#6943=IFCFACE((#6942));
#6944=IFCPOLYLOOP((#4447,#4444,#4446));
#6945=IFCFACEOUTERBOUND(#6944,.T.);
#6946=IFCFACE((#6945));
#6947=IFCPOLYLOOP((#4448,#4444,#4447));
#6948=IFCFACEOUTERBOUND(#6947,.T.);
#6949=IFCFACE((#6948));
#6950=IFCPOLYLOOP((#4445,#4448,#4447));
#6951=IFCFACEOUTERBOUND(#6950,.T.);
#6952=IFCFACE((#6951));
#6953=IFCPOLYLOOP((#4448,#4445,#4405));
#6954=IFCFACEOUTERBOUND(#6953,.T.);
#6955=IFCFACE((#6954));
#6956=IFCPOLYLOOP((#4449,#4448,#4405));
#6957=IFCFACEOUTERBOUND(#6956,.T.);
#6958=IFCFACE((#6957));
#6959=IFCPOLYLOOP((#4449,#4405,#4406));
#6960=IFCFACEOUTERBOUND(#6959,.T.);
#6961=IFCFACE((#6960));
#6962=IFCPOLYLOOP((#4449,#4406,#4441));
#6963=IFCFACEOUTERBOUND(#6962,.T.);
#6964=IFCFACE((#6963));
#6965=IFCPOLYLOOP((#4450,#4449,#4441));
#6966=IFCFACEOUTERBOUND(#6965,.T.);
#6967=IFCFACE((#6966));
#6968=IFCPOLYLOOP((#3935,#4450,#4441));
#6969=IFCFACEOUTERBOUND(#6968,.T.);
#6970=IFCFACE((#6969));
#6971=IFCPOLYLOOP((#4450,#4442,#4449));
#6972=IFCFACEOUTERBOUND(#6971,.T.);
#6973=IFCFACE((#6972));
#6974=IFCPOLYLOOP((#3935,#3978,#4450));
#6975=IFCFACEOUTERBOUND(#6974,.T.);
#6976=IFCFACE((#6975));
#6977=IFCPOLYLOOP((#3978,#4452,#4450));
#6978=IFCFACEOUTERBOUND(#6977,.T.);
#6979=IFCFACE((#6978));
#6980=IFCPOLYLOOP((#4452,#4442,#4450));
#6981=IFCFACEOUTERBOUND(#6980,.T.);
#6982=IFCFACE((#6981));
#6983=IFCPOLYLOOP((#4448,#4449,#4442));
#6984=IFCFACEOUTERBOUND(#6983,.T.);
#6985=IFCFACE((#6984));
#6986=IFCPOLYLOOP((#4448,#4442,#4444));
#6987=IFCFACEOUTERBOUND(#6986,.T.);
#6988=IFCFACE((#6987));
#6989=IFCPOLYLOOP((#3935,#3989,#3978));
#6990=IFCFACEOUTERBOUND(#6989,.T.);
#6991=IFCFACE((#6990));
#6992=IFCPOLYLOOP((#3978,#3989,#3990));
#6993=IFCFACEOUTERBOUND(#6992,.T.);
#6994=IFCFACE((#6993));
#6995=IFCPOLYLOOP((#3980,#3990,#3989));
#6996=IFCFACEOUTERBOUND(#6995,.T.);
#6997=IFCFACE((#6996));
#6998=IFCPOLYLOOP((#3989,#3988,#3980));
#6999=IFCFACEOUTERBOUND(#6998,.T.);
#7000=IFCFACE((#6999));
#7001=IFCPOLYLOOP((#3982,#3980,#3987));
#7002=IFCFACEOUTERBOUND(#7001,.T.);
#7003=IFCFACE((#7002));
#7004=IFCPOLYLOOP((#3988,#3987,#3980));
#7005=IFCFACEOUTERBOUND(#7004,.T.);
#7006=IFCFACE((#7005));
#7007=IFCPOLYLOOP((#3688,#3985,#3584));
#7008=IFCFACEOUTERBOUND(#7007,.T.);
#7009=IFCFACE((#7008));
#7010=IFCPOLYLOOP((#3642,#3981,#3984));
#7011=IFCFACEOUTERBOUND(#7010,.T.);
#7012=IFCFACE((#7011));
#7013=IFCPOLYLOOP((#3984,#3985,#3688));
#7014=IFCFACEOUTERBOUND(#7013,.T.);
#7015=IFCFACE((#7014));
#7016=IFCPOLYLOOP((#3642,#3984,#3688));
#7017=IFCFACEOUTERBOUND(#7016,.T.);
#7018=IFCFACE((#7017));
#7019=IFCPOLYLOOP((#3985,#3983,#3584));
#7020=IFCFACEOUTERBOUND(#7019,.T.);
#7021=IFCFACE((#7020));
#7022=IFCPOLYLOOP((#3991,#3977,#3979,#3976));
#7023=IFCFACEOUTERBOUND(#7022,.T.);
#7024=IFCFACE((#7023));
#7025=IFCPOLYLOOP((#3991,#3976,#3968,#3973,#3967,#4437,#4432,#4440));
#7026=IFCFACEOUTERBOUND(#7025,.T.);
#7027=IFCFACE((#7026));
#7028=IFCPOLYLOOP((#3641,#3968,#3976));
#7029=IFCFACEOUTERBOUND(#7028,.T.);
#7030=IFCFACE((#7029));
#7031=IFCPOLYLOOP((#3971,#3641,#3652));
#7032=IFCFACEOUTERBOUND(#7031,.T.);
#7033=IFCFACE((#7032));
#7034=IFCPOLYLOOP((#3641,#3976,#3981));
#7035=IFCFACEOUTERBOUND(#7034,.T.);
#7036=IFCFACE((#7035));
#7037=IFCPOLYLOOP((#3993,#3996,#4012,#4010));
#7038=IFCFACEOUTERBOUND(#7037,.T.);
#7039=IFCFACE((#7038));
#7040=IFCPOLYLOOP((#3993,#4454,#4455,#4473,#3994,#4018,#3995,#3996));
#7041=IFCFACEOUTERBOUND(#7040,.T.);
#7042=IFCFACE((#7041));
#7043=IFCPOLYLOOP((#3996,#3995,#3877));
#7044=IFCFACEOUTERBOUND(#7043,.T.);
#7045=IFCFACE((#7044));
#7046=IFCPOLYLOOP((#3877,#3995,#4016,#3826));
#7047=IFCFACEOUTERBOUND(#7046,.T.);
#7048=IFCFACE((#7047));
#7049=IFCPOLYLOOP((#3877,#3876,#4002));
#7050=IFCFACEOUTERBOUND(#7049,.T.);
#7051=IFCFACE((#7050));
#7052=IFCPOLYLOOP((#4009,#4001,#4008));
#7053=IFCFACEOUTERBOUND(#7052,.T.);
#7054=IFCFACE((#7053));
#7055=IFCPOLYLOOP((#4009,#4008,#4000));
#7056=IFCFACEOUTERBOUND(#7055,.T.);
#7057=IFCFACE((#7056));
#7058=IFCPOLYLOOP((#3997,#4009,#4000));
#7059=IFCFACEOUTERBOUND(#7058,.T.);
#7060=IFCFACE((#7059));
#7061=IFCPOLYLOOP((#3997,#3998,#4009));
#7062=IFCFACEOUTERBOUND(#7061,.T.);
#7063=IFCFACE((#7062));
#7064=IFCPOLYLOOP((#3998,#4011,#4009));
#7065=IFCFACEOUTERBOUND(#7064,.T.);
#7066=IFCFACE((#7065));
#7067=IFCPOLYLOOP((#4011,#4001,#4009));
#7068=IFCFACEOUTERBOUND(#7067,.T.);
#7069=IFCFACE((#7068));
#7070=IFCPOLYLOOP((#4011,#4012,#4001));
#7071=IFCFACEOUTERBOUND(#7070,.T.);
#7072=IFCFACE((#7071));
#7073=IFCPOLYLOOP((#4007,#4008,#4001));
#7074=IFCFACEOUTERBOUND(#7073,.T.);
#7075=IFCFACE((#7074));
#7076=IFCPOLYLOOP((#4007,#4001,#4003));
#7077=IFCFACEOUTERBOUND(#7076,.T.);
#7078=IFCFACE((#7077));
#7079=IFCPOLYLOOP((#4001,#4012,#3996));
#7080=IFCFACEOUTERBOUND(#7079,.T.);
#7081=IFCFACE((#7080));
#7082=IFCPOLYLOOP((#4001,#3996,#4003));
#7083=IFCFACEOUTERBOUND(#7082,.T.);
#7084=IFCFACE((#7083));
#7085=IFCPOLYLOOP((#4002,#4003,#3996));
#7086=IFCFACEOUTERBOUND(#7085,.T.);
#7087=IFCFACE((#7086));
#7088=IFCPOLYLOOP((#4007,#4003,#4006));
#7089=IFCFACEOUTERBOUND(#7088,.T.);
#7090=IFCFACE((#7089));
#7091=IFCPOLYLOOP((#4002,#4005,#4003));
#7092=IFCFACEOUTERBOUND(#7091,.T.);
#7093=IFCFACE((#7092));
#7094=IFCPOLYLOOP((#4006,#4003,#4005));
#7095=IFCFACEOUTERBOUND(#7094,.T.);
#7096=IFCFACE((#7095));
#7097=IFCPOLYLOOP((#4004,#4007,#4006));
#7098=IFCFACEOUTERBOUND(#7097,.T.);
#7099=IFCFACE((#7098));
#7100=IFCPOLYLOOP((#4007,#4004,#3999));
#7101=IFCFACEOUTERBOUND(#7100,.T.);
#7102=IFCFACE((#7101));
#7103=IFCPOLYLOOP((#4008,#4007,#3999));
#7104=IFCFACEOUTERBOUND(#7103,.T.);
#7105=IFCFACE((#7104));
#7106=IFCPOLYLOOP((#4008,#3999,#4022));
#7107=IFCFACEOUTERBOUND(#7106,.T.);
#7108=IFCFACE((#7107));
#7109=IFCPOLYLOOP((#4008,#4022,#4000));
#7110=IFCFACEOUTERBOUND(#7109,.T.);
#7111=IFCFACE((#7110));
#7112=IFCPOLYLOOP((#3997,#4467,#3998));
#7113=IFCFACEOUTERBOUND(#7112,.T.);
#7114=IFCFACE((#7113));
#7115=IFCPOLYLOOP((#4467,#3997,#4464));
#7116=IFCFACEOUTERBOUND(#7115,.T.);
#7117=IFCFACE((#7116));
#7118=IFCPOLYLOOP((#4464,#4466,#4467));
#7119=IFCFACEOUTERBOUND(#7118,.T.);
#7120=IFCFACE((#7119));
#7121=IFCPOLYLOOP((#4466,#4464,#4476));
#7122=IFCFACEOUTERBOUND(#7121,.T.);
#7123=IFCFACE((#7122));
#7124=IFCPOLYLOOP((#4466,#4476,#4456));
#7125=IFCFACEOUTERBOUND(#7124,.T.);
#7126=IFCFACE((#7125));
#7127=IFCPOLYLOOP((#4465,#4466,#4456));
#7128=IFCFACEOUTERBOUND(#7127,.T.);
#7129=IFCFACE((#7128));
#7130=IFCPOLYLOOP((#4461,#4465,#4456));
#7131=IFCFACEOUTERBOUND(#7130,.T.);
#7132=IFCFACE((#7131));
#7133=IFCPOLYLOOP((#4461,#4463,#4465));
#7134=IFCFACEOUTERBOUND(#7133,.T.);
#7135=IFCFACE((#7134));
#7136=IFCPOLYLOOP((#4460,#4465,#4463));
#7137=IFCFACEOUTERBOUND(#7136,.T.);
#7138=IFCFACE((#7137));
#7139=IFCPOLYLOOP((#4463,#4462,#4460));
#7140=IFCFACEOUTERBOUND(#7139,.T.);
#7141=IFCFACE((#7140));
#7142=IFCPOLYLOOP((#4462,#4459,#4460));
#7143=IFCFACEOUTERBOUND(#7142,.T.);
#7144=IFCFACE((#7143));
#7145=IFCPOLYLOOP((#4459,#4454,#4460));
#7146=IFCFACEOUTERBOUND(#7145,.T.);
#7147=IFCFACE((#7146));
#7148=IFCPOLYLOOP((#4458,#4460,#4454));
#7149=IFCFACEOUTERBOUND(#7148,.T.);
#7150=IFCFACE((#7149));
#7151=IFCPOLYLOOP((#4454,#4457,#4458));
#7152=IFCFACEOUTERBOUND(#7151,.T.);
#7153=IFCFACE((#7152));
#7154=IFCPOLYLOOP((#4468,#4458,#4457));
#7155=IFCFACEOUTERBOUND(#7154,.T.);
#7156=IFCFACE((#7155));
#7157=IFCPOLYLOOP((#4458,#4468,#4467));
#7158=IFCFACEOUTERBOUND(#7157,.T.);
#7159=IFCFACE((#7158));
#7160=IFCPOLYLOOP((#3998,#4467,#4468));
#7161=IFCFACEOUTERBOUND(#7160,.T.);
#7162=IFCFACE((#7161));
#7163=IFCPOLYLOOP((#4467,#4466,#4458));
#7164=IFCFACEOUTERBOUND(#7163,.T.);
#7165=IFCFACE((#7164));
#7166=IFCPOLYLOOP((#4460,#4458,#4465));
#7167=IFCFACEOUTERBOUND(#7166,.T.);
#7168=IFCFACE((#7167));
#7169=IFCPOLYLOOP((#4466,#4465,#4458));
#7170=IFCFACEOUTERBOUND(#7169,.T.);
#7171=IFCFACE((#7170));
#7172=IFCPOLYLOOP((#4010,#4012,#4011));
#7173=IFCFACEOUTERBOUND(#7172,.T.);
#7174=IFCFACE((#7173));
#7175=IFCPOLYLOOP((#3876,#4005,#4002));
#7176=IFCFACEOUTERBOUND(#7175,.T.);
#7177=IFCFACE((#7176));
#7178=IFCPOLYLOOP((#3895,#4005,#3876));
#7179=IFCFACEOUTERBOUND(#7178,.T.);
#7180=IFCFACE((#7179));
#7181=IFCPOLYLOOP((#4004,#4006,#3791));
#7182=IFCFACEOUTERBOUND(#7181,.T.);
#7183=IFCFACE((#7182));
#7184=IFCPOLYLOOP((#4011,#3992,#4010));
#7185=IFCFACEOUTERBOUND(#7184,.T.);
#7186=IFCFACE((#7185));
#7187=IFCPOLYLOOP((#4006,#3895,#3911));
#7188=IFCFACEOUTERBOUND(#7187,.T.);
#7189=IFCFACE((#7188));
#7190=IFCPOLYLOOP((#3895,#4006,#4005));
#7191=IFCFACEOUTERBOUND(#7190,.T.);
#7192=IFCFACE((#7191));
#7193=IFCPOLYLOOP((#3992,#4011,#3998));
#7194=IFCFACEOUTERBOUND(#7193,.T.);
#7195=IFCFACE((#7194));
#7196=IFCPOLYLOOP((#3827,#4015,#3857,#3828));
#7197=IFCFACEOUTERBOUND(#7196,.T.);
#7198=IFCFACE((#7197));
#7199=IFCPOLYLOOP((#3995,#4020,#3870,#3845,#4014,#3864,#4019));
#7200=IFCFACEOUTERBOUND(#7199,.T.);
#7201=IFCFACE((#7200));
#7202=IFCPOLYLOOP((#4019,#4016,#3995));
#7203=IFCFACEOUTERBOUND(#7202,.T.);
#7204=IFCFACE((#7203));
#7205=IFCPOLYLOOP((#4015,#3827,#4016));
#7206=IFCFACEOUTERBOUND(#7205,.T.);
#7207=IFCFACE((#7206));
#7208=IFCPOLYLOOP((#3827,#3826,#4016));
#7209=IFCFACEOUTERBOUND(#7208,.T.);
#7210=IFCFACE((#7209));
#7211=IFCPOLYLOOP((#4018,#4020,#3995));
#7212=IFCFACEOUTERBOUND(#7211,.T.);
#7213=IFCFACE((#7212));
#7214=IFCPOLYLOOP((#4017,#4018,#4013));
#7215=IFCFACEOUTERBOUND(#7214,.T.);
#7216=IFCFACE((#7215));
#7217=IFCPOLYLOOP((#4013,#3842,#3855,#4017));
#7218=IFCFACEOUTERBOUND(#7217,.T.);
#7219=IFCFACE((#7218));
#7220=IFCPOLYLOOP((#4016,#4019,#3848,#4015));
#7221=IFCFACEOUTERBOUND(#7220,.T.);
#7222=IFCFACE((#7221));
#7223=IFCPOLYLOOP((#4018,#3994,#4013));
#7224=IFCFACEOUTERBOUND(#7223,.T.);
#7225=IFCFACE((#7224));
#7226=IFCPOLYLOOP((#4018,#4017,#3850,#4020));
#7227=IFCFACEOUTERBOUND(#7226,.T.);
#7228=IFCFACE((#7227));
#7229=IFCPOLYLOOP((#3790,#3999,#4004));
#7230=IFCFACEOUTERBOUND(#7229,.T.);
#7231=IFCFACE((#7230));
#7232=IFCPOLYLOOP((#3790,#3789,#3894));
#7233=IFCFACEOUTERBOUND(#7232,.T.);
#7234=IFCFACE((#7233));
#7235=IFCPOLYLOOP((#3893,#4021,#3894));
#7236=IFCFACEOUTERBOUND(#7235,.T.);
#7237=IFCFACE((#7236));
#7238=IFCPOLYLOOP((#3894,#3999,#3790));
#7239=IFCFACEOUTERBOUND(#7238,.T.);
#7240=IFCFACE((#7239));
#7241=IFCPOLYLOOP((#4021,#3997,#4000,#4022));
#7242=IFCFACEOUTERBOUND(#7241,.T.);
#7243=IFCFACE((#7242));
#7244=IFCPOLYLOOP((#3894,#4022,#3999));
#7245=IFCFACEOUTERBOUND(#7244,.T.);
#7246=IFCFACE((#7245));
#7247=IFCPOLYLOOP((#4021,#4022,#3894));
#7248=IFCFACEOUTERBOUND(#7247,.T.);
#7249=IFCFACE((#7248));
#7250=IFCPOLYLOOP((#4030,#4025,#4031));
#7251=IFCFACEOUTERBOUND(#7250,.T.);
#7252=IFCFACE((#7251));
#7253=IFCPOLYLOOP((#4034,#4028,#4039));
#7254=IFCFACEOUTERBOUND(#7253,.T.);
#7255=IFCFACE((#7254));
#7256=IFCPOLYLOOP((#4028,#4036,#4031));
#7257=IFCFACEOUTERBOUND(#7256,.T.);
#7258=IFCFACE((#7257));
#7259=IFCPOLYLOOP((#4025,#4038,#4031));
#7260=IFCFACEOUTERBOUND(#7259,.T.);
#7261=IFCFACE((#7260));
#7262=IFCPOLYLOOP((#4031,#4035,#4030));
#7263=IFCFACEOUTERBOUND(#7262,.T.);
#7264=IFCFACE((#7263));
#7265=IFCPOLYLOOP((#4035,#4037,#4029));
#7266=IFCFACEOUTERBOUND(#7265,.T.);
#7267=IFCFACE((#7266));
#7268=IFCPOLYLOOP((#4039,#4038,#4040));
#7269=IFCFACEOUTERBOUND(#7268,.T.);
#7270=IFCFACE((#7269));
#7271=IFCPOLYLOOP((#4030,#4035,#4024));
#7272=IFCFACEOUTERBOUND(#7271,.T.);
#7273=IFCFACE((#7272));
#7274=IFCPOLYLOOP((#4035,#4029,#4189,#4024));
#7275=IFCFACEOUTERBOUND(#7274,.T.);
#7276=IFCFACE((#7275));
#7277=IFCPOLYLOOP((#4038,#4025,#4033,#4026));
#7278=IFCFACEOUTERBOUND(#7277,.T.);
#7279=IFCFACE((#7278));
#7280=IFCPOLYLOOP((#4023,#4037,#4036));
#7281=IFCFACEOUTERBOUND(#7280,.T.);
#7282=IFCFACE((#7281));
#7283=IFCPOLYLOOP((#4037,#4035,#4031));
#7284=IFCFACEOUTERBOUND(#7283,.T.);
#7285=IFCFACE((#7284));
#7286=IFCPOLYLOOP((#4037,#4023,#4041,#4197,#4029));
#7287=IFCFACEOUTERBOUND(#7286,.T.);
#7288=IFCFACE((#7287));
#7289=IFCPOLYLOOP((#4036,#4037,#4031));
#7290=IFCFACEOUTERBOUND(#7289,.T.);
#7291=IFCFACE((#7290));
#7292=IFCPOLYLOOP((#4039,#4028,#4031));
#7293=IFCFACEOUTERBOUND(#7292,.T.);
#7294=IFCFACE((#7293));
#7295=IFCPOLYLOOP((#4034,#4039,#4040));
#7296=IFCFACEOUTERBOUND(#7295,.T.);
#7297=IFCFACE((#7296));
#7298=IFCPOLYLOOP((#4038,#4039,#4031));
#7299=IFCFACEOUTERBOUND(#7298,.T.);
#7300=IFCFACE((#7299));
#7301=IFCPOLYLOOP((#4040,#4027,#4065,#4034));
#7302=IFCFACEOUTERBOUND(#7301,.T.);
#7303=IFCFACE((#7302));
#7304=IFCPOLYLOOP((#4040,#4038,#4032));
#7305=IFCFACEOUTERBOUND(#7304,.T.);
#7306=IFCFACE((#7305));
#7307=IFCPOLYLOOP((#4055,#4036,#4058));
#7308=IFCFACEOUTERBOUND(#7307,.T.);
#7309=IFCFACE((#7308));
#7310=IFCPOLYLOOP((#4062,#4063,#4057));
#7311=IFCFACEOUTERBOUND(#7310,.T.);
#7312=IFCFACE((#7311));
#7313=IFCPOLYLOOP((#4056,#4043,#4044));
#7314=IFCFACEOUTERBOUND(#7313,.T.);
#7315=IFCFACE((#7314));
#7316=IFCPOLYLOOP((#4056,#4044,#4045));
#7317=IFCFACEOUTERBOUND(#7316,.T.);
#7318=IFCFACE((#7317));
#7319=IFCPOLYLOOP((#4059,#4052,#4053));
#7320=IFCFACEOUTERBOUND(#7319,.T.);
#7321=IFCFACE((#7320));
#7322=IFCPOLYLOOP((#4065,#4027,#4042));
#7323=IFCFACEOUTERBOUND(#7322,.T.);
#7324=IFCFACE((#7323));
#7325=IFCPOLYLOOP((#4057,#4063,#4049));
#7326=IFCFACEOUTERBOUND(#7325,.T.);
#7327=IFCFACE((#7326));
#7328=IFCPOLYLOOP((#4043,#4056,#4065));
#7329=IFCFACEOUTERBOUND(#7328,.T.);
#7330=IFCFACE((#7329));
#7331=IFCPOLYLOOP((#4049,#4050,#4057));
#7332=IFCFACEOUTERBOUND(#7331,.T.);
#7333=IFCFACE((#7332));
#7334=IFCPOLYLOOP((#4023,#4036,#4055));
#7335=IFCFACEOUTERBOUND(#7334,.T.);
#7336=IFCFACE((#7335));
#7337=IFCPOLYLOOP((#4036,#4028,#4058));
#7338=IFCFACEOUTERBOUND(#7337,.T.);
#7339=IFCFACE((#7338));
#7340=IFCPOLYLOOP((#4062,#4056,#4063));
#7341=IFCFACEOUTERBOUND(#7340,.T.);
#7342=IFCFACE((#7341));
#7343=IFCPOLYLOOP((#4058,#4054,#4055));
#7344=IFCFACEOUTERBOUND(#7343,.T.);
#7345=IFCFACE((#7344));
#7346=IFCPOLYLOOP((#4065,#4042,#4043));
#7347=IFCFACEOUTERBOUND(#7346,.T.);
#7348=IFCFACE((#7347));
#7349=IFCPOLYLOOP((#4051,#4060,#4062));
#7350=IFCFACEOUTERBOUND(#7349,.T.);
#7351=IFCFACE((#7350));
#7352=IFCPOLYLOOP((#4053,#4061,#4059));
#7353=IFCFACEOUTERBOUND(#7352,.T.);
#7354=IFCFACE((#7353));
#7355=IFCPOLYLOOP((#4051,#4059,#4060));
#7356=IFCFACEOUTERBOUND(#7355,.T.);
#7357=IFCFACE((#7356));
#7358=IFCPOLYLOOP((#4051,#4062,#4057));
#7359=IFCFACEOUTERBOUND(#7358,.T.);
#7360=IFCFACE((#7359));
#7361=IFCPOLYLOOP((#4056,#4062,#4064));
#7362=IFCFACEOUTERBOUND(#7361,.T.);
#7363=IFCFACE((#7362));
#7364=IFCPOLYLOOP((#4063,#4056,#4045));
#7365=IFCFACEOUTERBOUND(#7364,.T.);
#7366=IFCFACE((#7365));
#7367=IFCPOLYLOOP((#4059,#4061,#4060));
#7368=IFCFACEOUTERBOUND(#7367,.T.);
#7369=IFCFACE((#7368));
#7370=IFCPOLYLOOP((#4054,#4061,#4053));
#7371=IFCFACEOUTERBOUND(#7370,.T.);
#7372=IFCFACE((#7371));
#7373=IFCPOLYLOOP((#4060,#4061,#4058));
#7374=IFCFACEOUTERBOUND(#7373,.T.);
#7375=IFCFACE((#7374));
#7376=IFCPOLYLOOP((#4048,#4049,#4063));
#7377=IFCFACEOUTERBOUND(#7376,.T.);
#7378=IFCFACE((#7377));
#7379=IFCPOLYLOOP((#4047,#4048,#4063));
#7380=IFCFACEOUTERBOUND(#7379,.T.);
#7381=IFCFACE((#7380));
#7382=IFCPOLYLOOP((#4061,#4054,#4058));
#7383=IFCFACEOUTERBOUND(#7382,.T.);
#7384=IFCFACE((#7383));
#7385=IFCPOLYLOOP((#4045,#4046,#4063));
#7386=IFCFACEOUTERBOUND(#7385,.T.);
#7387=IFCFACE((#7386));
#7388=IFCPOLYLOOP((#4064,#4058,#4028));
#7389=IFCFACEOUTERBOUND(#7388,.T.);
#7390=IFCFACE((#7389));
#7391=IFCPOLYLOOP((#4056,#4064,#4028));
#7392=IFCFACEOUTERBOUND(#7391,.T.);
#7393=IFCFACE((#7392));
#7394=IFCPOLYLOOP((#4062,#4060,#4064));
#7395=IFCFACEOUTERBOUND(#7394,.T.);
#7396=IFCFACE((#7395));
#7397=IFCPOLYLOOP((#4058,#4064,#4060));
#7398=IFCFACEOUTERBOUND(#7397,.T.);
#7399=IFCFACE((#7398));
#7400=IFCPOLYLOOP((#4047,#4063,#4046));
#7401=IFCFACEOUTERBOUND(#7400,.T.);
#7402=IFCFACE((#7401));
#7403=IFCPOLYLOOP((#4056,#4028,#4034,#4065));
#7404=IFCFACEOUTERBOUND(#7403,.T.);
#7405=IFCFACE((#7404));
#7406=IFCPOLYLOOP((#4071,#4052,#4059,#4051));
#7407=IFCFACEOUTERBOUND(#7406,.T.);
#7408=IFCFACE((#7407));
#7409=IFCPOLYLOOP((#4069,#4066,#4067));
#7410=IFCFACEOUTERBOUND(#7409,.T.);
#7411=IFCFACE((#7410));
#7412=IFCPOLYLOOP((#4069,#4067,#4070));
#7413=IFCFACEOUTERBOUND(#7412,.T.);
#7414=IFCFACE((#7413));
#7415=IFCPOLYLOOP((#4067,#4071,#4070));
#7416=IFCFACEOUTERBOUND(#7415,.T.);
#7417=IFCFACE((#7416));
#7418=IFCPOLYLOOP((#4070,#4071,#4051));
#7419=IFCFACEOUTERBOUND(#7418,.T.);
#7420=IFCFACE((#7419));
#7421=IFCPOLYLOOP((#4070,#4051,#4057,#4050));
#7422=IFCFACEOUTERBOUND(#7421,.T.);
#7423=IFCFACE((#7422));
#7424=IFCPOLYLOOP((#4250,#4227,#4237,#4226));
#7425=IFCFACEOUTERBOUND(#7424,.T.);
#7426=IFCFACE((#7425));
#7427=IFCPOLYLOOP((#4070,#4068,#4250,#4069));
#7428=IFCFACEOUTERBOUND(#7427,.T.);
#7429=IFCFACE((#7428));
#7430=IFCPOLYLOOP((#4072,#4073,#4074));
#7431=IFCFACEOUTERBOUND(#7430,.T.);
#7432=IFCFACE((#7431));
#7433=IFCPOLYLOOP((#4075,#4072,#4074));
#7434=IFCFACEOUTERBOUND(#7433,.T.);
#7435=IFCFACE((#7434));
#7436=IFCPOLYLOOP((#4075,#4068,#4072));
#7437=IFCFACEOUTERBOUND(#7436,.T.);
#7438=IFCFACE((#7437));
#7439=IFCPOLYLOOP((#4072,#4068,#4070));
#7440=IFCFACEOUTERBOUND(#7439,.T.);
#7441=IFCFACE((#7440));
#7442=IFCPOLYLOOP((#4072,#4070,#4050));
#7443=IFCFACEOUTERBOUND(#7442,.T.);
#7444=IFCFACE((#7443));
#7445=IFCPOLYLOOP((#4074,#4252,#4075));
#7446=IFCFACEOUTERBOUND(#7445,.T.);
#7447=IFCFACE((#7446));
#7448=IFCPOLYLOOP((#4075,#4252,#4253));
#7449=IFCFACEOUTERBOUND(#7448,.T.);
#7450=IFCFACE((#7449));
#7451=IFCPOLYLOOP((#4075,#4253,#4068));
#7452=IFCFACEOUTERBOUND(#7451,.T.);
#7453=IFCFACE((#7452));
#7454=IFCPOLYLOOP((#4253,#4250,#4068));
#7455=IFCFACEOUTERBOUND(#7454,.T.);
#7456=IFCFACE((#7455));
#7457=IFCPOLYLOOP((#4253,#4227,#4250));
#7458=IFCFACEOUTERBOUND(#7457,.T.);
#7459=IFCFACE((#7458));
#7460=IFCPOLYLOOP((#4085,#4076,#4086));
#7461=IFCFACEOUTERBOUND(#7460,.T.);
#7462=IFCFACE((#7461));
#7463=IFCPOLYLOOP((#4085,#4086,#4088));
#7464=IFCFACEOUTERBOUND(#7463,.T.);
#7465=IFCFACE((#7464));
#7466=IFCPOLYLOOP((#4077,#4088,#4086));
#7467=IFCFACEOUTERBOUND(#7466,.T.);
#7468=IFCFACE((#7467));
#7469=IFCPOLYLOOP((#4084,#4077,#4078));
#7470=IFCFACEOUTERBOUND(#7469,.T.);
#7471=IFCFACE((#7470));
#7472=IFCPOLYLOOP((#4079,#4084,#4078));
#7473=IFCFACEOUTERBOUND(#7472,.T.);
#7474=IFCFACE((#7473));
#7475=IFCPOLYLOOP((#4084,#4088,#4077));
#7476=IFCFACEOUTERBOUND(#7475,.T.);
#7477=IFCFACE((#7476));
#7478=IFCPOLYLOOP((#4084,#4079,#4083));
#7479=IFCFACEOUTERBOUND(#7478,.T.);
#7480=IFCFACE((#7479));
#7481=IFCPOLYLOOP((#4079,#4080,#4173));
#7482=IFCFACEOUTERBOUND(#7481,.T.);
#7483=IFCFACE((#7482));
#7484=IFCPOLYLOOP((#4087,#4088,#4081));
#7485=IFCFACEOUTERBOUND(#7484,.T.);
#7486=IFCFACE((#7485));
#7487=IFCPOLYLOOP((#4084,#4083,#4081));
#7488=IFCFACEOUTERBOUND(#7487,.T.);
#7489=IFCFACE((#7488));
#7490=IFCPOLYLOOP((#4085,#4087,#4082));
#7491=IFCFACEOUTERBOUND(#7490,.T.);
#7492=IFCFACE((#7491));
#7493=IFCPOLYLOOP((#4085,#4088,#4087));
#7494=IFCFACEOUTERBOUND(#7493,.T.);
#7495=IFCFACE((#7494));
#7496=IFCPOLYLOOP((#4081,#4088,#4084));
#7497=IFCFACEOUTERBOUND(#7496,.T.);
#7498=IFCFACE((#7497));
#7499=IFCPOLYLOOP((#4050,#4049,#4072));
#7500=IFCFACEOUTERBOUND(#7499,.T.);
#7501=IFCFACE((#7500));
#7502=IFCPOLYLOOP((#4094,#4096,#4093));
#7503=IFCFACEOUTERBOUND(#7502,.T.);
#7504=IFCFACE((#7503));
#7505=IFCPOLYLOOP((#4096,#4046,#4045));
#7506=IFCFACEOUTERBOUND(#7505,.T.);
#7507=IFCFACE((#7506));
#7508=IFCPOLYLOOP((#4097,#4043,#4042));
#7509=IFCFACEOUTERBOUND(#7508,.T.);
#7510=IFCFACE((#7509));
#7511=IFCPOLYLOOP((#4047,#4046,#4096));
#7512=IFCFACEOUTERBOUND(#7511,.T.);
#7513=IFCFACE((#7512));
#7514=IFCPOLYLOOP((#4047,#4096,#4048));
#7515=IFCFACEOUTERBOUND(#7514,.T.);
#7516=IFCFACE((#7515));
#7517=IFCPOLYLOOP((#4097,#4091,#4092));
#7518=IFCFACEOUTERBOUND(#7517,.T.);
#7519=IFCFACE((#7518));
#7520=IFCPOLYLOOP((#4049,#4048,#4072));
#7521=IFCFACEOUTERBOUND(#7520,.T.);
#7522=IFCFACE((#7521));
#7523=IFCPOLYLOOP((#4073,#4072,#4095));
#7524=IFCFACEOUTERBOUND(#7523,.T.);
#7525=IFCFACE((#7524));
#7526=IFCPOLYLOOP((#4096,#4095,#4072));
#7527=IFCFACEOUTERBOUND(#7526,.T.);
#7528=IFCFACE((#7527));
#7529=IFCPOLYLOOP((#4048,#4096,#4072));
#7530=IFCFACEOUTERBOUND(#7529,.T.);
#7531=IFCFACE((#7530));
#7532=IFCPOLYLOOP((#4096,#4094,#4095));
#7533=IFCFACEOUTERBOUND(#7532,.T.);
#7534=IFCFACE((#7533));
#7535=IFCPOLYLOOP((#4092,#4093,#4096));
#7536=IFCFACEOUTERBOUND(#7535,.T.);
#7537=IFCFACE((#7536));
#7538=IFCPOLYLOOP((#4096,#4045,#4097));
#7539=IFCFACEOUTERBOUND(#7538,.T.);
#7540=IFCFACE((#7539));
#7541=IFCPOLYLOOP((#4097,#4042,#4089));
#7542=IFCFACEOUTERBOUND(#7541,.T.);
#7543=IFCFACE((#7542));
#7544=IFCPOLYLOOP((#4044,#4043,#4097));
#7545=IFCFACEOUTERBOUND(#7544,.T.);
#7546=IFCFACE((#7545));
#7547=IFCPOLYLOOP((#4089,#4042,#4027));
#7548=IFCFACEOUTERBOUND(#7547,.T.);
#7549=IFCFACE((#7548));
#7550=IFCPOLYLOOP((#4097,#4092,#4096));
#7551=IFCFACEOUTERBOUND(#7550,.T.);
#7552=IFCFACE((#7551));
#7553=IFCPOLYLOOP((#4090,#4089,#4076));
#7554=IFCFACEOUTERBOUND(#7553,.T.);
#7555=IFCFACE((#7554));
#7556=IFCPOLYLOOP((#4090,#4091,#4097));
#7557=IFCFACEOUTERBOUND(#7556,.T.);
#7558=IFCFACE((#7557));
#7559=IFCPOLYLOOP((#4090,#4097,#4089));
#7560=IFCFACEOUTERBOUND(#7559,.T.);
#7561=IFCFACE((#7560));
#7562=IFCPOLYLOOP((#4045,#4044,#4097));
#7563=IFCFACEOUTERBOUND(#7562,.T.);
#7564=IFCFACE((#7563));
#7565=IFCPOLYLOOP((#4099,#4100,#4108));
#7566=IFCFACEOUTERBOUND(#7565,.T.);
#7567=IFCFACE((#7566));
#7568=IFCPOLYLOOP((#4112,#4101,#4287,#4102));
#7569=IFCFACEOUTERBOUND(#7568,.T.);
#7570=IFCFACE((#7569));
#7571=IFCPOLYLOOP((#4283,#4278,#4279));
#7572=IFCFACEOUTERBOUND(#7571,.T.);
#7573=IFCFACE((#7572));
#7574=IFCPOLYLOOP((#4111,#4110,#4109));
#7575=IFCFACEOUTERBOUND(#7574,.T.);
#7576=IFCFACE((#7575));
#7577=IFCPOLYLOOP((#4114,#4106,#4107));
#7578=IFCFACEOUTERBOUND(#7577,.T.);
#7579=IFCFACE((#7578));
#7580=IFCPOLYLOOP((#4284,#4285,#4286));
#7581=IFCFACEOUTERBOUND(#7580,.T.);
#7582=IFCFACE((#7581));
#7583=IFCPOLYLOOP((#4282,#4281,#4289));
#7584=IFCFACEOUTERBOUND(#7583,.T.);
#7585=IFCFACE((#7584));
#7586=IFCPOLYLOOP((#4104,#4115,#4105));
#7587=IFCFACEOUTERBOUND(#7586,.T.);
#7588=IFCFACE((#7587));
#7589=IFCPOLYLOOP((#4114,#4105,#4115));
#7590=IFCFACEOUTERBOUND(#7589,.T.);
#7591=IFCFACE((#7590));
#7592=IFCPOLYLOOP((#4111,#4117,#4105));
#7593=IFCFACEOUTERBOUND(#7592,.T.);
#7594=IFCFACE((#7593));
#7595=IFCPOLYLOOP((#4290,#4280,#4289));
#7596=IFCFACEOUTERBOUND(#7595,.T.);
#7597=IFCFACE((#7596));
#7598=IFCPOLYLOOP((#4280,#4292,#4286));
#7599=IFCFACEOUTERBOUND(#7598,.T.);
#7600=IFCFACE((#7599));
#7601=IFCPOLYLOOP((#4102,#4103,#4113));
#7602=IFCFACEOUTERBOUND(#7601,.T.);
#7603=IFCFACE((#7602));
#7604=IFCPOLYLOOP((#4112,#4113,#4110));
#7605=IFCFACEOUTERBOUND(#7604,.T.);
#7606=IFCFACE((#7605));
#7607=IFCPOLYLOOP((#4108,#4107,#4116));
#7608=IFCFACEOUTERBOUND(#7607,.T.);
#7609=IFCFACE((#7608));
#7610=IFCPOLYLOOP((#4285,#4288,#4287));
#7611=IFCFACEOUTERBOUND(#7610,.T.);
#7612=IFCFACE((#7611));
#7613=IFCPOLYLOOP((#4291,#4282,#4283));
#7614=IFCFACEOUTERBOUND(#7613,.T.);
#7615=IFCFACE((#7614));
#7616=IFCPOLYLOOP((#4107,#4106,#4155,#4116));
#7617=IFCFACEOUTERBOUND(#7616,.T.);
#7618=IFCFACE((#7617));
#7619=IFCPOLYLOOP((#4116,#4098,#4099));
#7620=IFCFACEOUTERBOUND(#7619,.T.);
#7621=IFCFACE((#7620));
#7622=IFCPOLYLOOP((#4113,#4109,#4110));
#7623=IFCFACEOUTERBOUND(#7622,.T.);
#7624=IFCFACE((#7623));
#7625=IFCPOLYLOOP((#4113,#4112,#4102));
#7626=IFCFACEOUTERBOUND(#7625,.T.);
#7627=IFCFACE((#7626));
#7628=IFCPOLYLOOP((#4115,#4106,#4114));
#7629=IFCFACEOUTERBOUND(#7628,.T.);
#7630=IFCFACE((#7629));
#7631=IFCPOLYLOOP((#4108,#4116,#4099));
#7632=IFCFACEOUTERBOUND(#7631,.T.);
#7633=IFCFACE((#7632));
#7634=IFCPOLYLOOP((#4104,#4105,#4117));
#7635=IFCFACEOUTERBOUND(#7634,.T.);
#7636=IFCFACE((#7635));
#7637=IFCPOLYLOOP((#4111,#4109,#4117));
#7638=IFCFACEOUTERBOUND(#7637,.T.);
#7639=IFCFACE((#7638));
#7640=IFCPOLYLOOP((#4130,#4128,#4118));
#7641=IFCFACEOUTERBOUND(#7640,.T.);
#7642=IFCFACE((#7641));
#7643=IFCPOLYLOOP((#4127,#4129,#4131));
#7644=IFCFACEOUTERBOUND(#7643,.T.);
#7645=IFCFACE((#7644));
#7646=IFCPOLYLOOP((#4127,#4128,#4129));
#7647=IFCFACEOUTERBOUND(#7646,.T.);
#7648=IFCFACE((#7647));
#7649=IFCPOLYLOOP((#4120,#4130,#4118,#4119));
#7650=IFCFACEOUTERBOUND(#7649,.T.);
#7651=IFCFACE((#7650));
#7652=IFCPOLYLOOP((#4127,#4131,#4126));
#7653=IFCFACEOUTERBOUND(#7652,.T.);
#7654=IFCFACE((#7653));
#7655=IFCPOLYLOOP((#4121,#4130,#4120));
#7656=IFCFACEOUTERBOUND(#7655,.T.);
#7657=IFCFACE((#7656));
#7658=IFCPOLYLOOP((#4129,#4130,#4121));
#7659=IFCFACEOUTERBOUND(#7658,.T.);
#7660=IFCFACE((#7659));
#7661=IFCPOLYLOOP((#4125,#4132,#4133));
#7662=IFCFACEOUTERBOUND(#7661,.T.);
#7663=IFCFACE((#7662));
#7664=IFCPOLYLOOP((#4131,#4122,#4199,#4123));
#7665=IFCFACEOUTERBOUND(#7664,.T.);
#7666=IFCFACE((#7665));
#7667=IFCPOLYLOOP((#4122,#4129,#4121));
#7668=IFCFACEOUTERBOUND(#7667,.T.);
#7669=IFCFACE((#7668));
#7670=IFCPOLYLOOP((#4122,#4131,#4129));
#7671=IFCFACEOUTERBOUND(#7670,.T.);
#7672=IFCFACE((#7671));
#7673=IFCPOLYLOOP((#4133,#4100,#4099,#4098));
#7674=IFCFACEOUTERBOUND(#7673,.T.);
#7675=IFCFACE((#7674));
#7676=IFCPOLYLOOP((#4132,#4125,#4126));
#7677=IFCFACEOUTERBOUND(#7676,.T.);
#7678=IFCFACE((#7677));
#7679=IFCPOLYLOOP((#4131,#4123,#4132));
#7680=IFCFACEOUTERBOUND(#7679,.T.);
#7681=IFCFACE((#7680));
#7682=IFCPOLYLOOP((#4133,#4124,#4100));
#7683=IFCFACEOUTERBOUND(#7682,.T.);
#7684=IFCFACE((#7683));
#7685=IFCPOLYLOOP((#4128,#4130,#4129));
#7686=IFCFACEOUTERBOUND(#7685,.T.);
#7687=IFCFACE((#7686));
#7688=IFCPOLYLOOP((#4125,#4133,#4098));
#7689=IFCFACEOUTERBOUND(#7688,.T.);
#7690=IFCFACE((#7689));
#7691=IFCPOLYLOOP((#4124,#4133,#4132));
#7692=IFCFACEOUTERBOUND(#7691,.T.);
#7693=IFCFACE((#7692));
#7694=IFCPOLYLOOP((#4132,#4126,#4131));
#7695=IFCFACEOUTERBOUND(#7694,.T.);
#7696=IFCFACE((#7695));
#7697=IFCPOLYLOOP((#4124,#4132,#4123));
#7698=IFCFACEOUTERBOUND(#7697,.T.);
#7699=IFCFACE((#7698));
#7700=IFCPOLYLOOP((#4134,#4135,#4148));
#7701=IFCFACEOUTERBOUND(#7700,.T.);
#7702=IFCFACE((#7701));
#7703=IFCPOLYLOOP((#4139,#4145,#4138));
#7704=IFCFACEOUTERBOUND(#7703,.T.);
#7705=IFCFACE((#7704));
#7706=IFCPOLYLOOP((#4145,#4142,#4138));
#7707=IFCFACEOUTERBOUND(#7706,.T.);
#7708=IFCFACE((#7707));
#7709=IFCPOLYLOOP((#4135,#4136,#4143));
#7710=IFCFACEOUTERBOUND(#7709,.T.);
#7711=IFCFACE((#7710));
#7712=IFCPOLYLOOP((#4143,#4125,#4147));
#7713=IFCFACEOUTERBOUND(#7712,.T.);
#7714=IFCFACE((#7713));
#7715=IFCPOLYLOOP((#4141,#4147,#4098));
#7716=IFCFACEOUTERBOUND(#7715,.T.);
#7717=IFCFACE((#7716));
#7718=IFCPOLYLOOP((#4137,#4138,#4142));
#7719=IFCFACEOUTERBOUND(#7718,.T.);
#7720=IFCFACE((#7719));
#7721=IFCPOLYLOOP((#4143,#4147,#4148));
#7722=IFCFACEOUTERBOUND(#7721,.T.);
#7723=IFCFACE((#7722));
#7724=IFCPOLYLOOP((#4143,#4126,#4125));
#7725=IFCFACEOUTERBOUND(#7724,.T.);
#7726=IFCFACE((#7725));
#7727=IFCPOLYLOOP((#4149,#4136,#4150));
#7728=IFCFACEOUTERBOUND(#7727,.T.);
#7729=IFCFACE((#7728));
#7730=IFCPOLYLOOP((#4149,#4150,#4144));
#7731=IFCFACEOUTERBOUND(#7730,.T.);
#7732=IFCFACE((#7731));
#7733=IFCPOLYLOOP((#4146,#4145,#4140));
#7734=IFCFACEOUTERBOUND(#7733,.T.);
#7735=IFCFACE((#7734));
#7736=IFCPOLYLOOP((#4144,#4143,#4149));
#7737=IFCFACEOUTERBOUND(#7736,.T.);
#7738=IFCFACE((#7737));
#7739=IFCPOLYLOOP((#4134,#4148,#4141));
#7740=IFCFACEOUTERBOUND(#7739,.T.);
#7741=IFCFACE((#7740));
#7742=IFCPOLYLOOP((#4139,#4140,#4145));
#7743=IFCFACEOUTERBOUND(#7742,.T.);
#7744=IFCFACE((#7743));
#7745=IFCPOLYLOOP((#4142,#4128,#4127));
#7746=IFCFACEOUTERBOUND(#7745,.T.);
#7747=IFCFACE((#7746));
#7748=IFCPOLYLOOP((#4142,#4146,#4128));
#7749=IFCFACEOUTERBOUND(#7748,.T.);
#7750=IFCFACE((#7749));
#7751=IFCPOLYLOOP((#4127,#4126,#4144));
#7752=IFCFACEOUTERBOUND(#7751,.T.);
#7753=IFCFACE((#7752));
#7754=IFCPOLYLOOP((#4126,#4143,#4144));
#7755=IFCFACEOUTERBOUND(#7754,.T.);
#7756=IFCFACE((#7755));
#7757=IFCPOLYLOOP((#4118,#4128,#4146));
#7758=IFCFACEOUTERBOUND(#7757,.T.);
#7759=IFCFACE((#7758));
#7760=IFCPOLYLOOP((#4142,#4145,#4146));
#7761=IFCFACEOUTERBOUND(#7760,.T.);
#7762=IFCFACE((#7761));
#7763=IFCPOLYLOOP((#4098,#4147,#4125));
#7764=IFCFACEOUTERBOUND(#7763,.T.);
#7765=IFCFACE((#7764));
#7766=IFCPOLYLOOP((#4148,#4147,#4141));
#7767=IFCFACEOUTERBOUND(#7766,.T.);
#7768=IFCFACE((#7767));
#7769=IFCPOLYLOOP((#4142,#4127,#4144));
#7770=IFCFACEOUTERBOUND(#7769,.T.);
#7771=IFCFACE((#7770));
#7772=IFCPOLYLOOP((#4143,#4148,#4135));
#7773=IFCFACEOUTERBOUND(#7772,.T.);
#7774=IFCFACE((#7773));
#7775=IFCPOLYLOOP((#4118,#4146,#4140));
#7776=IFCFACEOUTERBOUND(#7775,.T.);
#7777=IFCFACE((#7776));
#7778=IFCPOLYLOOP((#4143,#4136,#4149));
#7779=IFCFACEOUTERBOUND(#7778,.T.);
#7780=IFCFACE((#7779));
#7781=IFCPOLYLOOP((#4150,#4136,#4137));
#7782=IFCFACEOUTERBOUND(#7781,.T.);
#7783=IFCFACE((#7782));
#7784=IFCPOLYLOOP((#4137,#4142,#4150));
#7785=IFCFACEOUTERBOUND(#7784,.T.);
#7786=IFCFACE((#7785));
#7787=IFCPOLYLOOP((#4142,#4144,#4150));
#7788=IFCFACEOUTERBOUND(#7787,.T.);
#7789=IFCFACE((#7788));
#7790=IFCPOLYLOOP((#4151,#4154,#4104));
#7791=IFCFACEOUTERBOUND(#7790,.T.);
#7792=IFCFACE((#7791));
#7793=IFCPOLYLOOP((#4151,#4152,#4154));
#7794=IFCFACEOUTERBOUND(#7793,.T.);
#7795=IFCFACE((#7794));
#7796=IFCPOLYLOOP((#4151,#4104,#4117));
#7797=IFCFACEOUTERBOUND(#7796,.T.);
#7798=IFCFACE((#7797));
#7799=IFCPOLYLOOP((#4358,#4152,#4151));
#7800=IFCFACEOUTERBOUND(#7799,.T.);
#7801=IFCFACE((#7800));
#7802=IFCPOLYLOOP((#4277,#4358,#4151));
#7803=IFCFACEOUTERBOUND(#7802,.T.);
#7804=IFCFACE((#7803));
#7805=IFCPOLYLOOP((#4151,#4117,#4109));
#7806=IFCFACEOUTERBOUND(#7805,.T.);
#7807=IFCFACE((#7806));
#7808=IFCPOLYLOOP((#4151,#4109,#4113));
#7809=IFCFACEOUTERBOUND(#7808,.T.);
#7810=IFCFACE((#7809));
#7811=IFCPOLYLOOP((#4151,#4113,#4103));
#7812=IFCFACEOUTERBOUND(#7811,.T.);
#7813=IFCFACE((#7812));
#7814=IFCPOLYLOOP((#4151,#4103,#4288));
#7815=IFCFACEOUTERBOUND(#7814,.T.);
#7816=IFCFACE((#7815));
#7817=IFCPOLYLOOP((#4151,#4288,#4284));
#7818=IFCFACEOUTERBOUND(#7817,.T.);
#7819=IFCFACE((#7818));
#7820=IFCPOLYLOOP((#4151,#4284,#4292));
#7821=IFCFACEOUTERBOUND(#7820,.T.);
#7822=IFCFACE((#7821));
#7823=IFCPOLYLOOP((#4151,#4292,#4277));
#7824=IFCFACEOUTERBOUND(#7823,.T.);
#7825=IFCFACE((#7824));
#7826=IFCPOLYLOOP((#4358,#4277,#4357));
#7827=IFCFACEOUTERBOUND(#7826,.T.);
#7828=IFCFACE((#7827));
#7829=IFCPOLYLOOP((#4357,#4277,#4290));
#7830=IFCFACEOUTERBOUND(#7829,.T.);
#7831=IFCFACE((#7830));
#7832=IFCPOLYLOOP((#4357,#4290,#4281));
#7833=IFCFACEOUTERBOUND(#7832,.T.);
#7834=IFCFACE((#7833));
#7835=IFCPOLYLOOP((#4357,#4281,#4359));
#7836=IFCFACEOUTERBOUND(#7835,.T.);
#7837=IFCFACE((#7836));
#7838=IFCPOLYLOOP((#4357,#4359,#4336));
#7839=IFCFACEOUTERBOUND(#7838,.T.);
#7840=IFCFACE((#7839));
#7841=IFCPOLYLOOP((#4336,#4359,#4291));
#7842=IFCFACEOUTERBOUND(#7841,.T.);
#7843=IFCFACE((#7842));
#7844=IFCPOLYLOOP((#4336,#4291,#4276));
#7845=IFCFACEOUTERBOUND(#7844,.T.);
#7846=IFCFACE((#7845));
#7847=IFCPOLYLOOP((#4357,#4336,#4335));
#7848=IFCFACEOUTERBOUND(#7847,.T.);
#7849=IFCFACE((#7848));
#7850=IFCPOLYLOOP((#4153,#4104,#4154));
#7851=IFCFACEOUTERBOUND(#7850,.T.);
#7852=IFCFACE((#7851));
#7853=IFCPOLYLOOP((#4153,#4115,#4104));
#7854=IFCFACEOUTERBOUND(#7853,.T.);
#7855=IFCFACE((#7854));
#7856=IFCPOLYLOOP((#4153,#4106,#4115));
#7857=IFCFACEOUTERBOUND(#7856,.T.);
#7858=IFCFACE((#7857));
#7859=IFCPOLYLOOP((#4153,#4155,#4106));
#7860=IFCFACEOUTERBOUND(#7859,.T.);
#7861=IFCFACE((#7860));
#7862=IFCPOLYLOOP((#4141,#4155,#4153));
#7863=IFCFACEOUTERBOUND(#7862,.T.);
#7864=IFCFACE((#7863));
#7865=IFCPOLYLOOP((#4134,#4141,#4153));
#7866=IFCFACEOUTERBOUND(#7865,.T.);
#7867=IFCFACE((#7866));
#7868=IFCPOLYLOOP((#4141,#4116,#4155));
#7869=IFCFACEOUTERBOUND(#7868,.T.);
#7870=IFCFACE((#7869));
#7871=IFCPOLYLOOP((#4141,#4098,#4116));
#7872=IFCFACEOUTERBOUND(#7871,.T.);
#7873=IFCFACE((#7872));
#7874=IFCPOLYLOOP((#4157,#4078,#4156));
#7875=IFCFACEOUTERBOUND(#7874,.T.);
#7876=IFCFACE((#7875));
#7877=IFCPOLYLOOP((#4156,#4078,#4077));
#7878=IFCFACEOUTERBOUND(#7877,.T.);
#7879=IFCFACE((#7878));
#7880=IFCPOLYLOOP((#4139,#4138,#4172));
#7881=IFCFACEOUTERBOUND(#7880,.T.);
#7882=IFCFACE((#7881));
#7883=IFCPOLYLOOP((#4175,#4081,#4083));
#7884=IFCFACEOUTERBOUND(#7883,.T.);
#7885=IFCFACE((#7884));
#7886=IFCPOLYLOOP((#4169,#4167,#4082));
#7887=IFCFACEOUTERBOUND(#7886,.T.);
#7888=IFCFACE((#7887));
#7889=IFCPOLYLOOP((#4137,#4177,#4166));
#7890=IFCFACEOUTERBOUND(#7889,.T.);
#7891=IFCFACE((#7890));
#7892=IFCPOLYLOOP((#4170,#4164,#4136));
#7893=IFCFACEOUTERBOUND(#7892,.T.);
#7894=IFCFACE((#7893));
#7895=IFCPOLYLOOP((#4171,#4081,#4175));
#7896=IFCFACEOUTERBOUND(#7895,.T.);
#7897=IFCFACE((#7896));
#7898=IFCPOLYLOOP((#4081,#4171,#4169));
#7899=IFCFACEOUTERBOUND(#7898,.T.);
#7900=IFCFACE((#7899));
#7901=IFCPOLYLOOP((#4138,#4166,#4172));
#7902=IFCFACEOUTERBOUND(#7901,.T.);
#7903=IFCFACE((#7902));
#7904=IFCPOLYLOOP((#4138,#4137,#4166));
#7905=IFCFACEOUTERBOUND(#7904,.T.);
#7906=IFCFACE((#7905));
#7907=IFCPOLYLOOP((#4136,#4164,#4177));
#7908=IFCFACEOUTERBOUND(#7907,.T.);
#7909=IFCFACE((#7908));
#7910=IFCPOLYLOOP((#4176,#4170,#4135));
#7911=IFCFACEOUTERBOUND(#7910,.T.);
#7912=IFCFACE((#7911));
#7913=IFCPOLYLOOP((#4168,#4167,#4164));
#7914=IFCFACEOUTERBOUND(#7913,.T.);
#7915=IFCFACE((#7914));
#7916=IFCPOLYLOOP((#4168,#4170,#4165));
#7917=IFCFACEOUTERBOUND(#7916,.T.);
#7918=IFCFACE((#7917));
#7919=IFCPOLYLOOP((#4166,#4169,#4171));
#7920=IFCFACEOUTERBOUND(#7919,.T.);
#7921=IFCFACE((#7920));
#7922=IFCPOLYLOOP((#4164,#4167,#4169));
#7923=IFCFACEOUTERBOUND(#7922,.T.);
#7924=IFCFACE((#7923));
#7925=IFCPOLYLOOP((#4159,#4176,#4134));
#7926=IFCFACEOUTERBOUND(#7925,.T.);
#7927=IFCFACE((#7926));
#7928=IFCPOLYLOOP((#4164,#4170,#4168));
#7929=IFCFACEOUTERBOUND(#7928,.T.);
#7930=IFCFACE((#7929));
#7931=IFCPOLYLOOP((#4165,#4159,#4161));
#7932=IFCFACEOUTERBOUND(#7931,.T.);
#7933=IFCFACE((#7932));
#7934=IFCPOLYLOOP((#4176,#4159,#4165));
#7935=IFCFACEOUTERBOUND(#7934,.T.);
#7936=IFCFACE((#7935));
#7937=IFCPOLYLOOP((#4162,#4163,#4168));
#7938=IFCFACEOUTERBOUND(#7937,.T.);
#7939=IFCFACE((#7938));
#7940=IFCPOLYLOOP((#4169,#4082,#4087,#4081));
#7941=IFCFACEOUTERBOUND(#7940,.T.);
#7942=IFCFACE((#7941));
#7943=IFCPOLYLOOP((#4162,#4165,#4161));
#7944=IFCFACEOUTERBOUND(#7943,.T.);
#7945=IFCFACE((#7944));
#7946=IFCPOLYLOOP((#4160,#4161,#4159));
#7947=IFCFACEOUTERBOUND(#7946,.T.);
#7948=IFCFACE((#7947));
#7949=IFCPOLYLOOP((#4163,#4167,#4168));
#7950=IFCFACEOUTERBOUND(#7949,.T.);
#7951=IFCFACE((#7950));
#7952=IFCPOLYLOOP((#4169,#4166,#4177));
#7953=IFCFACEOUTERBOUND(#7952,.T.);
#7954=IFCFACE((#7953));
#7955=IFCPOLYLOOP((#4163,#4082,#4167));
#7956=IFCFACEOUTERBOUND(#7955,.T.);
#7957=IFCFACE((#7956));
#7958=IFCPOLYLOOP((#4135,#4170,#4136));
#7959=IFCFACEOUTERBOUND(#7958,.T.);
#7960=IFCFACE((#7959));
#7961=IFCPOLYLOOP((#4162,#4168,#4165));
#7962=IFCFACEOUTERBOUND(#7961,.T.);
#7963=IFCFACE((#7962));
#7964=IFCPOLYLOOP((#4172,#4166,#4171));
#7965=IFCFACEOUTERBOUND(#7964,.T.);
#7966=IFCFACE((#7965));
#7967=IFCPOLYLOOP((#4175,#4158,#4172));
#7968=IFCFACEOUTERBOUND(#7967,.T.);
#7969=IFCFACE((#7968));
#7970=IFCPOLYLOOP((#4172,#4158,#4139));
#7971=IFCFACEOUTERBOUND(#7970,.T.);
#7972=IFCFACE((#7971));
#7973=IFCPOLYLOOP((#4175,#4173,#4174));
#7974=IFCFACEOUTERBOUND(#7973,.T.);
#7975=IFCFACE((#7974));
#7976=IFCPOLYLOOP((#4173,#4080,#4174));
#7977=IFCFACEOUTERBOUND(#7976,.T.);
#7978=IFCFACE((#7977));
#7979=IFCPOLYLOOP((#4158,#4175,#4174));
#7980=IFCFACEOUTERBOUND(#7979,.T.);
#7981=IFCFACE((#7980));
#7982=IFCPOLYLOOP((#4171,#4175,#4172));
#7983=IFCFACEOUTERBOUND(#7982,.T.);
#7984=IFCFACE((#7983));
#7985=IFCPOLYLOOP((#4170,#4176,#4165));
#7986=IFCFACEOUTERBOUND(#7985,.T.);
#7987=IFCFACE((#7986));
#7988=IFCPOLYLOOP((#4134,#4176,#4135));
#7989=IFCFACEOUTERBOUND(#7988,.T.);
#7990=IFCFACE((#7989));
#7991=IFCPOLYLOOP((#4136,#4177,#4137));
#7992=IFCFACEOUTERBOUND(#7991,.T.);
#7993=IFCFACE((#7992));
#7994=IFCPOLYLOOP((#4169,#4177,#4164));
#7995=IFCFACEOUTERBOUND(#7994,.T.);
#7996=IFCFACE((#7995));
#7997=IFCPOLYLOOP((#4159,#4134,#4153));
#7998=IFCFACEOUTERBOUND(#7997,.T.);
#7999=IFCFACE((#7998));
#8000=IFCPOLYLOOP((#4159,#4153,#4160));
#8001=IFCFACEOUTERBOUND(#8000,.T.);
#8002=IFCFACE((#8001));
#8003=IFCPOLYLOOP((#4160,#4153,#4179));
#8004=IFCFACEOUTERBOUND(#8003,.T.);
#8005=IFCFACE((#8004));
#8006=IFCPOLYLOOP((#4179,#4153,#4178));
#8007=IFCFACEOUTERBOUND(#8006,.T.);
#8008=IFCFACE((#8007));
#8009=IFCPOLYLOOP((#4178,#4153,#4154));
#8010=IFCFACEOUTERBOUND(#8009,.T.);
#8011=IFCFACE((#8010));
#8012=IFCPOLYLOOP((#4178,#4154,#4152));
#8013=IFCFACEOUTERBOUND(#8012,.T.);
#8014=IFCFACE((#8013));
#8015=IFCPOLYLOOP((#4178,#4152,#4358));
#8016=IFCFACEOUTERBOUND(#8015,.T.);
#8017=IFCFACE((#8016));
#8018=IFCPOLYLOOP((#4178,#4358,#4357));
#8019=IFCFACEOUTERBOUND(#8018,.T.);
#8020=IFCFACE((#8019));
#8021=IFCPOLYLOOP((#4357,#4365,#4179));
#8022=IFCFACEOUTERBOUND(#8021,.T.);
#8023=IFCFACE((#8022));
#8024=IFCPOLYLOOP((#4179,#4178,#4357));
#8025=IFCFACEOUTERBOUND(#8024,.T.);
#8026=IFCFACE((#8025));
#8027=IFCPOLYLOOP((#4357,#4371,#4365));
#8028=IFCFACEOUTERBOUND(#8027,.T.);
#8029=IFCFACE((#8028));
#8030=IFCPOLYLOOP((#4357,#4366,#4371));
#8031=IFCFACEOUTERBOUND(#8030,.T.);
#8032=IFCFACE((#8031));
#8033=IFCPOLYLOOP((#4357,#4381,#4366));
#8034=IFCFACEOUTERBOUND(#8033,.T.);
#8035=IFCFACE((#8034));
#8036=IFCPOLYLOOP((#4357,#4335,#4381));
#8037=IFCFACEOUTERBOUND(#8036,.T.);
#8038=IFCFACE((#8037));
#8039=IFCPOLYLOOP((#4183,#4160,#4179,#4365,#4383,#4182,#4074,#4073));
#8040=IFCFACEOUTERBOUND(#8039,.T.);
#8041=IFCFACE((#8040));
#8042=IFCPOLYLOOP((#4184,#4163,#4162));
#8043=IFCFACEOUTERBOUND(#8042,.T.);
#8044=IFCFACE((#8043));
#8045=IFCPOLYLOOP((#4091,#4184,#4092));
#8046=IFCFACEOUTERBOUND(#8045,.T.);
#8047=IFCFACE((#8046));
#8048=IFCPOLYLOOP((#4184,#4185,#4093));
#8049=IFCFACEOUTERBOUND(#8048,.T.);
#8050=IFCFACE((#8049));
#8051=IFCPOLYLOOP((#4082,#4163,#4085));
#8052=IFCFACEOUTERBOUND(#8051,.T.);
#8053=IFCFACE((#8052));
#8054=IFCPOLYLOOP((#4161,#4185,#4162));
#8055=IFCFACEOUTERBOUND(#8054,.T.);
#8056=IFCFACE((#8055));
#8057=IFCPOLYLOOP((#4090,#4184,#4091));
#8058=IFCFACEOUTERBOUND(#8057,.T.);
#8059=IFCFACE((#8058));
#8060=IFCPOLYLOOP((#4085,#4090,#4076));
#8061=IFCFACEOUTERBOUND(#8060,.T.);
#8062=IFCFACE((#8061));
#8063=IFCPOLYLOOP((#4090,#4085,#4184));
#8064=IFCFACEOUTERBOUND(#8063,.T.);
#8065=IFCFACE((#8064));
#8066=IFCPOLYLOOP((#4185,#4094,#4093));
#8067=IFCFACEOUTERBOUND(#8066,.T.);
#8068=IFCFACE((#8067));
#8069=IFCPOLYLOOP((#4094,#4185,#4095));
#8070=IFCFACEOUTERBOUND(#8069,.T.);
#8071=IFCFACE((#8070));
#8072=IFCPOLYLOOP((#4092,#4184,#4093));
#8073=IFCFACEOUTERBOUND(#8072,.T.);
#8074=IFCFACE((#8073));
#8075=IFCPOLYLOOP((#4183,#4095,#4185));
#8076=IFCFACEOUTERBOUND(#8075,.T.);
#8077=IFCFACE((#8076));
#8078=IFCPOLYLOOP((#4160,#4183,#4161));
#8079=IFCFACEOUTERBOUND(#8078,.T.);
#8080=IFCFACE((#8079));
#8081=IFCPOLYLOOP((#4161,#4183,#4185));
#8082=IFCFACEOUTERBOUND(#8081,.T.);
#8083=IFCFACE((#8082));
#8084=IFCPOLYLOOP((#4184,#4085,#4163));
#8085=IFCFACEOUTERBOUND(#8084,.T.);
#8086=IFCFACE((#8085));
#8087=IFCPOLYLOOP((#4183,#4073,#4095));
#8088=IFCFACEOUTERBOUND(#8087,.T.);
#8089=IFCFACE((#8088));
#8090=IFCPOLYLOOP((#4185,#4184,#4162));
#8091=IFCFACEOUTERBOUND(#8090,.T.);
#8092=IFCFACE((#8091));
#8093=IFCPOLYLOOP((#4191,#4193,#4023));
#8094=IFCFACEOUTERBOUND(#8093,.T.);
#8095=IFCFACE((#8094));
#8096=IFCPOLYLOOP((#4194,#4202,#4189));
#8097=IFCFACEOUTERBOUND(#8096,.T.);
#8098=IFCFACE((#8097));
#8099=IFCPOLYLOOP((#4055,#4191,#4023));
#8100=IFCFACEOUTERBOUND(#8099,.T.);
#8101=IFCFACE((#8100));
#8102=IFCPOLYLOOP((#4122,#4121,#4190));
#8103=IFCFACEOUTERBOUND(#8102,.T.);
#8104=IFCFACE((#8103));
#8105=IFCPOLYLOOP((#4200,#4199,#4122));
#8106=IFCFACEOUTERBOUND(#8105,.T.);
#8107=IFCFACE((#8106));
#8108=IFCPOLYLOOP((#4188,#4054,#4053));
#8109=IFCFACEOUTERBOUND(#8108,.T.);
#8110=IFCFACE((#8109));
#8111=IFCPOLYLOOP((#4055,#4054,#4192));
#8112=IFCFACEOUTERBOUND(#8111,.T.);
#8113=IFCFACE((#8112));
#8114=IFCPOLYLOOP((#4180,#4100,#4124));
#8115=IFCFACEOUTERBOUND(#8114,.T.);
#8116=IFCFACE((#8115));
#8117=IFCPOLYLOOP((#4196,#4201,#4192));
#8118=IFCFACEOUTERBOUND(#8117,.T.);
#8119=IFCFACE((#8118));
#8120=IFCPOLYLOOP((#4180,#4124,#4188));
#8121=IFCFACEOUTERBOUND(#8120,.T.);
#8122=IFCFACE((#8121));
#8123=IFCPOLYLOOP((#4121,#4198,#4195));
#8124=IFCFACEOUTERBOUND(#8123,.T.);
#8125=IFCFACE((#8124));
#8126=IFCPOLYLOOP((#4196,#4192,#4188));
#8127=IFCFACEOUTERBOUND(#8126,.T.);
#8128=IFCFACE((#8127));
#8129=IFCPOLYLOOP((#4191,#4187,#4193));
#8130=IFCFACEOUTERBOUND(#8129,.T.);
#8131=IFCFACE((#8130));
#8132=IFCPOLYLOOP((#4192,#4191,#4055));
#8133=IFCFACEOUTERBOUND(#8132,.T.);
#8134=IFCFACE((#8133));
#8135=IFCPOLYLOOP((#4193,#4187,#4190));
#8136=IFCFACEOUTERBOUND(#8135,.T.);
#8137=IFCFACE((#8136));
#8138=IFCPOLYLOOP((#4054,#4188,#4192));
#8139=IFCFACEOUTERBOUND(#8138,.T.);
#8140=IFCFACE((#8139));
#8141=IFCPOLYLOOP((#4198,#4121,#4120));
#8142=IFCFACEOUTERBOUND(#8141,.T.);
#8143=IFCFACE((#8142));
#8144=IFCPOLYLOOP((#4124,#4123,#4196));
#8145=IFCFACEOUTERBOUND(#8144,.T.);
#8146=IFCFACE((#8145));
#8147=IFCPOLYLOOP((#4187,#4191,#4192));
#8148=IFCFACEOUTERBOUND(#8147,.T.);
#8149=IFCFACE((#8148));
#8150=IFCPOLYLOOP((#4188,#4053,#4180));
#8151=IFCFACEOUTERBOUND(#8150,.T.);
#8152=IFCFACE((#8151));
#8153=IFCPOLYLOOP((#4189,#4202,#4024));
#8154=IFCFACEOUTERBOUND(#8153,.T.);
#8155=IFCFACE((#8154));
#8156=IFCPOLYLOOP((#4194,#4197,#4193));
#8157=IFCFACEOUTERBOUND(#8156,.T.);
#8158=IFCFACE((#8157));
#8159=IFCPOLYLOOP((#4199,#4200,#4201));
#8160=IFCFACEOUTERBOUND(#8159,.T.);
#8161=IFCFACE((#8160));
#8162=IFCPOLYLOOP((#4195,#4194,#4190));
#8163=IFCFACEOUTERBOUND(#8162,.T.);
#8164=IFCFACE((#8163));
#8165=IFCPOLYLOOP((#4194,#4193,#4190));
#8166=IFCFACEOUTERBOUND(#8165,.T.);
#8167=IFCFACE((#8166));
#8168=IFCPOLYLOOP((#4186,#4202,#4195));
#8169=IFCFACEOUTERBOUND(#8168,.T.);
#8170=IFCFACE((#8169));
#8171=IFCPOLYLOOP((#4190,#4121,#4195));
#8172=IFCFACEOUTERBOUND(#8171,.T.);
#8173=IFCFACE((#8172));
#8174=IFCPOLYLOOP((#4201,#4187,#4192));
#8175=IFCFACEOUTERBOUND(#8174,.T.);
#8176=IFCFACE((#8175));
#8177=IFCPOLYLOOP((#4124,#4196,#4188));
#8178=IFCFACEOUTERBOUND(#8177,.T.);
#8179=IFCFACE((#8178));
#8180=IFCPOLYLOOP((#4200,#4187,#4201));
#8181=IFCFACEOUTERBOUND(#8180,.T.);
#8182=IFCFACE((#8181));
#8183=IFCPOLYLOOP((#4194,#4189,#4029,#4197));
#8184=IFCFACEOUTERBOUND(#8183,.T.);
#8185=IFCFACE((#8184));
#8186=IFCPOLYLOOP((#4193,#4197,#4041,#4023));
#8187=IFCFACEOUTERBOUND(#8186,.T.);
#8188=IFCFACE((#8187));
#8189=IFCPOLYLOOP((#4198,#4186,#4195));
#8190=IFCFACEOUTERBOUND(#8189,.T.);
#8191=IFCFACE((#8190));
#8192=IFCPOLYLOOP((#4122,#4190,#4200));
#8193=IFCFACEOUTERBOUND(#8192,.T.);
#8194=IFCFACE((#8193));
#8195=IFCPOLYLOOP((#4190,#4187,#4200));
#8196=IFCFACEOUTERBOUND(#8195,.T.);
#8197=IFCFACE((#8196));
#8198=IFCPOLYLOOP((#4196,#4123,#4201));
#8199=IFCFACEOUTERBOUND(#8198,.T.);
#8200=IFCFACE((#8199));
#8201=IFCPOLYLOOP((#4199,#4201,#4123));
#8202=IFCFACEOUTERBOUND(#8201,.T.);
#8203=IFCFACE((#8202));
#8204=IFCPOLYLOOP((#4195,#4202,#4194));
#8205=IFCFACEOUTERBOUND(#8204,.T.);
#8206=IFCFACE((#8205));
#8207=IFCPOLYLOOP((#4211,#4207,#4210));
#8208=IFCFACEOUTERBOUND(#8207,.T.);
#8209=IFCFACE((#8208));
#8210=IFCPOLYLOOP((#4219,#4204,#4214));
#8211=IFCFACEOUTERBOUND(#8210,.T.);
#8212=IFCFACE((#8211));
#8213=IFCPOLYLOOP((#4211,#4216,#4204));
#8214=IFCFACEOUTERBOUND(#8213,.T.);
#8215=IFCFACE((#8214));
#8216=IFCPOLYLOOP((#4211,#4218,#4207));
#8217=IFCFACEOUTERBOUND(#8216,.T.);
#8218=IFCFACE((#8217));
#8219=IFCPOLYLOOP((#4210,#4215,#4211));
#8220=IFCFACEOUTERBOUND(#8219,.T.);
#8221=IFCFACE((#8220));
#8222=IFCPOLYLOOP((#4209,#4217,#4215));
#8223=IFCFACEOUTERBOUND(#8222,.T.);
#8224=IFCFACE((#8223));
#8225=IFCPOLYLOOP((#4220,#4218,#4219));
#8226=IFCFACEOUTERBOUND(#8225,.T.);
#8227=IFCFACE((#8226));
#8228=IFCPOLYLOOP((#4208,#4215,#4210));
#8229=IFCFACEOUTERBOUND(#8228,.T.);
#8230=IFCFACE((#8229));
#8231=IFCPOLYLOOP((#4215,#4208,#4388,#4209));
#8232=IFCFACEOUTERBOUND(#8231,.T.);
#8233=IFCFACE((#8232));
#8234=IFCPOLYLOOP((#4206,#4213,#4207,#4218));
#8235=IFCFACEOUTERBOUND(#8234,.T.);
#8236=IFCFACE((#8235));
#8237=IFCPOLYLOOP((#4216,#4217,#4203));
#8238=IFCFACEOUTERBOUND(#8237,.T.);
#8239=IFCFACE((#8238));
#8240=IFCPOLYLOOP((#4211,#4215,#4217));
#8241=IFCFACEOUTERBOUND(#8240,.T.);
#8242=IFCFACE((#8241));
#8243=IFCPOLYLOOP((#4217,#4209,#4402,#4221,#4203));
#8244=IFCFACEOUTERBOUND(#8243,.T.);
#8245=IFCFACE((#8244));
#8246=IFCPOLYLOOP((#4211,#4217,#4216));
#8247=IFCFACEOUTERBOUND(#8246,.T.);
#8248=IFCFACE((#8247));
#8249=IFCPOLYLOOP((#4211,#4204,#4219));
#8250=IFCFACEOUTERBOUND(#8249,.T.);
#8251=IFCFACE((#8250));
#8252=IFCPOLYLOOP((#4220,#4219,#4214));
#8253=IFCFACEOUTERBOUND(#8252,.T.);
#8254=IFCFACE((#8253));
#8255=IFCPOLYLOOP((#4211,#4219,#4218));
#8256=IFCFACEOUTERBOUND(#8255,.T.);
#8257=IFCFACE((#8256));
#8258=IFCPOLYLOOP((#4220,#4214,#4245,#4205));
#8259=IFCFACEOUTERBOUND(#8258,.T.);
#8260=IFCFACE((#8259));
#8261=IFCPOLYLOOP((#4212,#4218,#4220));
#8262=IFCFACEOUTERBOUND(#8261,.T.);
#8263=IFCFACE((#8262));
#8264=IFCPOLYLOOP((#4238,#4216,#4222));
#8265=IFCFACEOUTERBOUND(#8264,.T.);
#8266=IFCFACE((#8265));
#8267=IFCPOLYLOOP((#4237,#4243,#4242));
#8268=IFCFACEOUTERBOUND(#8267,.T.);
#8269=IFCFACE((#8268));
#8270=IFCPOLYLOOP((#4233,#4234,#4236));
#8271=IFCFACEOUTERBOUND(#8270,.T.);
#8272=IFCFACE((#8271));
#8273=IFCPOLYLOOP((#4232,#4233,#4236));
#8274=IFCFACEOUTERBOUND(#8273,.T.);
#8275=IFCFACE((#8274));
#8276=IFCPOLYLOOP((#4224,#4225,#4239));
#8277=IFCFACEOUTERBOUND(#8276,.T.);
#8278=IFCFACE((#8277));
#8279=IFCPOLYLOOP((#4235,#4205,#4245));
#8280=IFCFACEOUTERBOUND(#8279,.T.);
#8281=IFCFACE((#8280));
#8282=IFCPOLYLOOP((#4228,#4243,#4237));
#8283=IFCFACEOUTERBOUND(#8282,.T.);
#8284=IFCFACE((#8283));
#8285=IFCPOLYLOOP((#4245,#4236,#4234));
#8286=IFCFACEOUTERBOUND(#8285,.T.);
#8287=IFCFACE((#8286));
#8288=IFCPOLYLOOP((#4237,#4227,#4228));
#8289=IFCFACEOUTERBOUND(#8288,.T.);
#8290=IFCFACE((#8289));
#8291=IFCPOLYLOOP((#4222,#4216,#4203));
#8292=IFCFACEOUTERBOUND(#8291,.T.);
#8293=IFCFACE((#8292));
#8294=IFCPOLYLOOP((#4238,#4204,#4216));
#8295=IFCFACEOUTERBOUND(#8294,.T.);
#8296=IFCFACE((#8295));
#8297=IFCPOLYLOOP((#4243,#4236,#4242));
#8298=IFCFACEOUTERBOUND(#8297,.T.);
#8299=IFCFACE((#8298));
#8300=IFCPOLYLOOP((#4222,#4223,#4238));
#8301=IFCFACEOUTERBOUND(#8300,.T.);
#8302=IFCFACE((#8301));
#8303=IFCPOLYLOOP((#4234,#4235,#4245));
#8304=IFCFACEOUTERBOUND(#8303,.T.);
#8305=IFCFACE((#8304));
#8306=IFCPOLYLOOP((#4242,#4240,#4226));
#8307=IFCFACEOUTERBOUND(#8306,.T.);
#8308=IFCFACE((#8307));
#8309=IFCPOLYLOOP((#4239,#4241,#4224));
#8310=IFCFACEOUTERBOUND(#8309,.T.);
#8311=IFCFACE((#8310));
#8312=IFCPOLYLOOP((#4240,#4239,#4226));
#8313=IFCFACEOUTERBOUND(#8312,.T.);
#8314=IFCFACE((#8313));
#8315=IFCPOLYLOOP((#4237,#4242,#4226));
#8316=IFCFACEOUTERBOUND(#8315,.T.);
#8317=IFCFACE((#8316));
#8318=IFCPOLYLOOP((#4244,#4242,#4236));
#8319=IFCFACEOUTERBOUND(#8318,.T.);
#8320=IFCFACE((#8319));
#8321=IFCPOLYLOOP((#4232,#4236,#4243));
#8322=IFCFACEOUTERBOUND(#8321,.T.);
#8323=IFCFACE((#8322));
#8324=IFCPOLYLOOP((#4240,#4241,#4239));
#8325=IFCFACEOUTERBOUND(#8324,.T.);
#8326=IFCFACE((#8325));
#8327=IFCPOLYLOOP((#4224,#4241,#4223));
#8328=IFCFACEOUTERBOUND(#8327,.T.);
#8329=IFCFACE((#8328));
#8330=IFCPOLYLOOP((#4238,#4241,#4240));
#8331=IFCFACEOUTERBOUND(#8330,.T.);
#8332=IFCFACE((#8331));
#8333=IFCPOLYLOOP((#4243,#4228,#4229));
#8334=IFCFACEOUTERBOUND(#8333,.T.);
#8335=IFCFACE((#8334));
#8336=IFCPOLYLOOP((#4243,#4229,#4230));
#8337=IFCFACEOUTERBOUND(#8336,.T.);
#8338=IFCFACE((#8337));
#8339=IFCPOLYLOOP((#4238,#4223,#4241));
#8340=IFCFACEOUTERBOUND(#8339,.T.);
#8341=IFCFACE((#8340));
#8342=IFCPOLYLOOP((#4243,#4231,#4232));
#8343=IFCFACEOUTERBOUND(#8342,.T.);
#8344=IFCFACE((#8343));
#8345=IFCPOLYLOOP((#4204,#4238,#4244));
#8346=IFCFACEOUTERBOUND(#8345,.T.);
#8347=IFCFACE((#8346));
#8348=IFCPOLYLOOP((#4204,#4244,#4236));
#8349=IFCFACEOUTERBOUND(#8348,.T.);
#8350=IFCFACE((#8349));
#8351=IFCPOLYLOOP((#4244,#4240,#4242));
#8352=IFCFACEOUTERBOUND(#8351,.T.);
#8353=IFCFACE((#8352));
#8354=IFCPOLYLOOP((#4240,#4244,#4238));
#8355=IFCFACEOUTERBOUND(#8354,.T.);
#8356=IFCFACE((#8355));
#8357=IFCPOLYLOOP((#4231,#4243,#4230));
#8358=IFCFACEOUTERBOUND(#8357,.T.);
#8359=IFCFACE((#8358));
#8360=IFCPOLYLOOP((#4236,#4245,#4214,#4204));
#8361=IFCFACEOUTERBOUND(#8360,.T.);
#8362=IFCFACE((#8361));
#8363=IFCPOLYLOOP((#4207,#4247,#4326,#4313,#4324,#4208,#4210));
#8364=IFCFACEOUTERBOUND(#8363,.T.);
#8365=IFCFACE((#8364));
#8366=IFCPOLYLOOP((#4246,#4207,#4213,#4206));
#8367=IFCFACEOUTERBOUND(#8366,.T.);
#8368=IFCFACE((#8367));
#8369=IFCPOLYLOOP((#4247,#4248,#3777));
#8370=IFCFACEOUTERBOUND(#8369,.T.);
#8371=IFCFACE((#8370));
#8372=IFCPOLYLOOP((#3777,#3776,#4317,#4311,#4332,#4247));
#8373=IFCFACEOUTERBOUND(#8372,.T.);
#8374=IFCFACE((#8373));
#8375=IFCPOLYLOOP((#4246,#4247,#4207));
#8376=IFCFACEOUTERBOUND(#8375,.T.);
#8377=IFCFACE((#8376));
#8378=IFCPOLYLOOP((#4248,#3775,#3777));
#8379=IFCFACEOUTERBOUND(#8378,.T.);
#8380=IFCFACE((#8379));
#8381=IFCPOLYLOOP((#4249,#4066,#4069));
#8382=IFCFACEOUTERBOUND(#8381,.T.);
#8383=IFCFACE((#8382));
#8384=IFCPOLYLOOP((#4250,#4249,#4069));
#8385=IFCFACEOUTERBOUND(#8384,.T.);
#8386=IFCFACE((#8385));
#8387=IFCPOLYLOOP((#4226,#4251,#4250));
#8388=IFCFACEOUTERBOUND(#8387,.T.);
#8389=IFCFACE((#8388));
#8390=IFCPOLYLOOP((#4251,#4226,#4239,#4225));
#8391=IFCFACEOUTERBOUND(#8390,.T.);
#8392=IFCFACE((#8391));
#8393=IFCPOLYLOOP((#4250,#4251,#4249));
#8394=IFCFACEOUTERBOUND(#8393,.T.);
#8395=IFCFACE((#8394));
#8396=IFCPOLYLOOP((#4264,#4254,#4263));
#8397=IFCFACEOUTERBOUND(#8396,.T.);
#8398=IFCFACE((#8397));
#8399=IFCPOLYLOOP((#4266,#4264,#4263));
#8400=IFCFACEOUTERBOUND(#8399,.T.);
#8401=IFCFACE((#8400));
#8402=IFCPOLYLOOP((#4264,#4266,#4260));
#8403=IFCFACEOUTERBOUND(#8402,.T.);
#8404=IFCFACE((#8403));
#8405=IFCPOLYLOOP((#4259,#4260,#4262));
#8406=IFCFACEOUTERBOUND(#8405,.T.);
#8407=IFCFACE((#8406));
#8408=IFCPOLYLOOP((#4259,#4262,#4258));
#8409=IFCFACEOUTERBOUND(#8408,.T.);
#8410=IFCFACE((#8409));
#8411=IFCPOLYLOOP((#4260,#4266,#4262));
#8412=IFCFACEOUTERBOUND(#8411,.T.);
#8413=IFCFACE((#8412));
#8414=IFCPOLYLOOP((#4261,#4258,#4262));
#8415=IFCFACEOUTERBOUND(#8414,.T.);
#8416=IFCFACE((#8415));
#8417=IFCPOLYLOOP((#4261,#4257,#4258));
#8418=IFCFACEOUTERBOUND(#8417,.T.);
#8419=IFCFACE((#8418));
#8420=IFCPOLYLOOP((#4256,#4266,#4265));
#8421=IFCFACEOUTERBOUND(#8420,.T.);
#8422=IFCFACE((#8421));
#8423=IFCPOLYLOOP((#4256,#4261,#4262));
#8424=IFCFACEOUTERBOUND(#8423,.T.);
#8425=IFCFACE((#8424));
#8426=IFCPOLYLOOP((#4263,#4255,#4377));
#8427=IFCFACEOUTERBOUND(#8426,.T.);
#8428=IFCFACE((#8427));
#8429=IFCPOLYLOOP((#4265,#4266,#4263));
#8430=IFCFACEOUTERBOUND(#8429,.T.);
#8431=IFCFACE((#8430));
#8432=IFCPOLYLOOP((#4262,#4266,#4256));
#8433=IFCFACEOUTERBOUND(#8432,.T.);
#8434=IFCFACE((#8433));
#8435=IFCPOLYLOOP((#4253,#4228,#4227));
#8436=IFCFACEOUTERBOUND(#8435,.T.);
#8437=IFCFACE((#8436));
#8438=IFCPOLYLOOP((#4269,#4274,#4268));
#8439=IFCFACEOUTERBOUND(#8438,.T.);
#8440=IFCFACE((#8439));
#8441=IFCPOLYLOOP((#4232,#4231,#4274));
#8442=IFCFACEOUTERBOUND(#8441,.T.);
#8443=IFCFACE((#8442));
#8444=IFCPOLYLOOP((#4235,#4234,#4275));
#8445=IFCFACEOUTERBOUND(#8444,.T.);
#8446=IFCFACE((#8445));
#8447=IFCPOLYLOOP((#4274,#4231,#4230));
#8448=IFCFACEOUTERBOUND(#8447,.T.);
#8449=IFCFACE((#8448));
#8450=IFCPOLYLOOP((#4229,#4274,#4230));
#8451=IFCFACEOUTERBOUND(#8450,.T.);
#8452=IFCFACE((#8451));
#8453=IFCPOLYLOOP((#4270,#4271,#4275));
#8454=IFCFACEOUTERBOUND(#8453,.T.);
#8455=IFCFACE((#8454));
#8456=IFCPOLYLOOP((#4253,#4229,#4228));
#8457=IFCFACEOUTERBOUND(#8456,.T.);
#8458=IFCFACE((#8457));
#8459=IFCPOLYLOOP((#4267,#4253,#4252));
#8460=IFCFACEOUTERBOUND(#8459,.T.);
#8461=IFCFACE((#8460));
#8462=IFCPOLYLOOP((#4253,#4267,#4274));
#8463=IFCFACEOUTERBOUND(#8462,.T.);
#8464=IFCFACE((#8463));
#8465=IFCPOLYLOOP((#4253,#4274,#4229));
#8466=IFCFACEOUTERBOUND(#8465,.T.);
#8467=IFCFACE((#8466));
#8468=IFCPOLYLOOP((#4267,#4268,#4274));
#8469=IFCFACEOUTERBOUND(#8468,.T.);
#8470=IFCFACE((#8469));
#8471=IFCPOLYLOOP((#4274,#4269,#4270));
#8472=IFCFACEOUTERBOUND(#8471,.T.);
#8473=IFCFACE((#8472));
#8474=IFCPOLYLOOP((#4275,#4232,#4274));
#8475=IFCFACEOUTERBOUND(#8474,.T.);
#8476=IFCFACE((#8475));
#8477=IFCPOLYLOOP((#4273,#4235,#4275));
#8478=IFCFACEOUTERBOUND(#8477,.T.);
#8479=IFCFACE((#8478));
#8480=IFCPOLYLOOP((#4275,#4234,#4233));
#8481=IFCFACEOUTERBOUND(#8480,.T.);
#8482=IFCFACE((#8481));
#8483=IFCPOLYLOOP((#4205,#4235,#4273));
#8484=IFCFACEOUTERBOUND(#8483,.T.);
#8485=IFCFACE((#8484));
#8486=IFCPOLYLOOP((#4274,#4270,#4275));
#8487=IFCFACEOUTERBOUND(#8486,.T.);
#8488=IFCFACE((#8487));
#8489=IFCPOLYLOOP((#4254,#4273,#4272));
#8490=IFCFACEOUTERBOUND(#8489,.T.);
#8491=IFCFACE((#8490));
#8492=IFCPOLYLOOP((#4275,#4271,#4272));
#8493=IFCFACEOUTERBOUND(#8492,.T.);
#8494=IFCFACE((#8493));
#8495=IFCPOLYLOOP((#4273,#4275,#4272));
#8496=IFCFACEOUTERBOUND(#8495,.T.);
#8497=IFCFACE((#8496));
#8498=IFCPOLYLOOP((#4275,#4233,#4232));
#8499=IFCFACEOUTERBOUND(#8498,.T.);
#8500=IFCFACE((#8499));
#8501=IFCPOLYLOOP((#4280,#4290,#4277));
#8502=IFCFACEOUTERBOUND(#8501,.T.);
#8503=IFCFACE((#8502));
#8504=IFCPOLYLOOP((#4288,#4103,#4102));
#8505=IFCFACEOUTERBOUND(#8504,.T.);
#8506=IFCFACE((#8505));
#8507=IFCPOLYLOOP((#4282,#4291,#4359,#4281));
#8508=IFCFACEOUTERBOUND(#8507,.T.);
#8509=IFCFACE((#8508));
#8510=IFCPOLYLOOP((#4279,#4276,#4291));
#8511=IFCFACEOUTERBOUND(#8510,.T.);
#8512=IFCFACE((#8511));
#8513=IFCPOLYLOOP((#4285,#4284,#4288));
#8514=IFCFACEOUTERBOUND(#8513,.T.);
#8515=IFCFACE((#8514));
#8516=IFCPOLYLOOP((#4102,#4287,#4288));
#8517=IFCFACEOUTERBOUND(#8516,.T.);
#8518=IFCFACE((#8517));
#8519=IFCPOLYLOOP((#4289,#4281,#4290));
#8520=IFCFACEOUTERBOUND(#8519,.T.);
#8521=IFCFACE((#8520));
#8522=IFCPOLYLOOP((#4279,#4291,#4283));
#8523=IFCFACEOUTERBOUND(#8522,.T.);
#8524=IFCFACE((#8523));
#8525=IFCPOLYLOOP((#4292,#4280,#4277));
#8526=IFCFACEOUTERBOUND(#8525,.T.);
#8527=IFCFACE((#8526));
#8528=IFCPOLYLOOP((#4292,#4284,#4286));
#8529=IFCFACEOUTERBOUND(#8528,.T.);
#8530=IFCFACE((#8529));
#8531=IFCPOLYLOOP((#4293,#4294,#4305));
#8532=IFCFACEOUTERBOUND(#8531,.T.);
#8533=IFCFACE((#8532));
#8534=IFCPOLYLOOP((#4306,#4304,#4295));
#8535=IFCFACEOUTERBOUND(#8534,.T.);
#8536=IFCFACE((#8535));
#8537=IFCPOLYLOOP((#4304,#4294,#4295));
#8538=IFCFACEOUTERBOUND(#8537,.T.);
#8539=IFCFACE((#8538));
#8540=IFCPOLYLOOP((#4303,#4293,#4305,#4302));
#8541=IFCFACEOUTERBOUND(#8540,.T.);
#8542=IFCFACE((#8541));
#8543=IFCPOLYLOOP((#4296,#4306,#4295));
#8544=IFCFACEOUTERBOUND(#8543,.T.);
#8545=IFCFACE((#8544));
#8546=IFCPOLYLOOP((#4305,#4301,#4400,#4302));
#8547=IFCFACEOUTERBOUND(#8546,.T.);
#8548=IFCFACE((#8547));
#8549=IFCPOLYLOOP((#4301,#4305,#4304));
#8550=IFCFACEOUTERBOUND(#8549,.T.);
#8551=IFCFACE((#8550));
#8552=IFCPOLYLOOP((#4308,#4307,#4297));
#8553=IFCFACEOUTERBOUND(#8552,.T.);
#8554=IFCFACE((#8553));
#8555=IFCPOLYLOOP((#4306,#4299,#4300));
#8556=IFCFACEOUTERBOUND(#8555,.T.);
#8557=IFCFACE((#8556));
#8558=IFCPOLYLOOP((#4301,#4304,#4300));
#8559=IFCFACEOUTERBOUND(#8558,.T.);
#8560=IFCFACE((#8559));
#8561=IFCPOLYLOOP((#4304,#4306,#4300));
#8562=IFCFACEOUTERBOUND(#8561,.T.);
#8563=IFCFACE((#8562));
#8564=IFCPOLYLOOP((#4276,#4279,#4278,#4308));
#8565=IFCFACEOUTERBOUND(#8564,.T.);
#8566=IFCFACE((#8565));
#8567=IFCPOLYLOOP((#4296,#4297,#4307));
#8568=IFCFACEOUTERBOUND(#8567,.T.);
#8569=IFCFACE((#8568));
#8570=IFCPOLYLOOP((#4307,#4299,#4306));
#8571=IFCFACEOUTERBOUND(#8570,.T.);
#8572=IFCFACE((#8571));
#8573=IFCPOLYLOOP((#4278,#4298,#4308));
#8574=IFCFACEOUTERBOUND(#8573,.T.);
#8575=IFCFACE((#8574));
#8576=IFCPOLYLOOP((#4304,#4305,#4294));
#8577=IFCFACEOUTERBOUND(#8576,.T.);
#8578=IFCFACE((#8577));
#8579=IFCPOLYLOOP((#4276,#4308,#4297));
#8580=IFCFACEOUTERBOUND(#8579,.T.);
#8581=IFCFACE((#8580));
#8582=IFCPOLYLOOP((#4307,#4308,#4298));
#8583=IFCFACEOUTERBOUND(#8582,.T.);
#8584=IFCFACE((#8583));
#8585=IFCPOLYLOOP((#4306,#4296,#4307));
#8586=IFCFACEOUTERBOUND(#8585,.T.);
#8587=IFCFACE((#8586));
#8588=IFCPOLYLOOP((#4299,#4307,#4298));
#8589=IFCFACEOUTERBOUND(#8588,.T.);
#8590=IFCFACE((#8589));
#8591=IFCPOLYLOOP((#4330,#4327,#4326));
#8592=IFCFACEOUTERBOUND(#8591,.T.);
#8593=IFCFACE((#8592));
#8594=IFCPOLYLOOP((#4321,#4302,#4323));
#8595=IFCFACEOUTERBOUND(#8594,.T.);
#8596=IFCFACE((#8595));
#8597=IFCPOLYLOOP((#4320,#4314,#4315));
#8598=IFCFACEOUTERBOUND(#8597,.T.);
#8599=IFCFACE((#8598));
#8600=IFCPOLYLOOP((#4330,#4331,#4333));
#8601=IFCFACEOUTERBOUND(#8600,.T.);
#8602=IFCFACE((#8601));
#8603=IFCPOLYLOOP((#4316,#4330,#4333));
#8604=IFCFACEOUTERBOUND(#8603,.T.);
#8605=IFCFACE((#8604));
#8606=IFCPOLYLOOP((#4324,#4309,#4399));
#8607=IFCFACEOUTERBOUND(#8606,.T.);
#8608=IFCFACE((#8607));
#8609=IFCPOLYLOOP((#4318,#4311,#4317));
#8610=IFCFACEOUTERBOUND(#8609,.T.);
#8611=IFCFACE((#8610));
#8612=IFCPOLYLOOP((#4322,#4312,#4470,#4321));
#8613=IFCFACEOUTERBOUND(#8612,.T.);
#8614=IFCFACE((#8613));
#8615=IFCPOLYLOOP((#3843,#3842,#4319));
#8616=IFCFACEOUTERBOUND(#8615,.T.);
#8617=IFCFACE((#8616));
#8618=IFCPOLYLOOP((#4318,#4317,#3843));
#8619=IFCFACEOUTERBOUND(#8618,.T.);
#8620=IFCFACE((#8619));
#8621=IFCPOLYLOOP((#4331,#4332,#4315));
#8622=IFCFACEOUTERBOUND(#8621,.T.);
#8623=IFCFACE((#8622));
#8624=IFCPOLYLOOP((#4319,#4320,#3843));
#8625=IFCFACEOUTERBOUND(#8624,.T.);
#8626=IFCFACE((#8625));
#8627=IFCPOLYLOOP((#4316,#4310,#4469,#4328));
#8628=IFCFACEOUTERBOUND(#8627,.T.);
#8629=IFCFACE((#8628));
#8630=IFCPOLYLOOP((#4329,#4322,#4327));
#8631=IFCFACEOUTERBOUND(#8630,.T.);
#8632=IFCFACE((#8631));
#8633=IFCPOLYLOOP((#4315,#4318,#4320));
#8634=IFCFACEOUTERBOUND(#8633,.T.);
#8635=IFCFACE((#8634));
#8636=IFCPOLYLOOP((#4317,#3776,#3843));
#8637=IFCFACEOUTERBOUND(#8636,.T.);
#8638=IFCFACE((#8637));
#8639=IFCPOLYLOOP((#4315,#4311,#4318));
#8640=IFCFACEOUTERBOUND(#8639,.T.);
#8641=IFCFACE((#8640));
#8642=IFCPOLYLOOP((#4333,#4334,#4310));
#8643=IFCFACEOUTERBOUND(#8642,.T.);
#8644=IFCFACE((#8643));
#8645=IFCPOLYLOOP((#4320,#4319,#4472,#4314));
#8646=IFCFACEOUTERBOUND(#8645,.T.);
#8647=IFCFACE((#8646));
#8648=IFCPOLYLOOP((#3843,#4320,#4318));
#8649=IFCFACEOUTERBOUND(#8648,.T.);
#8650=IFCFACE((#8649));
#8651=IFCPOLYLOOP((#4309,#4322,#4323));
#8652=IFCFACEOUTERBOUND(#8651,.T.);
#8653=IFCFACE((#8652));
#8654=IFCPOLYLOOP((#4324,#4325,#4309));
#8655=IFCFACEOUTERBOUND(#8654,.T.);
#8656=IFCFACE((#8655));
#8657=IFCPOLYLOOP((#4325,#4327,#4322));
#8658=IFCFACEOUTERBOUND(#8657,.T.);
#8659=IFCFACE((#8658));
#8660=IFCPOLYLOOP((#4326,#4327,#4313));
#8661=IFCFACEOUTERBOUND(#8660,.T.);
#8662=IFCFACE((#8661));
#8663=IFCPOLYLOOP((#4321,#4323,#4322));
#8664=IFCFACEOUTERBOUND(#8663,.T.);
#8665=IFCFACE((#8664));
#8666=IFCPOLYLOOP((#4313,#4325,#4324));
#8667=IFCFACEOUTERBOUND(#8666,.T.);
#8668=IFCFACE((#8667));
#8669=IFCPOLYLOOP((#4309,#4325,#4322));
#8670=IFCFACEOUTERBOUND(#8669,.T.);
#8671=IFCFACE((#8670));
#8672=IFCPOLYLOOP((#4330,#4326,#4247));
#8673=IFCFACEOUTERBOUND(#8672,.T.);
#8674=IFCFACE((#8673));
#8675=IFCPOLYLOOP((#4327,#4325,#4313));
#8676=IFCFACEOUTERBOUND(#8675,.T.);
#8677=IFCFACE((#8676));
#8678=IFCPOLYLOOP((#4328,#4329,#4316));
#8679=IFCFACEOUTERBOUND(#8678,.T.);
#8680=IFCFACE((#8679));
#8681=IFCPOLYLOOP((#4316,#4329,#4327));
#8682=IFCFACEOUTERBOUND(#8681,.T.);
#8683=IFCFACE((#8682));
#8684=IFCPOLYLOOP((#4329,#4328,#4474,#4312));
#8685=IFCFACEOUTERBOUND(#8684,.T.);
#8686=IFCFACE((#8685));
#8687=IFCPOLYLOOP((#4322,#4329,#4312));
#8688=IFCFACEOUTERBOUND(#8687,.T.);
#8689=IFCFACE((#8688));
#8690=IFCPOLYLOOP((#4331,#4330,#4247));
#8691=IFCFACEOUTERBOUND(#8690,.T.);
#8692=IFCFACE((#8691));
#8693=IFCPOLYLOOP((#4327,#4330,#4316));
#8694=IFCFACEOUTERBOUND(#8693,.T.);
#8695=IFCFACE((#8694));
#8696=IFCPOLYLOOP((#4332,#4311,#4315));
#8697=IFCFACEOUTERBOUND(#8696,.T.);
#8698=IFCFACE((#8697));
#8699=IFCPOLYLOOP((#4331,#4315,#4333));
#8700=IFCFACEOUTERBOUND(#8699,.T.);
#8701=IFCFACE((#8700));
#8702=IFCPOLYLOOP((#4331,#4247,#4332));
#8703=IFCFACEOUTERBOUND(#8702,.T.);
#8704=IFCFACE((#8703));
#8705=IFCPOLYLOOP((#4333,#4315,#4334));
#8706=IFCFACEOUTERBOUND(#8705,.T.);
#8707=IFCFACE((#8706));
#8708=IFCPOLYLOOP((#4310,#4316,#4333));
#8709=IFCFACEOUTERBOUND(#8708,.T.);
#8710=IFCFACE((#8709));
#8711=IFCPOLYLOOP((#4315,#4314,#4475,#4334));
#8712=IFCFACEOUTERBOUND(#8711,.T.);
#8713=IFCFACE((#8712));
#8714=IFCPOLYLOOP((#4335,#4336,#4355));
#8715=IFCFACEOUTERBOUND(#8714,.T.);
#8716=IFCFACE((#8715));
#8717=IFCPOLYLOOP((#4345,#4352,#4351));
#8718=IFCFACEOUTERBOUND(#8717,.T.);
#8719=IFCFACE((#8718));
#8720=IFCPOLYLOOP((#4338,#4339,#4347));
#8721=IFCFACEOUTERBOUND(#8720,.T.);
#8722=IFCFACE((#8721));
#8723=IFCPOLYLOOP((#4341,#4342,#4344));
#8724=IFCFACEOUTERBOUND(#8723,.T.);
#8725=IFCFACE((#8724));
#8726=IFCPOLYLOOP((#4347,#4353,#4343));
#8727=IFCFACEOUTERBOUND(#8726,.T.);
#8728=IFCFACE((#8727));
#8729=IFCPOLYLOOP((#4295,#4350,#4351));
#8730=IFCFACEOUTERBOUND(#8729,.T.);
#8731=IFCFACE((#8730));
#8732=IFCPOLYLOOP((#4340,#4341,#4345));
#8733=IFCFACEOUTERBOUND(#8732,.T.);
#8734=IFCFACE((#8733));
#8735=IFCPOLYLOOP((#4347,#4349,#4348));
#8736=IFCFACEOUTERBOUND(#8735,.T.);
#8737=IFCFACE((#8736));
#8738=IFCPOLYLOOP((#4293,#4348,#4349));
#8739=IFCFACEOUTERBOUND(#8738,.T.);
#8740=IFCFACE((#8739));
#8741=IFCPOLYLOOP((#4341,#4344,#4345));
#8742=IFCFACEOUTERBOUND(#8741,.T.);
#8743=IFCFACE((#8742));
#8744=IFCPOLYLOOP((#4344,#4355,#4356));
#8745=IFCFACEOUTERBOUND(#8744,.T.);
#8746=IFCFACE((#8745));
#8747=IFCPOLYLOOP((#4294,#4350,#4295));
#8748=IFCFACEOUTERBOUND(#8747,.T.);
#8749=IFCFACE((#8748));
#8750=IFCPOLYLOOP((#4349,#4350,#4294));
#8751=IFCFACEOUTERBOUND(#8750,.T.);
#8752=IFCFACE((#8751));
#8753=IFCPOLYLOOP((#4344,#4342,#4355));
#8754=IFCFACEOUTERBOUND(#8753,.T.);
#8755=IFCFACE((#8754));
#8756=IFCPOLYLOOP((#4343,#4351,#4350));
#8757=IFCFACEOUTERBOUND(#8756,.T.);
#8758=IFCFACE((#8757));
#8759=IFCPOLYLOOP((#4344,#4297,#4296));
#8760=IFCFACEOUTERBOUND(#8759,.T.);
#8761=IFCFACE((#8760));
#8762=IFCPOLYLOOP((#4347,#4337,#4346,#4338));
#8763=IFCFACEOUTERBOUND(#8762,.T.);
#8764=IFCFACE((#8763));
#8765=IFCPOLYLOOP((#4353,#4340,#4354));
#8766=IFCFACEOUTERBOUND(#8765,.T.);
#8767=IFCFACE((#8766));
#8768=IFCPOLYLOOP((#4337,#4347,#4348));
#8769=IFCFACEOUTERBOUND(#8768,.T.);
#8770=IFCFACE((#8769));
#8771=IFCPOLYLOOP((#4350,#4349,#4343));
#8772=IFCFACEOUTERBOUND(#8771,.T.);
#8773=IFCFACE((#8772));
#8774=IFCPOLYLOOP((#4353,#4354,#4343));
#8775=IFCFACEOUTERBOUND(#8774,.T.);
#8776=IFCFACE((#8775));
#8777=IFCPOLYLOOP((#4349,#4294,#4293));
#8778=IFCFACEOUTERBOUND(#8777,.T.);
#8779=IFCFACE((#8778));
#8780=IFCPOLYLOOP((#4356,#4276,#4297));
#8781=IFCFACEOUTERBOUND(#8780,.T.);
#8782=IFCFACE((#8781));
#8783=IFCPOLYLOOP((#4351,#4343,#4345));
#8784=IFCFACEOUTERBOUND(#8783,.T.);
#8785=IFCFACE((#8784));
#8786=IFCPOLYLOOP((#4349,#4347,#4343));
#8787=IFCFACEOUTERBOUND(#8786,.T.);
#8788=IFCFACE((#8787));
#8789=IFCPOLYLOOP((#4352,#4345,#4344));
#8790=IFCFACEOUTERBOUND(#8789,.T.);
#8791=IFCFACE((#8790));
#8792=IFCPOLYLOOP((#4296,#4295,#4351));
#8793=IFCFACEOUTERBOUND(#8792,.T.);
#8794=IFCFACE((#8793));
#8795=IFCPOLYLOOP((#4344,#4296,#4352));
#8796=IFCFACEOUTERBOUND(#8795,.T.);
#8797=IFCFACE((#8796));
#8798=IFCPOLYLOOP((#4296,#4351,#4352));
#8799=IFCFACEOUTERBOUND(#8798,.T.);
#8800=IFCFACE((#8799));
#8801=IFCPOLYLOOP((#4347,#4339,#4353));
#8802=IFCFACEOUTERBOUND(#8801,.T.);
#8803=IFCFACE((#8802));
#8804=IFCPOLYLOOP((#4340,#4353,#4339));
#8805=IFCFACEOUTERBOUND(#8804,.T.);
#8806=IFCFACE((#8805));
#8807=IFCPOLYLOOP((#4340,#4345,#4354));
#8808=IFCFACEOUTERBOUND(#8807,.T.);
#8809=IFCFACE((#8808));
#8810=IFCPOLYLOOP((#4345,#4343,#4354));
#8811=IFCFACEOUTERBOUND(#8810,.T.);
#8812=IFCFACE((#8811));
#8813=IFCPOLYLOOP((#4335,#4355,#4342));
#8814=IFCFACEOUTERBOUND(#8813,.T.);
#8815=IFCFACE((#8814));
#8816=IFCPOLYLOOP((#4356,#4355,#4336));
#8817=IFCFACEOUTERBOUND(#8816,.T.);
#8818=IFCFACE((#8817));
#8819=IFCPOLYLOOP((#4276,#4356,#4336));
#8820=IFCFACEOUTERBOUND(#8819,.T.);
#8821=IFCFACE((#8820));
#8822=IFCPOLYLOOP((#4344,#4356,#4297));
#8823=IFCFACEOUTERBOUND(#8822,.T.);
#8824=IFCFACE((#8823));
#8825=IFCPOLYLOOP((#4360,#4361,#4259));
#8826=IFCFACEOUTERBOUND(#8825,.T.);
#8827=IFCFACE((#8826));
#8828=IFCPOLYLOOP((#4361,#4260,#4259));
#8829=IFCFACEOUTERBOUND(#8828,.T.);
#8830=IFCFACE((#8829));
#8831=IFCPOLYLOOP((#4338,#4367,#4379));
#8832=IFCFACEOUTERBOUND(#8831,.T.);
#8833=IFCFACE((#8832));
#8834=IFCPOLYLOOP((#4376,#4373,#4369));
#8835=IFCFACEOUTERBOUND(#8834,.T.);
#8836=IFCFACE((#8835));
#8837=IFCPOLYLOOP((#4374,#4362,#4375));
#8838=IFCFACEOUTERBOUND(#8837,.T.);
#8839=IFCFACE((#8838));
#8840=IFCPOLYLOOP((#4340,#4339,#4369));
#8841=IFCFACEOUTERBOUND(#8840,.T.);
#8842=IFCFACE((#8841));
#8843=IFCPOLYLOOP((#4368,#4372,#4378));
#8844=IFCFACEOUTERBOUND(#8843,.T.);
#8845=IFCFACE((#8844));
#8846=IFCPOLYLOOP((#4364,#4365,#4371));
#8847=IFCFACEOUTERBOUND(#8846,.T.);
#8848=IFCFACE((#8847));
#8849=IFCPOLYLOOP((#4378,#4373,#4368));
#8850=IFCFACEOUTERBOUND(#8849,.T.);
#8851=IFCFACE((#8850));
#8852=IFCPOLYLOOP((#4342,#4381,#4335));
#8853=IFCFACEOUTERBOUND(#8852,.T.);
#8854=IFCFACE((#8853));
#8855=IFCPOLYLOOP((#4374,#4375,#4368));
#8856=IFCFACEOUTERBOUND(#8855,.T.);
#8857=IFCFACE((#8856));
#8858=IFCPOLYLOOP((#4381,#4342,#4372));
#8859=IFCFACEOUTERBOUND(#8858,.T.);
#8860=IFCFACE((#8859));
#8861=IFCPOLYLOOP((#4369,#4379,#4380));
#8862=IFCFACEOUTERBOUND(#8861,.T.);
#8863=IFCFACE((#8862));
#8864=IFCPOLYLOOP((#4370,#4375,#4363));
#8865=IFCFACEOUTERBOUND(#8864,.T.);
#8866=IFCFACE((#8865));
#8867=IFCPOLYLOOP((#4362,#4374,#4255));
#8868=IFCFACEOUTERBOUND(#8867,.T.);
#8869=IFCFACE((#8868));
#8870=IFCPOLYLOOP((#4364,#4370,#4363));
#8871=IFCFACEOUTERBOUND(#8870,.T.);
#8872=IFCFACE((#8871));
#8873=IFCPOLYLOOP((#4363,#4375,#4362));
#8874=IFCFACEOUTERBOUND(#8873,.T.);
#8875=IFCFACE((#8874));
#8876=IFCPOLYLOOP((#4341,#4340,#4373));
#8877=IFCFACEOUTERBOUND(#8876,.T.);
#8878=IFCFACE((#8877));
#8879=IFCPOLYLOOP((#4379,#4369,#4339));
#8880=IFCFACEOUTERBOUND(#8879,.T.);
#8881=IFCFACE((#8880));
#8882=IFCPOLYLOOP((#4374,#4368,#4373));
#8883=IFCFACEOUTERBOUND(#8882,.T.);
#8884=IFCFACE((#8883));
#8885=IFCPOLYLOOP((#4370,#4368,#4375));
#8886=IFCFACEOUTERBOUND(#8885,.T.);
#8887=IFCFACE((#8886));
#8888=IFCPOLYLOOP((#4368,#4370,#4372));
#8889=IFCFACEOUTERBOUND(#8888,.T.);
#8890=IFCFACE((#8889));
#8891=IFCPOLYLOOP((#4366,#4370,#4371));
#8892=IFCFACEOUTERBOUND(#8891,.T.);
#8893=IFCFACE((#8892));
#8894=IFCPOLYLOOP((#4378,#4342,#4341));
#8895=IFCFACEOUTERBOUND(#8894,.T.);
#8896=IFCFACE((#8895));
#8897=IFCPOLYLOOP((#4370,#4364,#4371));
#8898=IFCFACEOUTERBOUND(#8897,.T.);
#8899=IFCFACE((#8898));
#8900=IFCPOLYLOOP((#4376,#4256,#4265));
#8901=IFCFACEOUTERBOUND(#8900,.T.);
#8902=IFCFACE((#8901));
#8903=IFCPOLYLOOP((#4340,#4369,#4373));
#8904=IFCFACEOUTERBOUND(#8903,.T.);
#8905=IFCFACE((#8904));
#8906=IFCPOLYLOOP((#4380,#4257,#4261,#4256));
#8907=IFCFACEOUTERBOUND(#8906,.T.);
#8908=IFCFACE((#8907));
#8909=IFCPOLYLOOP((#4374,#4376,#4255));
#8910=IFCFACEOUTERBOUND(#8909,.T.);
#8911=IFCFACE((#8910));
#8912=IFCPOLYLOOP((#4366,#4372,#4370));
#8913=IFCFACEOUTERBOUND(#8912,.T.);
#8914=IFCFACE((#8913));
#8915=IFCPOLYLOOP((#4373,#4376,#4374));
#8916=IFCFACEOUTERBOUND(#8915,.T.);
#8917=IFCFACE((#8916));
#8918=IFCPOLYLOOP((#4342,#4378,#4372));
#8919=IFCFACEOUTERBOUND(#8918,.T.);
#8920=IFCFACE((#8919));
#8921=IFCPOLYLOOP((#4256,#4376,#4369));
#8922=IFCFACEOUTERBOUND(#8921,.T.);
#8923=IFCFACE((#8922));
#8924=IFCPOLYLOOP((#4377,#4255,#4376));
#8925=IFCFACEOUTERBOUND(#8924,.T.);
#8926=IFCFACE((#8925));
#8927=IFCPOLYLOOP((#4373,#4378,#4341));
#8928=IFCFACEOUTERBOUND(#8927,.T.);
#8929=IFCFACE((#8928));
#8930=IFCPOLYLOOP((#4338,#4379,#4339));
#8931=IFCFACEOUTERBOUND(#8930,.T.);
#8932=IFCFACE((#8931));
#8933=IFCPOLYLOOP((#4380,#4379,#4367));
#8934=IFCFACEOUTERBOUND(#8933,.T.);
#8935=IFCFACE((#8934));
#8936=IFCPOLYLOOP((#4257,#4380,#4367));
#8937=IFCFACEOUTERBOUND(#8936,.T.);
#8938=IFCFACE((#8937));
#8939=IFCPOLYLOOP((#4369,#4380,#4256));
#8940=IFCFACEOUTERBOUND(#8939,.T.);
#8941=IFCFACE((#8940));
#8942=IFCPOLYLOOP((#4372,#4366,#4381));
#8943=IFCFACEOUTERBOUND(#8942,.T.);
#8944=IFCFACE((#8943));
#8945=IFCPOLYLOOP((#4383,#4252,#4182));
#8946=IFCFACEOUTERBOUND(#8945,.T.);
#8947=IFCFACE((#8946));
#8948=IFCPOLYLOOP((#4074,#4182,#4252));
#8949=IFCFACEOUTERBOUND(#8948,.T.);
#8950=IFCFACE((#8949));
#8951=IFCPOLYLOOP((#4363,#4362,#4384));
#8952=IFCFACEOUTERBOUND(#8951,.T.);
#8953=IFCFACE((#8952));
#8954=IFCPOLYLOOP((#4270,#4384,#4271));
#8955=IFCFACEOUTERBOUND(#8954,.T.);
#8956=IFCFACE((#8955));
#8957=IFCPOLYLOOP((#4269,#4385,#4384));
#8958=IFCFACEOUTERBOUND(#8957,.T.);
#8959=IFCFACE((#8958));
#8960=IFCPOLYLOOP((#4263,#4362,#4255));
#8961=IFCFACEOUTERBOUND(#8960,.T.);
#8962=IFCFACE((#8961));
#8963=IFCPOLYLOOP((#4363,#4385,#4364));
#8964=IFCFACEOUTERBOUND(#8963,.T.);
#8965=IFCFACE((#8964));
#8966=IFCPOLYLOOP((#4271,#4384,#4272));
#8967=IFCFACEOUTERBOUND(#8966,.T.);
#8968=IFCFACE((#8967));
#8969=IFCPOLYLOOP((#4254,#4272,#4263));
#8970=IFCFACEOUTERBOUND(#8969,.T.);
#8971=IFCFACE((#8970));
#8972=IFCPOLYLOOP((#4384,#4263,#4272));
#8973=IFCFACEOUTERBOUND(#8972,.T.);
#8974=IFCFACE((#8973));
#8975=IFCPOLYLOOP((#4269,#4268,#4385));
#8976=IFCFACEOUTERBOUND(#8975,.T.);
#8977=IFCFACE((#8976));
#8978=IFCPOLYLOOP((#4267,#4385,#4268));
#8979=IFCFACEOUTERBOUND(#8978,.T.);
#8980=IFCFACE((#8979));
#8981=IFCPOLYLOOP((#4269,#4384,#4270));
#8982=IFCFACEOUTERBOUND(#8981,.T.);
#8983=IFCFACE((#8982));
#8984=IFCPOLYLOOP((#4385,#4267,#4383));
#8985=IFCFACEOUTERBOUND(#8984,.T.);
#8986=IFCFACE((#8985));
#8987=IFCPOLYLOOP((#4364,#4383,#4365));
#8988=IFCFACEOUTERBOUND(#8987,.T.);
#8989=IFCFACE((#8988));
#8990=IFCPOLYLOOP((#4385,#4383,#4364));
#8991=IFCFACEOUTERBOUND(#8990,.T.);
#8992=IFCFACE((#8991));
#8993=IFCPOLYLOOP((#4362,#4263,#4384));
#8994=IFCFACEOUTERBOUND(#8993,.T.);
#8995=IFCFACE((#8994));
#8996=IFCPOLYLOOP((#4267,#4252,#4383));
#8997=IFCFACEOUTERBOUND(#8996,.T.);
#8998=IFCFACE((#8997));
#8999=IFCPOLYLOOP((#4363,#4384,#4385));
#9000=IFCFACEOUTERBOUND(#8999,.T.);
#9001=IFCFACE((#9000));
#9002=IFCPOLYLOOP((#4400,#4301,#4398));
#9003=IFCFACEOUTERBOUND(#9002,.T.);
#9004=IFCFACE((#9003));
#9005=IFCPOLYLOOP((#4223,#4393,#4387));
#9006=IFCFACEOUTERBOUND(#9005,.T.);
#9007=IFCFACE((#9006));
#9008=IFCPOLYLOOP((#4394,#4386,#4299));
#9009=IFCFACEOUTERBOUND(#9008,.T.);
#9010=IFCFACE((#9009));
#9011=IFCPOLYLOOP((#4386,#4391,#4392));
#9012=IFCFACEOUTERBOUND(#9011,.T.);
#9013=IFCFACE((#9012));
#9014=IFCPOLYLOOP((#4299,#4386,#4403));
#9015=IFCFACEOUTERBOUND(#9014,.T.);
#9016=IFCFACE((#9015));
#9017=IFCPOLYLOOP((#4301,#4389,#4398));
#9018=IFCFACEOUTERBOUND(#9017,.T.);
#9019=IFCFACE((#9018));
#9020=IFCPOLYLOOP((#4389,#4397,#4398));
#9021=IFCFACEOUTERBOUND(#9020,.T.);
#9022=IFCFACE((#9021));
#9023=IFCPOLYLOOP((#4403,#4386,#4392));
#9024=IFCFACEOUTERBOUND(#9023,.T.);
#9025=IFCFACE((#9024));
#9026=IFCPOLYLOOP((#4391,#4222,#4203));
#9027=IFCFACEOUTERBOUND(#9026,.T.);
#9028=IFCFACE((#9027));
#9029=IFCPOLYLOOP((#4389,#4392,#4397));
#9030=IFCFACEOUTERBOUND(#9029,.T.);
#9031=IFCFACE((#9030));
#9032=IFCPOLYLOOP((#4396,#4387,#4404));
#9033=IFCFACEOUTERBOUND(#9032,.T.);
#9034=IFCFACE((#9033));
#9035=IFCPOLYLOOP((#4301,#4300,#4389));
#9036=IFCFACEOUTERBOUND(#9035,.T.);
#9037=IFCFACE((#9036));
#9038=IFCPOLYLOOP((#4393,#4394,#4387));
#9039=IFCFACEOUTERBOUND(#9038,.T.);
#9040=IFCFACE((#9039));
#9041=IFCPOLYLOOP((#4397,#4402,#4209,#4388));
#9042=IFCFACEOUTERBOUND(#9041,.T.);
#9043=IFCFACE((#9042));
#9044=IFCPOLYLOOP((#4393,#4391,#4386));
#9045=IFCFACEOUTERBOUND(#9044,.T.);
#9046=IFCFACE((#9045));
#9047=IFCPOLYLOOP((#4396,#4278,#4382));
#9048=IFCFACEOUTERBOUND(#9047,.T.);
#9049=IFCFACE((#9048));
#9050=IFCPOLYLOOP((#4399,#4309,#4398));
#9051=IFCFACEOUTERBOUND(#9050,.T.);
#9052=IFCFACE((#9051));
#9053=IFCPOLYLOOP((#4223,#4387,#4224));
#9054=IFCFACEOUTERBOUND(#9053,.T.);
#9055=IFCFACE((#9054));
#9056=IFCPOLYLOOP((#4382,#4395,#4396));
#9057=IFCFACEOUTERBOUND(#9056,.T.);
#9058=IFCFACE((#9057));
#9059=IFCPOLYLOOP((#4395,#4224,#4387));
#9060=IFCFACEOUTERBOUND(#9059,.T.);
#9061=IFCFACE((#9060));
#9062=IFCPOLYLOOP((#4222,#4391,#4393));
#9063=IFCFACEOUTERBOUND(#9062,.T.);
#9064=IFCFACE((#9063));
#9065=IFCPOLYLOOP((#4382,#4390,#4395));
#9066=IFCFACEOUTERBOUND(#9065,.T.);
#9067=IFCFACE((#9066));
#9068=IFCPOLYLOOP((#4222,#4393,#4223));
#9069=IFCFACEOUTERBOUND(#9068,.T.);
#9070=IFCFACE((#9069));
#9071=IFCPOLYLOOP((#4392,#4389,#4403));
#9072=IFCFACEOUTERBOUND(#9071,.T.);
#9073=IFCFACE((#9072));
#9074=IFCPOLYLOOP((#4392,#4391,#4203));
#9075=IFCFACEOUTERBOUND(#9074,.T.);
#9076=IFCFACE((#9075));
#9077=IFCPOLYLOOP((#4386,#4394,#4393));
#9078=IFCFACEOUTERBOUND(#9077,.T.);
#9079=IFCFACE((#9078));
#9080=IFCPOLYLOOP((#4404,#4299,#4298));
#9081=IFCFACEOUTERBOUND(#9080,.T.);
#9082=IFCFACE((#9081));
#9083=IFCPOLYLOOP((#4224,#4395,#4390));
#9084=IFCFACEOUTERBOUND(#9083,.T.);
#9085=IFCFACE((#9084));
#9086=IFCPOLYLOOP((#4396,#4395,#4387));
#9087=IFCFACEOUTERBOUND(#9086,.T.);
#9088=IFCFACE((#9087));
#9089=IFCPOLYLOOP((#4404,#4387,#4394));
#9090=IFCFACEOUTERBOUND(#9089,.T.);
#9091=IFCFACE((#9090));
#9092=IFCPOLYLOOP((#4278,#4396,#4298));
#9093=IFCFACEOUTERBOUND(#9092,.T.);
#9094=IFCFACE((#9093));
#9095=IFCPOLYLOOP((#4397,#4392,#4402));
#9096=IFCFACEOUTERBOUND(#9095,.T.);
#9097=IFCFACE((#9096));
#9098=IFCPOLYLOOP((#4397,#4388,#4401));
#9099=IFCFACEOUTERBOUND(#9098,.T.);
#9100=IFCFACE((#9099));
#9101=IFCPOLYLOOP((#4401,#4208,#4399));
#9102=IFCFACEOUTERBOUND(#9101,.T.);
#9103=IFCFACE((#9102));
#9104=IFCPOLYLOOP((#4398,#4309,#4323));
#9105=IFCFACEOUTERBOUND(#9104,.T.);
#9106=IFCFACE((#9105));
#9107=IFCPOLYLOOP((#4398,#4397,#4401));
#9108=IFCFACEOUTERBOUND(#9107,.T.);
#9109=IFCFACE((#9108));
#9110=IFCPOLYLOOP((#4323,#4302,#4400));
#9111=IFCFACEOUTERBOUND(#9110,.T.);
#9112=IFCFACE((#9111));
#9113=IFCPOLYLOOP((#4323,#4400,#4398));
#9114=IFCFACEOUTERBOUND(#9113,.T.);
#9115=IFCFACE((#9114));
#9116=IFCPOLYLOOP((#4208,#4401,#4388));
#9117=IFCFACEOUTERBOUND(#9116,.T.);
#9118=IFCFACE((#9117));
#9119=IFCPOLYLOOP((#4398,#4401,#4399));
#9120=IFCFACEOUTERBOUND(#9119,.T.);
#9121=IFCFACE((#9120));
#9122=IFCPOLYLOOP((#4392,#4203,#4221,#4402));
#9123=IFCFACEOUTERBOUND(#9122,.T.);
#9124=IFCFACE((#9123));
#9125=IFCPOLYLOOP((#4389,#4300,#4403));
#9126=IFCFACEOUTERBOUND(#9125,.T.);
#9127=IFCFACE((#9126));
#9128=IFCPOLYLOOP((#4299,#4403,#4300));
#9129=IFCFACEOUTERBOUND(#9128,.T.);
#9130=IFCFACE((#9129));
#9131=IFCPOLYLOOP((#4299,#4404,#4394));
#9132=IFCFACEOUTERBOUND(#9131,.T.);
#9133=IFCFACE((#9132));
#9134=IFCPOLYLOOP((#4298,#4396,#4404));
#9135=IFCFACEOUTERBOUND(#9134,.T.);
#9136=IFCFACE((#9135));
#9137=IFCPOLYLOOP((#4079,#4405,#4445));
#9138=IFCFACEOUTERBOUND(#9137,.T.);
#9139=IFCFACE((#9138));
#9140=IFCPOLYLOOP((#4079,#4078,#4157));
#9141=IFCFACEOUTERBOUND(#9140,.T.);
#9142=IFCFACE((#9141));
#9143=IFCPOLYLOOP((#3679,#3936,#4157));
#9144=IFCFACEOUTERBOUND(#9143,.T.);
#9145=IFCFACE((#9144));
#9146=IFCPOLYLOOP((#4157,#4405,#4079));
#9147=IFCFACEOUTERBOUND(#9146,.T.);
#9148=IFCFACE((#9147));
#9149=IFCPOLYLOOP((#3936,#3935,#4441,#4406));
#9150=IFCFACEOUTERBOUND(#9149,.T.);
#9151=IFCFACE((#9150));
#9152=IFCPOLYLOOP((#4157,#4406,#4405));
#9153=IFCFACEOUTERBOUND(#9152,.T.);
#9154=IFCFACE((#9153));
#9155=IFCPOLYLOOP((#3936,#4406,#4157));
#9156=IFCFACEOUTERBOUND(#9155,.T.);
#9157=IFCFACE((#9156));
#9158=IFCPOLYLOOP((#4423,#4424,#4427));
#9159=IFCFACEOUTERBOUND(#9158,.T.);
#9160=IFCFACE((#9159));
#9161=IFCPOLYLOOP((#4198,#4120,#4419));
#9162=IFCFACEOUTERBOUND(#9161,.T.);
#9163=IFCFACE((#9162));
#9164=IFCPOLYLOOP((#4413,#4412,#4418));
#9165=IFCFACEOUTERBOUND(#9164,.T.);
#9166=IFCFACE((#9165));
#9167=IFCPOLYLOOP((#4430,#4428,#4427));
#9168=IFCFACEOUTERBOUND(#9167,.T.);
#9169=IFCFACE((#9168));
#9170=IFCPOLYLOOP((#4430,#4427,#4414));
#9171=IFCFACEOUTERBOUND(#9170,.T.);
#9172=IFCFACE((#9171));
#9173=IFCPOLYLOOP((#4421,#4024,#4202,#4186));
#9174=IFCFACEOUTERBOUND(#9173,.T.);
#9175=IFCFACE((#9174));
#9176=IFCPOLYLOOP((#4415,#4409,#4416));
#9177=IFCFACEOUTERBOUND(#9176,.T.);
#9178=IFCFACE((#9177));
#9179=IFCPOLYLOOP((#4420,#4419,#4434,#4410));
#9180=IFCFACEOUTERBOUND(#9179,.T.);
#9181=IFCFACE((#9180));
#9182=IFCPOLYLOOP((#4417,#3940,#3939));
#9183=IFCFACEOUTERBOUND(#9182,.T.);
#9184=IFCFACE((#9183));
#9185=IFCPOLYLOOP((#3939,#4415,#4416));
#9186=IFCFACEOUTERBOUND(#9185,.T.);
#9187=IFCFACE((#9186));
#9188=IFCPOLYLOOP((#4413,#4429,#4428));
#9189=IFCFACEOUTERBOUND(#9188,.T.);
#9190=IFCFACE((#9189));
#9191=IFCPOLYLOOP((#3939,#4418,#4417));
#9192=IFCFACEOUTERBOUND(#9191,.T.);
#9193=IFCFACE((#9192));
#9194=IFCPOLYLOOP((#4414,#4425,#4433,#4407));
#9195=IFCFACEOUTERBOUND(#9194,.T.);
#9196=IFCFACE((#9195));
#9197=IFCPOLYLOOP((#4424,#4420,#4426));
#9198=IFCFACEOUTERBOUND(#9197,.T.);
#9199=IFCFACE((#9198));
#9200=IFCPOLYLOOP((#4418,#4416,#4413));
#9201=IFCFACEOUTERBOUND(#9200,.T.);
#9202=IFCFACE((#9201));
#9203=IFCPOLYLOOP((#3939,#3938,#4415));
#9204=IFCFACEOUTERBOUND(#9203,.T.);
#9205=IFCFACE((#9204));
#9206=IFCPOLYLOOP((#4416,#4409,#4413));
#9207=IFCFACEOUTERBOUND(#9206,.T.);
#9208=IFCFACE((#9207));
#9209=IFCPOLYLOOP((#4407,#4431,#4430));
#9210=IFCFACEOUTERBOUND(#9209,.T.);
#9211=IFCFACE((#9210));
#9212=IFCPOLYLOOP((#4418,#4412,#4436,#4417));
#9213=IFCFACEOUTERBOUND(#9212,.T.);
#9214=IFCFACE((#9213));
#9215=IFCPOLYLOOP((#4416,#4418,#3939));
#9216=IFCFACEOUTERBOUND(#9215,.T.);
#9217=IFCFACE((#9216));
#9218=IFCPOLYLOOP((#4198,#4420,#4186));
#9219=IFCFACEOUTERBOUND(#9218,.T.);
#9220=IFCFACE((#9219));
#9221=IFCPOLYLOOP((#4186,#4422,#4421));
#9222=IFCFACEOUTERBOUND(#9221,.T.);
#9223=IFCFACE((#9222));
#9224=IFCPOLYLOOP((#4420,#4424,#4422));
#9225=IFCFACEOUTERBOUND(#9224,.T.);
#9226=IFCFACE((#9225));
#9227=IFCPOLYLOOP((#4411,#4424,#4423));
#9228=IFCFACEOUTERBOUND(#9227,.T.);
#9229=IFCFACE((#9228));
#9230=IFCPOLYLOOP((#4420,#4198,#4419));
#9231=IFCFACEOUTERBOUND(#9230,.T.);
#9232=IFCFACE((#9231));
#9233=IFCPOLYLOOP((#4421,#4422,#4411));
#9234=IFCFACEOUTERBOUND(#9233,.T.);
#9235=IFCFACE((#9234));
#9236=IFCPOLYLOOP((#4420,#4422,#4186));
#9237=IFCFACEOUTERBOUND(#9236,.T.);
#9238=IFCFACE((#9237));
#9239=IFCPOLYLOOP((#4408,#4423,#4427));
#9240=IFCFACEOUTERBOUND(#9239,.T.);
#9241=IFCFACE((#9240));
#9242=IFCPOLYLOOP((#4411,#4422,#4424));
#9243=IFCFACEOUTERBOUND(#9242,.T.);
#9244=IFCFACE((#9243));
#9245=IFCPOLYLOOP((#4414,#4426,#4425));
#9246=IFCFACEOUTERBOUND(#9245,.T.);
#9247=IFCFACE((#9246));
#9248=IFCPOLYLOOP((#4424,#4426,#4414));
#9249=IFCFACEOUTERBOUND(#9248,.T.);
#9250=IFCFACE((#9249));
#9251=IFCPOLYLOOP((#4426,#4410,#4438,#4425));
#9252=IFCFACEOUTERBOUND(#9251,.T.);
#9253=IFCFACE((#9252));
#9254=IFCPOLYLOOP((#4410,#4426,#4420));
#9255=IFCFACEOUTERBOUND(#9254,.T.);
#9256=IFCFACE((#9255));
#9257=IFCPOLYLOOP((#4408,#4427,#4428));
#9258=IFCFACEOUTERBOUND(#9257,.T.);
#9259=IFCFACE((#9258));
#9260=IFCPOLYLOOP((#4414,#4427,#4424));
#9261=IFCFACEOUTERBOUND(#9260,.T.);
#9262=IFCFACE((#9261));
#9263=IFCPOLYLOOP((#4413,#4409,#4429));
#9264=IFCFACEOUTERBOUND(#9263,.T.);
#9265=IFCFACE((#9264));
#9266=IFCPOLYLOOP((#4430,#4413,#4428));
#9267=IFCFACEOUTERBOUND(#9266,.T.);
#9268=IFCFACE((#9267));
#9269=IFCPOLYLOOP((#4428,#4429,#4484,#4408));
#9270=IFCFACEOUTERBOUND(#9269,.T.);
#9271=IFCFACE((#9270));
#9272=IFCPOLYLOOP((#4431,#4413,#4430));
#9273=IFCFACEOUTERBOUND(#9272,.T.);
#9274=IFCFACE((#9273));
#9275=IFCPOLYLOOP((#4430,#4414,#4407));
#9276=IFCFACEOUTERBOUND(#9275,.T.);
#9277=IFCFACE((#9276));
#9278=IFCPOLYLOOP((#4413,#4431,#4439,#4412));
#9279=IFCFACEOUTERBOUND(#9278,.T.);
#9280=IFCFACE((#9279));
#9281=IFCPOLYLOOP((#4119,#4434,#4419,#4120));
#9282=IFCFACEOUTERBOUND(#9281,.T.);
#9283=IFCFACE((#9282));
#9284=IFCPOLYLOOP((#4432,#4439,#4431,#4407,#4433,#4425,#4438));
#9285=IFCFACEOUTERBOUND(#9284,.T.);
#9286=IFCFACE((#9285));
#9287=IFCPOLYLOOP((#4438,#4435,#4432));
#9288=IFCFACEOUTERBOUND(#9287,.T.);
#9289=IFCFACE((#9288));
#9290=IFCPOLYLOOP((#4434,#4119,#4435));
#9291=IFCFACEOUTERBOUND(#9290,.T.);
#9292=IFCFACE((#9291));
#9293=IFCPOLYLOOP((#4119,#4118,#4435));
#9294=IFCFACEOUTERBOUND(#9293,.T.);
#9295=IFCFACE((#9294));
#9296=IFCPOLYLOOP((#4437,#4439,#4432));
#9297=IFCFACEOUTERBOUND(#9296,.T.);
#9298=IFCFACE((#9297));
#9299=IFCPOLYLOOP((#4436,#4437,#3966));
#9300=IFCFACEOUTERBOUND(#9299,.T.);
#9301=IFCFACE((#9300));
#9302=IFCPOLYLOOP((#3966,#3940,#4417,#4436));
#9303=IFCFACEOUTERBOUND(#9302,.T.);
#9304=IFCFACE((#9303));
#9305=IFCPOLYLOOP((#4435,#4438,#4410,#4434));
#9306=IFCFACEOUTERBOUND(#9305,.T.);
#9307=IFCFACE((#9306));
#9308=IFCPOLYLOOP((#4437,#3967,#3966));
#9309=IFCFACEOUTERBOUND(#9308,.T.);
#9310=IFCFACE((#9309));
#9311=IFCPOLYLOOP((#4437,#4436,#4412,#4439));
#9312=IFCFACEOUTERBOUND(#9311,.T.);
#9313=IFCFACE((#9312));
#9314=IFCPOLYLOOP((#4158,#4446,#4139));
#9315=IFCFACEOUTERBOUND(#9314,.T.);
#9316=IFCFACE((#9315));
#9317=IFCPOLYLOOP((#4445,#4447,#4080));
#9318=IFCFACEOUTERBOUND(#9317,.T.);
#9319=IFCFACE((#9318));
#9320=IFCPOLYLOOP((#4139,#4446,#4443));
#9321=IFCFACEOUTERBOUND(#9320,.T.);
#9322=IFCFACE((#9321));
#9323=IFCPOLYLOOP((#4447,#4158,#4174));
#9324=IFCFACEOUTERBOUND(#9323,.T.);
#9325=IFCFACE((#9324));
#9326=IFCPOLYLOOP((#4158,#4447,#4446));
#9327=IFCFACEOUTERBOUND(#9326,.T.);
#9328=IFCFACE((#9327));
#9329=IFCPOLYLOOP((#4432,#4140,#4440));
#9330=IFCFACEOUTERBOUND(#9329,.T.);
#9331=IFCFACE((#9330));
#9332=IFCPOLYLOOP((#4140,#4432,#4435,#4118));
#9333=IFCFACEOUTERBOUND(#9332,.T.);
#9334=IFCFACE((#9333));
#9335=IFCPOLYLOOP((#4140,#4139,#4443));
#9336=IFCFACEOUTERBOUND(#9335,.T.);
#9337=IFCFACE((#9336));
#9338=IFCPOLYLOOP((#3991,#4440,#4453,#4451,#3977));
#9339=IFCFACEOUTERBOUND(#9338,.T.);
#9340=IFCFACE((#9339));
#9341=IFCPOLYLOOP((#4454,#4337,#4455));
#9342=IFCFACEOUTERBOUND(#9341,.T.);
#9343=IFCFACE((#9342));
#9344=IFCPOLYLOOP((#4471,#4337,#4348));
#9345=IFCFACEOUTERBOUND(#9344,.T.);
#9346=IFCFACE((#9345));
#9347=IFCPOLYLOOP((#4337,#4454,#4459));
#9348=IFCFACEOUTERBOUND(#9347,.T.);
#9349=IFCFACE((#9348));
#9350=IFCPOLYLOOP((#3993,#3992,#4457));
#9351=IFCFACEOUTERBOUND(#9350,.T.);
#9352=IFCFACE((#9351));
#9353=IFCPOLYLOOP((#4462,#4463,#4367));
#9354=IFCFACEOUTERBOUND(#9353,.T.);
#9355=IFCFACE((#9354));
#9356=IFCPOLYLOOP((#4468,#3992,#3998));
#9357=IFCFACEOUTERBOUND(#9356,.T.);
#9358=IFCFACE((#9357));
#9359=IFCPOLYLOOP((#4367,#4463,#4257));
#9360=IFCFACEOUTERBOUND(#9359,.T.);
#9361=IFCFACE((#9360));
#9362=IFCPOLYLOOP((#4338,#4459,#4462));
#9363=IFCFACEOUTERBOUND(#9362,.T.);
#9364=IFCFACE((#9363));
#9365=IFCPOLYLOOP((#4338,#4462,#4367));
#9366=IFCFACEOUTERBOUND(#9365,.T.);
#9367=IFCFACE((#9366));
#9368=IFCPOLYLOOP((#4463,#4461,#4257));
#9369=IFCFACEOUTERBOUND(#9368,.T.);
#9370=IFCFACE((#9369));
#9371=IFCPOLYLOOP((#3992,#4468,#4457));
#9372=IFCFACEOUTERBOUND(#9371,.T.);
#9373=IFCFACE((#9372));
#9374=IFCPOLYLOOP((#4303,#4302,#4321,#4470));
#9375=IFCFACEOUTERBOUND(#9374,.T.);
#9376=IFCFACE((#9375));
#9377=IFCPOLYLOOP((#4455,#4474,#4328,#4469,#4310,#4334,#4475));
#9378=IFCFACEOUTERBOUND(#9377,.T.);
#9379=IFCFACE((#9378));
#9380=IFCPOLYLOOP((#4455,#4471,#4474));
#9381=IFCFACEOUTERBOUND(#9380,.T.);
#9382=IFCFACE((#9381));
#9383=IFCPOLYLOOP((#4471,#4303,#4470));
#9384=IFCFACEOUTERBOUND(#9383,.T.);
#9385=IFCFACE((#9384));
#9386=IFCPOLYLOOP((#4471,#4293,#4303));
#9387=IFCFACEOUTERBOUND(#9386,.T.);
#9388=IFCFACE((#9387));
#9389=IFCPOLYLOOP((#4455,#4475,#4473));
#9390=IFCFACEOUTERBOUND(#9389,.T.);
#9391=IFCFACE((#9390));
#9392=IFCPOLYLOOP((#4013,#4473,#4472));
#9393=IFCFACEOUTERBOUND(#9392,.T.);
#9394=IFCFACE((#9393));
#9395=IFCPOLYLOOP((#4013,#4472,#4319,#3842));
#9396=IFCFACEOUTERBOUND(#9395,.T.);
#9397=IFCFACE((#9396));
#9398=IFCPOLYLOOP((#4471,#4470,#4312,#4474));
#9399=IFCFACEOUTERBOUND(#9398,.T.);
#9400=IFCFACE((#9399));
#9401=IFCPOLYLOOP((#4013,#3994,#4473));
#9402=IFCFACEOUTERBOUND(#9401,.T.);
#9403=IFCFACE((#9402));
#9404=IFCPOLYLOOP((#4473,#4475,#4314,#4472));
#9405=IFCFACEOUTERBOUND(#9404,.T.);
#9406=IFCFACE((#9405));
#9407=IFCPOLYLOOP((#4258,#4257,#4461));
#9408=IFCFACEOUTERBOUND(#9407,.T.);
#9409=IFCFACE((#9408));
#9410=IFCPOLYLOOP((#4360,#4259,#4258));
#9411=IFCFACEOUTERBOUND(#9410,.T.);
#9412=IFCFACE((#9411));
#9413=IFCPOLYLOOP((#4360,#4021,#3893));
#9414=IFCFACEOUTERBOUND(#9413,.T.);
#9415=IFCFACE((#9414));
#9416=IFCPOLYLOOP((#4258,#4456,#4360));
#9417=IFCFACEOUTERBOUND(#9416,.T.);
#9418=IFCFACE((#9417));
#9419=IFCPOLYLOOP((#4021,#4476,#4464,#3997));
#9420=IFCFACEOUTERBOUND(#9419,.T.);
#9421=IFCFACE((#9420));
#9422=IFCPOLYLOOP((#4456,#4476,#4360));
#9423=IFCFACEOUTERBOUND(#9422,.T.);
#9424=IFCFACE((#9423));
#9425=IFCPOLYLOOP((#4360,#4476,#4021));
#9426=IFCFACEOUTERBOUND(#9425,.T.);
#9427=IFCFACE((#9426));
#9428=IFCPOLYLOOP((#3664,#4478,#3519));
#9429=IFCFACEOUTERBOUND(#9428,.T.);
#9430=IFCFACE((#9429));
#9431=IFCPOLYLOOP((#4479,#4481,#3520));
#9432=IFCFACEOUTERBOUND(#9431,.T.);
#9433=IFCFACE((#9432));
#9434=IFCPOLYLOOP((#4477,#4479,#3664));
#9435=IFCFACEOUTERBOUND(#9434,.T.);
#9436=IFCFACE((#9435));
#9437=IFCPOLYLOOP((#4478,#3664,#4479));
#9438=IFCFACEOUTERBOUND(#9437,.T.);
#9439=IFCFACE((#9438));
#9440=IFCPOLYLOOP((#3671,#4481,#3672));
#9441=IFCFACEOUTERBOUND(#9440,.T.);
#9442=IFCFACE((#9441));
#9443=IFCPOLYLOOP((#3672,#4481,#4479));
#9444=IFCFACEOUTERBOUND(#9443,.T.);
#9445=IFCFACE((#9444));
#9446=IFCPOLYLOOP((#4478,#4479,#3520));
#9447=IFCFACEOUTERBOUND(#9446,.T.);
#9448=IFCFACE((#9447));
#9449=IFCPOLYLOOP((#4479,#4477,#3672));
#9450=IFCFACEOUTERBOUND(#9449,.T.);
#9451=IFCFACE((#9450));
#9452=IFCPOLYLOOP((#4481,#3521,#3520));
#9453=IFCFACEOUTERBOUND(#9452,.T.);
#9454=IFCFACE((#9453));
#9455=IFCPOLYLOOP((#3671,#4480,#3521,#4481));
#9456=IFCFACEOUTERBOUND(#9455,.T.);
#9457=IFCFACE((#9456));
#9458=IFCPOLYLOOP((#3681,#4485,#4482));
#9459=IFCFACEOUTERBOUND(#9458,.T.);
#9460=IFCFACE((#9459));
#9461=IFCPOLYLOOP((#4486,#4024,#4421,#4411,#4423,#4408,#4484,#4429,#4409,#4415,#3938));
#9462=IFCFACEOUTERBOUND(#9461,.T.);
#9463=IFCFACE((#9462));
#9464=IFCPOLYLOOP((#4482,#4486,#3938));
#9465=IFCFACEOUTERBOUND(#9464,.T.);
#9466=IFCFACE((#9465));
#9467=IFCPOLYLOOP((#4482,#4485,#4025,#4486));
#9468=IFCFACEOUTERBOUND(#9467,.T.);
#9469=IFCFACE((#9468));
#9470=IFCPOLYLOOP((#4485,#4026,#4033,#4025));
#9471=IFCFACEOUTERBOUND(#9470,.T.);
#9472=IFCFACE((#9471));
#9473=IFCPOLYLOOP((#4486,#4025,#4030,#4024));
#9474=IFCFACEOUTERBOUND(#9473,.T.);
#9475=IFCFACE((#9474));
#9476=IFCPOLYLOOP((#4485,#3681,#4483,#4026));
#9477=IFCFACEOUTERBOUND(#9476,.T.);
#9478=IFCFACE((#9477));
#9479=IFCPOLYLOOP((#4488,#3942,#4487));
#9480=IFCFACEOUTERBOUND(#9479,.T.);
#9481=IFCFACE((#9480));
#9482=IFCPOLYLOOP((#3532,#3942,#3957,#3945,#3955,#3533,#3535));
#9483=IFCFACEOUTERBOUND(#9482,.T.);
#9484=IFCFACE((#9483));
#9485=IFCPOLYLOOP((#4487,#3532,#3538,#3531));
#9486=IFCFACEOUTERBOUND(#9485,.T.);
#9487=IFCFACE((#9486));
#9488=IFCPOLYLOOP((#3942,#4488,#4482));
#9489=IFCFACEOUTERBOUND(#9488,.T.);
#9490=IFCFACE((#9489));
#9491=IFCPOLYLOOP((#4482,#3938,#3949,#3943,#3963,#3942));
#9492=IFCFACEOUTERBOUND(#9491,.T.);
#9493=IFCFACE((#9492));
#9494=IFCPOLYLOOP((#4487,#3942,#3532));
#9495=IFCFACEOUTERBOUND(#9494,.T.);
#9496=IFCFACE((#9495));
#9497=IFCPOLYLOOP((#4488,#3681,#4482));
#9498=IFCFACEOUTERBOUND(#9497,.T.);
#9499=IFCFACE((#9498));
#9500=IFCPOLYLOOP((#4489,#4490,#3668));
#9501=IFCFACEOUTERBOUND(#9500,.T.);
#9502=IFCFACE((#9501));
#9503=IFCPOLYLOOP((#3669,#3668,#4490));
#9504=IFCFACEOUTERBOUND(#9503,.T.);
#9505=IFCFACE((#9504));
#9506=IFCPOLYLOOP((#3525,#4489,#3667));
#9507=IFCFACEOUTERBOUND(#9506,.T.);
#9508=IFCFACE((#9507));
#9509=IFCPOLYLOOP((#4489,#3668,#3667));
#9510=IFCFACEOUTERBOUND(#9509,.T.);
#9511=IFCFACE((#9510));
#9512=IFCPOLYLOOP((#3523,#4490,#3524));
#9513=IFCFACEOUTERBOUND(#9512,.T.);
#9514=IFCFACE((#9513));
#9515=IFCPOLYLOOP((#3524,#4489,#3525));
#9516=IFCFACEOUTERBOUND(#9515,.T.);
#9517=IFCFACE((#9516));
#9518=IFCPOLYLOOP((#3667,#3666,#3665,#3664,#3527,#3526,#3525));
#9519=IFCFACEOUTERBOUND(#9518,.T.);
#9520=IFCFACE((#9519));
#9521=IFCPOLYLOOP((#3524,#4490,#4489));
#9522=IFCFACEOUTERBOUND(#9521,.T.);
#9523=IFCFACE((#9522));
#9524=IFCPOLYLOOP((#3519,#3527,#3664));
#9525=IFCFACEOUTERBOUND(#9524,.T.);
#9526=IFCFACE((#9525));
#9527=IFCPOLYLOOP((#3522,#4491,#3521,#4480,#3671,#4492,#3670,#4490,#3523));
#9528=IFCFACEOUTERBOUND(#9527,.T.);
#9529=IFCFACE((#9528));
#9530=IFCPOLYLOOP((#3670,#3669,#4490));
#9531=IFCFACEOUTERBOUND(#9530,.T.);
#9532=IFCFACE((#9531));
#9533=IFCPOLYLOOP((#3527,#4491,#3522));
#9534=IFCFACEOUTERBOUND(#9533,.T.);
#9535=IFCFACE((#9534));
#9536=IFCPOLYLOOP((#3590,#3698,#3592));
#9537=IFCFACEOUTERBOUND(#9536,.T.);
#9538=IFCFACE((#9537));
#9539=IFCPOLYLOOP((#3697,#3592,#3698));
#9540=IFCFACEOUTERBOUND(#9539,.T.);
#9541=IFCFACE((#9540));
#9542=IFCPOLYLOOP((#3790,#3910,#3794));
#9543=IFCFACEOUTERBOUND(#9542,.T.);
#9544=IFCFACE((#9543));
#9545=IFCPOLYLOOP((#3860,#3933,#3844));
#9546=IFCFACEOUTERBOUND(#9545,.T.);
#9547=IFCFACE((#9546));
#9548=IFCPOLYLOOP((#3912,#3794,#3910));
#9549=IFCFACEOUTERBOUND(#9548,.T.);
#9550=IFCFACE((#9549));
#9551=IFCPOLYLOOP((#3585,#3983,#3934));
#9552=IFCFACEOUTERBOUND(#9551,.T.);
#9553=IFCFACE((#9552));
#9554=IFCPOLYLOOP((#3641,#3971,#3968));
#9555=IFCFACEOUTERBOUND(#9554,.T.);
#9556=IFCFACE((#9555));
#9557=IFCPOLYLOOP((#3971,#3652,#3623));
#9558=IFCFACEOUTERBOUND(#9557,.T.);
#9559=IFCFACE((#9558));
#9560=IFCPOLYLOOP((#3981,#3642,#3650,#3641));
#9561=IFCFACEOUTERBOUND(#9560,.T.);
#9562=IFCFACE((#9561));
#9563=IFCPOLYLOOP((#3993,#4010,#3992));
#9564=IFCFACEOUTERBOUND(#9563,.T.);
#9565=IFCFACE((#9564));
#9566=IFCPOLYLOOP((#3877,#4002,#3996));
#9567=IFCFACEOUTERBOUND(#9566,.T.);
#9568=IFCFACE((#9567));
#9569=IFCPOLYLOOP((#4006,#3911,#3791));
#9570=IFCFACEOUTERBOUND(#9569,.T.);
#9571=IFCFACE((#9570));
#9572=IFCPOLYLOOP((#3790,#4004,#3791));
#9573=IFCFACEOUTERBOUND(#9572,.T.);
#9574=IFCFACE((#9573));
#9575=IFCPOLYLOOP((#4079,#4173,#4083));
#9576=IFCFACEOUTERBOUND(#9575,.T.);
#9577=IFCFACE((#9576));
#9578=IFCPOLYLOOP((#4175,#4083,#4173));
#9579=IFCFACEOUTERBOUND(#9578,.T.);
#9580=IFCFACE((#9579));
#9581=IFCPOLYLOOP((#4263,#4377,#4265));
#9582=IFCFACEOUTERBOUND(#9581,.T.);
#9583=IFCFACE((#9582));
#9584=IFCPOLYLOOP((#4324,#4399,#4208));
#9585=IFCFACEOUTERBOUND(#9584,.T.);
#9586=IFCFACE((#9585));
#9587=IFCPOLYLOOP((#4376,#4265,#4377));
#9588=IFCFACEOUTERBOUND(#9587,.T.);
#9589=IFCFACE((#9588));
#9590=IFCPOLYLOOP((#4079,#4445,#4080));
#9591=IFCFACEOUTERBOUND(#9590,.T.);
#9592=IFCFACE((#9591));
#9593=IFCPOLYLOOP((#4447,#4174,#4080));
#9594=IFCFACEOUTERBOUND(#9593,.T.);
#9595=IFCFACE((#9594));
#9596=IFCPOLYLOOP((#4140,#4443,#4440));
#9597=IFCFACEOUTERBOUND(#9596,.T.);
#9598=IFCFACE((#9597));
#9599=IFCPOLYLOOP((#4337,#4471,#4455));
#9600=IFCFACEOUTERBOUND(#9599,.T.);
#9601=IFCFACE((#9600));
#9602=IFCPOLYLOOP((#4471,#4348,#4293));
#9603=IFCFACEOUTERBOUND(#9602,.T.);
#9604=IFCFACE((#9603));
#9605=IFCPOLYLOOP((#4459,#4338,#4346,#4337));
#9606=IFCFACEOUTERBOUND(#9605,.T.);
#9607=IFCFACE((#9606));
#9608=IFCPOLYLOOP((#3993,#4457,#4454));
#9609=IFCFACEOUTERBOUND(#9608,.T.);
#9610=IFCFACE((#9609));
#9611=IFCPOLYLOOP((#4258,#4461,#4456));
#9612=IFCFACEOUTERBOUND(#9611,.T.);
#9613=IFCFACE((#9612));
#9614=IFCCARTESIANPOINT((32.457985595712238,-2.2801347651062911,15.));
#9615=IFCCARTESIANPOINT((32.457985595712238,40.719865234893724,15.));
#9616=IFCCARTESIANPOINT((-32.542014404287762,40.719865234893724,15.));
#9617=IFCCARTESIANPOINT((-32.542014404287762,-2.2801347651062911,15.));
#9618=IFCPOLYLOOP((#9614,#9615,#9616,#9617));
#9619=IFCFACEOUTERBOUND(#9618,.T.);
#9620=IFCFACE((#9619));
#9621=IFCCARTESIANPOINT((32.457985595712238,-2.2801347651062911,13.499999999998115));
#9622=IFCCARTESIANPOINT((-32.542014404287762,-2.2801347651062911,13.499999999998115));
#9623=IFCCARTESIANPOINT((-32.542014404287762,40.719865234893724,13.499999999997804));
#9624=IFCCARTESIANPOINT((32.457985595712238,40.719865234893724,13.499999999997804));
#9625=IFCPOLYLOOP((#9621,#9622,#9623,#9624));
#9626=IFCFACEOUTERBOUND(#9625,.T.);
#9627=IFCFACE((#9626));
#9628=IFCPOLYLOOP((#9614,#9617,#9622,#9621));
#9629=IFCFACEOUTERBOUND(#9628,.T.);
#9630=IFCFACE((#9629));
#9631=IFCPOLYLOOP((#9617,#9616,#9623,#9622));
#9632=IFCFACEOUTERBOUND(#9631,.T.);
#9633=IFCFACE((#9632));
#9634=IFCPOLYLOOP((#9616,#9615,#9624,#9623));
#9635=IFCFACEOUTERBOUND(#9634,.T.);
#9636=IFCFACE((#9635));
#9637=IFCPOLYLOOP((#9615,#9614,#9621,#9624));
#9638=IFCFACEOUTERBOUND(#9637,.T.);
#9639=IFCFACE((#9638));
#9640=IFCCARTESIANPOINT((0.,-2.2801347651063106,13.499999999998124));
#9641=IFCCARTESIANPOINT((-32.457985595687617,-2.2801347651063106,13.499999999998117));
#9642=IFCCARTESIANPOINT((-32.457985595687617,-2.2801347651063,15.));
#9643=IFCCARTESIANPOINT((0.,-2.2801347651063,15.));
#9644=IFCCARTESIANPOINT((32.457985595712245,-2.2801347651063,15.));
#9645=IFCCARTESIANPOINT((32.457985595712245,-2.2801347651063106,13.499999999998117));
#9646=IFCCARTESIANPOINT((0.,40.719865234893732,15.));
#9647=IFCCARTESIANPOINT((-32.457985595687617,40.719865234893732,15.));
#9648=IFCCARTESIANPOINT((-32.457985595687617,40.719865234893724,13.499999999997804));
#9649=IFCCARTESIANPOINT((0.,40.719865234893724,13.499999999997812));
#9650=IFCCARTESIANPOINT((32.457985595712245,40.719865234893724,13.499999999997804));
#9651=IFCCARTESIANPOINT((32.457985595712245,40.719865234893732,15.));
#9652=IFCCARTESIANPOINT((41.148907458451511,7.7343209013980292E-007,10.224375119106057));
#9653=IFCCARTESIANPOINT((41.148907458451511,-48.832938584565909,10.224375119106412));
#9654=IFCCARTESIANPOINT((40.899694621889296,-51.008899116756488,10.475240460976098));
#9655=IFCCARTESIANPOINT((40.190426656581351,-53.000361265082041,11.106906632683488));
#9656=IFCCARTESIANPOINT((39.060822522092003,-54.716641747126786,11.910006520915996));
#9657=IFCCARTESIANPOINT((37.525433462148591,-56.092849143744836,12.694045560733382));
#9658=IFCCARTESIANPOINT((35.617406492039208,-57.031366154335295,13.279130534613241));
#9659=IFCCARTESIANPOINT((33.457985565453832,-57.421388331100594,13.499999999998524));
#9660=IFCCARTESIANPOINT((33.457985594945058,57.421388331050217,13.499999999997694));
#9661=IFCCARTESIANPOINT((36.015219208376834,56.88845513632883,13.188927668184657));
#9662=IFCCARTESIANPOINT((38.177656822674692,55.596487681512656,12.399026266265421));
#9663=IFCCARTESIANPOINT((39.782905002510752,53.730701053725689,11.422464388060733));
#9664=IFCCARTESIANPOINT((40.797152756691531,51.412106354361356,10.573772801541395));
#9665=IFCCARTESIANPOINT((41.148907458451511,48.83293858454131,10.224375119105705));
#9666=IFCCARTESIANPOINT((33.457985580199448,-0.,13.499999999998108));
#9667=IFCCARTESIANPOINT((41.148907458451511,-24.416469126581575,10.224375119106234));
#9668=IFCCARTESIANPOINT((38.460929490147933,22.459316197221167,12.253966548085932));
#9669=IFCCARTESIANPOINT((33.457985573574923,-25.796790287981473,13.499999999998293));
#9670=IFCCARTESIANPOINT((37.912293409160739,-27.277625150741489,12.525439383146505));
#9671=IFCCARTESIANPOINT((41.148907458451511,24.416469678986697,10.224375119105881));
#9672=IFCCARTESIANPOINT((33.457985587572253,28.7106941655125,13.499999999997902));
#9673=IFCCARTESIANPOINT((38.746974944643611,39.264818346744498,12.096398130940122));
#9674=IFCCARTESIANPOINT((36.187779037954414,33.439869723932219,13.144783548528229));
#9675=IFCCARTESIANPOINT((33.457985569514371,-41.609089309541019,13.49999999999841));
#9676=IFCCARTESIANPOINT((35.670862881798143,-33.702935296801073,13.267936914422684));
#9677=IFCCARTESIANPOINT((35.873367223952059,-12.219240662221534,13.222929541450243));
#9678=IFCCARTESIANPOINT((35.977201009793838,11.639794118164152,13.198241990683226));
#9679=IFCCARTESIANPOINT((38.553879457402985,-0.93508751079215946,12.204013326170443));
#9680=IFCCARTESIANPOINT((41.410789470423616,8.1484682148413463E-007,12.040976262344518));
#9681=IFCCARTESIANPOINT((41.279058662322761,9.3685391968788192E-007,11.133497362094056));
#9682=IFCCARTESIANPOINT((41.279064839843301,48.870278259101511,11.13353991834628));
#9683=IFCCARTESIANPOINT((41.410789470423566,48.909673559037444,12.040976262343774));
#9684=IFCCARTESIANPOINT((41.410789470423609,24.454837186942136,12.040976262344245));
#9685=IFCCARTESIANPOINT((41.410789470423616,-24.454836382501842,12.040976262344595));
#9686=IFCCARTESIANPOINT((41.410789468546987,-48.909673765920807,12.040976249416808));
#9687=IFCCARTESIANPOINT((41.279064839844189,-48.870278259070204,11.133539918353145));
#9688=IFCCARTESIANPOINT((41.035084814289434,-51.551482162514013,12.352584102823041));
#9689=IFCCARTESIANPOINT((39.964250761008351,-53.896750316230154,13.114193430477631));
#9690=IFCCARTESIANPOINT((38.287506579829547,-55.764529893899109,14.00039288629082));
#9691=IFCCARTESIANPOINT((36.056901667885207,-57.026076707621186,14.719153688260533));
#9692=IFCCARTESIANPOINT((33.457985600746085,-57.499999999865494,14.999999998557803));
#9693=IFCCARTESIANPOINT((33.457985595749427,-57.46069416552514,14.249999999278606));
#9694=IFCCARTESIANPOINT((33.45798559571962,57.499999999974719,15.));
#9695=IFCCARTESIANPOINT((35.651193264329827,57.160538478234983,14.800662538756823));
#9696=IFCCARTESIANPOINT((37.615565856708336,56.251989655688448,14.267571304179064));
#9697=IFCCARTESIANPOINT((39.217047565383723,54.876867629303476,13.55065494695843));
#9698=IFCCARTESIANPOINT((40.404844751564006,53.137079250169265,12.821766853440906));
#9699=IFCCARTESIANPOINT((41.151096552476403,51.113572535921605,12.259079432100307));
#9700=IFCCARTESIANPOINT((33.457985595735828,57.460694165512628,14.249999999999496));
#9701=IFCCARTESIANPOINT((37.700712039485879,-4.9651694117099386E-006,14.236273726128312));
#9702=IFCCARTESIANPOINT((33.457985595715449,-0.,15.));
#9703=IFCCARTESIANPOINT((33.457985595714639,-28.750000000025182,15.));
#9704=IFCCARTESIANPOINT((38.456455290305648,-27.929824638243769,13.894727818113674));
#9705=IFCCARTESIANPOINT((39.000083869282996,-2.6554569527474544E-006,13.46741977750742));
#9706=IFCCARTESIANPOINT((40.422793137645634,-33.573541696289141,12.786506400445605));
#9707=IFCCARTESIANPOINT((33.457985595714639,28.749999999974889,15.));
#9708=IFCCARTESIANPOINT((39.121208858364895,27.021122024476423,13.568790708848649));
#9709=IFCCARTESIANPOINT((36.214791870637569,-3.2262660826971512E-006,14.503751807838539));
#9710=IFCCARTESIANPOINT((36.675441001390077,34.040933170686564,14.551137780794914));
#9711=IFCCARTESIANPOINT((0.,-57.421388331100552,13.499999999998545));
#9712=IFCCARTESIANPOINT((0.,-43.636074939601997,13.499999999998446));
#9713=IFCCARTESIANPOINT((0.,-29.850761548103417,13.499999999998346));
#9714=IFCCARTESIANPOINT((0.,-16.065448156604852,13.499999999998247));
#9715=IFCCARTESIANPOINT((0.,44.895246008932872,13.499999999997806));
#9716=IFCCARTESIANPOINT((0.,49.070626782971985,13.499999999997774));
#9717=IFCCARTESIANPOINT((0.,53.246007557011119,13.499999999997746));
#9718=IFCCARTESIANPOINT((0.,57.421388331050231,13.499999999997716));
#9719=IFCCARTESIANPOINT((0.,57.460694165512535,14.249999999997716));
#9720=IFCCARTESIANPOINT((0.,57.499999999974825,15.));
#9721=IFCCARTESIANPOINT((0.,-57.500000000025139,15.));
#9722=IFCCARTESIANPOINT((0.,-57.460694165562863,14.249999999998487));
#9723=IFCCARTESIANPOINT((0.,53.304966308704515,15.));
#9724=IFCCARTESIANPOINT((0.,49.109932617434254,15.));
#9725=IFCCARTESIANPOINT((0.,44.914898926163993,15.));
#9726=IFCCARTESIANPOINT((0.,-16.085101073836022,15.));
#9727=IFCCARTESIANPOINT((0.,-29.890067382565711,15.));
#9728=IFCCARTESIANPOINT((0.,-43.695033691295421,15.));
#9729=IFCCARTESIANPOINT((-41.148907458426876,7.7343210705960177E-007,10.224375119106057));
#9730=IFCCARTESIANPOINT((-41.148907458426876,48.83293858454131,10.224375119105705));
#9731=IFCCARTESIANPOINT((-40.797164231990934,51.412065083319789,10.573761921093761));
#9732=IFCCARTESIANPOINT((-39.782949617295714,53.73062957339841,11.422431534142438));
#9733=IFCCARTESIANPOINT((-38.177780927774265,55.596382383964354,12.39896503233666));
#9734=IFCCARTESIANPOINT((-36.016399891910417,56.887993914785966,13.188636036133923));
#9735=IFCCARTESIANPOINT((-33.45798559492043,57.421388331050217,13.499999999997694));
#9736=IFCCARTESIANPOINT((-33.457985565429205,-57.421388331100594,13.499999999998524));
#9737=IFCCARTESIANPOINT((-35.319994076639624,-57.122579672809465,13.336223516260191));
#9738=IFCCARTESIANPOINT((-37.016584953966365,-56.410453535306836,12.888886445173014));
#9739=IFCCARTESIANPOINT((-38.453379232630773,-55.351059293360144,12.257972328529357));
#9740=IFCCARTESIANPOINT((-39.596539172489749,-54.016182177000481,11.556631893082432));
#9741=IFCCARTESIANPOINT((-40.437982265012998,-52.455559196806298,10.899151597713244));
#9742=IFCCARTESIANPOINT((-40.964281340457752,-50.707091180426993,10.411809563410753));
#9743=IFCCARTESIANPOINT((-41.148907458426876,-48.832938584565909,10.224375119106412));
#9744=IFCCARTESIANPOINT((-33.457985580174814,-0.,13.499999999998106));
#9745=IFCCARTESIANPOINT((-41.148907458426876,-24.416469126581568,10.224375119106234));
#9746=IFCCARTESIANPOINT((-37.345718659548346,-23.273991340317806,12.766273955421669));
#9747=IFCCARTESIANPOINT((-38.461006093104885,22.459510547610581,12.253925866724948));
#9748=IFCCARTESIANPOINT((-38.74938456387374,-37.486012658803688,12.095021880097393));
#9749=IFCCARTESIANPOINT((-33.457985572802009,-28.710694165562902,13.499999999998314));
#9750=IFCCARTESIANPOINT((-41.148907458426876,24.416469678986708,10.224375119105881));
#9751=IFCCARTESIANPOINT((-33.457985587547626,28.710694165512511,13.499999999997902));
#9752=IFCCARTESIANPOINT((-36.040273585064966,-39.198232595888811,13.18270850856389));
#9753=IFCCARTESIANPOINT((-38.74705404120553,39.264816272711741,12.096352968225514));
#9754=IFCCARTESIANPOINT((-36.187814983224754,33.440082371863461,13.144774032512561));
#9755=IFCCARTESIANPOINT((-35.977260008336302,11.639684204546814,13.198227650764968));
#9756=IFCCARTESIANPOINT((-38.568917124353227,-1.1481007913656767,12.195820005530367));
#9757=IFCCARTESIANPOINT((-39.412843029843216,-21.691406341604647,11.683048058490691));
#9758=IFCCARTESIANPOINT((-35.864927797942777,-7.5641930330142086,13.224887933717156));
#9759=IFCCARTESIANPOINT((-41.410789470398981,8.1484683840393761E-007,12.040976262344522));
#9760=IFCCARTESIANPOINT((-41.410789470398974,24.454837186942136,12.040976262344245));
#9761=IFCCARTESIANPOINT((-41.410789468521386,48.909673765869954,12.040976249409532));
#9762=IFCCARTESIANPOINT((-41.279064839818666,48.870278259101504,11.13353991834628));
#9763=IFCCARTESIANPOINT((-41.279058662298127,9.3685391968788192E-007,11.133497362094056));
#9764=IFCCARTESIANPOINT((-41.279064839819554,-48.870278259070211,11.133539918353145));
#9765=IFCCARTESIANPOINT((-41.410789470398974,-48.909673579850512,12.040976262344719));
#9766=IFCCARTESIANPOINT((-41.410789470398981,-24.454836382501842,12.040976262344595));
#9767=IFCCARTESIANPOINT((-33.457985595724764,-57.460694165525133,14.249999999278604));
#9768=IFCCARTESIANPOINT((-33.457985600721464,-57.499999999865494,14.999999998557797));
#9769=IFCCARTESIANPOINT((-36.057581271653618,-57.025830542188224,14.719005094330388));
#9770=IFCCARTESIANPOINT((-38.287713667596201,-55.764362162132372,14.000303306953789));
#9771=IFCCARTESIANPOINT((-39.96424080761313,-53.896765609318912,13.114199728829506));
#9772=IFCCARTESIANPOINT((-41.035078788497451,-51.551502849197057,12.352588897604038));
#9773=IFCCARTESIANPOINT((-33.457985595694986,57.499999999974719,15.));
#9774=IFCCARTESIANPOINT((-33.457985595711193,57.460694165512621,14.24999999999949));
#9775=IFCCARTESIANPOINT((-41.219637783268368,50.803779669209632,12.202691162758997));
#9776=IFCCARTESIANPOINT((-40.666207380347885,52.581602647803741,12.634825040244868));
#9777=IFCCARTESIANPOINT((-39.77954962999214,54.168754395009508,13.228775471032501));
#9778=IFCCARTESIANPOINT((-38.580768777294132,55.514858581437899,13.868920786230412));
#9779=IFCCARTESIANPOINT((-37.088839547448451,56.563905587144745,14.445575646572175));
#9780=IFCCARTESIANPOINT((-35.348196906115035,57.245282733366025,14.852262119891112));
#9781=IFCCARTESIANPOINT((-33.457985595690012,-28.750000000025182,15.));
#9782=IFCCARTESIANPOINT((-33.457985595690822,-0.,15.));
#9783=IFCCARTESIANPOINT((-37.700712039461251,-4.9651694117099386E-006,14.236273726128312));
#9784=IFCCARTESIANPOINT((-38.456533544805637,-27.92967117519823,13.894692160101444));
#9785=IFCCARTESIANPOINT((-39.00008386925829,-3.7970199253280542E-006,13.467419777507473));
#9786=IFCCARTESIANPOINT((-40.422822398865094,-33.573663206535663,12.786486469001463));
#9787=IFCCARTESIANPOINT((-33.457985595690012,28.749999999974889,15.));
#9788=IFCCARTESIANPOINT((-38.468252134095714,27.685590150894342,13.889317860923573));
#9789=IFCCARTESIANPOINT((-36.214791870612935,-3.2262660826971449E-006,14.503751807838539));
#9790=IFCCARTESIANPOINT((-36.280054277766908,36.45082906527022,14.656468907489877));
#9791=IFCPOLYLOOP((#9643,#9644,#9645,#9640,#9641,#9642));
#9792=IFCFACEOUTERBOUND(#9791,.T.);
#9793=IFCFACE((#9792));
#9794=IFCPOLYLOOP((#9646,#9647,#9648,#9649,#9650,#9651));
#9795=IFCFACEOUTERBOUND(#9794,.T.);
#9796=IFCFACE((#9795));
#9797=IFCPOLYLOOP((#9676,#9669,#9677));
#9798=IFCFACEOUTERBOUND(#9797,.T.);
#9799=IFCFACE((#9798));
#9800=IFCPOLYLOOP((#9666,#9672,#9678));
#9801=IFCFACEOUTERBOUND(#9800,.T.);
#9802=IFCFACE((#9801));
#9803=IFCPOLYLOOP((#9662,#9673,#9674));
#9804=IFCFACEOUTERBOUND(#9803,.T.);
#9805=IFCFACE((#9804));
#9806=IFCPOLYLOOP((#9679,#9678,#9668));
#9807=IFCFACEOUTERBOUND(#9806,.T.);
#9808=IFCFACE((#9807));
#9809=IFCPOLYLOOP((#9657,#9670,#9656));
#9810=IFCFACEOUTERBOUND(#9809,.T.);
#9811=IFCFACE((#9810));
#9812=IFCPOLYLOOP((#9667,#9653,#9655));
#9813=IFCFACEOUTERBOUND(#9812,.T.);
#9814=IFCFACE((#9813));
#9815=IFCPOLYLOOP((#9661,#9662,#9674));
#9816=IFCFACEOUTERBOUND(#9815,.T.);
#9817=IFCFACE((#9816));
#9818=IFCPOLYLOOP((#9660,#9661,#9674));
#9819=IFCFACEOUTERBOUND(#9818,.T.);
#9820=IFCFACE((#9819));
#9821=IFCPOLYLOOP((#9655,#9670,#9667));
#9822=IFCFACEOUTERBOUND(#9821,.T.);
#9823=IFCFACE((#9822));
#9824=IFCPOLYLOOP((#9660,#9674,#9672));
#9825=IFCFACEOUTERBOUND(#9824,.T.);
#9826=IFCFACE((#9825));
#9827=IFCPOLYLOOP((#9668,#9673,#9671));
#9828=IFCFACEOUTERBOUND(#9827,.T.);
#9829=IFCFACE((#9828));
#9830=IFCPOLYLOOP((#9676,#9670,#9657));
#9831=IFCFACEOUTERBOUND(#9830,.T.);
#9832=IFCFACE((#9831));
#9833=IFCPOLYLOOP((#9653,#9654,#9655));
#9834=IFCFACEOUTERBOUND(#9833,.T.);
#9835=IFCFACE((#9834));
#9836=IFCPOLYLOOP((#9663,#9664,#9673));
#9837=IFCFACEOUTERBOUND(#9836,.T.);
#9838=IFCFACE((#9837));
#9839=IFCPOLYLOOP((#9664,#9665,#9673));
#9840=IFCFACEOUTERBOUND(#9839,.T.);
#9841=IFCFACE((#9840));
#9842=IFCPOLYLOOP((#9676,#9657,#9658));
#9843=IFCFACEOUTERBOUND(#9842,.T.);
#9844=IFCFACE((#9843));
#9845=IFCPOLYLOOP((#9670,#9655,#9656));
#9846=IFCFACEOUTERBOUND(#9845,.T.);
#9847=IFCFACE((#9846));
#9848=IFCPOLYLOOP((#9673,#9662,#9663));
#9849=IFCFACEOUTERBOUND(#9848,.T.);
#9850=IFCFACE((#9849));
#9851=IFCPOLYLOOP((#9673,#9665,#9671));
#9852=IFCFACEOUTERBOUND(#9851,.T.);
#9853=IFCFACE((#9852));
#9854=IFCPOLYLOOP((#9673,#9668,#9674));
#9855=IFCFACEOUTERBOUND(#9854,.T.);
#9856=IFCFACE((#9855));
#9857=IFCPOLYLOOP((#9671,#9652,#9668));
#9858=IFCFACEOUTERBOUND(#9857,.T.);
#9859=IFCFACE((#9858));
#9860=IFCPOLYLOOP((#9676,#9675,#9669));
#9861=IFCFACEOUTERBOUND(#9860,.T.);
#9862=IFCFACE((#9861));
#9863=IFCPOLYLOOP((#9675,#9676,#9658));
#9864=IFCFACEOUTERBOUND(#9863,.T.);
#9865=IFCFACE((#9864));
#9866=IFCPOLYLOOP((#9679,#9652,#9667));
#9867=IFCFACEOUTERBOUND(#9866,.T.);
#9868=IFCFACE((#9867));
#9869=IFCPOLYLOOP((#9678,#9674,#9668));
#9870=IFCFACEOUTERBOUND(#9869,.T.);
#9871=IFCFACE((#9870));
#9872=IFCPOLYLOOP((#9666,#9677,#9669));
#9873=IFCFACEOUTERBOUND(#9872,.T.);
#9874=IFCFACE((#9873));
#9875=IFCPOLYLOOP((#9658,#9659,#9675));
#9876=IFCFACEOUTERBOUND(#9875,.T.);
#9877=IFCFACE((#9876));
#9878=IFCPOLYLOOP((#9677,#9670,#9676));
#9879=IFCFACEOUTERBOUND(#9878,.T.);
#9880=IFCFACE((#9879));
#9881=IFCPOLYLOOP((#9679,#9667,#9670));
#9882=IFCFACEOUTERBOUND(#9881,.T.);
#9883=IFCFACE((#9882));
#9884=IFCPOLYLOOP((#9678,#9679,#9677));
#9885=IFCFACEOUTERBOUND(#9884,.T.);
#9886=IFCFACE((#9885));
#9887=IFCPOLYLOOP((#9674,#9678,#9672));
#9888=IFCFACEOUTERBOUND(#9887,.T.);
#9889=IFCFACE((#9888));
#9890=IFCPOLYLOOP((#9666,#9678,#9677));
#9891=IFCFACEOUTERBOUND(#9890,.T.);
#9892=IFCFACE((#9891));
#9893=IFCPOLYLOOP((#9677,#9679,#9670));
#9894=IFCFACEOUTERBOUND(#9893,.T.);
#9895=IFCFACE((#9894));
#9896=IFCPOLYLOOP((#9679,#9668,#9652));
#9897=IFCFACEOUTERBOUND(#9896,.T.);
#9898=IFCFACE((#9897));
#9899=IFCPOLYLOOP((#9684,#9652,#9671,#9665));
#9900=IFCFACEOUTERBOUND(#9899,.T.);
#9901=IFCFACE((#9900));
#9902=IFCPOLYLOOP((#9685,#9653,#9667,#9652));
#9903=IFCFACEOUTERBOUND(#9902,.T.);
#9904=IFCFACE((#9903));
#9905=IFCPOLYLOOP((#9681,#9652,#9684));
#9906=IFCFACEOUTERBOUND(#9905,.T.);
#9907=IFCFACE((#9906));
#9908=IFCPOLYLOOP((#9665,#9682,#9684));
#9909=IFCFACEOUTERBOUND(#9908,.T.);
#9910=IFCFACE((#9909));
#9911=IFCPOLYLOOP((#9684,#9682,#9683));
#9912=IFCFACEOUTERBOUND(#9911,.T.);
#9913=IFCFACE((#9912));
#9914=IFCPOLYLOOP((#9680,#9685,#9681,#9684));
#9915=IFCFACEOUTERBOUND(#9914,.T.);
#9916=IFCFACE((#9915));
#9917=IFCPOLYLOOP((#9685,#9686,#9687));
#9918=IFCFACEOUTERBOUND(#9917,.T.);
#9919=IFCFACE((#9918));
#9920=IFCPOLYLOOP((#9685,#9652,#9681));
#9921=IFCFACEOUTERBOUND(#9920,.T.);
#9922=IFCFACE((#9921));
#9923=IFCPOLYLOOP((#9687,#9653,#9685));
#9924=IFCFACEOUTERBOUND(#9923,.T.);
#9925=IFCFACE((#9924));
#9926=IFCPOLYLOOP((#9691,#9692,#9693));
#9927=IFCFACEOUTERBOUND(#9926,.T.);
#9928=IFCFACE((#9927));
#9929=IFCPOLYLOOP((#9658,#9693,#9659));
#9930=IFCFACEOUTERBOUND(#9929,.T.);
#9931=IFCFACE((#9930));
#9932=IFCPOLYLOOP((#9690,#9691,#9658));
#9933=IFCFACEOUTERBOUND(#9932,.T.);
#9934=IFCFACE((#9933));
#9935=IFCPOLYLOOP((#9657,#9690,#9658));
#9936=IFCFACEOUTERBOUND(#9935,.T.);
#9937=IFCFACE((#9936));
#9938=IFCPOLYLOOP((#9690,#9657,#9689));
#9939=IFCFACEOUTERBOUND(#9938,.T.);
#9940=IFCFACE((#9939));
#9941=IFCPOLYLOOP((#9691,#9693,#9658));
#9942=IFCFACEOUTERBOUND(#9941,.T.);
#9943=IFCFACE((#9942));
#9944=IFCPOLYLOOP((#9656,#9689,#9657));
#9945=IFCFACEOUTERBOUND(#9944,.T.);
#9946=IFCFACE((#9945));
#9947=IFCPOLYLOOP((#9689,#9656,#9688));
#9948=IFCFACEOUTERBOUND(#9947,.T.);
#9949=IFCFACE((#9948));
#9950=IFCPOLYLOOP((#9656,#9655,#9688));
#9951=IFCFACEOUTERBOUND(#9950,.T.);
#9952=IFCFACE((#9951));
#9953=IFCPOLYLOOP((#9688,#9655,#9686));
#9954=IFCFACEOUTERBOUND(#9953,.T.);
#9955=IFCFACE((#9954));
#9956=IFCPOLYLOOP((#9686,#9655,#9687));
#9957=IFCFACEOUTERBOUND(#9956,.T.);
#9958=IFCFACE((#9957));
#9959=IFCPOLYLOOP((#9654,#9653,#9687));
#9960=IFCFACEOUTERBOUND(#9959,.T.);
#9961=IFCFACE((#9960));
#9962=IFCPOLYLOOP((#9655,#9654,#9687));
#9963=IFCFACEOUTERBOUND(#9962,.T.);
#9964=IFCFACE((#9963));
#9965=IFCPOLYLOOP((#9661,#9696,#9697));
#9966=IFCFACEOUTERBOUND(#9965,.T.);
#9967=IFCFACE((#9966));
#9968=IFCPOLYLOOP((#9662,#9661,#9697));
#9969=IFCFACEOUTERBOUND(#9968,.T.);
#9970=IFCFACE((#9969));
#9971=IFCPOLYLOOP((#9694,#9695,#9700));
#9972=IFCFACEOUTERBOUND(#9971,.T.);
#9973=IFCFACE((#9972));
#9974=IFCPOLYLOOP((#9700,#9661,#9660));
#9975=IFCFACEOUTERBOUND(#9974,.T.);
#9976=IFCFACE((#9975));
#9977=IFCPOLYLOOP((#9700,#9695,#9696));
#9978=IFCFACEOUTERBOUND(#9977,.T.);
#9979=IFCFACE((#9978));
#9980=IFCPOLYLOOP((#9696,#9661,#9700));
#9981=IFCFACEOUTERBOUND(#9980,.T.);
#9982=IFCFACE((#9981));
#9983=IFCPOLYLOOP((#9697,#9698,#9662));
#9984=IFCFACEOUTERBOUND(#9983,.T.);
#9985=IFCFACE((#9984));
#9986=IFCPOLYLOOP((#9699,#9683,#9682));
#9987=IFCFACEOUTERBOUND(#9986,.T.);
#9988=IFCFACE((#9987));
#9989=IFCPOLYLOOP((#9699,#9682,#9664));
#9990=IFCFACEOUTERBOUND(#9989,.T.);
#9991=IFCFACE((#9990));
#9992=IFCPOLYLOOP((#9664,#9682,#9665));
#9993=IFCFACEOUTERBOUND(#9992,.T.);
#9994=IFCFACE((#9993));
#9995=IFCPOLYLOOP((#9662,#9698,#9663));
#9996=IFCFACEOUTERBOUND(#9995,.T.);
#9997=IFCFACE((#9996));
#9998=IFCPOLYLOOP((#9699,#9664,#9663));
#9999=IFCFACEOUTERBOUND(#9998,.T.);
#10000=IFCFACE((#9999));
#10001=IFCPOLYLOOP((#9698,#9699,#9663));
#10002=IFCFACEOUTERBOUND(#10001,.T.);
#10003=IFCFACE((#10002));
#10004=IFCPOLYLOOP((#9691,#9690,#9704));
#10005=IFCFACEOUTERBOUND(#10004,.T.);
#10006=IFCFACE((#10005));
#10007=IFCPOLYLOOP((#9688,#9706,#9689));
#10008=IFCFACEOUTERBOUND(#10007,.T.);
#10009=IFCFACE((#10008));
#10010=IFCPOLYLOOP((#9706,#9704,#9689));
#10011=IFCFACEOUTERBOUND(#10010,.T.);
#10012=IFCFACE((#10011));
#10013=IFCPOLYLOOP((#9688,#9686,#9706));
#10014=IFCFACEOUTERBOUND(#10013,.T.);
#10015=IFCFACE((#10014));
#10016=IFCPOLYLOOP((#9706,#9685,#9705));
#10017=IFCFACEOUTERBOUND(#10016,.T.);
#10018=IFCFACE((#10017));
#10019=IFCPOLYLOOP((#9706,#9686,#9685));
#10020=IFCFACEOUTERBOUND(#10019,.T.);
#10021=IFCFACE((#10020));
#10022=IFCPOLYLOOP((#9701,#9704,#9705));
#10023=IFCFACEOUTERBOUND(#10022,.T.);
#10024=IFCFACE((#10023));
#10025=IFCPOLYLOOP((#9703,#9692,#9691));
#10026=IFCFACEOUTERBOUND(#10025,.T.);
#10027=IFCFACE((#10026));
#10028=IFCPOLYLOOP((#9704,#9703,#9691));
#10029=IFCFACEOUTERBOUND(#10028,.T.);
#10030=IFCFACE((#10029));
#10031=IFCPOLYLOOP((#9703,#9701,#9709));
#10032=IFCFACEOUTERBOUND(#10031,.T.);
#10033=IFCFACE((#10032));
#10034=IFCPOLYLOOP((#9703,#9704,#9701));
#10035=IFCFACEOUTERBOUND(#10034,.T.);
#10036=IFCFACE((#10035));
#10037=IFCPOLYLOOP((#9704,#9706,#9705));
#10038=IFCFACEOUTERBOUND(#10037,.T.);
#10039=IFCFACE((#10038));
#10040=IFCPOLYLOOP((#9685,#9680,#9705));
#10041=IFCFACEOUTERBOUND(#10040,.T.);
#10042=IFCFACE((#10041));
#10043=IFCPOLYLOOP((#9689,#9704,#9690));
#10044=IFCFACEOUTERBOUND(#10043,.T.);
#10045=IFCFACE((#10044));
#10046=IFCPOLYLOOP((#9695,#9710,#9696));
#10047=IFCFACEOUTERBOUND(#10046,.T.);
#10048=IFCFACE((#10047));
#10049=IFCPOLYLOOP((#9698,#9697,#9708));
#10050=IFCFACEOUTERBOUND(#10049,.T.);
#10051=IFCFACE((#10050));
#10052=IFCPOLYLOOP((#9699,#9708,#9684));
#10053=IFCFACEOUTERBOUND(#10052,.T.);
#10054=IFCFACE((#10053));
#10055=IFCPOLYLOOP((#9699,#9698,#9708));
#10056=IFCFACEOUTERBOUND(#10055,.T.);
#10057=IFCFACE((#10056));
#10058=IFCPOLYLOOP((#9699,#9684,#9683));
#10059=IFCFACEOUTERBOUND(#10058,.T.);
#10060=IFCFACE((#10059));
#10061=IFCPOLYLOOP((#9684,#9708,#9680));
#10062=IFCFACEOUTERBOUND(#10061,.T.);
#10063=IFCFACE((#10062));
#10064=IFCPOLYLOOP((#9696,#9710,#9697));
#10065=IFCFACEOUTERBOUND(#10064,.T.);
#10066=IFCFACE((#10065));
#10067=IFCPOLYLOOP((#9708,#9701,#9705));
#10068=IFCFACEOUTERBOUND(#10067,.T.);
#10069=IFCFACE((#10068));
#10070=IFCPOLYLOOP((#9708,#9697,#9710));
#10071=IFCFACEOUTERBOUND(#10070,.T.);
#10072=IFCFACE((#10071));
#10073=IFCPOLYLOOP((#9695,#9694,#9707));
#10074=IFCFACEOUTERBOUND(#10073,.T.);
#10075=IFCFACE((#10074));
#10076=IFCPOLYLOOP((#9707,#9702,#9703,#9709));
#10077=IFCFACEOUTERBOUND(#10076,.T.);
#10078=IFCFACE((#10077));
#10079=IFCPOLYLOOP((#9709,#9701,#9708));
#10080=IFCFACEOUTERBOUND(#10079,.T.);
#10081=IFCFACE((#10080));
#10082=IFCPOLYLOOP((#9709,#9708,#9710));
#10083=IFCFACEOUTERBOUND(#10082,.T.);
#10084=IFCFACE((#10083));
#10085=IFCPOLYLOOP((#9709,#9710,#9707));
#10086=IFCFACEOUTERBOUND(#10085,.T.);
#10087=IFCFACE((#10086));
#10088=IFCPOLYLOOP((#9710,#9695,#9707));
#10089=IFCFACEOUTERBOUND(#10088,.T.);
#10090=IFCFACE((#10089));
#10091=IFCPOLYLOOP((#9717,#9718,#9660));
#10092=IFCFACEOUTERBOUND(#10091,.T.);
#10093=IFCFACE((#10092));
#10094=IFCPOLYLOOP((#9716,#9717,#9660));
#10095=IFCFACEOUTERBOUND(#10094,.T.);
#10096=IFCFACE((#10095));
#10097=IFCPOLYLOOP((#9717,#9735,#9718));
#10098=IFCFACEOUTERBOUND(#10097,.T.);
#10099=IFCFACE((#10098));
#10100=IFCPOLYLOOP((#9735,#9717,#9716));
#10101=IFCFACEOUTERBOUND(#10100,.T.);
#10102=IFCFACE((#10101));
#10103=IFCPOLYLOOP((#9660,#9650,#9716));
#10104=IFCFACEOUTERBOUND(#10103,.T.);
#10105=IFCFACE((#10104));
#10106=IFCPOLYLOOP((#9715,#9716,#9650));
#10107=IFCFACEOUTERBOUND(#10106,.T.);
#10108=IFCFACE((#10107));
#10109=IFCPOLYLOOP((#9648,#9735,#9716));
#10110=IFCFACEOUTERBOUND(#10109,.T.);
#10111=IFCFACE((#10110));
#10112=IFCPOLYLOOP((#9648,#9716,#9715));
#10113=IFCFACEOUTERBOUND(#10112,.T.);
#10114=IFCFACE((#10113));
#10115=IFCPOLYLOOP((#9715,#9650,#9649));
#10116=IFCFACEOUTERBOUND(#10115,.T.);
#10117=IFCFACE((#10116));
#10118=IFCPOLYLOOP((#9649,#9648,#9715));
#10119=IFCFACEOUTERBOUND(#10118,.T.);
#10120=IFCFACE((#10119));
#10121=IFCPOLYLOOP((#9641,#9735,#9648));
#10122=IFCFACEOUTERBOUND(#10121,.T.);
#10123=IFCFACE((#10122));
#10124=IFCPOLYLOOP((#9641,#9751,#9735));
#10125=IFCFACEOUTERBOUND(#10124,.T.);
#10126=IFCFACE((#10125));
#10127=IFCPOLYLOOP((#9641,#9744,#9751));
#10128=IFCFACEOUTERBOUND(#10127,.T.);
#10129=IFCFACE((#10128));
#10130=IFCPOLYLOOP((#9641,#9749,#9744));
#10131=IFCFACEOUTERBOUND(#10130,.T.);
#10132=IFCFACE((#10131));
#10133=IFCPOLYLOOP((#9641,#9736,#9749));
#10134=IFCFACEOUTERBOUND(#10133,.T.);
#10135=IFCFACE((#10134));
#10136=IFCPOLYLOOP((#9736,#9641,#9713));
#10137=IFCFACEOUTERBOUND(#10136,.T.);
#10138=IFCFACE((#10137));
#10139=IFCPOLYLOOP((#9713,#9641,#9714));
#10140=IFCFACEOUTERBOUND(#10139,.T.);
#10141=IFCFACE((#10140));
#10142=IFCPOLYLOOP((#9714,#9641,#9640));
#10143=IFCFACEOUTERBOUND(#10142,.T.);
#10144=IFCFACE((#10143));
#10145=IFCPOLYLOOP((#9714,#9640,#9645));
#10146=IFCFACEOUTERBOUND(#10145,.T.);
#10147=IFCFACE((#10146));
#10148=IFCPOLYLOOP((#9645,#9650,#9660));
#10149=IFCFACEOUTERBOUND(#10148,.T.);
#10150=IFCFACE((#10149));
#10151=IFCPOLYLOOP((#9714,#9645,#9713));
#10152=IFCFACEOUTERBOUND(#10151,.T.);
#10153=IFCFACE((#10152));
#10154=IFCPOLYLOOP((#9659,#9713,#9645));
#10155=IFCFACEOUTERBOUND(#10154,.T.);
#10156=IFCFACE((#10155));
#10157=IFCPOLYLOOP((#9645,#9660,#9672));
#10158=IFCFACEOUTERBOUND(#10157,.T.);
#10159=IFCFACE((#10158));
#10160=IFCPOLYLOOP((#9645,#9672,#9666));
#10161=IFCFACEOUTERBOUND(#10160,.T.);
#10162=IFCFACE((#10161));
#10163=IFCPOLYLOOP((#9645,#9666,#9669));
#10164=IFCFACEOUTERBOUND(#10163,.T.);
#10165=IFCFACE((#10164));
#10166=IFCPOLYLOOP((#9645,#9669,#9675));
#10167=IFCFACEOUTERBOUND(#10166,.T.);
#10168=IFCFACE((#10167));
#10169=IFCPOLYLOOP((#9645,#9675,#9659));
#10170=IFCFACEOUTERBOUND(#10169,.T.);
#10171=IFCFACE((#10170));
#10172=IFCPOLYLOOP((#9712,#9713,#9659));
#10173=IFCFACEOUTERBOUND(#10172,.T.);
#10174=IFCFACE((#10173));
#10175=IFCPOLYLOOP((#9711,#9712,#9659));
#10176=IFCFACEOUTERBOUND(#10175,.T.);
#10177=IFCFACE((#10176));
#10178=IFCPOLYLOOP((#9712,#9711,#9736));
#10179=IFCFACEOUTERBOUND(#10178,.T.);
#10180=IFCFACE((#10179));
#10181=IFCPOLYLOOP((#9712,#9736,#9713));
#10182=IFCFACEOUTERBOUND(#10181,.T.);
#10183=IFCFACE((#10182));
#10184=IFCPOLYLOOP((#9700,#9718,#9719));
#10185=IFCFACEOUTERBOUND(#10184,.T.);
#10186=IFCFACE((#10185));
#10187=IFCPOLYLOOP((#9700,#9719,#9720));
#10188=IFCFACEOUTERBOUND(#10187,.T.);
#10189=IFCFACE((#10188));
#10190=IFCPOLYLOOP((#9718,#9700,#9660));
#10191=IFCFACEOUTERBOUND(#10190,.T.);
#10192=IFCFACE((#10191));
#10193=IFCPOLYLOOP((#9720,#9694,#9700));
#10194=IFCFACEOUTERBOUND(#10193,.T.);
#10195=IFCFACE((#10194));
#10196=IFCPOLYLOOP((#9774,#9719,#9718));
#10197=IFCFACEOUTERBOUND(#10196,.T.);
#10198=IFCFACE((#10197));
#10199=IFCPOLYLOOP((#9718,#9735,#9774));
#10200=IFCFACEOUTERBOUND(#10199,.T.);
#10201=IFCFACE((#10200));
#10202=IFCPOLYLOOP((#9720,#9774,#9773));
#10203=IFCFACEOUTERBOUND(#10202,.T.);
#10204=IFCFACE((#10203));
#10205=IFCPOLYLOOP((#9774,#9720,#9719));
#10206=IFCFACEOUTERBOUND(#10205,.T.);
#10207=IFCFACE((#10206));
#10208=IFCPOLYLOOP((#9693,#9721,#9722));
#10209=IFCFACEOUTERBOUND(#10208,.T.);
#10210=IFCFACE((#10209));
#10211=IFCPOLYLOOP((#9721,#9693,#9692));
#10212=IFCFACEOUTERBOUND(#10211,.T.);
#10213=IFCFACE((#10212));
#10214=IFCPOLYLOOP((#9722,#9659,#9693));
#10215=IFCFACEOUTERBOUND(#10214,.T.);
#10216=IFCFACE((#10215));
#10217=IFCPOLYLOOP((#9767,#9722,#9721));
#10218=IFCFACEOUTERBOUND(#10217,.T.);
#10219=IFCFACE((#10218));
#10220=IFCPOLYLOOP((#9721,#9768,#9767));
#10221=IFCFACEOUTERBOUND(#10220,.T.);
#10222=IFCFACE((#10221));
#10223=IFCPOLYLOOP((#9722,#9767,#9736));
#10224=IFCFACEOUTERBOUND(#10223,.T.);
#10225=IFCFACE((#10224));
#10226=IFCPOLYLOOP((#9736,#9711,#9722));
#10227=IFCFACEOUTERBOUND(#10226,.T.);
#10228=IFCFACE((#10227));
#10229=IFCPOLYLOOP((#9659,#9722,#9711));
#10230=IFCFACEOUTERBOUND(#10229,.T.);
#10231=IFCFACE((#10230));
#10232=IFCPOLYLOOP((#9728,#9721,#9692));
#10233=IFCFACEOUTERBOUND(#10232,.T.);
#10234=IFCFACE((#10233));
#10235=IFCPOLYLOOP((#9703,#9728,#9692));
#10236=IFCFACEOUTERBOUND(#10235,.T.);
#10237=IFCFACE((#10236));
#10238=IFCPOLYLOOP((#9703,#9727,#9728));
#10239=IFCFACEOUTERBOUND(#10238,.T.);
#10240=IFCFACE((#10239));
#10241=IFCPOLYLOOP((#9728,#9768,#9721));
#10242=IFCFACEOUTERBOUND(#10241,.T.);
#10243=IFCFACE((#10242));
#10244=IFCPOLYLOOP((#9781,#9768,#9728));
#10245=IFCFACEOUTERBOUND(#10244,.T.);
#10246=IFCFACE((#10245));
#10247=IFCPOLYLOOP((#9781,#9728,#9727));
#10248=IFCFACEOUTERBOUND(#10247,.T.);
#10249=IFCFACE((#10248));
#10250=IFCPOLYLOOP((#9727,#9703,#9726));
#10251=IFCFACEOUTERBOUND(#10250,.T.);
#10252=IFCFACE((#10251));
#10253=IFCPOLYLOOP((#9781,#9727,#9726));
#10254=IFCFACEOUTERBOUND(#10253,.T.);
#10255=IFCFACE((#10254));
#10256=IFCPOLYLOOP((#9726,#9703,#9644));
#10257=IFCFACEOUTERBOUND(#10256,.T.);
#10258=IFCFACE((#10257));
#10259=IFCPOLYLOOP((#9726,#9644,#9643));
#10260=IFCFACEOUTERBOUND(#10259,.T.);
#10261=IFCFACE((#10260));
#10262=IFCPOLYLOOP((#9726,#9642,#9781));
#10263=IFCFACEOUTERBOUND(#10262,.T.);
#10264=IFCFACE((#10263));
#10265=IFCPOLYLOOP((#9642,#9726,#9643));
#10266=IFCFACEOUTERBOUND(#10265,.T.);
#10267=IFCFACE((#10266));
#10268=IFCPOLYLOOP((#9642,#9782,#9781));
#10269=IFCFACEOUTERBOUND(#10268,.T.);
#10270=IFCFACE((#10269));
#10271=IFCPOLYLOOP((#9787,#9782,#9642));
#10272=IFCFACEOUTERBOUND(#10271,.T.);
#10273=IFCFACE((#10272));
#10274=IFCPOLYLOOP((#9642,#9647,#9787));
#10275=IFCFACEOUTERBOUND(#10274,.T.);
#10276=IFCFACE((#10275));
#10277=IFCPOLYLOOP((#9787,#9647,#9773));
#10278=IFCFACEOUTERBOUND(#10277,.T.);
#10279=IFCFACE((#10278));
#10280=IFCPOLYLOOP((#9724,#9773,#9647));
#10281=IFCFACEOUTERBOUND(#10280,.T.);
#10282=IFCFACE((#10281));
#10283=IFCPOLYLOOP((#9647,#9725,#9724));
#10284=IFCFACEOUTERBOUND(#10283,.T.);
#10285=IFCFACE((#10284));
#10286=IFCPOLYLOOP((#9725,#9647,#9646));
#10287=IFCFACEOUTERBOUND(#10286,.T.);
#10288=IFCFACE((#10287));
#10289=IFCPOLYLOOP((#9651,#9725,#9646));
#10290=IFCFACEOUTERBOUND(#10289,.T.);
#10291=IFCFACE((#10290));
#10292=IFCPOLYLOOP((#9724,#9725,#9651));
#10293=IFCFACEOUTERBOUND(#10292,.T.);
#10294=IFCFACE((#10293));
#10295=IFCPOLYLOOP((#9651,#9644,#9707));
#10296=IFCFACEOUTERBOUND(#10295,.T.);
#10297=IFCFACE((#10296));
#10298=IFCPOLYLOOP((#9694,#9724,#9651));
#10299=IFCFACEOUTERBOUND(#10298,.T.);
#10300=IFCFACE((#10299));
#10301=IFCPOLYLOOP((#9707,#9694,#9651));
#10302=IFCFACEOUTERBOUND(#10301,.T.);
#10303=IFCFACE((#10302));
#10304=IFCPOLYLOOP((#9723,#9724,#9694));
#10305=IFCFACEOUTERBOUND(#10304,.T.);
#10306=IFCFACE((#10305));
#10307=IFCPOLYLOOP((#9720,#9723,#9694));
#10308=IFCFACEOUTERBOUND(#10307,.T.);
#10309=IFCFACE((#10308));
#10310=IFCPOLYLOOP((#9723,#9720,#9773));
#10311=IFCFACEOUTERBOUND(#10310,.T.);
#10312=IFCFACE((#10311));
#10313=IFCPOLYLOOP((#9724,#9723,#9773));
#10314=IFCFACEOUTERBOUND(#10313,.T.);
#10315=IFCFACE((#10314));
#10316=IFCPOLYLOOP((#9702,#9644,#9703));
#10317=IFCFACEOUTERBOUND(#10316,.T.);
#10318=IFCFACE((#10317));
#10319=IFCPOLYLOOP((#9707,#9644,#9702));
#10320=IFCFACEOUTERBOUND(#10319,.T.);
#10321=IFCFACE((#10320));
#10322=IFCPOLYLOOP((#9757,#9729,#9756));
#10323=IFCFACEOUTERBOUND(#10322,.T.);
#10324=IFCFACE((#10323));
#10325=IFCPOLYLOOP((#9754,#9733,#9734));
#10326=IFCFACEOUTERBOUND(#10325,.T.);
#10327=IFCFACE((#10326));
#10328=IFCPOLYLOOP((#9736,#9752,#9749));
#10329=IFCFACEOUTERBOUND(#10328,.T.);
#10330=IFCFACE((#10329));
#10331=IFCPOLYLOOP((#9740,#9748,#9739));
#10332=IFCFACEOUTERBOUND(#10331,.T.);
#10333=IFCFACE((#10332));
#10334=IFCPOLYLOOP((#9748,#9752,#9738));
#10335=IFCFACEOUTERBOUND(#10334,.T.);
#10336=IFCFACE((#10335));
#10337=IFCPOLYLOOP((#9743,#9745,#9748));
#10338=IFCFACEOUTERBOUND(#10337,.T.);
#10339=IFCFACE((#10338));
#10340=IFCPOLYLOOP((#9746,#9749,#9752));
#10341=IFCFACEOUTERBOUND(#10340,.T.);
#10342=IFCFACE((#10341));
#10343=IFCPOLYLOOP((#9754,#9734,#9735));
#10344=IFCFACEOUTERBOUND(#10343,.T.);
#10345=IFCFACE((#10344));
#10346=IFCPOLYLOOP((#9748,#9746,#9752));
#10347=IFCFACEOUTERBOUND(#10346,.T.);
#10348=IFCFACE((#10347));
#10349=IFCPOLYLOOP((#9758,#9749,#9746));
#10350=IFCFACEOUTERBOUND(#10349,.T.);
#10351=IFCFACE((#10350));
#10352=IFCPOLYLOOP((#9747,#9754,#9755));
#10353=IFCFACEOUTERBOUND(#10352,.T.);
#10354=IFCFACE((#10353));
#10355=IFCPOLYLOOP((#9750,#9753,#9747));
#10356=IFCFACEOUTERBOUND(#10355,.T.);
#10357=IFCFACE((#10356));
#10358=IFCPOLYLOOP((#9756,#9747,#9755));
#10359=IFCFACEOUTERBOUND(#10358,.T.);
#10360=IFCFACE((#10359));
#10361=IFCPOLYLOOP((#9737,#9752,#9736));
#10362=IFCFACEOUTERBOUND(#10361,.T.);
#10363=IFCFACE((#10362));
#10364=IFCPOLYLOOP((#9742,#9743,#9741));
#10365=IFCFACEOUTERBOUND(#10364,.T.);
#10366=IFCFACE((#10365));
#10367=IFCPOLYLOOP((#9757,#9748,#9745));
#10368=IFCFACEOUTERBOUND(#10367,.T.);
#10369=IFCFACE((#10368));
#10370=IFCPOLYLOOP((#9753,#9730,#9731));
#10371=IFCFACEOUTERBOUND(#10370,.T.);
#10372=IFCFACE((#10371));
#10373=IFCPOLYLOOP((#9739,#9748,#9738));
#10374=IFCFACEOUTERBOUND(#10373,.T.);
#10375=IFCFACE((#10374));
#10376=IFCPOLYLOOP((#9751,#9754,#9735));
#10377=IFCFACEOUTERBOUND(#10376,.T.);
#10378=IFCFACE((#10377));
#10379=IFCPOLYLOOP((#9732,#9733,#9753));
#10380=IFCFACEOUTERBOUND(#10379,.T.);
#10381=IFCFACE((#10380));
#10382=IFCPOLYLOOP((#9750,#9730,#9753));
#10383=IFCFACEOUTERBOUND(#10382,.T.);
#10384=IFCFACE((#10383));
#10385=IFCPOLYLOOP((#9754,#9747,#9753));
#10386=IFCFACEOUTERBOUND(#10385,.T.);
#10387=IFCFACE((#10386));
#10388=IFCPOLYLOOP((#9747,#9729,#9750));
#10389=IFCFACEOUTERBOUND(#10388,.T.);
#10390=IFCFACE((#10389));
#10391=IFCPOLYLOOP((#9756,#9729,#9747));
#10392=IFCFACEOUTERBOUND(#10391,.T.);
#10393=IFCFACE((#10392));
#10394=IFCPOLYLOOP((#9741,#9748,#9740));
#10395=IFCFACEOUTERBOUND(#10394,.T.);
#10396=IFCFACE((#10395));
#10397=IFCPOLYLOOP((#9741,#9743,#9748));
#10398=IFCFACEOUTERBOUND(#10397,.T.);
#10399=IFCFACE((#10398));
#10400=IFCPOLYLOOP((#9753,#9731,#9732));
#10401=IFCFACEOUTERBOUND(#10400,.T.);
#10402=IFCFACE((#10401));
#10403=IFCPOLYLOOP((#9738,#9752,#9737));
#10404=IFCFACEOUTERBOUND(#10403,.T.);
#10405=IFCFACE((#10404));
#10406=IFCPOLYLOOP((#9754,#9753,#9733));
#10407=IFCFACEOUTERBOUND(#10406,.T.);
#10408=IFCFACE((#10407));
#10409=IFCPOLYLOOP((#9755,#9751,#9744));
#10410=IFCFACEOUTERBOUND(#10409,.T.);
#10411=IFCFACE((#10410));
#10412=IFCPOLYLOOP((#9751,#9755,#9754));
#10413=IFCFACEOUTERBOUND(#10412,.T.);
#10414=IFCFACE((#10413));
#10415=IFCPOLYLOOP((#9758,#9755,#9744));
#10416=IFCFACEOUTERBOUND(#10415,.T.);
#10417=IFCFACE((#10416));
#10418=IFCPOLYLOOP((#9758,#9756,#9755));
#10419=IFCFACEOUTERBOUND(#10418,.T.);
#10420=IFCFACE((#10419));
#10421=IFCPOLYLOOP((#9757,#9746,#9748));
#10422=IFCFACEOUTERBOUND(#10421,.T.);
#10423=IFCFACE((#10422));
#10424=IFCPOLYLOOP((#9729,#9757,#9745));
#10425=IFCFACEOUTERBOUND(#10424,.T.);
#10426=IFCFACE((#10425));
#10427=IFCPOLYLOOP((#9756,#9746,#9757));
#10428=IFCFACEOUTERBOUND(#10427,.T.);
#10429=IFCFACE((#10428));
#10430=IFCPOLYLOOP((#9749,#9758,#9744));
#10431=IFCFACEOUTERBOUND(#10430,.T.);
#10432=IFCFACE((#10431));
#10433=IFCPOLYLOOP((#9756,#9758,#9746));
#10434=IFCFACEOUTERBOUND(#10433,.T.);
#10435=IFCFACE((#10434));
#10436=IFCPOLYLOOP((#9763,#9766,#9759,#9760));
#10437=IFCFACEOUTERBOUND(#10436,.T.);
#10438=IFCFACE((#10437));
#10439=IFCPOLYLOOP((#9762,#9760,#9761));
#10440=IFCFACEOUTERBOUND(#10439,.T.);
#10441=IFCFACE((#10440));
#10442=IFCPOLYLOOP((#9764,#9765,#9766));
#10443=IFCFACEOUTERBOUND(#10442,.T.);
#10444=IFCFACE((#10443));
#10445=IFCPOLYLOOP((#9760,#9730,#9750,#9729));
#10446=IFCFACEOUTERBOUND(#10445,.T.);
#10447=IFCFACE((#10446));
#10448=IFCPOLYLOOP((#9766,#9729,#9745,#9743));
#10449=IFCFACEOUTERBOUND(#10448,.T.);
#10450=IFCFACE((#10449));
#10451=IFCPOLYLOOP((#9730,#9760,#9762));
#10452=IFCFACEOUTERBOUND(#10451,.T.);
#10453=IFCFACE((#10452));
#10454=IFCPOLYLOOP((#9729,#9763,#9760));
#10455=IFCFACEOUTERBOUND(#10454,.T.);
#10456=IFCFACE((#10455));
#10457=IFCPOLYLOOP((#9729,#9766,#9763));
#10458=IFCFACEOUTERBOUND(#10457,.T.);
#10459=IFCFACE((#10458));
#10460=IFCPOLYLOOP((#9764,#9766,#9743));
#10461=IFCFACEOUTERBOUND(#10460,.T.);
#10462=IFCFACE((#10461));
#10463=IFCPOLYLOOP((#9767,#9768,#9769));
#10464=IFCFACEOUTERBOUND(#10463,.T.);
#10465=IFCFACE((#10464));
#10466=IFCPOLYLOOP((#9767,#9769,#9737));
#10467=IFCFACEOUTERBOUND(#10466,.T.);
#10468=IFCFACE((#10467));
#10469=IFCPOLYLOOP((#9737,#9769,#9770));
#10470=IFCFACEOUTERBOUND(#10469,.T.);
#10471=IFCFACE((#10470));
#10472=IFCPOLYLOOP((#9737,#9736,#9767));
#10473=IFCFACEOUTERBOUND(#10472,.T.);
#10474=IFCFACE((#10473));
#10475=IFCPOLYLOOP((#9771,#9739,#9738));
#10476=IFCFACEOUTERBOUND(#10475,.T.);
#10477=IFCFACE((#10476));
#10478=IFCPOLYLOOP((#9737,#9770,#9738));
#10479=IFCFACEOUTERBOUND(#10478,.T.);
#10480=IFCFACE((#10479));
#10481=IFCPOLYLOOP((#9738,#9770,#9771));
#10482=IFCFACEOUTERBOUND(#10481,.T.);
#10483=IFCFACE((#10482));
#10484=IFCPOLYLOOP((#9739,#9772,#9740));
#10485=IFCFACEOUTERBOUND(#10484,.T.);
#10486=IFCFACE((#10485));
#10487=IFCPOLYLOOP((#9772,#9739,#9771));
#10488=IFCFACEOUTERBOUND(#10487,.T.);
#10489=IFCFACE((#10488));
#10490=IFCPOLYLOOP((#9740,#9772,#9741));
#10491=IFCFACEOUTERBOUND(#10490,.T.);
#10492=IFCFACE((#10491));
#10493=IFCPOLYLOOP((#9764,#9772,#9765));
#10494=IFCFACEOUTERBOUND(#10493,.T.);
#10495=IFCFACE((#10494));
#10496=IFCPOLYLOOP((#9742,#9741,#9764));
#10497=IFCFACEOUTERBOUND(#10496,.T.);
#10498=IFCFACE((#10497));
#10499=IFCPOLYLOOP((#9764,#9743,#9742));
#10500=IFCFACEOUTERBOUND(#10499,.T.);
#10501=IFCFACE((#10500));
#10502=IFCPOLYLOOP((#9741,#9772,#9764));
#10503=IFCFACEOUTERBOUND(#10502,.T.);
#10504=IFCFACE((#10503));
#10505=IFCPOLYLOOP((#9761,#9775,#9762));
#10506=IFCFACEOUTERBOUND(#10505,.T.);
#10507=IFCFACE((#10506));
#10508=IFCPOLYLOOP((#9732,#9776,#9733));
#10509=IFCFACEOUTERBOUND(#10508,.T.);
#10510=IFCFACE((#10509));
#10511=IFCPOLYLOOP((#9775,#9776,#9732));
#10512=IFCFACEOUTERBOUND(#10511,.T.);
#10513=IFCFACE((#10512));
#10514=IFCPOLYLOOP((#9730,#9762,#9731));
#10515=IFCFACEOUTERBOUND(#10514,.T.);
#10516=IFCFACE((#10515));
#10517=IFCPOLYLOOP((#9731,#9762,#9775));
#10518=IFCFACEOUTERBOUND(#10517,.T.);
#10519=IFCFACE((#10518));
#10520=IFCPOLYLOOP((#9775,#9732,#9731));
#10521=IFCFACEOUTERBOUND(#10520,.T.);
#10522=IFCFACE((#10521));
#10523=IFCPOLYLOOP((#9776,#9777,#9733));
#10524=IFCFACEOUTERBOUND(#10523,.T.);
#10525=IFCFACE((#10524));
#10526=IFCPOLYLOOP((#9734,#9778,#9779));
#10527=IFCFACEOUTERBOUND(#10526,.T.);
#10528=IFCFACE((#10527));
#10529=IFCPOLYLOOP((#9779,#9780,#9774));
#10530=IFCFACEOUTERBOUND(#10529,.T.);
#10531=IFCFACE((#10530));
#10532=IFCPOLYLOOP((#9773,#9774,#9780));
#10533=IFCFACEOUTERBOUND(#10532,.T.);
#10534=IFCFACE((#10533));
#10535=IFCPOLYLOOP((#9733,#9778,#9734));
#10536=IFCFACEOUTERBOUND(#10535,.T.);
#10537=IFCFACE((#10536));
#10538=IFCPOLYLOOP((#9774,#9735,#9734));
#10539=IFCFACEOUTERBOUND(#10538,.T.);
#10540=IFCFACE((#10539));
#10541=IFCPOLYLOOP((#9779,#9774,#9734));
#10542=IFCFACEOUTERBOUND(#10541,.T.);
#10543=IFCFACE((#10542));
#10544=IFCPOLYLOOP((#9778,#9733,#9777));
#10545=IFCFACEOUTERBOUND(#10544,.T.);
#10546=IFCFACE((#10545));
#10547=IFCPOLYLOOP((#9784,#9770,#9769));
#10548=IFCFACEOUTERBOUND(#10547,.T.);
#10549=IFCFACE((#10548));
#10550=IFCPOLYLOOP((#9771,#9786,#9772));
#10551=IFCFACEOUTERBOUND(#10550,.T.);
#10552=IFCFACE((#10551));
#10553=IFCPOLYLOOP((#9771,#9784,#9786));
#10554=IFCFACEOUTERBOUND(#10553,.T.);
#10555=IFCFACE((#10554));
#10556=IFCPOLYLOOP((#9786,#9765,#9772));
#10557=IFCFACEOUTERBOUND(#10556,.T.);
#10558=IFCFACE((#10557));
#10559=IFCPOLYLOOP((#9785,#9766,#9786));
#10560=IFCFACEOUTERBOUND(#10559,.T.);
#10561=IFCFACE((#10560));
#10562=IFCPOLYLOOP((#9766,#9765,#9786));
#10563=IFCFACEOUTERBOUND(#10562,.T.);
#10564=IFCFACE((#10563));
#10565=IFCPOLYLOOP((#9785,#9784,#9783));
#10566=IFCFACEOUTERBOUND(#10565,.T.);
#10567=IFCFACE((#10566));
#10568=IFCPOLYLOOP((#9769,#9768,#9781));
#10569=IFCFACEOUTERBOUND(#10568,.T.);
#10570=IFCFACE((#10569));
#10571=IFCPOLYLOOP((#9769,#9781,#9784));
#10572=IFCFACEOUTERBOUND(#10571,.T.);
#10573=IFCFACE((#10572));
#10574=IFCPOLYLOOP((#9781,#9782,#9787,#9789));
#10575=IFCFACEOUTERBOUND(#10574,.T.);
#10576=IFCFACE((#10575));
#10577=IFCPOLYLOOP((#9783,#9784,#9781));
#10578=IFCFACEOUTERBOUND(#10577,.T.);
#10579=IFCFACE((#10578));
#10580=IFCPOLYLOOP((#9785,#9786,#9784));
#10581=IFCFACEOUTERBOUND(#10580,.T.);
#10582=IFCFACE((#10581));
#10583=IFCPOLYLOOP((#9785,#9783,#9760,#9759,#9766));
#10584=IFCFACEOUTERBOUND(#10583,.T.);
#10585=IFCFACE((#10584));
#10586=IFCPOLYLOOP((#9770,#9784,#9771));
#10587=IFCFACEOUTERBOUND(#10586,.T.);
#10588=IFCFACE((#10587));
#10589=IFCPOLYLOOP((#9787,#9790,#9789));
#10590=IFCFACEOUTERBOUND(#10589,.T.);
#10591=IFCFACE((#10590));
#10592=IFCPOLYLOOP((#9776,#9788,#9777));
#10593=IFCFACEOUTERBOUND(#10592,.T.);
#10594=IFCFACE((#10593));
#10595=IFCPOLYLOOP((#9776,#9775,#9760));
#10596=IFCFACEOUTERBOUND(#10595,.T.);
#10597=IFCFACE((#10596));
#10598=IFCPOLYLOOP((#9761,#9760,#9775));
#10599=IFCFACEOUTERBOUND(#10598,.T.);
#10600=IFCFACE((#10599));
#10601=IFCPOLYLOOP((#9776,#9760,#9788));
#10602=IFCFACEOUTERBOUND(#10601,.T.);
#10603=IFCFACE((#10602));
#10604=IFCPOLYLOOP((#9783,#9788,#9760));
#10605=IFCFACEOUTERBOUND(#10604,.T.);
#10606=IFCFACE((#10605));
#10607=IFCPOLYLOOP((#9790,#9779,#9778));
#10608=IFCFACEOUTERBOUND(#10607,.T.);
#10609=IFCFACE((#10608));
#10610=IFCPOLYLOOP((#9790,#9787,#9773));
#10611=IFCFACEOUTERBOUND(#10610,.T.);
#10612=IFCFACE((#10611));
#10613=IFCPOLYLOOP((#9780,#9790,#9773));
#10614=IFCFACEOUTERBOUND(#10613,.T.);
#10615=IFCFACE((#10614));
#10616=IFCPOLYLOOP((#9789,#9790,#9788));
#10617=IFCFACEOUTERBOUND(#10616,.T.);
#10618=IFCFACE((#10617));
#10619=IFCPOLYLOOP((#9777,#9788,#9778));
#10620=IFCFACEOUTERBOUND(#10619,.T.);
#10621=IFCFACE((#10620));
#10622=IFCPOLYLOOP((#9789,#9788,#9783));
#10623=IFCFACEOUTERBOUND(#10622,.T.);
#10624=IFCFACE((#10623));
#10625=IFCPOLYLOOP((#9778,#9788,#9790));
#10626=IFCFACEOUTERBOUND(#10625,.T.);
#10627=IFCFACE((#10626));
#10628=IFCPOLYLOOP((#9779,#9790,#9780));
#10629=IFCFACEOUTERBOUND(#10628,.T.);
#10630=IFCFACE((#10629));
#10631=IFCPOLYLOOP((#9642,#9641,#9648,#9647));
#10632=IFCFACEOUTERBOUND(#10631,.T.);
#10633=IFCFACE((#10632));
#10634=IFCPOLYLOOP((#9645,#9644,#9651,#9650));
#10635=IFCFACEOUTERBOUND(#10634,.T.);
#10636=IFCFACE((#10635));
#10637=IFCPOLYLOOP((#9708,#9705,#9680));
#10638=IFCFACEOUTERBOUND(#10637,.T.);
#10639=IFCFACE((#10638));
#10640=IFCPOLYLOOP((#9781,#9789,#9783));
#10641=IFCFACEOUTERBOUND(#10640,.T.);
#10642=IFCFACE((#10641));
#10643=IFCCONNECTEDFACESET((#53,#58,#63,#66,#69,#72));
#10644=IFCCONNECTEDFACESET((#89,#92,#95,#98,#101,#104,#107,#110,#113,#116,#119,#122,#125,#128,#131,#134,#137,#140,#143));
#10645=IFCCONNECTEDFACESET((#160,#163,#166,#169,#172,#175,#178,#181,#184,#187,#190,#193,#196,#199,#202,#205,#208,#211,#214));
#10646=IFCCONNECTEDFACESET((#231,#234,#237,#240,#243,#246,#249,#252,#255,#258,#261,#264,#267,#270,#273,#276,#279));
#10647=IFCCONNECTEDFACESET((#296,#299,#302,#305,#308,#311,#314,#317,#320,#323,#326,#329,#332,#335,#338,#341,#344));
#10648=IFCCONNECTEDFACESET((#361,#364,#367,#370,#373,#376,#379,#382,#385,#388,#391,#394,#397,#400,#403,#406,#409));
#10649=IFCCONNECTEDFACESET((#426,#429,#432,#435,#438,#441,#444,#447,#450,#453,#456,#459,#462,#465,#468,#471,#474,#477,#480));
#10650=IFCCONNECTEDFACESET((#497,#500,#503,#506,#509,#512,#515,#518,#521,#524,#527,#530,#533,#536,#539,#542,#545,#548,#551));
#10651=IFCCONNECTEDFACESET((#748,#751,#754,#757,#760,#763,#766,#769,#772,#775,#778,#781,#784,#787,#790,#793,#796,#799,#802,#805,#808,#811,#814,#817,#820,#823,#826,#829,#832,#835,#838,#841,#844,#847,#850,#853,#856,#859,#862,#865,#868,#871,#874,#877,#880,#883,#886,#889,#892,#895,#898,#901,#904,#907,#910,#913,#916,#919,#922,#925,#928,#931,#934,#937,#940,#943,#946,#949,#952,#955,#958,#961,#964,#967,#970,#973,#976,#979,#982,#985,#988,#991,#994,#997,#1000,#1003,#1006,#1009,#1012,#1015,#1018,#1021,#1024,#1027,#1030,#1033,#1036,#1039,#1042,#1045,#1048,#1051,#1054,#1057,#1060,#1063,#1066,#1069,#1072,#1075,#1078,#1081,#1084,#1087,#1090,#1093,#1096,#1099,#1102,#1105,#1108,#1111,#1114,#1117,#1120,#1123,#1126,#1129,#1132,#1135,#1138,#1141,#1144,#1147,#1150,#1153,#1156,#1159,#1162,#1165,#1168,#1171,#1174,#1177,#1180,#1183,#1186,#1189,#1192,#1195,#1198,#1201,#1204,#1207,#1210,#1213,#1216,#1219,#1222,#1225,#1228,#1231,#1234,#1237,#1240,#1243,#1246,#1249,#1252,#1255,#1258,#1261,#1264,#1267,#1270,#1273,#1276,#1279,#1282,#1285,#1288,#1291,#1294,#1297,#1300,#1303,#1306,#1309,#1312,#1315,#1318,#1321,#1324,#1327,#1330,#1333,#1336,#1339,#1342,#1345,#1348,#1351,#1354,#1357,#1360,#1363,#1366,#1369,#1372,#1375,#1378,#1381,#1384,#1387,#1390,#1393,#1396,#1399,#1402,#1405,#1408,#1411,#1414,#1417,#1420,#1423,#1426,#1429,#1432,#1435,#1438,#1441,#1444,#1447,#1450,#1453,#1456,#1459,#1462,#1465,#1468,#1471,#1474,#1477,#1480,#1483,#1486,#1489,#1492,#1495,#1498,#1501,#1504,#1507,#1510,#1513,#1516,#1519,#1522,#1525,#1528,#1531,#1534,#1537,#1540,#1543,#1546));
#10652=IFCCONNECTEDFACESET((#1553,#1558,#1563,#1566,#1569,#1572));
#10653=IFCCONNECTEDFACESET((#1607,#1610,#1613,#1616,#1619,#1622,#1625,#1628,#1631,#1634,#1637,#1640,#1643,#1646,#1649,#1652,#1655,#1658,#1661,#1664,#1667,#1670,#1673,#1676,#1679,#1682,#1685,#1688,#1691,#1694,#1697,#1700,#1703,#1706,#1709));
#10654=IFCCONNECTEDFACESET((#1716,#1721,#1726,#1729,#1732,#1735));
#10655=IFCCONNECTEDFACESET((#1742,#1747,#1752,#1755,#1758,#1761));
#10656=IFCCONNECTEDFACESET((#1816,#1819,#1822,#1825,#1828,#1831,#1834,#1837,#1840,#1843,#1846,#1849,#1852,#1855,#1858,#1861,#1864,#1867,#1870,#1873,#1876,#1879,#1882,#1885,#1888,#1891,#1894,#1897,#1900,#1903,#1906,#1909,#1912,#1915,#1918,#1921,#1924,#1927,#1930,#1933,#1936,#1939,#1942,#1945,#1948,#1951,#1954,#1957,#1960,#1963,#1966,#1969,#1972,#1975,#1978,#1981,#1984,#1987,#1990,#1993,#1996,#1999,#2002,#2005,#2008,#2011,#2014,#2017,#2020,#2023,#2026,#2029,#2032,#2035,#2038,#2041,#2044,#2047));
#10657=IFCCONNECTEDFACESET((#2102,#2105,#2108,#2111,#2114,#2117,#2120,#2123,#2126,#2129,#2132,#2135,#2138,#2141,#2144,#2147,#2150,#2153,#2156,#2159,#2162,#2165,#2168,#2171,#2174,#2177,#2180,#2183,#2186,#2189,#2192,#2195,#2198,#2201,#2204,#2207,#2210,#2213,#2216,#2219,#2222,#2225,#2228,#2231,#2234,#2237,#2240,#2243,#2246,#2249,#2252,#2255,#2258,#2261,#2264,#2267,#2270,#2273,#2276,#2279,#2282,#2285,#2288,#2291,#2294,#2297,#2300,#2303,#2306,#2309,#2312,#2315,#2318,#2321,#2324,#2327,#2330,#2333));
#10658=IFCCONNECTEDFACESET((#2557,#2560,#2563,#2566,#2569,#2572,#2575,#2578,#2581,#2584,#2587,#2590,#2593,#2596,#2599,#2602,#2605,#2608,#2611,#2614,#2617,#2620,#2623,#2626,#2629,#2632,#2635,#2638,#2641,#2644,#2647,#2650,#2653,#2656,#2659,#2662,#2665,#2668,#2671,#2674,#2677,#2680,#2683,#2686,#2689,#2692,#2695,#2698,#2701,#2704,#2707,#2710,#2713,#2716,#2719,#2722,#2725,#2728,#2731,#2734,#2737,#2740,#2743,#2746,#2749,#2752,#2755,#2758,#2761,#2764,#2767,#2770,#2773,#2776,#2779,#2782,#2785,#2788,#2791,#2794,#2797,#2800,#2803,#2806,#2809,#2812,#2815,#2818,#2821,#2824,#2827,#2830,#2833,#2836,#2839,#2842,#2845,#2848,#2851,#2854,#2857,#2860,#2863,#2866,#2869,#2872,#2875,#2878,#2881,#2884,#2887,#2890,#2893,#2896,#2899,#2902,#2905,#2908,#2911,#2914,#2917,#2920,#2923,#2926,#2929,#2932,#2935,#2938,#2941,#2944,#2947,#2950,#2953,#2956,#2959,#2962,#2965,#2968,#2971,#2974,#2977,#2980,#2983,#2986,#2989,#2992,#2995,#2998,#3001,#3004,#3007,#3010,#3013,#3016,#3019,#3022,#3025,#3028,#3031,#3034,#3037,#3040,#3043,#3046,#3049,#3052,#3055,#3058,#3061,#3064,#3067,#3070,#3073,#3076,#3079,#3082,#3085,#3088,#3091,#3094,#3097,#3100,#3103,#3106,#3109,#3112,#3115,#3118,#3121,#3124,#3127,#3130,#3133,#3136,#3139,#3142,#3145,#3148,#3151,#3154,#3157,#3160,#3163,#3166,#3169,#3172,#3175,#3178,#3181,#3184,#3187,#3190,#3193,#3196,#3199,#3202,#3205,#3208,#3211,#3214,#3217,#3220,#3223,#3226,#3229,#3232,#3235,#3238,#3241,#3244,#3247,#3250,#3253,#3256,#3259,#3262,#3265,#3268,#3271,#3274,#3277,#3280,#3283,#3286,#3289,#3292,#3295,#3298,#3301,#3304,#3307,#3310,#3313,#3316,#3319,#3322,#3325,#3328,#3331,#3334,#3337,#3340,#3343,#3346,#3349,#3352,#3355,#3358,#3361,#3364,#3367,#3370,#3373,#3376,#3379,#3382,#3385,#3388,#3391,#3394,#3397,#3400,#3403,#3406,#3409,#3412,#3415,#3418,#3421,#3424,#3427,#3430,#3433,#3436,#3439,#3442,#3445,#3448,#3451,#3454,#3457,#3460,#3463,#3466));
#10659=IFCCONNECTEDFACESET((#3473,#3478,#3483,#3486,#3489,#3492));
#10660=IFCCONNECTEDFACESET((#3499,#3504,#3509,#3512,#3515,#3518));
#10661=IFCCONNECTEDFACESET((#4495,#4498,#4501,#4504,#4507,#4510,#4513,#4516,#4519,#4522,#4525,#4528,#4531,#4534,#4537,#4540,#4543,#4546,#4549,#4552,#4555,#4558,#4561,#4564,#4567,#4570,#4573,#4576,#4579,#4582,#4585,#4588,#4591,#4594,#4597,#4600,#4603,#4606,#4609,#4612,#4615,#4618,#4621,#4624,#4627,#4630,#4633,#4636,#4639,#4642,#4645,#4648,#4651,#4654,#4657,#4660,#4663,#4666,#4669,#4672,#4675,#4678,#4681,#4684,#4687,#4690,#4693,#4696,#4699,#4702,#4705,#4708,#4711,#4714,#4717,#4720,#4723,#4726,#4729,#4732,#4735,#4738,#4741,#4744,#4747,#4750,#4753,#4756,#4759,#4762,#4765,#4768,#4771,#4774,#4777,#4780,#4783,#4786,#4789,#4792,#4795,#4798,#4801,#4804,#4807,#4810,#4813,#4816,#4819,#4822,#4825,#4828,#4831,#4834,#4837,#4840,#4843,#4846,#4849,#4852,#4855,#4858,#4861,#4864,#4867,#4870,#4873,#4876,#4879,#4882,#4885,#4888,#4891,#4894,#4897,#4900,#4903,#4906,#4909,#4912,#4915,#4918,#4921,#4924,#4927,#4930,#4933,#4936,#4939,#4942,#4945,#4948,#4951,#4954,#4957,#4960,#4963,#4966,#4969,#4972,#4975,#4978,#4981,#4984,#4987,#4990,#4993,#4996,#4999,#5002,#5005,#5008,#5011,#5014,#5017,#5020,#5023,#5026,#5029,#5032,#5035,#5038,#5041,#5044,#5047,#5050,#5053,#5056,#5059,#5062,#5065,#5068,#5071,#5074,#5077,#5080,#5083,#5086,#5089,#5092,#5095,#5098,#5101,#5104,#5107,#5110,#5113,#5116,#5119,#5122,#5125,#5128,#5131,#5134,#5137,#5140,#5143,#5146,#5149,#5152,#5155,#5158,#5161,#5164,#5167,#5170,#5173,#5176,#5179,#5182,#5185,#5188,#5191,#5194,#5197,#5200,#5203,#5206,#5209,#5212,#5215,#5218,#5221,#5224,#5227,#5230,#5233,#5236,#5239,#5242,#5245,#5248,#5251,#5254,#5257,#5260,#5263,#5266,#5269,#5272,#5275,#5278,#5281,#5284,#5287,#5290,#5293,#5296,#5299,#5302,#5305,#5308,#5311,#5314,#5317,#5320,#5323,#5326,#5329,#5332,#5335,#5338,#5341,#5344,#5347,#5350,#5353,#5356,#5359,#5362,#5365,#5368,#5371,#5374,#5377,#5380,#5383,#5386,#5389,#5392,#5395,#5398,#5401,#5404,#5407,#5410,#5413,#5416,#5419,#5422,#5425,#5428,#5431,#5434,#5437,#5440,#5443,#5446,#5449,#5452,#5455,#5458,#5461,#5464,#5467,#5470,#5473,#5476,#5479,#5482,#5485,#5488,#5491,#5494,#5497,#5500,#5503,#5506,#5509,#5512,#5515,#5518,#5521,#5524,#5527,#5530,#5533,#5536,#5539,#5542,#5545,#5548,#5551,#5554,#5557,#5560,#5563,#5566,#5569,#5572,#5575,#5578,#5581,#5584,#5587,#5590,#5593,#5596,#5599,#5602,#5605,#5608,#5611,#5614,#5617,#5620,#5623,#5626,#5629,#5632,#5635,#5638,#5641,#5644,#5647,#5650,#5653,#5656,#5659,#5662,#5665,#5668,#5671,#5674,#5677,#5680,#5683,#5686,#5689,#5692,#5695,#5698,#5701,#5704,#5707,#5710,#5713,#5716,#5719,#5722,#5725,#5728,#5731,#5734,#5737,#5740,#5743,#5746,#5749,#5752,#5755,#5758,#5761,#5764,#5767,#5770,#5773,#5776,#5779,#5782,#5785,#5788,#5791,#5794,#5797,#5800,#5803,#5806,#5809,#5812,#5815,#5818,#5821,#5824,#5827,#5830,#5833,#5836,#5839,#5842,#5845,#5848,#5851,#5854,#5857,#5860,#5863,#5866,#5869,#5872,#5875,#5878,#5881,#5884,#5887,#5890,#5893,#5896,#5899,#5902,#5905,#5908,#5911,#5914,#5917,#5920,#5923,#5926,#5929,#5932,#5935,#5938,#5941,#5944,#5947,#5950,#5953,#5956,#5959,#5962,#5965,#5968,#5971,#5974,#5977,#5980,#5983,#5986,#5989,#5992,#5995,#5998,#6001,#6004,#6007,#6010,#6013,#6016,#6019,#6022,#6025,#6028,#6031,#6034,#6037,#6040,#6043,#6046,#6049,#6052,#6055,#6058,#6061,#6064,#6067,#6070,#6073,#6076,#6079,#6082,#6085,#6088,#6091,#6094,#6097,#6100,#6103,#6106,#6109,#6112,#6115,#6118,#6121,#6124,#6127,#6130,#6133,#6136,#6139,#6142,#6145,#6148,#6151,#6154,#6157,#6160,#6163,#6166,#6169,#6172,#6175,#6178,#6181,#6184,#6187,#6190,#6193,#6196,#6199,#6202,#6205,#6208,#6211,#6214,#6217,#6220,#6223,#6226,#6229,#6232,#6235,#6238,#6241,#6244,#6247,#6250,#6253,#6256,#6259,#6262,#6265,#6268,#6271,#6274,#6277,#6280,#6283,#6286,#6289,#6292,#6295,#6298,#6301,#6304,#6307,#6310,#6313,#6316,#6319,#6322,#6325,#6328,#6331,#6334,#6337,#6340,#6343,#6346,#6349,#6352,#6355,#6358,#6361,#6364,#6367,#6370,#6373,#6376,#6379,#6382,#6385,#6388,#6391,#6394,#6397,#6400,#6403,#6406,#6409,#6412,#6415,#6418,#6421,#6424,#6427,#6430,#6433,#6436,#6439,#6442,#6445,#6448,#6451,#6454,#6457,#6460,#6463,#6466,#6469,#6472,#6475,#6478,#6481,#6484,#6487,#6490,#6493,#6496,#6499,#6502,#6505,#6508,#6511,#6514,#6517,#6520,#6523,#6526,#6529,#6532,#6535,#6538,#6541,#6544,#6547,#6550,#6553,#6556,#6559,#6562,#6565,#6568,#6571,#6574,#6577,#6580,#6583,#6586,#6589,#6592,#6595,#6598,#6601,#6604,#6607,#6610,#6613,#6616,#6619,#6622,#6625,#6628,#6631,#6634,#6637,#6640,#6643,#6646,#6649,#6652,#6655,#6658,#6661,#6664,#6667,#6670,#6673,#6676,#6679,#6682,#6685,#6688,#6691,#6694,#6697,#6700,#6703,#6706,#6709,#6712,#6715,#6718,#6721,#6724,#6727,#6730,#6733,#6736,#6739,#6742,#6745,#6748,#6751,#6754,#6757,#6760,#6763,#6766,#6769,#6772,#6775,#6778,#6781,#6784,#6787,#6790,#6793,#6796,#6799,#6802,#6805,#6808,#6811,#6814,#6817,#6820,#6823,#6826,#6829,#6832,#6835,#6838,#6841,#6844,#6847,#6850,#6853,#6856,#6859,#6862,#6865,#6868,#6871,#6874,#6877,#6880,#6883,#6886,#6889,#6892,#6895,#6898,#6901,#6904,#6907,#6910,#6913,#6916,#6919,#6922,#6925,#6928,#6931,#6934,#6937,#6940,#6943,#6946,#6949,#6952,#6955,#6958,#6961,#6964,#6967,#6970,#6973,#6976,#6979,#6982,#6985,#6988,#6991,#6994,#6997,#7000,#7003,#7006,#7009,#7012,#7015,#7018,#7021,#7024,#7027,#7030,#7033,#7036,#7039,#7042,#7045,#7048,#7051,#7054,#7057,#7060,#7063,#7066,#7069,#7072,#7075,#7078,#7081,#7084,#7087,#7090,#7093,#7096,#7099,#7102,#7105,#7108,#7111,#7114,#7117,#7120,#7123,#7126,#7129,#7132,#7135,#7138,#7141,#7144,#7147,#7150,#7153,#7156,#7159,#7162,#7165,#7168,#7171,#7174,#7177,#7180,#7183,#7186,#7189,#7192,#7195,#7198,#7201,#7204,#7207,#7210,#7213,#7216,#7219,#7222,#7225,#7228,#7231,#7234,#7237,#7240,#7243,#7246,#7249,#7252,#7255,#7258,#7261,#7264,#7267,#7270,#7273,#7276,#7279,#7282,#7285,#7288,#7291,#7294,#7297,#7300,#7303,#7306,#7309,#7312,#7315,#7318,#7321,#7324,#7327,#7330,#7333,#7336,#7339,#7342,#7345,#7348,#7351,#7354,#7357,#7360,#7363,#7366,#7369,#7372,#7375,#7378,#7381,#7384,#7387,#7390,#7393,#7396,#7399,#7402,#7405,#7408,#7411,#7414,#7417,#7420,#7423,#7426,#7429,#7432,#7435,#7438,#7441,#7444,#7447,#7450,#7453,#7456,#7459,#7462,#7465,#7468,#7471,#7474,#7477,#7480,#7483,#7486,#7489,#7492,#7495,#7498,#7501,#7504,#7507,#7510,#7513,#7516,#7519,#7522,#7525,#7528,#7531,#7534,#7537,#7540,#7543,#7546,#7549,#7552,#7555,#7558,#7561,#7564,#7567,#7570,#7573,#7576,#7579,#7582,#7585,#7588,#7591,#7594,#7597,#7600,#7603,#7606,#7609,#7612,#7615,#7618,#7621,#7624,#7627,#7630,#7633,#7636,#7639,#7642,#7645,#7648,#7651,#7654,#7657,#7660,#7663,#7666,#7669,#7672,#7675,#7678,#7681,#7684,#7687,#7690,#7693,#7696,#7699,#7702,#7705,#7708,#7711,#7714,#7717,#7720,#7723,#7726,#7729,#7732,#7735,#7738,#7741,#7744,#7747,#7750,#7753,#7756,#7759,#7762,#7765,#7768,#7771,#7774,#7777,#7780,#7783,#7786,#7789,#7792,#7795,#7798,#7801,#7804,#7807,#7810,#7813,#7816,#7819,#7822,#7825,#7828,#7831,#7834,#7837,#7840,#7843,#7846,#7849,#7852,#7855,#7858,#7861,#7864,#7867,#7870,#7873,#7876,#7879,#7882,#7885,#7888,#7891,#7894,#7897,#7900,#7903,#7906,#7909,#7912,#7915,#7918,#7921,#7924,#7927,#7930,#7933,#7936,#7939,#7942,#7945,#7948,#7951,#7954,#7957,#7960,#7963,#7966,#7969,#7972,#7975,#7978,#7981,#7984,#7987,#7990,#7993,#7996,#7999,#8002,#8005,#8008,#8011,#8014,#8017,#8020,#8023,#8026,#8029,#8032,#8035,#8038,#8041,#8044,#8047,#8050,#8053,#8056,#8059,#8062,#8065,#8068,#8071,#8074,#8077,#8080,#8083,#8086,#8089,#8092,#8095,#8098,#8101,#8104,#8107,#8110,#8113,#8116,#8119,#8122,#8125,#8128,#8131,#8134,#8137,#8140,#8143,#8146,#8149,#8152,#8155,#8158,#8161,#8164,#8167,#8170,#8173,#8176,#8179,#8182,#8185,#8188,#8191,#8194,#8197,#8200,#8203,#8206,#8209,#8212,#8215,#8218,#8221,#8224,#8227,#8230,#8233,#8236,#8239,#8242,#8245,#8248,#8251,#8254,#8257,#8260,#8263,#8266,#8269,#8272,#8275,#8278,#8281,#8284,#8287,#8290,#8293,#8296,#8299,#8302,#8305,#8308,#8311,#8314,#8317,#8320,#8323,#8326,#8329,#8332,#8335,#8338,#8341,#8344,#8347,#8350,#8353,#8356,#8359,#8362,#8365,#8368,#8371,#8374,#8377,#8380,#8383,#8386,#8389,#8392,#8395,#8398,#8401,#8404,#8407,#8410,#8413,#8416,#8419,#8422,#8425,#8428,#8431,#8434,#8437,#8440,#8443,#8446,#8449,#8452,#8455,#8458,#8461,#8464,#8467,#8470,#8473,#8476,#8479,#8482,#8485,#8488,#8491,#8494,#8497,#8500,#8503,#8506,#8509,#8512,#8515,#8518,#8521,#8524,#8527,#8530,#8533,#8536,#8539,#8542,#8545,#8548,#8551,#8554,#8557,#8560,#8563,#8566,#8569,#8572,#8575,#8578,#8581,#8584,#8587,#8590,#8593,#8596,#8599,#8602,#8605,#8608,#8611,#8614,#8617,#8620,#8623,#8626,#8629,#8632,#8635,#8638,#8641,#8644,#8647,#8650,#8653,#8656,#8659,#8662,#8665,#8668,#8671,#8674,#8677,#8680,#8683,#8686,#8689,#8692,#8695,#8698,#8701,#8704,#8707,#8710,#8713,#8716,#8719,#8722,#8725,#8728,#8731,#8734,#8737,#8740,#8743,#8746,#8749,#8752,#8755,#8758,#8761,#8764,#8767,#8770,#8773,#8776,#8779,#8782,#8785,#8788,#8791,#8794,#8797,#8800,#8803,#8806,#8809,#8812,#8815,#8818,#8821,#8824,#8827,#8830,#8833,#8836,#8839,#8842,#8845,#8848,#8851,#8854,#8857,#8860,#8863,#8866,#8869,#8872,#8875,#8878,#8881,#8884,#8887,#8890,#8893,#8896,#8899,#8902,#8905,#8908,#8911,#8914,#8917,#8920,#8923,#8926,#8929,#8932,#8935,#8938,#8941,#8944,#8947,#8950,#8953,#8956,#8959,#8962,#8965,#8968,#8971,#8974,#8977,#8980,#8983,#8986,#8989,#8992,#8995,#8998,#9001,#9004,#9007,#9010,#9013,#9016,#9019,#9022,#9025,#9028,#9031,#9034,#9037,#9040,#9043,#9046,#9049,#9052,#9055,#9058,#9061,#9064,#9067,#9070,#9073,#9076,#9079,#9082,#9085,#9088,#9091,#9094,#9097,#9100,#9103,#9106,#9109,#9112,#9115,#9118,#9121,#9124,#9127,#9130,#9133,#9136,#9139,#9142,#9145,#9148,#9151,#9154,#9157,#9160,#9163,#9166,#9169,#9172,#9175,#9178,#9181,#9184,#9187,#9190,#9193,#9196,#9199,#9202,#9205,#9208,#9211,#9214,#9217,#9220,#9223,#9226,#9229,#9232,#9235,#9238,#9241,#9244,#9247,#9250,#9253,#9256,#9259,#9262,#9265,#9268,#9271,#9274,#9277,#9280,#9283,#9286,#9289,#9292,#9295,#9298,#9301,#9304,#9307,#9310,#9313,#9316,#9319,#9322,#9325,#9328,#9331,#9334,#9337,#9340,#9343,#9346,#9349,#9352,#9355,#9358,#9361,#9364,#9367,#9370,#9373,#9376,#9379,#9382,#9385,#9388,#9391,#9394,#9397,#9400,#9403,#9406,#9409,#9412,#9415,#9418,#9421,#9424,#9427,#9430,#9433,#9436,#9439,#9442,#9445,#9448,#9451,#9454,#9457,#9460,#9463,#9466,#9469,#9472,#9475,#9478,#9481,#9484,#9487,#9490,#9493,#9496,#9499,#9502,#9505,#9508,#9511,#9514,#9517,#9520,#9523,#9526,#9529,#9532,#9535,#9538,#9541,#9544,#9547,#9550,#9553,#9556,#9559,#9562,#9565,#9568,#9571,#9574,#9577,#9580,#9583,#9586,#9589,#9592,#9595,#9598,#9601,#9604,#9607,#9610,#9613));
#10662=IFCCONNECTEDFACESET((#9620,#9627,#9630,#9633,#9636,#9639));
#10663=IFCCONNECTEDFACESET((#9793,#9796,#9799,#9802,#9805,#9808,#9811,#9814,#9817,#9820,#9823,#9826,#9829,#9832,#9835,#9838,#9841,#9844,#9847,#9850,#9853,#9856,#9859,#9862,#9865,#9868,#9871,#9874,#9877,#9880,#9883,#9886,#9889,#9892,#9895,#9898,#9901,#9904,#9907,#9910,#9913,#9916,#9919,#9922,#9925,#9928,#9931,#9934,#9937,#9940,#9943,#9946,#9949,#9952,#9955,#9958,#9961,#9964,#9967,#9970,#9973,#9976,#9979,#9982,#9985,#9988,#9991,#9994,#9997,#10000,#10003,#10006,#10009,#10012,#10015,#10018,#10021,#10024,#10027,#10030,#10033,#10036,#10039,#10042,#10045,#10048,#10051,#10054,#10057,#10060,#10063,#10066,#10069,#10072,#10075,#10078,#10081,#10084,#10087,#10090,#10093,#10096,#10099,#10102,#10105,#10108,#10111,#10114,#10117,#10120,#10123,#10126,#10129,#10132,#10135,#10138,#10141,#10144,#10147,#10150,#10153,#10156,#10159,#10162,#10165,#10168,#10171,#10174,#10177,#10180,#10183,#10186,#10189,#10192,#10195,#10198,#10201,#10204,#10207,#10210,#10213,#10216,#10219,#10222,#10225,#10228,#10231,#10234,#10237,#10240,#10243,#10246,#10249,#10252,#10255,#10258,#10261,#10264,#10267,#10270,#10273,#10276,#10279,#10282,#10285,#10288,#10291,#10294,#10297,#10300,#10303,#10306,#10309,#10312,#10315,#10318,#10321,#10324,#10327,#10330,#10333,#10336,#10339,#10342,#10345,#10348,#10351,#10354,#10357,#10360,#10363,#10366,#10369,#10372,#10375,#10378,#10381,#10384,#10387,#10390,#10393,#10396,#10399,#10402,#10405,#10408,#10411,#10414,#10417,#10420,#10423,#10426,#10429,#10432,#10435,#10438,#10441,#10444,#10447,#10450,#10453,#10456,#10459,#10462,#10465,#10468,#10471,#10474,#10477,#10480,#10483,#10486,#10489,#10492,#10495,#10498,#10501,#10504,#10507,#10510,#10513,#10516,#10519,#10522,#10525,#10528,#10531,#10534,#10537,#10540,#10543,#10546,#10549,#10552,#10555,#10558,#10561,#10564,#10567,#10570,#10573,#10576,#10579,#10582,#10585,#10588,#10591,#10594,#10597,#10600,#10603,#10606,#10609,#10612,#10615,#10618,#10621,#10624,#10627,#10630,#10633,#10636,#10639,#10642));
#10664=IFCFACEBASEDSURFACEMODEL((#10643,#10644,#10645,#10646,#10647,#10648,#10649,#10650,#10651,#10652,#10653,#10654,#10655,#10658,#10659,#10660,#10661,#10663));
#10665=IFCCOLOURRGB($,0.98039215686274506,0.98039215686274506,0.98039215686274506);
#10666=IFCSURFACESTYLERENDERING(#10665,0.,$,$,$,$,IFCNORMALISEDRATIOMEASURE(0.5),IFCSPECULAREXPONENT(64.),.NOTDEFINED.);
#10667=IFCSURFACESTYLE('ABB - Plastic - White',.BOTH.,(#10666));
#10668=IFCPRESENTATIONSTYLEASSIGNMENT((#10667));
#10669=IFCSTYLEDITEM(#10664,(#10668),$);
#10670=IFCFACEBASEDSURFACEMODEL((#10656,#10657));
#10671=IFCCOLOURRGB($,0.98039215686274506,0.98039215686274506,0.98039215686274506);
#10672=IFCSURFACESTYLERENDERING(#10671,0.,$,$,$,$,IFCNORMALISEDRATIOMEASURE(0.5),IFCSPECULAREXPONENT(64.),.NOTDEFINED.);
#10673=IFCSURFACESTYLE('ABB - Light - LED',.BOTH.,(#10672));
#10674=IFCPRESENTATIONSTYLEASSIGNMENT((#10673));
#10675=IFCSTYLEDITEM(#10670,(#10674),$);
#10676=IFCFACEBASEDSURFACEMODEL((#10662));
#10677=IFCCOLOURRGB($,0.078431372549019607,0.078431372549019607,0.078431372549019607);
#10678=IFCSURFACESTYLERENDERING(#10677,0.,$,$,$,$,IFCNORMALISEDRATIOMEASURE(0.5),IFCSPECULAREXPONENT(64.),.NOTDEFINED.);
#10679=IFCSURFACESTYLE('ABB - Glass - Black',.BOTH.,(#10678));
#10680=IFCPRESENTATIONSTYLEASSIGNMENT((#10679));
#10681=IFCSTYLEDITEM(#10676,(#10680),$);
#10682=IFCSHAPEREPRESENTATION(#26,'Body','SurfaceModel',(#10664,#10670,#10676));
#10683=IFCAXIS2PLACEMENT3D(#3,$,$);
#10684=IFCREPRESENTATIONMAP(#10683,#10682);
#10685=IFCBUILDINGELEMENTPROXYTYPE('22cHeEQV9Ccwk$gYcfob6M',#18,'Electrical_Sensors_ABB_Fusion-Smart:Type - (Fusion Smart Sensor-T)',$,$,(#10716),(#10684),'317449',$,.NOTDEFINED.);
#10686=IFCMATERIAL('ABB - Plastic - White');
#10687=IFCPRESENTATIONSTYLEASSIGNMENT((#10667));
#10688=IFCSTYLEDITEM($,(#10687),$);
#10689=IFCSTYLEDREPRESENTATION(#24,'Style','Material',(#10688));
#10690=IFCMATERIALDEFINITIONREPRESENTATION($,$,(#10689),#10686);
#10691=IFCMATERIAL('ABB - Light - LED');
#10692=IFCPRESENTATIONSTYLEASSIGNMENT((#10673));
#10693=IFCSTYLEDITEM($,(#10692),$);
#10694=IFCSTYLEDREPRESENTATION(#24,'Style','Material',(#10693));
#10695=IFCMATERIALDEFINITIONREPRESENTATION($,$,(#10694),#10691);
#10696=IFCMATERIAL('ABB - Glass - Black');
#10697=IFCPRESENTATIONSTYLEASSIGNMENT((#10679));
#10698=IFCSTYLEDITEM($,(#10697),$);
#10699=IFCSTYLEDREPRESENTATION(#24,'Style','Material',(#10698));
#10700=IFCMATERIALDEFINITIONREPRESENTATION($,$,(#10699),#10696);
#10701=IFCMATERIALLIST((#10686,#10691,#10696));
#10702=IFCCARTESIANTRANSFORMATIONOPERATOR3D($,$,#3,1.,$);
#10703=IFCMAPPEDITEM(#10684,#10702);
#10704=IFCSHAPEREPRESENTATION(#26,'Body','MappedRepresentation',(#10703));
#10705=IFCPRODUCTDEFINITIONSHAPE($,$,(#10704));
#10706=IFCCARTESIANPOINT((536.90041006209481,2696.4535751080884,880.07825660707238));
#10707=IFCAXIS2PLACEMENT3D(#10706,$,$);
#10708=IFCLOCALPLACEMENT(#36,#10707);
#10709=IFCBUILDINGELEMENTPROXY('22cHeEQV9Ccwk$gYcfob7f',#18,'Electrical_Sensors_ABB_Fusion-Smart:Type - (Fusion Smart Sensor-T), 0 V, Single Phase, 2 Wires:317558',$,'Electrical_Sensors_ABB_Fusion-Smart:Type - (Fusion Smart Sensor-T)',#10708,#10705,'317558',$);
#10710=IFCPROPERTYSINGLEVALUE('Reference',$,IFCIDENTIFIER('Type - (Fusion Smart Sensor-T)'),$);
#10711=IFCPROPERTYSET('0qwy1aC5fpH$oEas1Uyo2w',#18,'Pset_BuildingElementProxyCommon',$,(#10710));
#10712=IFCPROPERTYSET('1acTdEMIOD9s7LoWu56Wes',#18,'Pset_QuantityTakeOff',$,(#10710));
#10713=IFCRELDEFINESBYPROPERTIES('04xIH7f4VLvDcVJxYkiH3e',#18,$,$,(#10709),#10711);
#10714=IFCRELDEFINESBYPROPERTIES('3lb2oaPPdlmlDyGM86SbNp',#18,$,$,(#10709),#10712);
#10715=IFCPROPERTYSINGLEVALUE('Manufacturer',$,IFCLABEL('ABB'),$);
#10716=IFCPROPERTYSET('3PStAAEbFlI7WmQZ6ZTP_E',#18,'Pset_ManufacturerTypeInformation',$,(#10715));
#10717=IFCMAPPEDITEM(#10684,#10702);
#10718=IFCSHAPEREPRESENTATION(#26,'Body','MappedRepresentation',(#10717));
#10719=IFCPRODUCTDEFINITIONSHAPE($,$,(#10718));
#10720=IFCCARTESIANPOINT((-113.71643478412153,29.687952607172136,880.07825660708579));
#10721=IFCAXIS2PLACEMENT3D(#10720,$,$);
#10722=IFCLOCALPLACEMENT(#36,#10721);
#10723=IFCBUILDINGELEMENTPROXY('22cHeEQV9Ccwk$gYcfob4M',#18,'Electrical_Sensors_ABB_Fusion-Smart:Type - (Fusion Smart Sensor-T), 0 V, Single Phase, 2 Wires:317577',$,'Electrical_Sensors_ABB_Fusion-Smart:Type - (Fusion Smart Sensor-T)',#10722,#10719,'317577',$);
#10724=IFCPROPERTYSET('1WihQlyQu1Vyv9tIBKYNar',#18,'Pset_BuildingElementProxyCommon',$,(#10710));
#10725=IFCPROPERTYSET('2RbnVyrMbo9tsZHLzyr1M_',#18,'Pset_QuantityTakeOff',$,(#10710));
#10726=IFCRELDEFINESBYPROPERTIES('2i411LmbCh7A9LQbOiz40V',#18,$,$,(#10723),#10724);
#10727=IFCRELDEFINESBYPROPERTIES('34IGtBe9zKdvUDRB4D1zAV',#18,$,$,(#10723),#10725);
#10728=IFCMAPPEDITEM(#10684,#10702);
#10729=IFCSHAPEREPRESENTATION(#26,'Body','MappedRepresentation',(#10728));
#10730=IFCPRODUCTDEFINITIONSHAPE($,$,(#10729));
#10731=IFCCARTESIANPOINT((-819.01638365690087,-2596.6438344468088,880.07825660709966));
#10732=IFCAXIS2PLACEMENT3D(#10731,$,$);
#10733=IFCLOCALPLACEMENT(#36,#10732);
#10734=IFCBUILDINGELEMENTPROXY('22cHeEQV9Ccwk$gYcfob44',#18,'Electrical_Sensors_ABB_Fusion-Smart:Type - (Fusion Smart Sensor-T), 0 V, Single Phase, 2 Wires:317595',$,'Electrical_Sensors_ABB_Fusion-Smart:Type - (Fusion Smart Sensor-T)',#10733,#10730,'317595',$);
#10735=IFCPROPERTYSET('1dJYTH82rIRiTDXBtGPk6x',#18,'Pset_BuildingElementProxyCommon',$,(#10710));
#10736=IFCPROPERTYSET('3rekEDEZskQzHACfkwzThQ',#18,'Pset_QuantityTakeOff',$,(#10710));
#10737=IFCRELDEFINESBYPROPERTIES('3Ml3JxlsWFuhy5AaWjhlwt',#18,$,$,(#10734),#10735);
#10738=IFCRELDEFINESBYPROPERTIES('3uXirlYYp2bu7WLHxcwISs',#18,$,$,(#10734),#10736);
#10739=IFCMAPPEDITEM(#10684,#10702);
#10740=IFCSHAPEREPRESENTATION(#26,'Body','MappedRepresentation',(#10739));
#10741=IFCPRODUCTDEFINITIONSHAPE($,$,(#10740));
#10742=IFCCARTESIANPOINT((2485.4030617768008,431.5703381922865,2714.1245759387443));
#10743=IFCAXIS2PLACEMENT3D(#10742,$,$);
#10744=IFCLOCALPLACEMENT(#36,#10743);
#10745=IFCBUILDINGELEMENTPROXY('22cHeEQV9Ccwk$gYcfob4i',#18,'Electrical_Sensors_ABB_Fusion-Smart:Type - (Fusion Smart Sensor-T), 0 V, Single Phase, 2 Wires:317619',$,'Electrical_Sensors_ABB_Fusion-Smart:Type - (Fusion Smart Sensor-T)',#10744,#10741,'317619',$);
#10746=IFCPROPERTYSET('259c99rIs6fRKGznp_l5Qe',#18,'Pset_BuildingElementProxyCommon',$,(#10710));
#10747=IFCPROPERTYSET('1ZAJSdoAtGIC6jMyV4BHWT',#18,'Pset_QuantityTakeOff',$,(#10710));
#10748=IFCRELDEFINESBYPROPERTIES('27pPxGKRGJrr4jlXrDZxqo',#18,$,$,(#10745),#10746);
#10749=IFCRELDEFINESBYPROPERTIES('298LQi5xVvlwuY4iHN99nn',#18,$,$,(#10745),#10747);
#10750=IFCMAPPEDITEM(#10684,#10702);
#10751=IFCSHAPEREPRESENTATION(#26,'Body','MappedRepresentation',(#10750));
#10752=IFCPRODUCTDEFINITIONSHAPE($,$,(#10751));
#10753=IFCCARTESIANPOINT((-3103.7164347841108,350.8707269079456,1800.));
#10754=IFCAXIS2PLACEMENT3D(#10753,#5,#7);
#10755=IFCLOCALPLACEMENT(#36,#10754);
#10756=IFCBUILDINGELEMENTPROXY('22cHeEQV9Ccwk$gYcfob0G',#18,'Electrical_Sensors_ABB_Fusion-Smart:Type - (Fusion Smart Sensor-T), 0 V, Single Phase, 2 Wires:317839',$,'Electrical_Sensors_ABB_Fusion-Smart:Type - (Fusion Smart Sensor-T)',#10755,#10752,'317839',$);
#10757=IFCPROPERTYSET('3_AfO0Xncbob5PBA6erzqU',#18,'Pset_BuildingElementProxyCommon',$,(#10710));
#10758=IFCPROPERTYSET('0zsKHuEZz2gIYT3oaQWIyy',#18,'Pset_QuantityTakeOff',$,(#10710));
#10759=IFCRELDEFINESBYPROPERTIES('2S2_40asfwh0nl0pp6kXO8',#18,$,$,(#10756),#10757);
#10760=IFCRELDEFINESBYPROPERTIES('0BzfBJZ9SxdJle8eRbJCwx',#18,$,$,(#10756),#10758);
#10761=IFCCARTESIANPOINT((10.457991177311149,-13.800000000035846,-2.2900000004834129));
#10762=IFCAXIS2PLACEMENT3D(#10761,#10,#5);
#10763=IFCLOCALPLACEMENT(#10708,#10762);
#10764=IFCDISTRIBUTIONPORT('0ag2ycOJhyKuRRQX4S67P5',#18,'Port_317558_1','Flow',$,#10763,$,.SOURCEANDSINK.);
#10765=IFCRELCONNECTSPORTTOELEMENT('1gdQhjvkmehZu3XZ7QVKWy',#18,'317558|0ag2ycOJhyKuRRQX4S67P5','Flow',#10764,#10709);
#10766=IFCCARTESIANPOINT((5.4579855957153569,-13.800000000046674,-2.2900000004834129));
#10767=IFCAXIS2PLACEMENT3D(#10766,#10,#5);
#10768=IFCLOCALPLACEMENT(#10708,#10767);
#10769=IFCDISTRIBUTIONPORT('1qCp5NNruHMkw4PFHXsEqx',#18,'Port_317558_2','Flow',$,#10768,$,.SOURCEANDSINK.);
#10770=IFCRELCONNECTSPORTTOELEMENT('2ndz49ZyL$HG6VlUNlzPCI',#18,'317558|1qCp5NNruHMkw4PFHXsEqx','Flow',#10769,#10709);
#10771=IFCCARTESIANPOINT((0.45798001411963407,-13.800000000057503,-2.2900000004832775));
#10772=IFCAXIS2PLACEMENT3D(#10771,#10,#5);
#10773=IFCLOCALPLACEMENT(#10708,#10772);
#10774=IFCDISTRIBUTIONPORT('1NVHPEVCfQYQTUzjeUG9Np',#18,'Port_317558_3','Flow',$,#10773,$,.SOURCEANDSINK.);
#10775=IFCRELCONNECTSPORTTOELEMENT('0722J1ZLJbBADas5ObLcsV',#18,'317558|1NVHPEVCfQYQTUzjeUG9Np','Flow',#10774,#10709);
#10776=IFCCARTESIANPOINT((-4.542025567476089,-13.800000000068332,-2.2900000004832775));
#10777=IFCAXIS2PLACEMENT3D(#10776,#10,#5);
#10778=IFCLOCALPLACEMENT(#10708,#10777);
#10779=IFCDISTRIBUTIONPORT('3gw0WWkdE_oSmYwbPNfb4V',#18,'Port_317558_4','Flow',$,#10778,$,.SOURCEANDSINK.);
#10780=IFCRELCONNECTSPORTTOELEMENT('2p$RUbeW1aAuVmlCBNe9hM',#18,'317558|3gw0WWkdE_oSmYwbPNfb4V','Flow',#10779,#10709);
#10781=IFCCARTESIANPOINT((-9.5420311490718799,-13.800000000079161,-2.290000000483142));
#10782=IFCAXIS2PLACEMENT3D(#10781,#10,#5);
#10783=IFCLOCALPLACEMENT(#10708,#10782);
#10784=IFCDISTRIBUTIONPORT('0U9BzxQPwh1$45Myx3xEba',#18,'Port_317558_5','Flow',$,#10783,$,.SOURCEANDSINK.);
#10785=IFCRELCONNECTSPORTTOELEMENT('1v0bLWHsM9sc16ZNjQppl$',#18,'317558|0U9BzxQPwh1$45Myx3xEba','Flow',#10784,#10709);
#10786=IFCCARTESIANPOINT((-14.542036730667672,-13.800000000089447,-2.290000000483142));
#10787=IFCAXIS2PLACEMENT3D(#10786,#10,#5);
#10788=IFCLOCALPLACEMENT(#10708,#10787);
#10789=IFCDISTRIBUTIONPORT('1lbtn52X_fMRu1auVicPlR',#18,'Port_317558_6','Flow',$,#10788,$,.SOURCEANDSINK.);
#10790=IFCRELCONNECTSPORTTOELEMENT('3g$0ns$VHK92mq0Qn29T6V',#18,'317558|1lbtn52X_fMRu1auVicPlR','Flow',#10789,#10709);
#10791=IFCCARTESIANPOINT((-19.542042312263394,-13.800000000100276,-2.2900000004830066));
#10792=IFCAXIS2PLACEMENT3D(#10791,#10,#5);
#10793=IFCLOCALPLACEMENT(#10708,#10792);
#10794=IFCDISTRIBUTIONPORT('1L7dLppLOXVa1S1O5tFf2o',#18,'Port_317558_7','Flow',$,#10793,$,.SOURCEANDSINK.);
#10795=IFCRELCONNECTSPORTTOELEMENT('28YG9h0ll5cwHM797w6an5',#18,'317558|1L7dLppLOXVa1S1O5tFf2o','Flow',#10794,#10709);
#10796=IFCCARTESIANPOINT((10.457991177311165,-13.800000000036048,-2.2900000004834129));
#10797=IFCAXIS2PLACEMENT3D(#10796,#10,#5);
#10798=IFCLOCALPLACEMENT(#10722,#10797);
#10799=IFCDISTRIBUTIONPORT('227aFnmSzhyVWvNw7sett0',#18,'Port_317577_1','Flow',$,#10798,$,.SOURCEANDSINK.);
#10800=IFCRELCONNECTSPORTTOELEMENT('1qyCzTD9Jx$aT9CvmSgot3',#18,'317577|227aFnmSzhyVWvNw7sett0','Flow',#10799,#10723);
#10801=IFCCARTESIANPOINT((5.4579855957154253,-13.800000000046776,-2.2900000004834129));
#10802=IFCAXIS2PLACEMENT3D(#10801,#10,#5);
#10803=IFCLOCALPLACEMENT(#10722,#10802);
#10804=IFCDISTRIBUTIONPORT('211QCbLHXJ_Z6TpFjgP6pI',#18,'Port_317577_2','Flow',$,#10803,$,.SOURCEANDSINK.);
#10805=IFCRELCONNECTSPORTTOELEMENT('24DBHbsL3ckjGp3eiA9TRQ',#18,'317577|211QCbLHXJ_Z6TpFjgP6pI','Flow',#10804,#10723);
#10806=IFCCARTESIANPOINT((0.457980014119651,-13.800000000057521,-2.2900000004832775));
#10807=IFCAXIS2PLACEMENT3D(#10806,#10,#5);
#10808=IFCLOCALPLACEMENT(#10722,#10807);
#10809=IFCDISTRIBUTIONPORT('1zVbSsYOrzdAukbWWYJ98V',#18,'Port_317577_3','Flow',$,#10808,$,.SOURCEANDSINK.);
#10810=IFCRELCONNECTSPORTTOELEMENT('1e4B4OZtbsvis8xdOKs_Ny',#18,'317577|1zVbSsYOrzdAukbWWYJ98V','Flow',#10809,#10723);
#10811=IFCCARTESIANPOINT((-4.542025567476089,-13.800000000068273,-2.2900000004832775));
#10812=IFCAXIS2PLACEMENT3D(#10811,#10,#5);
#10813=IFCLOCALPLACEMENT(#10722,#10812);
#10814=IFCDISTRIBUTIONPORT('2vMpbhZbQZVk86vyYaXZm9',#18,'Port_317577_4','Flow',$,#10813,$,.SOURCEANDSINK.);
#10815=IFCRELCONNECTSPORTTOELEMENT('2$vc$PkpFo6vhq40DF0L3g',#18,'317577|2vMpbhZbQZVk86vyYaXZm9','Flow',#10814,#10723);
#10816=IFCCARTESIANPOINT((-9.5420311490718639,-13.800000000079001,-2.290000000483142));
#10817=IFCAXIS2PLACEMENT3D(#10816,#10,#5);
#10818=IFCLOCALPLACEMENT(#10722,#10817);
#10819=IFCDISTRIBUTIONPORT('3ZHxXeifB1$SVJysmwWmdc',#18,'Port_317577_5','Flow',$,#10818,$,.SOURCEANDSINK.);
#10820=IFCRELCONNECTSPORTTOELEMENT('2yRHN9M711yxEquxhmmlM6',#18,'317577|3ZHxXeifB1$SVJysmwWmdc','Flow',#10819,#10723);
#10821=IFCCARTESIANPOINT((-14.54203673066762,-13.800000000089701,-2.290000000483142));
#10822=IFCAXIS2PLACEMENT3D(#10821,#10,#5);
#10823=IFCLOCALPLACEMENT(#10722,#10822);
#10824=IFCDISTRIBUTIONPORT('1Zj5_PtJaTDpv4Xftpm_$0',#18,'Port_317577_6','Flow',$,#10823,$,.SOURCEANDSINK.);
#10825=IFCRELCONNECTSPORTTOELEMENT('13l_M$7ZYeIMJi0VW445$h',#18,'317577|1Zj5_PtJaTDpv4Xftpm_$0','Flow',#10824,#10723);
#10826=IFCCARTESIANPOINT((-19.542042312263359,-13.800000000100471,-2.2900000004830066));
#10827=IFCAXIS2PLACEMENT3D(#10826,#10,#5);
#10828=IFCLOCALPLACEMENT(#10722,#10827);
#10829=IFCDISTRIBUTIONPORT('2vIy9HVDJGDg_omZhUqSex',#18,'Port_317577_7','Flow',$,#10828,$,.SOURCEANDSINK.);
#10830=IFCRELCONNECTSPORTTOELEMENT('1nodQu$N1NLXY61nLHmFca',#18,'317577|2vIy9HVDJGDg_omZhUqSex','Flow',#10829,#10723);
#10831=IFCCARTESIANPOINT((10.457991177311216,-13.800000000035846,-2.2900000004834129));
#10832=IFCAXIS2PLACEMENT3D(#10831,#10,#5);
#10833=IFCLOCALPLACEMENT(#10733,#10832);
#10834=IFCDISTRIBUTIONPORT('1R2IPExWkSMjLSZIKFoSQe',#18,'Port_317595_1','Flow',$,#10833,$,.SOURCEANDSINK.);
#10835=IFCRELCONNECTSPORTTOELEMENT('0vwEqaRAthV$B18nAc0Yk4',#18,'317595|1R2IPExWkSMjLSZIKFoSQe','Flow',#10834,#10734);
#10836=IFCCARTESIANPOINT((5.4579855957154253,-13.800000000046674,-2.2900000004834129));
#10837=IFCAXIS2PLACEMENT3D(#10836,#10,#5);
#10838=IFCLOCALPLACEMENT(#10733,#10837);
#10839=IFCDISTRIBUTIONPORT('39Eh5fux4biqqvN4a29zRx',#18,'Port_317595_2','Flow',$,#10838,$,.SOURCEANDSINK.);
#10840=IFCRELCONNECTSPORTTOELEMENT('3vkIdkXqdki1ZRLij$R7vO',#18,'317595|39Eh5fux4biqqvN4a29zRx','Flow',#10839,#10734);
#10841=IFCCARTESIANPOINT((0.45798001411963407,-13.800000000057503,-2.2900000004832775));
#10842=IFCAXIS2PLACEMENT3D(#10841,#10,#5);
#10843=IFCLOCALPLACEMENT(#10733,#10842);
#10844=IFCDISTRIBUTIONPORT('0AZfnuBt68qqQRVYYiTmMU',#18,'Port_317595_3','Flow',$,#10843,$,.SOURCEANDSINK.);
#10845=IFCRELCONNECTSPORTTOELEMENT('03RphnpccCLWVlpcenk_aa',#18,'317595|0AZfnuBt68qqQRVYYiTmMU','Flow',#10844,#10734);
#10846=IFCCARTESIANPOINT((-4.5420255674760215,-13.800000000068332,-2.2900000004832775));
#10847=IFCAXIS2PLACEMENT3D(#10846,#10,#5);
#10848=IFCLOCALPLACEMENT(#10733,#10847);
#10849=IFCDISTRIBUTIONPORT('1kWzNMfifBjETkQ6lRTWVp',#18,'Port_317595_4','Flow',$,#10848,$,.SOURCEANDSINK.);
#10850=IFCRELCONNECTSPORTTOELEMENT('1tBD9ZpKzhwWq1PKW3VW2V',#18,'317595|1kWzNMfifBjETkQ6lRTWVp','Flow',#10849,#10734);
#10851=IFCCARTESIANPOINT((-9.5420311490718124,-13.800000000079161,-2.290000000483142));
#10852=IFCAXIS2PLACEMENT3D(#10851,#10,#5);
#10853=IFCLOCALPLACEMENT(#10733,#10852);
#10854=IFCDISTRIBUTIONPORT('1EvDJUnBiTH7Sd8W5d0OpN',#18,'Port_317595_5','Flow',$,#10853,$,.SOURCEANDSINK.);
#10855=IFCRELCONNECTSPORTTOELEMENT('1rliuYYHOWoUrFj59FPuUS',#18,'317595|1EvDJUnBiTH7Sd8W5d0OpN','Flow',#10854,#10734);
#10856=IFCCARTESIANPOINT((-14.542036730667604,-13.800000000089447,-2.290000000483142));
#10857=IFCAXIS2PLACEMENT3D(#10856,#10,#5);
#10858=IFCLOCALPLACEMENT(#10733,#10857);
#10859=IFCDISTRIBUTIONPORT('0ClxoeDcebWlRn8QY5fZs8',#18,'Port_317595_6','Flow',$,#10858,$,.SOURCEANDSINK.);
#10860=IFCRELCONNECTSPORTTOELEMENT('1Pinhz4ZbNWP_Qjqfmpi9t',#18,'317595|0ClxoeDcebWlRn8QY5fZs8','Flow',#10859,#10734);
#10861=IFCCARTESIANPOINT((-19.542042312263259,-13.800000000100276,-2.2900000004830066));
#10862=IFCAXIS2PLACEMENT3D(#10861,#10,#5);
#10863=IFCLOCALPLACEMENT(#10733,#10862);
#10864=IFCDISTRIBUTIONPORT('1aCoiKts8jPx4Pa1YeRmHa',#18,'Port_317595_7','Flow',$,#10863,$,.SOURCEANDSINK.);
#10865=IFCRELCONNECTSPORTTOELEMENT('0o9WxyzENK550b10noHJ8f',#18,'317595|1aCoiKts8jPx4Pa1YeRmHa','Flow',#10864,#10734);
#10866=IFCCARTESIANPOINT((10.457991177311351,-13.800000000036048,-2.2900000004834129));
#10867=IFCAXIS2PLACEMENT3D(#10866,#10,#5);
#10868=IFCLOCALPLACEMENT(#10744,#10867);
#10869=IFCDISTRIBUTIONPORT('0GqMIWzqyX7Fzys6kfWBIo',#18,'Port_317619_1','Flow',$,#10868,$,.SOURCEANDSINK.);
#10870=IFCRELCONNECTSPORTTOELEMENT('1ZO$OAfGaZsOZm$rkElf7h',#18,'317619|0GqMIWzqyX7Fzys6kfWBIo','Flow',#10869,#10745);
#10871=IFCCARTESIANPOINT((5.4579855957155603,-13.800000000046742,-2.2900000004834129));
#10872=IFCAXIS2PLACEMENT3D(#10871,#10,#5);
#10873=IFCLOCALPLACEMENT(#10744,#10872);
#10874=IFCDISTRIBUTIONPORT('0f2n4_tbavz64jTBMKRLTm',#18,'Port_317619_2','Flow',$,#10873,$,.SOURCEANDSINK.);
#10875=IFCRELCONNECTSPORTTOELEMENT('1VtwNw254lCxSP2scA2C7d',#18,'317619|0f2n4_tbavz64jTBMKRLTm','Flow',#10874,#10745);
#10876=IFCCARTESIANPOINT((0.45798001411976941,-13.800000000057503,-2.2900000004834129));
#10877=IFCAXIS2PLACEMENT3D(#10876,#10,#5);
#10878=IFCLOCALPLACEMENT(#10744,#10877);
#10879=IFCDISTRIBUTIONPORT('0gvCXAL3bou6NcVE553c3L',#18,'Port_317619_3','Flow',$,#10878,$,.SOURCEANDSINK.);
#10880=IFCRELCONNECTSPORTTOELEMENT('3N_sR$PFrM3UFq8KvFcSXC',#18,'317619|0gvCXAL3bou6NcVE553c3L','Flow',#10879,#10745);
#10881=IFCCARTESIANPOINT((-4.5420255674760215,-13.800000000068264,-2.2900000004834129));
#10882=IFCAXIS2PLACEMENT3D(#10881,#10,#5);
#10883=IFCLOCALPLACEMENT(#10744,#10882);
#10884=IFCDISTRIBUTIONPORT('0CEsNDbucBkicT4$vAc$YL',#18,'Port_317619_4','Flow',$,#10883,$,.SOURCEANDSINK.);
#10885=IFCRELCONNECTSPORTTOELEMENT('0tllmSzbGm6XueEGS21sSl',#18,'317619|0CEsNDbucBkicT4$vAc$YL','Flow',#10884,#10745);
#10886=IFCCARTESIANPOINT((-9.5420311490718124,-13.800000000079025,-2.2900000004834129));
#10887=IFCAXIS2PLACEMENT3D(#10886,#10,#5);
#10888=IFCLOCALPLACEMENT(#10744,#10887);
#10889=IFCDISTRIBUTIONPORT('3qkNIm$Apci1p_6oxgBs5k',#18,'Port_317619_5','Flow',$,#10888,$,.SOURCEANDSINK.);
#10890=IFCRELCONNECTSPORTTOELEMENT('1sRFVnkjka1_dc1jeTysvq',#18,'317619|3qkNIm$Apci1p_6oxgBs5k','Flow',#10889,#10745);
#10891=IFCCARTESIANPOINT((-14.542036730667604,-13.800000000089719,-2.2900000004834129));
#10892=IFCAXIS2PLACEMENT3D(#10891,#10,#5);
#10893=IFCLOCALPLACEMENT(#10744,#10892);
#10894=IFCDISTRIBUTIONPORT('20V$IVI5YbZ81MvA$34N1e',#18,'Port_317619_6','Flow',$,#10893,$,.SOURCEANDSINK.);
#10895=IFCRELCONNECTSPORTTOELEMENT('3ZtkbFKwQ4cFDDKSB3ZjW6',#18,'317619|20V$IVI5YbZ81MvA$34N1e','Flow',#10894,#10745);
#10896=IFCCARTESIANPOINT((-19.542042312263394,-13.80000000010048,-2.2900000004834129));
#10897=IFCAXIS2PLACEMENT3D(#10896,#10,#5);
#10898=IFCLOCALPLACEMENT(#10744,#10897);
#10899=IFCDISTRIBUTIONPORT('1h6vSsgxqceZo$1NgU$9xr',#18,'Port_317619_7','Flow',$,#10898,$,.SOURCEANDSINK.);
#10900=IFCRELCONNECTSPORTTOELEMENT('2AGSim1YPx3_P$BrnwPbG0',#18,'317619|1h6vSsgxqceZo$1NgU$9xr','Flow',#10899,#10745);
#10901=IFCCARTESIANPOINT((10.457991177311216,-13.800000000026913,-2.2900000004834129));
#10902=IFCAXIS2PLACEMENT3D(#10901,#10,#5);
#10903=IFCLOCALPLACEMENT(#10755,#10902);
#10904=IFCDISTRIBUTIONPORT('3RimvUoPOsjxDecAXdwoic',#18,'Port_317839_1','Flow',$,#10903,$,.SOURCEANDSINK.);
#10905=IFCRELCONNECTSPORTTOELEMENT('2IyzteQQ80Ez7PrNndhZ3A',#18,'317839|3RimvUoPOsjxDecAXdwoic','Flow',#10904,#10756);
#10906=IFCCARTESIANPOINT((5.4579855957154253,-13.800000000037469,-2.2900000004834129));
#10907=IFCAXIS2PLACEMENT3D(#10906,#10,#5);
#10908=IFCLOCALPLACEMENT(#10755,#10907);
#10909=IFCDISTRIBUTIONPORT('1TJ7WXlFKIFc4y6dwwvDiT',#18,'Port_317839_2','Flow',$,#10908,$,.SOURCEANDSINK.);
#10910=IFCRELCONNECTSPORTTOELEMENT('1YffHvi80AabzHrPgFOmqz',#18,'317839|1TJ7WXlFKIFc4y6dwwvDiT','Flow',#10909,#10756);
#10911=IFCCARTESIANPOINT((0.45798001411970174,-13.800000000048298,-2.2900000004834129));
#10912=IFCAXIS2PLACEMENT3D(#10911,#10,#5);
#10913=IFCLOCALPLACEMENT(#10755,#10912);
#10914=IFCDISTRIBUTIONPORT('3jrANqgKTyKhZ8sPt1aQ$0',#18,'Port_317839_3','Flow',$,#10913,$,.SOURCEANDSINK.);
#10915=IFCRELCONNECTSPORTTOELEMENT('0wislR7oKMBZpGHdd$gw2F',#18,'317839|3jrANqgKTyKhZ8sPt1aQ$0','Flow',#10914,#10756);
#10916=IFCCARTESIANPOINT((-4.5420255674760215,-13.800000000059127,-2.2900000004834129));
#10917=IFCAXIS2PLACEMENT3D(#10916,#10,#5);
#10918=IFCLOCALPLACEMENT(#10755,#10917);
#10919=IFCDISTRIBUTIONPORT('2VEvMHoA82YeHHKvmavB08',#18,'Port_317839_4','Flow',$,#10918,$,.SOURCEANDSINK.);
#10920=IFCRELCONNECTSPORTTOELEMENT('19G1PTzf2urfKGg2KM$PRp',#18,'317839|2VEvMHoA82YeHHKvmavB08','Flow',#10919,#10756);
#10921=IFCCARTESIANPOINT((-9.5420311490718124,-13.800000000069685,-2.2900000004834129));
#10922=IFCAXIS2PLACEMENT3D(#10921,#10,#5);
#10923=IFCLOCALPLACEMENT(#10755,#10922);
#10924=IFCDISTRIBUTIONPORT('088WnGL0_Uo2CXQgRbbDC4',#18,'Port_317839_5','Flow',$,#10923,$,.SOURCEANDSINK.);
#10925=IFCRELCONNECTSPORTTOELEMENT('14wIEf7GKihFHliRFaccDp',#18,'317839|088WnGL0_Uo2CXQgRbbDC4','Flow',#10924,#10756);
#10926=IFCCARTESIANPOINT((-14.542036730667604,-13.800000000080514,-2.2900000004834129));
#10927=IFCAXIS2PLACEMENT3D(#10926,#10,#5);
#10928=IFCLOCALPLACEMENT(#10755,#10927);
#10929=IFCDISTRIBUTIONPORT('3NePBIkF$UQV7vt_SzVMAk',#18,'Port_317839_6','Flow',$,#10928,$,.SOURCEANDSINK.);
#10930=IFCRELCONNECTSPORTTOELEMENT('2Uk4XRbM4ehlbm034PyUK1',#18,'317839|3NePBIkF$UQV7vt_SzVMAk','Flow',#10929,#10756);
#10931=IFCCARTESIANPOINT((-19.542042312263327,-13.800000000091343,-2.2900000004834129));
#10932=IFCAXIS2PLACEMENT3D(#10931,#10,#5);
#10933=IFCLOCALPLACEMENT(#10755,#10932);
#10934=IFCDISTRIBUTIONPORT('0epIJ1cG3UVvIRj$5Ea6iO',#18,'Port_317839_7','Flow',$,#10933,$,.SOURCEANDSINK.);
#10935=IFCRELCONNECTSPORTTOELEMENT('0n7G3Kq6sTimLNai0566Y4',#18,'317839|0epIJ1cG3UVvIRj$5Ea6iO','Flow',#10934,#10756);
#10936=IFCPROPERTYSINGLEVALUE('Name',$,IFCLABEL('Level 0'),$);
#10937=IFCPROPERTYSET('3pajDo1QSo$Zr5kcJ7WZvz',#18,'Pset_AirSideSystemInformation',$,(#10936));
#10938=IFCPROPERTYSINGLEVALUE('AboveGround',$,IFCLOGICAL(.U.),$);
#10939=IFCPROPERTYSET('2QFFSloDKLdASEirlNrsWG',#18,'Pset_BuildingStoreyCommon',$,(#10938));
#10940=IFCPROPERTYSINGLEVALUE('Name',$,IFCLABEL('Level 0'),$);
#10941=IFCPROPERTYSET('0Jn3ZcoXbsSExgN1KMPBrd',#18,'Pset_ProductRequirements',$,(#10940));
#10942=IFCRELDEFINESBYPROPERTIES('1Da_uB3ifLZAiBs8ApqL8T',#18,$,$,(#37),#10937);
#10943=IFCRELDEFINESBYPROPERTIES('24vWbHxUvnwTMhwrnGQFQP',#18,$,$,(#37),#10939);
#10944=IFCRELDEFINESBYPROPERTIES('3dNMqG5qInx8MCGyv3CU_c',#18,$,$,(#37),#10941);
#10945=IFCRELCONTAINEDINSPATIALSTRUCTURE('3Zu5Bv0LOHrPC10066FoQQ',#18,$,$,(#10709,#10723,#10734,#10745,#10756),#37);
#10946=IFCPROPERTYSINGLEVALUE('Name',$,IFCLABEL('Level 1'),$);
#10947=IFCPROPERTYSET('2mTLlmyrfKDEBBLtdwqw7L',#18,'Pset_AirSideSystemInformation',$,(#10946));
#10948=IFCPROPERTYSET('2y6jqut2mGsxPM5c1zUPr2',#18,'Pset_BuildingStoreyCommon',$,(#10938));
#10949=IFCPROPERTYSINGLEVALUE('Name',$,IFCLABEL('Level 1'),$);
#10950=IFCPROPERTYSET('1NhGbMdWc6$OcOXv1TJ_Wu',#18,'Pset_ProductRequirements',$,(#10949));
#10951=IFCRELDEFINESBYPROPERTIES('16d15dL922K3ec_Ua5xAkw',#18,$,$,(#41),#10947);
#10952=IFCRELDEFINESBYPROPERTIES('03h9WtlPXy$ENv9AiS5UZC',#18,$,$,(#41),#10948);
#10953=IFCRELDEFINESBYPROPERTIES('0ZduuN29N$9gX6yyEYBAf0',#18,$,$,(#41),#10950);
#10954=IFCRELAGGREGATES('2sE9H45VD_Fy3pPIVbfURo',#18,$,$,#29,(#44));
#10955=IFCRELAGGREGATES('3J4kn4pkJgOe0BNvunu255',#18,$,$,#44,(#34));
#10956=IFCRELAGGREGATES('2$1LAsj$T3CPRLiPj39tWH',#18,$,$,#34,(#37,#41));
#10957=IFCPROPERTYSINGLEVALUE('NumberOfStoreys',$,IFCINTEGER(2),$);
#10958=IFCPROPERTYSINGLEVALUE('IsLandmarked',$,IFCLOGICAL(.U.),$);
#10959=IFCPROPERTYSET('2cYBaRyhBuh$xVAg_eTx7H',#18,'Pset_BuildingCommon',$,(#10957,#10958));
#10960=IFCRELDEFINESBYPROPERTIES('3tQekxONQWz5DLuueGl7nr',#18,$,$,(#34),#10959);
#10961=IFCRELASSOCIATESMATERIAL('0YUSA9sgAVh6NcEqWDX6yp',#18,$,$,(#10685,#10709,#10723,#10734,#10745,#10756),#10701);
#10962=IFCRELDEFINESBYTYPE('2FMesH42eGaFvlQQ$hUho7',#18,$,$,(#10709,#10723,#10734,#10745,#10756),#10685);
#10963=IFCPRESENTATIONLAYERASSIGNMENT('E-ELEC-EQPM-OTLN',$,(#10682,#10704,#10718,#10729,#10740,#10751),$);
#10964=IFCUNITASSIGNMENT((#19,#20,#21));
ENDSEC;

END-ISO-10303-21;